BLOCK,TYPE,TRACK,OFFSET,AREA
13124,unmanaged,1,196,3.32085
13124,managed,2,196,3.00463
13379,unmanaged,4,236,0.6674
13379,managed,5,236,0.60384
13520,unmanaged,1,236,2.18427
13520,managed,2,236,1.97627
13647,unmanaged,7,106,2.02588
13647,managed,8,106,1.83297
13816,unmanaged,10,163,12.8254
13816,managed,11,163,11.6041
14049,unmanaged,1,196,4.60685
14049,managed,2,196,4.16817
14956,unmanaged,1,99,15.2499
14956,managed,2,99,13.7978
15556,unmanaged,13,316,0.0926
15573,unmanaged,13,216,3.95179
15609,unmanaged,14,136,19.473
15627,unmanaged,15,316,0.0113515
16249,unmanaged,16,166,0.73597
16249,managed,17,166,0.66589
16250,unmanaged,19,166,1.11261
16250,managed,20,166,1.00667
16255,unmanaged,10,81,1.27191
16255,managed,11,81,1.15079
16269,unmanaged,1,156,2.19832
16269,managed,2,156,1.98899
16305,unmanaged,4,236,0.178066
16305,managed,5,236,0.16111
16311,unmanaged,14,136,0.80021
16313,unmanaged,15,316,0.0201484
16338,unmanaged,14,116,20.0453
16351,unmanaged,22,166,7.5043
16352,unmanaged,23,166,98.219
16356,unmanaged,14,136,9.4535
16362,unmanaged,14,196,3.41025
16366,unmanaged,14,96,7.6745
16369,unmanaged,24,81,0.97183
16370,unmanaged,14,96,5.6503
16373,unmanaged,23,196,9.7379
16377,unmanaged,14,196,3.20298
16379,unmanaged,14,196,1.66379
16384,unmanaged,14,196,2.27123
16386,unmanaged,23,166,4.31621
16387,unmanaged,23,166,2.47574
16397,unmanaged,14,196,0.61021
16406,unmanaged,13,156,0.0495087
16407,unmanaged,23,236,3.80449
16418,unmanaged,13,186,5.4452
16422,unmanaged,14,196,2.73743
16425,unmanaged,14,196,30.6811
16432,unmanaged,14,116,12.0964
16445,unmanaged,14,116,11.6092
16450,unmanaged,14,136,24.7396
16459,unmanaged,14,116,3.81917
16508,unmanaged,13,316,8.5803
16510,unmanaged,13,216,0.0209798
16517,unmanaged,14,136,1.40009
16519,unmanaged,15,316,3.1859
16918,unmanaged,1,316,93.472
16918,managed,2,316,84.571
30535,unmanaged,1,146,3.74017
30535,managed,2,146,3.38402
30541,unmanaged,25,26,8.6147
30541,managed,26,26,7.7944
30549,unmanaged,27,35,2.59588
30549,managed,28,35,2.3487
30566,unmanaged,25,35,20.983
30566,managed,26,35,18.9849
30569,unmanaged,4,190,3.15501
30569,managed,5,190,2.85458
30571,unmanaged,4,155,0.5687
30571,managed,5,155,0.51454
30578,unmanaged,1,155,0.73339
30578,managed,2,155,0.66355
30579,unmanaged,7,90,2.12351
30579,managed,8,90,1.9213
30581,unmanaged,27,0,6.3268
30581,managed,28,0,5.7244
30582,unmanaged,29,236,0.80429
30582,managed,30,236,0.7277
30586,unmanaged,10,106,1.27574
30586,managed,11,106,1.15426
30587,unmanaged,4,145,11.7753
30587,managed,5,145,10.654
30594,unmanaged,31,51,1.98448
30594,managed,32,51,1.79552
30597,unmanaged,25,21,1.31215
30597,managed,26,21,1.1872
30598,unmanaged,33,7,2.97546
30598,managed,34,7,2.69213
30599,unmanaged,10,180,43.6553
30599,managed,11,180,39.4983
30600,unmanaged,35,24,2.12077
30600,managed,36,24,1.91883
30612,unmanaged,19,92,9.3502
30612,managed,20,92,8.4599
30618,unmanaged,4,133,21.068
30618,managed,5,133,19.0618
30620,unmanaged,37,33,10.4512
30620,managed,3,33,9.456
30630,unmanaged,38,121,3.83136
30630,managed,39,121,3.46653
30633,unmanaged,38,146,4.98847
30633,managed,39,146,4.51346
30634,unmanaged,41,34,24.1882
30634,managed,40,34,21.885
30639,unmanaged,1,165,1.4554
30639,managed,2,165,1.31682
30643,unmanaged,4,145,6.3406
30643,managed,5,145,5.7369
30652,unmanaged,42,145,0.0016478
30658,unmanaged,43,95,2.73051
30662,unmanaged,25,25,14.5277
30662,managed,26,25,13.1443
30671,unmanaged,19,71,2.173
30671,managed,20,71,1.96608
30673,unmanaged,25,20,0.410277
30673,managed,26,20,0.371209
30677,unmanaged,13,225,7.8588
30682,unmanaged,19,101,6.5211
30682,managed,20,101,5.9002
30696,unmanaged,13,90,3.08518
30700,unmanaged,14,165,6.9558
30702,unmanaged,4,165,1.83548
30702,managed,5,165,1.6607
30703,unmanaged,14,165,1.16042
30706,unmanaged,25,21,1.84135
30706,managed,26,21,1.66601
30720,unmanaged,44,105,5.3349
30721,unmanaged,25,29,4.60843
30721,managed,26,29,4.16961
30729,unmanaged,45,106,2.50898
30729,managed,46,106,2.27007
30730,unmanaged,19,74,2.76085
30730,managed,20,74,2.49795
30732,unmanaged,1,145,2.09708
30732,managed,2,145,1.89739
30734,unmanaged,29,256,9.7913
30734,managed,30,256,8.859
30736,unmanaged,33,47,2.37543
30736,managed,34,47,2.14924
30740,unmanaged,27,0,1.17088
30740,managed,28,0,1.05938
30743,unmanaged,25,22,2.62394
30743,managed,26,22,2.37408
30744,unmanaged,4,123,5.7652
30744,managed,5,123,5.2162
30745,unmanaged,10,186,2.47043
30745,managed,11,186,2.23518
30746,unmanaged,10,186,4.7977
30746,managed,11,186,4.34085
30747,unmanaged,29,236,0.65782
30747,managed,30,236,0.59518
30748,unmanaged,29,256,16.136
30748,managed,30,256,14.5995
30750,unmanaged,19,123,3.86903
30750,managed,20,123,3.50061
30755,unmanaged,35,35,53.789
30755,managed,36,35,48.667
30757,unmanaged,4,119,17.5296
30757,managed,5,119,15.8604
30770,unmanaged,16,120,0.07419
30770,managed,17,120,0.067125
30774,unmanaged,47,215,16.5134
30774,managed,48,215,14.9409
30788,unmanaged,27,34,0.456295
30788,managed,28,34,0.412845
30795,unmanaged,4,145,12.205
30795,managed,5,145,11.0428
30799,unmanaged,29,165,0.77149
30799,managed,30,165,0.69803
30805,unmanaged,10,114,14.7765
30805,managed,11,114,13.3694
30813,unmanaged,43,96,0.423687
30819,unmanaged,50,165,1.51303
30824,unmanaged,25,24,10.2461
30824,managed,26,24,9.2705
30825,unmanaged,25,26,1.37121
30825,managed,26,26,1.24064
30827,unmanaged,4,131,14.585
30827,managed,5,131,13.1962
30831,unmanaged,50,145,3.86393
30832,unmanaged,43,145,2.32627
30833,unmanaged,10,90,2.70944
30833,managed,11,90,2.45144
30834,unmanaged,41,14,0.87898
30834,managed,40,14,0.79528
30838,unmanaged,10,281,1.46694
30838,managed,11,281,1.32725
30840,unmanaged,24,111,1.2136
30841,unmanaged,25,23,13.4452
30841,managed,26,23,12.1649
30845,unmanaged,10,189,5.535
30845,managed,11,189,5.008
30854,unmanaged,41,35,14.7962
30854,managed,40,35,13.3873
30857,unmanaged,25,21,5.6027
30857,managed,26,21,5.0692
30879,unmanaged,43,145,1.17
30883,unmanaged,38,80,0.416458
30883,managed,39,80,0.376802
30891,unmanaged,4,121,11.4874
30891,managed,5,121,10.3935
30893,unmanaged,4,199,3.31109
30893,managed,5,199,2.9958
30907,unmanaged,38,125,2.5745
30907,managed,39,125,2.32935
30912,unmanaged,38,225,0.65179
30912,managed,39,225,0.58973
30915,unmanaged,4,225,1.29375
30915,managed,5,225,1.17056
30924,unmanaged,19,101,16.1121
30924,managed,20,101,14.5779
30927,unmanaged,10,129,0.90983
30927,managed,11,129,0.82319
30932,unmanaged,19,86,2.04684
30932,managed,20,86,1.85194
30933,unmanaged,38,225,1.44165
30933,managed,39,225,1.30438
30938,unmanaged,45,211,1.12839
30938,managed,46,211,1.02095
30946,unmanaged,51,125,2.83938
30946,managed,52,125,2.569
30947,unmanaged,43,95,1.59887
30949,unmanaged,14,115,2.11559
30950,unmanaged,10,285,3.02398
30950,managed,11,285,2.73602
30952,unmanaged,15,118,8.624
30955,unmanaged,10,137,7.3789
30955,managed,11,137,6.6763
30956,unmanaged,41,14,0.70191
30956,managed,40,14,0.63508
30958,unmanaged,25,20,14.6266
30958,managed,26,20,13.2338
30969,unmanaged,1,115,1.12644
30969,managed,2,115,1.01918
30975,unmanaged,25,25,0.7355
30975,managed,26,25,0.66546
30979,unmanaged,25,23,17.9075
30979,managed,26,23,16.2023
30980,unmanaged,13,156,2.48647
30981,unmanaged,4,156,22.1128
30981,managed,5,156,20.0072
30982,unmanaged,44,108,1.08586
30983,unmanaged,4,96,10.3328
30983,managed,5,96,9.3489
30988,unmanaged,51,65,0.64329
30988,managed,52,65,0.58203
30989,unmanaged,41,35,1.446
30989,managed,40,35,1.30831
30992,unmanaged,44,104,8.1614
30996,unmanaged,44,67,2.65544
30999,unmanaged,29,196,4.31567
30999,managed,30,196,3.90472
31002,unmanaged,35,27,2.07883
31002,managed,36,27,1.88088
31003,unmanaged,10,205,6.6729
31003,managed,11,205,6.0375
31016,unmanaged,45,121,2.45698
31016,managed,46,121,2.22302
31017,unmanaged,38,166,13.3785
31017,managed,39,166,12.1046
31023,unmanaged,41,35,4.88959
31023,managed,40,35,4.42399
31030,unmanaged,53,120,1.11292
31030,managed,54,120,1.00695
31035,unmanaged,38,145,0.94281
31035,managed,39,145,0.85304
31036,unmanaged,1,165,0.93144
31036,managed,2,165,0.84275
31038,unmanaged,29,110,3.45678
31038,managed,30,110,3.12761
31046,unmanaged,4,199,11.1719
31046,managed,5,199,10.1081
31047,unmanaged,4,182,21.7829
31047,managed,5,182,19.7086
31050,unmanaged,14,165,2.70083
31052,unmanaged,29,90,1.09856
31052,managed,30,90,0.99395
31053,unmanaged,41,40,2.86378
31053,managed,40,40,2.59109
31055,unmanaged,19,145,0.67382
31055,managed,20,145,0.60966
31058,unmanaged,1,225,1.21236
31058,managed,2,225,1.09692
31066,unmanaged,38,125,0.90476
31066,managed,39,125,0.8186
31067,unmanaged,29,225,1.57512
31067,managed,30,225,1.42513
31072,unmanaged,14,100,7.6315
31073,unmanaged,14,110,1.46689
31076,unmanaged,10,98,5.9955
31076,managed,11,98,5.4246
31082,unmanaged,4,216,3.66187
31082,managed,5,216,3.31317
31097,unmanaged,27,34,0.73228
31097,managed,28,34,0.66255
31098,unmanaged,10,224,2.46097
31098,managed,11,224,2.22663
31108,unmanaged,4,116,38.9576
31108,managed,5,116,35.248
31110,unmanaged,4,119,14.9212
31110,managed,5,119,13.5004
31120,unmanaged,10,77,20.5455
31120,managed,11,77,18.5891
31123,unmanaged,4,151,2.42741
31123,managed,5,151,2.19626
31124,unmanaged,25,35,7.4765
31124,managed,26,35,6.7646
31127,unmanaged,4,161,3.98699
31127,managed,5,161,3.60733
31131,unmanaged,10,100,0.0154098
31131,managed,11,100,0.0139424
31132,unmanaged,4,165,3.07396
31132,managed,5,165,2.78125
31133,unmanaged,38,165,0.52689
31133,managed,39,165,0.476717
31140,unmanaged,25,17,10.9906
31140,managed,26,17,9.944
31141,unmanaged,33,25,8.8555
31141,managed,34,25,8.0122
31147,unmanaged,45,90,0.292323
31147,managed,46,90,0.264487
31166,unmanaged,56,80,5.0914
31166,managed,57,80,4.6066
31174,unmanaged,25,27,0.93575
31174,managed,26,27,0.84665
31175,unmanaged,4,167,11.4306
31175,managed,5,167,10.3422
31182,unmanaged,41,35,95.466
31182,managed,40,35,86.376
31183,unmanaged,1,145,1.3651
31183,managed,2,145,1.23511
31187,unmanaged,4,111,2.42894
31187,managed,5,111,2.19765
31200,unmanaged,41,30,1.5092
31200,managed,40,30,1.36549
31204,unmanaged,19,123,3.96814
31204,managed,20,123,3.59028
31205,unmanaged,44,81,5.2988
31207,unmanaged,41,24,2.71868
31207,managed,40,24,2.4598
31208,unmanaged,10,211,1.54685
31208,managed,11,211,1.39955
31210,unmanaged,47,80,2.67686
31210,managed,48,80,2.42196
31212,unmanaged,14,100,1.01848
31220,unmanaged,41,37,8.4662
31220,managed,40,37,7.66
31223,unmanaged,10,141,1.88982
31223,managed,11,141,1.70987
31224,unmanaged,38,61,27.5355
31224,managed,39,61,24.9135
31227,unmanaged,47,107,12.7751
31227,managed,48,107,11.5586
31229,unmanaged,10,211,7.2532
31229,managed,11,211,6.5626
31240,unmanaged,25,13,45.3008
31240,managed,26,13,40.9871
31247,unmanaged,19,88,23.3649
31247,managed,20,88,21.1401
31253,unmanaged,44,104,9.9692
31254,unmanaged,4,119,2.45529
31254,managed,5,119,2.22149
31260,unmanaged,1,165,0.61709
31260,managed,2,165,0.55833
31261,unmanaged,38,125,1.65763
31261,managed,39,125,1.49978
31263,unmanaged,38,225,0.321185
31263,managed,39,225,0.290601
31264,unmanaged,27,12,8.665
31264,managed,28,12,7.8399
31267,unmanaged,1,90,0.93585
31267,managed,2,90,0.84673
31268,unmanaged,38,185,0.52306
31268,managed,39,185,0.473249
31269,unmanaged,19,74,1.05797
31269,managed,20,74,0.95722
31271,unmanaged,1,136,1.27792
31271,managed,2,136,1.15624
31276,unmanaged,19,111,3.68547
31276,managed,20,111,3.33453
31277,unmanaged,16,166,0.6304
31277,managed,17,166,0.57037
31281,unmanaged,44,114,4.88817
31286,unmanaged,1,175,5.4506
31286,managed,2,175,4.93157
31293,unmanaged,38,166,2.67069
31293,managed,39,166,2.41638
31296,unmanaged,25,35,11.0681
31296,managed,26,35,10.0142
31304,unmanaged,10,165,6.5515
31304,managed,11,165,5.9276
31306,unmanaged,44,105,29.9651
31308,unmanaged,42,110,2.26998
31312,unmanaged,4,165,0.66909
31312,managed,5,165,0.60537
31317,unmanaged,44,67,5.6706
31321,unmanaged,27,19,8.7923
31321,managed,28,19,7.955
31323,unmanaged,10,176,13.6153
31323,managed,11,176,12.3188
31324,unmanaged,44,129,2.66764
31326,unmanaged,27,45,2.92364
31326,managed,28,45,2.64524
31338,unmanaged,27,22,2.5738
31338,managed,28,22,2.32872
31351,unmanaged,4,176,3.55793
31351,managed,5,176,3.21913
31355,unmanaged,59,145,1.24665
31359,unmanaged,25,40,3.14838
31359,managed,26,40,2.84858
31360,unmanaged,10,76,1.25071
31360,managed,11,76,1.13161
31374,unmanaged,29,86,1.46157
31374,managed,30,86,1.32239
31380,unmanaged,19,116,0.65237
31380,managed,20,116,0.59025
31385,unmanaged,41,30,4.40646
31385,managed,40,30,3.98687
31386,unmanaged,4,119,0.56744
31386,managed,5,119,0.5134
31392,unmanaged,7,90,0.94954
31392,managed,8,90,0.85913
31393,unmanaged,50,115,6.4312
31395,unmanaged,29,145,1.14274
31395,managed,30,145,1.03392
31397,unmanaged,4,165,3.87696
31397,managed,5,165,3.50778
31401,unmanaged,10,137,6.5318
31401,managed,11,137,5.9098
31405,unmanaged,25,21,4.63319
31405,managed,26,21,4.192
31407,unmanaged,4,145,0.64124
31407,managed,5,145,0.58018
31409,unmanaged,38,125,1.85494
31409,managed,39,125,1.67831
31410,unmanaged,43,145,4.00538
31411,unmanaged,1,90,6.9157
31411,managed,2,90,6.2572
31418,unmanaged,19,166,4.65872
31418,managed,20,166,4.2151
31428,unmanaged,25,13,4.85469
31428,managed,26,13,4.39241
31436,unmanaged,4,83,29.2003
31436,managed,5,83,26.4197
31440,unmanaged,38,90,0.61859
31440,managed,39,90,0.55968
31447,unmanaged,1,225,8.6468
31447,managed,2,225,7.8235
31448,unmanaged,25,8,5.4641
31448,managed,26,8,4.94375
31459,unmanaged,4,165,0.58994
31459,managed,5,165,0.53376
31463,unmanaged,13,225,18.1111
31468,unmanaged,24,111,10.2888
31469,unmanaged,41,19,0.61738
31469,managed,40,19,0.55859
31474,unmanaged,4,95,14.1179
31474,managed,5,95,12.7735
31485,unmanaged,4,186,1.79622
31485,managed,5,186,1.62518
31488,unmanaged,41,16,1.13227
31488,managed,40,16,1.02445
31495,unmanaged,41,35,17.0737
31495,managed,40,35,15.4479
31504,unmanaged,19,146,1.77263
31504,managed,20,146,1.60383
31506,unmanaged,41,33,7.8957
31506,managed,40,33,7.1438
31507,unmanaged,31,31,8.3738
31507,managed,32,31,7.5764
31517,unmanaged,33,40,8.3874
31517,managed,34,40,7.5888
31519,unmanaged,19,90,0.96796
31519,managed,20,90,0.87579
31521,unmanaged,14,110,1.08757
31523,unmanaged,38,185,2.0179
31523,managed,39,185,1.82575
31536,unmanaged,45,106,2.45583
31536,managed,46,106,2.22198
31538,unmanaged,41,35,0.256098
31538,managed,40,35,0.231711
31540,unmanaged,4,93,8.9104
31540,managed,5,93,8.062
31543,unmanaged,14,100,1.16393
31565,unmanaged,45,106,6.2038
31565,managed,46,106,5.6131
31569,unmanaged,4,154,11.439
31569,managed,5,154,10.3498
31578,unmanaged,1,155,0.87741
31578,managed,2,155,0.79386
31582,unmanaged,38,225,0.79743
31582,managed,39,225,0.72149
31584,unmanaged,25,35,27.4108
31584,managed,26,35,24.8007
31587,unmanaged,19,110,52.872
31587,managed,20,110,47.8378
31596,unmanaged,38,166,2.05635
31596,managed,39,166,1.86054
31597,unmanaged,4,186,3.80415
31597,managed,5,186,3.44191
31606,unmanaged,1,147,8.6294
31606,managed,2,147,7.8077
31618,unmanaged,41,4,0.371308
31618,managed,40,4,0.335951
31620,unmanaged,41,34,31.5627
31620,managed,40,34,28.5572
31623,unmanaged,37,35,1.22537
31623,managed,3,35,1.10868
31624,unmanaged,10,186,1.27291
31624,managed,11,186,1.1517
31625,unmanaged,10,156,2.88054
31625,managed,11,156,2.60624
31634,unmanaged,4,199,1.0245
31634,managed,5,199,0.92694
31636,unmanaged,1,145,0.92596
31636,managed,2,145,0.83779
31637,unmanaged,25,22,11.5508
31637,managed,26,22,10.4509
31638,unmanaged,38,225,0.58361
31638,managed,39,225,0.52804
31659,unmanaged,45,165,1.14468
31659,managed,46,165,1.03568
31670,unmanaged,38,165,0.87418
31670,managed,39,165,0.79093
31677,unmanaged,14,100,6.9354
31678,unmanaged,45,311,2.08897
31678,managed,46,311,1.89005
31679,unmanaged,10,163,10.4518
31679,managed,11,163,9.4566
31682,unmanaged,1,225,1.09767
31682,managed,2,225,0.99315
31687,unmanaged,44,104,6.0405
31689,unmanaged,14,100,1.61311
31692,unmanaged,19,225,10.8114
31692,managed,20,225,9.7819
31698,unmanaged,29,106,0.83124
31698,managed,30,106,0.75209
31702,unmanaged,35,24,3.26878
31702,managed,36,24,2.95752
31704,unmanaged,4,93,1.22418
31704,managed,5,93,1.10761
31711,unmanaged,38,165,0.64222
31711,managed,39,165,0.58106
31729,unmanaged,4,225,0.62425
31729,managed,5,225,0.56481
31736,unmanaged,4,70,4.81821
31736,managed,5,70,4.35941
31742,unmanaged,14,100,1.31489
31744,unmanaged,4,225,1.33441
31744,managed,5,225,1.20735
31751,unmanaged,45,211,0.6195
31751,managed,46,211,0.56051
31754,unmanaged,10,189,1.0612
31754,managed,11,189,0.96015
31758,unmanaged,10,225,5.0855
31758,managed,11,225,4.60128
31765,unmanaged,4,211,8.2806
31765,managed,5,211,7.4921
31768,unmanaged,10,211,2.10334
31768,managed,11,211,1.90306
31771,unmanaged,45,196,1.67313
31771,managed,46,196,1.51381
31778,unmanaged,10,186,1.32299
31778,managed,11,186,1.19701
31792,unmanaged,44,108,2.85511
31795,unmanaged,4,120,33.0378
31795,managed,5,120,29.8918
31798,unmanaged,13,145,3.15972
31806,unmanaged,41,40,1.6383
31806,managed,40,40,1.4823
31811,unmanaged,25,35,40.2399
31811,managed,26,35,36.4081
31813,unmanaged,27,40,1.12414
31813,managed,28,40,1.0171
31819,unmanaged,33,7,0.87987
31819,managed,34,7,0.79608
31831,unmanaged,33,7,3.20164
31831,managed,34,7,2.89677
31833,unmanaged,38,125,0.623
31833,managed,39,125,0.56368
31848,unmanaged,29,106,0.366988
31848,managed,30,106,0.332042
31849,unmanaged,19,82,35.5317
31849,managed,20,82,32.1483
31857,unmanaged,10,271,1.07188
31857,managed,11,271,0.96981
31858,unmanaged,4,145,13.4886
31858,managed,5,145,12.2042
31862,unmanaged,29,110,7.0016
31862,managed,30,110,6.3349
31863,unmanaged,19,123,4.73557
31863,managed,20,123,4.28463
31865,unmanaged,33,40,6.1474
31865,managed,34,40,5.562
31868,unmanaged,4,116,24.0954
31868,managed,5,116,21.8009
31871,unmanaged,38,125,1.58215
31871,managed,39,125,1.43149
31872,unmanaged,4,145,4.28898
31872,managed,5,145,3.88057
31873,unmanaged,60,65,1.06828
31873,managed,61,65,0.96655
31876,unmanaged,41,37,16.0684
31876,managed,40,37,14.5383
31883,unmanaged,19,145,0.8721
31883,managed,20,145,0.78905
31892,unmanaged,4,225,7.6421
31892,managed,5,225,6.9144
31902,unmanaged,19,126,1.23193
31902,managed,20,126,1.11462
31915,unmanaged,4,91,4.89215
31915,managed,5,91,4.4263
31916,unmanaged,4,165,0.77129
31916,managed,5,165,0.69784
31918,unmanaged,45,90,1.09376
31918,managed,46,90,0.98961
31922,unmanaged,35,28,12.802
31922,managed,36,28,11.583
31925,unmanaged,4,72,131.111
31925,managed,5,72,118.626
31926,unmanaged,56,90,1.93526
31926,managed,57,90,1.75097
31929,unmanaged,38,71,4.67771
31929,managed,39,71,4.23229
31930,unmanaged,19,110,15.9455
31930,managed,20,110,14.4271
31932,unmanaged,31,31,1.27758
31932,managed,32,31,1.15593
31937,unmanaged,10,183,28.2553
31937,managed,11,183,25.5647
31942,unmanaged,38,125,1.36165
31942,managed,39,125,1.23199
31947,unmanaged,33,7,1.71941
31947,managed,34,7,1.55568
31952,unmanaged,44,104,1.07763
31955,unmanaged,19,96,1.326
31955,managed,20,96,1.19974
31956,unmanaged,4,130,0.71702
31956,managed,5,130,0.64875
31962,unmanaged,45,211,0.66786
31962,managed,46,211,0.60426
31966,unmanaged,10,92,19.2829
31966,managed,11,92,17.4468
31969,unmanaged,38,211,3.70738
31969,managed,39,211,3.35435
31973,unmanaged,19,97,6.1425
31973,managed,20,97,5.5575
31979,unmanaged,44,129,22.6417
31982,unmanaged,44,114,25.4842
31988,unmanaged,25,20,4.26257
31988,managed,26,20,3.85668
31994,unmanaged,25,26,4.87318
31994,managed,26,26,4.40914
31996,unmanaged,25,33,4.71566
31996,managed,26,33,4.26662
31997,unmanaged,1,325,0.6422
31997,managed,2,325,0.58105
31999,unmanaged,43,110,1.45085
32001,unmanaged,7,90,13.6687
32001,managed,8,90,12.3671
32004,unmanaged,29,186,0.68631
32004,managed,30,186,0.62095
32011,unmanaged,13,225,9.1156
32013,unmanaged,4,167,7.0014
32013,managed,5,167,6.3347
32016,unmanaged,37,55,1.27247
32016,managed,3,55,1.1513
32020,unmanaged,44,116,6.4758
32023,unmanaged,62,146,0.64328
32023,managed,63,146,0.58203
32025,unmanaged,27,34,3.21969
32025,managed,28,34,2.9131
32026,unmanaged,35,21,21.1865
32026,managed,36,21,19.169
32027,unmanaged,4,111,0.65043
32027,managed,5,111,0.58849
32028,unmanaged,38,165,0.490592
32028,managed,39,165,0.443876
32029,unmanaged,31,25,22.0648
32029,managed,32,25,19.9637
32039,unmanaged,4,107,1.33322
32039,managed,5,107,1.20627
32053,unmanaged,4,225,1.87598
32053,managed,5,225,1.69734
32054,unmanaged,4,225,1.34946
32054,managed,5,225,1.22096
32055,unmanaged,14,111,2.43373
32056,unmanaged,4,155,21.3733
32056,managed,5,155,19.3381
32060,unmanaged,24,96,7.38
32069,unmanaged,1,90,1.85338
32069,managed,2,90,1.6769
32071,unmanaged,41,40,1.99755
32071,managed,40,40,1.80734
32073,unmanaged,33,7,0.61675
32073,managed,34,7,0.55802
32086,unmanaged,29,196,8.9533
32086,managed,30,196,8.1007
32104,unmanaged,41,8,0.86051
32104,managed,40,8,0.77857
32105,unmanaged,43,110,5.951
32110,unmanaged,10,311,6.3185
32110,managed,11,311,5.7169
32111,unmanaged,19,81,6.237
32111,managed,20,81,5.643
32115,unmanaged,33,7,0.93426
32115,managed,34,7,0.84529
32125,unmanaged,1,145,1.09324
32125,managed,2,145,0.98914
32127,unmanaged,19,96,4.16753
32127,managed,20,96,3.77069
32129,unmanaged,25,21,15.5568
32129,managed,26,21,14.0754
32131,unmanaged,41,40,7.7693
32131,managed,40,40,7.0295
32135,unmanaged,4,225,1.29539
32135,managed,5,225,1.17204
32138,unmanaged,14,115,1.08522
32141,unmanaged,14,116,4.32628
32142,unmanaged,10,275,0.62788
32142,managed,11,275,0.56809
32143,unmanaged,19,97,4.85372
32143,managed,20,97,4.39154
32151,unmanaged,51,90,5.448
32151,managed,52,90,4.92926
32156,unmanaged,51,165,0.0351829
32156,managed,52,165,0.0318327
32159,unmanaged,47,114,0.50035
32159,managed,48,114,0.452701
32165,unmanaged,4,120,5.0368
32165,managed,5,120,4.55719
32167,unmanaged,43,225,1.83866
32168,unmanaged,4,110,4.1197
32168,managed,5,110,3.72741
32170,unmanaged,29,186,0.6725
32170,managed,30,186,0.60847
32171,unmanaged,41,35,9.3383
32171,managed,40,35,8.4491
32173,unmanaged,41,31,1.3898
32173,managed,40,31,1.25746
32174,unmanaged,25,14,74.31
32174,managed,26,14,67.234
32179,unmanaged,14,76,2.43
32182,unmanaged,29,96,5.1754
32182,managed,30,96,4.68256
32185,unmanaged,35,14,1.64169
32185,managed,36,14,1.48536
32186,unmanaged,4,199,3.23829
32186,managed,5,199,2.92993
32190,unmanaged,4,91,8.9735
32190,managed,5,91,8.119
32191,unmanaged,4,211,2.78874
32191,managed,5,211,2.52318
32192,unmanaged,41,19,2.58892
32192,managed,40,19,2.3424
32204,unmanaged,19,166,8.5999
32204,managed,20,166,7.781
32207,unmanaged,41,35,20.9642
32207,managed,40,35,18.968
32209,unmanaged,14,116,1.10402
32210,unmanaged,14,100,0.99809
32211,unmanaged,4,186,0.251236
32211,managed,5,186,0.227313
32225,unmanaged,51,165,3.52111
32225,managed,52,165,3.18582
32226,unmanaged,19,145,0.136462
32226,managed,20,145,0.123468
32231,unmanaged,41,18,4.02262
32231,managed,40,18,3.63957
32234,unmanaged,4,155,81.894
32234,managed,5,155,74.096
32240,unmanaged,38,76,1.35507
32240,managed,39,76,1.22603
32251,unmanaged,51,165,2.2489
32251,managed,52,165,2.03476
32263,unmanaged,19,123,1.41449
32263,managed,20,123,1.2798
32272,unmanaged,10,225,2.52379
32272,managed,11,225,2.28346
32277,unmanaged,10,275,2.19928
32277,managed,11,275,1.98986
32279,unmanaged,4,134,3.85272
32279,managed,5,134,3.48585
32281,unmanaged,10,145,0.305594
32281,managed,11,145,0.276494
32288,unmanaged,29,135,2.04085
32288,managed,30,135,1.84652
32290,unmanaged,51,145,2.05647
32290,managed,52,145,1.86065
32301,unmanaged,4,225,16.1526
32301,managed,5,225,14.6145
32304,unmanaged,10,135,1.0721
32304,managed,11,135,0.97001
32305,unmanaged,38,66,0.61425
32305,managed,39,66,0.55575
32306,unmanaged,25,40,16.1801
32306,managed,26,40,14.6393
32314,unmanaged,4,98,13.5005
32314,managed,5,98,12.215
32315,unmanaged,25,40,8.4934
32315,managed,26,40,7.6846
32374,unmanaged,65,108,15.0085
32374,managed,66,108,13.5793
32378,unmanaged,13,296,8.0694
32379,unmanaged,4,271,1.06522
32379,managed,5,271,0.96379
32384,unmanaged,45,211,66.47
32384,managed,46,211,60.141
32386,unmanaged,4,133,1.08258
32386,managed,5,133,0.9795
32387,unmanaged,25,35,11.5354
32387,managed,26,35,10.437
32392,unmanaged,7,90,4.04249
32392,managed,8,90,3.65755
32397,unmanaged,25,36,24.1892
32397,managed,26,36,21.8859
32399,unmanaged,38,90,0.75805
32399,managed,39,90,0.68587
32400,unmanaged,4,145,0.79993
32400,managed,5,145,0.72376
32401,unmanaged,45,116,3.35596
32401,managed,46,116,3.0364
32408,unmanaged,29,296,0.479246
32408,managed,30,296,0.433611
32409,unmanaged,1,126,0.50979
32409,managed,2,126,0.461243
32420,unmanaged,4,159,3.6538
32420,managed,5,159,3.30588
32424,unmanaged,13,96,14.7253
32427,unmanaged,4,111,14.9434
32427,managed,5,111,13.5204
32432,unmanaged,45,225,0.363881
32432,managed,46,225,0.329231
32433,unmanaged,4,117,33.2824
32433,managed,5,117,30.1131
32441,unmanaged,19,165,24.5196
32441,managed,20,165,22.1848
32460,unmanaged,25,13,23.5089
32460,managed,26,13,21.2703
32472,unmanaged,1,155,0.86295
32472,managed,2,155,0.78078
32479,unmanaged,4,87,0.313778
32479,managed,5,87,0.283899
32494,unmanaged,4,152,20.9864
32494,managed,5,152,18.988
32495,unmanaged,13,145,3.50856
32500,unmanaged,47,141,1.53917
32500,managed,48,141,1.39261
32501,unmanaged,10,120,26.5919
32501,managed,11,120,24.0598
32505,unmanaged,16,166,0.091179
32505,managed,17,166,0.082496
32506,unmanaged,29,225,0.88166
32506,managed,30,225,0.79771
32512,unmanaged,10,121,7.371
32512,managed,11,121,6.6691
32519,unmanaged,25,24,37.6227
32519,managed,26,24,34.0402
32520,unmanaged,19,83,2.79933
32520,managed,20,83,2.53277
32521,unmanaged,4,151,1.02898
32521,managed,5,151,0.931
32526,unmanaged,14,165,0.80085
32528,unmanaged,4,225,12.3362
32528,managed,5,225,11.1615
32539,unmanaged,10,153,15.0014
32539,managed,11,153,13.5729
32551,unmanaged,29,86,7.0952
32551,managed,30,86,6.4196
32563,unmanaged,14,225,1.44681
32568,unmanaged,27,0,32.1167
32568,managed,28,0,29.0585
32573,unmanaged,10,80,14.8409
32573,managed,11,80,13.4277
32578,unmanaged,4,109,3.2396
32578,managed,5,109,2.93111
32581,unmanaged,38,71,35.2123
32581,managed,39,71,31.8593
32583,unmanaged,38,151,6.2337
32583,managed,39,151,5.6401
32585,unmanaged,10,243,11.3957
32585,managed,11,243,10.3106
32591,unmanaged,10,90,19.3047
32591,managed,11,90,17.4665
32598,unmanaged,38,80,1.1761
32598,managed,39,80,1.06411
32606,unmanaged,1,197,0.0236263
32606,managed,2,197,0.0213766
32615,unmanaged,10,137,1.86382
32615,managed,11,137,1.68634
32623,unmanaged,47,80,18.351
32623,managed,48,80,16.6035
32632,unmanaged,4,106,2.20964
32632,managed,5,106,1.99923
32634,unmanaged,4,129,12.2794
32634,managed,5,129,11.1101
32635,unmanaged,10,107,11.3215
32635,managed,11,107,10.2434
32638,unmanaged,4,104,0.0053264
32638,managed,5,104,0.0048192
32648,unmanaged,10,126,1.19481
32648,managed,11,126,1.08104
32650,unmanaged,1,285,9.4463
32650,managed,2,285,8.5468
32655,unmanaged,1,126,0.377811
32655,managed,2,126,0.341835
32667,unmanaged,56,165,8.7644
32667,managed,57,165,7.9299
32674,unmanaged,10,261,3.75987
32674,managed,11,261,3.40185
32675,unmanaged,35,26,23.7391
32675,managed,36,26,21.4786
32676,unmanaged,10,171,1.1588
32676,managed,11,171,1.04845
32677,unmanaged,1,196,0.64153
32677,managed,2,196,0.58044
32683,unmanaged,4,161,12.383
32683,managed,5,161,11.2039
32686,unmanaged,4,364,0.474011
32686,managed,5,364,0.428875
32687,unmanaged,45,211,0.55541
32687,managed,46,211,0.50252
32691,unmanaged,10,132,10.1001
32691,managed,11,132,9.1383
32696,unmanaged,7,80,15.6863
32696,managed,8,80,14.1926
32697,unmanaged,67,35,12.3037
32697,managed,49,35,11.1321
32738,unmanaged,68,108,23.442
32747,unmanaged,13,296,0.0098498
32749,unmanaged,15,271,15.3797
32750,unmanaged,69,106,2.04742
32760,unmanaged,42,211,10.1489
32762,unmanaged,15,133,6.8226
32764,unmanaged,70,35,3.05564
32772,unmanaged,69,90,1.81625
32777,unmanaged,70,36,0.282433
32778,unmanaged,42,311,0.278465
32780,unmanaged,50,90,0.92081
32781,unmanaged,15,145,0.217477
32785,unmanaged,42,116,2.15699
32800,unmanaged,43,296,11.2537
32802,unmanaged,13,126,1.38986
32803,unmanaged,50,95,1.87946
32826,unmanaged,15,159,32.8203
32835,unmanaged,13,96,0.0183886
32840,unmanaged,15,111,13.8362
32853,unmanaged,24,73,23.7269
32856,unmanaged,42,225,3.84201
32859,unmanaged,15,117,1.05456
32864,unmanaged,23,98,34.4581
32868,unmanaged,23,165,0.92214
32880,unmanaged,15,119,7.8355
32892,unmanaged,70,13,0.58674
32897,unmanaged,13,166,2.28698
32899,unmanaged,24,246,3.37235
32915,unmanaged,13,155,0.51836
32920,unmanaged,14,225,0.88809
32927,unmanaged,15,87,16.7897
32957,unmanaged,15,152,0.075524
32958,unmanaged,15,151,0.77474
32960,unmanaged,13,145,0.65602
32966,unmanaged,43,145,2.85788
32968,unmanaged,71,141,49.8424
32970,unmanaged,24,120,0.0264833
32975,unmanaged,22,166,12.6996
32978,unmanaged,43,225,0.82959
32988,unmanaged,43,186,10.7101
32990,unmanaged,24,121,0.002285
33003,unmanaged,43,145,0.0101994
33007,unmanaged,43,225,6.4637
33009,unmanaged,70,24,0.140374
33010,unmanaged,23,83,0.348431
33011,unmanaged,15,151,9.0051
33020,unmanaged,14,165,0.425182
33024,unmanaged,15,225,1.34834
33031,unmanaged,15,170,0.0146123
33032,unmanaged,71,172,34.2843
33046,unmanaged,24,153,6.2765
33066,unmanaged,13,130,0.365277
33068,unmanaged,15,225,0.59218
33070,unmanaged,43,86,0.0128156
33075,unmanaged,13,130,2.15329
33083,unmanaged,13,151,2.9783
33088,unmanaged,24,126,1.05433
33096,unmanaged,14,225,2.66758
33103,unmanaged,72,0,0.30483
33113,unmanaged,24,80,9.7519
33127,unmanaged,15,109,5.3871
33132,unmanaged,50,71,3.80324
33137,unmanaged,24,243,0.372767
33146,unmanaged,24,90,1.13273
33156,unmanaged,50,80,0.013979
33171,unmanaged,50,211,5.7514
33174,unmanaged,13,197,2.95725
33180,unmanaged,23,102,0.185423
33188,unmanaged,15,171,0.384442
33191,unmanaged,24,126,0.0132035
33198,unmanaged,24,137,25.1911
33206,unmanaged,50,165,1.34989
33209,unmanaged,43,81,0.81715
33216,unmanaged,71,80,0.0083685
33233,unmanaged,15,106,49.6982
33240,unmanaged,15,129,6.2728
33241,unmanaged,24,107,1.75603
33245,unmanaged,15,104,8.6214
33264,unmanaged,24,126,5.2841
33266,unmanaged,13,285,1.35752
33273,unmanaged,13,126,5.2424
33286,unmanaged,72,12,34.4157
33290,unmanaged,24,104,8.2983
33295,unmanaged,73,165,2.44818
33305,unmanaged,24,261,33.0636
33309,unmanaged,24,171,0.402746
33310,unmanaged,13,196,0.0068345
33320,unmanaged,15,161,8.9031
33321,unmanaged,13,166,0.061979
33327,unmanaged,15,364,8.6637
33328,unmanaged,42,211,1.83079
33334,unmanaged,24,132,9.0296
33338,unmanaged,50,106,0.63697
33348,unmanaged,69,80,0.064765
33441,unmanaged,43,205,30.8897
33442,unmanaged,15,271,60.467
33443,unmanaged,15,271,11.4652
33445,unmanaged,45,165,1.79804
33445,managed,46,165,1.62683
33446,unmanaged,50,136,9.6179
33447,unmanaged,51,125,0.019619
33447,managed,52,125,0.0177508
33448,unmanaged,10,135,0.5599
33448,managed,11,135,0.50659
33449,unmanaged,45,94,0.53784
33449,managed,46,94,0.486623
33450,unmanaged,14,100,1.69416
33451,unmanaged,29,110,1.09658
33451,managed,30,110,0.99216
33452,unmanaged,14,100,0.135952
33453,unmanaged,14,196,1.57842
33454,unmanaged,13,296,2.8072
33455,unmanaged,14,216,7.2526
33456,unmanaged,43,205,3.63467
33457,unmanaged,15,271,52.357
33458,unmanaged,43,186,6.596
33459,unmanaged,15,171,3.19242
33460,unmanaged,15,271,1.04432
33462,unmanaged,14,196,2.00377
33463,unmanaged,14,100,1.38378
33464,unmanaged,42,165,0.0225933
33465,unmanaged,15,171,2.67369
33466,unmanaged,14,196,0.316993
33467,unmanaged,50,136,2.76089
33468,unmanaged,15,296,1.76738
33469,unmanaged,15,211,2.4983
33470,unmanaged,14,125,1.89744
33471,unmanaged,24,135,0.052345
33472,unmanaged,42,94,1.349
33473,unmanaged,14,115,2.03042
33474,unmanaged,43,145,3.88649
33475,unmanaged,14,165,1.14158
33476,unmanaged,14,165,0.82758
33477,unmanaged,14,95,2.61116
33478,unmanaged,24,110,0.08587
33479,unmanaged,14,100,18.6618
33480,unmanaged,74,36,1.88973
33481,unmanaged,43,110,0.90345
33482,unmanaged,43,145,2.45862
33483,unmanaged,14,100,1.17189
33484,unmanaged,24,126,0.224293
33511,unmanaged,45,211,12.6919
33511,managed,46,211,11.4833
33520,unmanaged,42,211,2.234
33522,unmanaged,42,311,23.6822
33525,unmanaged,24,73,2.54955
33538,unmanaged,4,120,22.9937
33538,managed,5,120,20.8042
33540,unmanaged,38,66,3.3129
33540,managed,39,66,2.99743
33552,unmanaged,19,112,8.247
33552,managed,20,112,7.4617
33553,unmanaged,4,193,35.8672
33553,managed,5,193,32.4518
33556,unmanaged,10,115,3.00167
33556,managed,11,115,2.71584
33560,unmanaged,19,85,20.178
33560,managed,20,85,18.2566
33563,unmanaged,10,110,2.09278
33563,managed,11,110,1.8935
33569,unmanaged,51,115,1.02326
33569,managed,52,115,0.92582
33574,unmanaged,25,19,13.9619
33574,managed,26,19,12.6324
33578,unmanaged,51,90,1.27298
33578,managed,52,90,1.15176
33579,unmanaged,29,110,2.92683
33579,managed,30,110,2.64813
33582,unmanaged,16,166,0.80676
33582,managed,17,166,0.72994
33584,unmanaged,38,80,2.17044
33584,managed,39,80,1.96376
33587,unmanaged,38,125,2.07212
33587,managed,39,125,1.87481
33589,unmanaged,4,127,7.2166
33589,managed,5,127,6.5294
33597,unmanaged,4,156,19.9759
33597,managed,5,156,18.0737
33599,unmanaged,41,26,17.2057
33599,managed,40,26,15.5673
33601,unmanaged,19,121,11.2462
33601,managed,20,121,10.1753
33606,unmanaged,29,165,3.56212
33606,managed,30,165,3.22293
33607,unmanaged,4,151,10.3173
33607,managed,5,151,9.3349
33611,unmanaged,25,25,2.42078
33611,managed,26,25,2.19027
33612,unmanaged,4,156,2.54879
33612,managed,5,156,2.30609
33614,unmanaged,4,146,1.53785
33614,managed,5,146,1.39141
33616,unmanaged,1,145,0.385027
33616,managed,2,145,0.348363
33627,unmanaged,4,165,2.86522
33627,managed,5,165,2.59239
33630,unmanaged,41,40,4.47896
33630,managed,40,40,4.05246
33631,unmanaged,1,90,1.10829
33631,managed,2,90,1.00276
33632,unmanaged,51,75,0.54107
33632,managed,52,75,0.489551
33633,unmanaged,4,155,64.693
33633,managed,5,155,58.533
33638,unmanaged,10,110,1.52991
33638,managed,11,110,1.38422
33641,unmanaged,4,125,1.79447
33641,managed,5,125,1.6236
33645,unmanaged,38,146,1.1328
33645,managed,39,146,1.02493
33647,unmanaged,19,92,12.4299
33647,managed,20,92,11.2463
33671,unmanaged,51,125,0.460116
33671,managed,52,125,0.416302
33684,unmanaged,38,225,2.16437
33684,managed,39,225,1.95827
33685,unmanaged,38,90,0.93725
33685,managed,39,90,0.848
33688,unmanaged,38,225,3.28031
33688,managed,39,225,2.96795
33692,unmanaged,4,127,8.7801
33692,managed,5,127,7.9441
33693,unmanaged,51,125,1.29243
33693,managed,52,125,1.16936
33695,unmanaged,4,126,36.4605
33695,managed,5,126,32.9886
33700,unmanaged,25,35,1.97055
33700,managed,26,35,1.78291
33705,unmanaged,1,65,2.95804
33705,managed,2,65,2.67637
33707,unmanaged,1,145,1.71645
33707,managed,2,145,1.553
33713,unmanaged,38,166,14.0975
33713,managed,39,166,12.7551
33715,unmanaged,19,166,6.6845
33715,managed,20,166,6.048
33730,unmanaged,38,146,1.01015
33730,managed,39,146,0.91396
33736,unmanaged,41,35,43.756
33736,managed,40,35,39.5895
33740,unmanaged,10,211,9.4789
33740,managed,11,211,8.5763
33743,unmanaged,41,14,6.8255
33743,managed,40,14,6.1755
33746,unmanaged,38,225,1.04535
33746,managed,39,225,0.94581
33751,unmanaged,10,179,16.2503
33751,managed,11,179,14.7029
33753,unmanaged,45,165,0.349379
33753,managed,46,165,0.31611
33754,unmanaged,29,205,19.336
33754,managed,30,205,17.4948
33757,unmanaged,51,76,17.4166
33757,managed,52,76,15.7582
33763,unmanaged,41,14,47.0313
33763,managed,40,14,42.5528
33771,unmanaged,1,145,1.20561
33771,managed,2,145,1.09081
33774,unmanaged,19,110,23.5669
33774,managed,20,110,21.3228
33778,unmanaged,19,88,6.7554
33778,managed,20,88,6.1121
33783,unmanaged,45,104,20.7653
33783,managed,46,104,18.788
33789,unmanaged,38,100,1.31837
33789,managed,39,100,1.19283
33790,unmanaged,10,165,0.54031
33790,managed,11,165,0.488858
33791,unmanaged,10,110,1.4412
33791,managed,11,110,1.30397
33796,unmanaged,29,110,0.59731
33796,managed,30,110,0.54043
33799,unmanaged,10,145,2.66635
33799,managed,11,145,2.41246
33803,unmanaged,10,110,1.8883
33803,managed,11,110,1.70849
33805,unmanaged,29,165,0.93004
33805,managed,30,165,0.84148
33809,unmanaged,51,90,1.02957
33809,managed,52,90,0.93153
33816,unmanaged,25,35,24.5569
33816,managed,26,35,22.2185
33818,unmanaged,38,95,4.90378
33818,managed,39,95,4.43683
33830,unmanaged,4,119,13.7081
33830,managed,5,119,12.4028
33831,unmanaged,10,246,4.90015
33831,managed,11,246,4.43354
33838,unmanaged,51,225,0.77095
33838,managed,52,225,0.69754
33843,unmanaged,4,151,0.86886
33843,managed,5,151,0.78613
33845,unmanaged,29,145,0.84202
33845,managed,30,145,0.76184
33846,unmanaged,29,225,2.2687
33846,managed,30,225,2.05267
33854,unmanaged,4,225,2.57127
33854,managed,5,225,2.32643
33855,unmanaged,10,126,33.6192
33855,managed,11,126,30.4179
33864,unmanaged,19,102,30.3907
33864,managed,20,102,27.4968
33866,unmanaged,4,171,1.11197
33866,managed,5,171,1.00609
33880,unmanaged,1,166,1.47125
33880,managed,2,166,1.33116
33903,unmanaged,51,165,2.02735
33903,managed,52,165,1.8343
33904,unmanaged,29,145,1.17082
33904,managed,30,145,1.05933
33905,unmanaged,51,165,3.21967
33905,managed,52,165,2.91309
33906,unmanaged,10,110,1.56026
33906,managed,11,110,1.41169
33907,unmanaged,29,145,8.8338
33907,managed,30,145,7.9926
33911,unmanaged,45,311,252.156
33911,managed,46,311,228.145
33912,unmanaged,10,73,92.442
33912,managed,11,73,83.639
33914,unmanaged,15,120,0.83195
33916,unmanaged,42,211,2.6242
33918,unmanaged,50,66,0.261796
33929,unmanaged,13,165,0.248142
33934,unmanaged,72,0,0.308519
33937,unmanaged,23,112,0.140694
33939,unmanaged,15,193,0.72305
33944,unmanaged,24,115,0.222688
33948,unmanaged,23,85,0.0088905
33961,unmanaged,14,115,0.32299
33968,unmanaged,70,19,0.070204
33979,unmanaged,14,90,0.0288548
33981,unmanaged,43,110,0.50186
33985,unmanaged,22,166,0.213288
33987,unmanaged,50,80,0.183755
33994,unmanaged,50,125,0.62561
33998,unmanaged,15,145,0.232963
34000,unmanaged,15,127,0.215699
34008,unmanaged,15,156,0.117958
34010,unmanaged,75,26,0.254911
34012,unmanaged,23,121,0.804
34017,unmanaged,72,27,1.93266
34018,unmanaged,43,165,0.299452
34029,unmanaged,43,110,0.301323
34030,unmanaged,70,25,0.281267
34031,unmanaged,15,156,0.81512
34034,unmanaged,15,146,0.96631
34037,unmanaged,13,145,0.368372
34053,unmanaged,15,225,0.390425
34057,unmanaged,43,165,0.76554
34058,unmanaged,15,165,0.259705
34063,unmanaged,75,40,0.206373
34067,unmanaged,13,90,0.057575
34069,unmanaged,14,75,0.084586
34071,unmanaged,13,109,0.0406826
34076,unmanaged,24,110,0.0301861
34080,unmanaged,15,125,0.119121
34085,unmanaged,50,146,0.069135
34088,unmanaged,23,92,0.172496
34094,unmanaged,43,85,0.336743
34098,unmanaged,13,90,0.138649
34104,unmanaged,13,90,0.270974
34119,unmanaged,14,125,0.48264
34127,unmanaged,42,90,0.452509
34137,unmanaged,15,224,0.412634
34138,unmanaged,50,225,0.308439
34140,unmanaged,50,90,0.0211829
34143,unmanaged,50,225,0.91209
34147,unmanaged,15,127,1.26512
34148,unmanaged,14,125,0.98671
34150,unmanaged,15,126,0.315202
34156,unmanaged,70,35,0.69833
34158,unmanaged,13,115,0.181917
34169,unmanaged,13,65,0.378517
34172,unmanaged,13,145,0.055947
34173,unmanaged,13,90,0.60363
34182,unmanaged,50,166,0.480865
34184,unmanaged,23,166,0.91472
34204,unmanaged,50,146,0.70119
34211,unmanaged,75,35,1.32322
34215,unmanaged,24,211,0.398675
34219,unmanaged,75,14,1.00255
34224,unmanaged,50,225,0.0196086
34232,unmanaged,24,179,0.47802
34235,unmanaged,42,165,1.24865
34236,unmanaged,43,205,0.2229
34239,unmanaged,14,76,1.2639
34241,unmanaged,15,243,0.242815
34250,unmanaged,75,14,1.49726
34261,unmanaged,13,145,0.110841
34268,unmanaged,23,110,0.71319
34274,unmanaged,23,88,1.90868
34281,unmanaged,42,104,0.76676
34289,unmanaged,50,100,0.095998
34290,unmanaged,24,165,0.074907
34291,unmanaged,24,110,0.0110287
34299,unmanaged,24,145,0.077008
34303,unmanaged,24,110,0.0096168
34305,unmanaged,43,165,0.180817
34309,unmanaged,14,90,0.0119825
34318,unmanaged,70,35,0.464094
34320,unmanaged,50,95,0.66901
34334,unmanaged,15,119,0.0210329
34335,unmanaged,24,246,0.97395
34342,unmanaged,14,225,0.209456
34348,unmanaged,15,151,0.103869
34350,unmanaged,43,145,0.153187
34354,unmanaged,43,145,0.322992
34355,unmanaged,43,225,0.141139
34367,unmanaged,15,225,0.0089571
34369,unmanaged,24,126,0.73579
34379,unmanaged,23,102,1.87866
34381,unmanaged,15,171,0.0469022
34397,unmanaged,72,12,2.20022
34398,unmanaged,13,166,0.70901
34421,unmanaged,14,165,0.0250423
34422,unmanaged,43,145,0.289659
34423,unmanaged,14,165,0.440006
34424,unmanaged,24,110,0.140742
34425,unmanaged,43,145,1.67171
34429,unmanaged,42,311,3.57579
34430,unmanaged,24,73,0.53295
34450,unmanaged,45,80,1.61909
34450,managed,46,80,1.46492
34452,unmanaged,38,96,1.29801
34452,managed,39,96,1.17441
34460,unmanaged,29,145,0.108347
34460,managed,30,145,0.09803
34468,unmanaged,29,145,0.117493
34468,managed,30,145,0.106305
34500,unmanaged,1,155,0.89257
34500,managed,2,155,0.80758
34510,unmanaged,25,23,4.80025
34510,managed,26,23,4.34316
34548,unmanaged,4,130,3.68681
34548,managed,5,130,3.33574
34556,unmanaged,25,40,2.60607
34556,managed,26,40,2.35792
34587,unmanaged,19,112,6.619
34587,managed,20,112,5.9888
34589,unmanaged,1,145,1.0416
34589,managed,2,145,0.94242
34597,unmanaged,37,40,2.71972
34597,managed,3,40,2.46074
34599,unmanaged,38,65,1.40985
34599,managed,39,65,1.2756
34602,unmanaged,4,156,1.31718
34602,managed,5,156,1.19175
34614,unmanaged,4,165,0.08868
34614,managed,5,165,0.080235
34616,unmanaged,4,160,3.61294
34616,managed,5,160,3.2689
34619,unmanaged,4,106,4.03185
34619,managed,5,106,3.64792
34620,unmanaged,19,105,3.19606
34620,managed,20,105,2.89172
34621,unmanaged,1,186,1.63244
34621,managed,2,186,1.47699
34622,unmanaged,31,40,11.8202
34622,managed,32,40,10.6947
34632,unmanaged,4,166,0.71038
34632,managed,5,166,0.64273
34638,unmanaged,25,40,2.51403
34638,managed,26,40,2.27464
34649,unmanaged,31,40,2.19191
34649,managed,32,40,1.98319
34651,unmanaged,4,192,16.3857
34651,managed,5,192,14.8254
34656,unmanaged,19,73,5.7441
34656,managed,20,73,5.1971
34657,unmanaged,31,40,4.64233
34657,managed,32,40,4.20028
34658,unmanaged,4,81,1.94365
34658,managed,5,81,1.75857
34676,unmanaged,51,165,2.9683
34676,managed,52,165,2.68565
34687,unmanaged,38,125,2.2861
34687,managed,39,125,2.06842
34690,unmanaged,27,40,1.14392
34690,managed,28,40,1.035
34695,unmanaged,7,106,0.284886
34695,managed,8,106,0.257758
34698,unmanaged,1,166,0.23557
34698,managed,2,166,0.213139
34713,unmanaged,1,130,7.8909
34713,managed,2,130,7.1395
34715,unmanaged,1,130,1.11979
34715,managed,2,130,1.01316
34725,unmanaged,38,211,40.0889
34725,managed,39,211,36.2715
34734,unmanaged,38,106,2.56214
34734,managed,39,106,2.31817
34787,unmanaged,1,109,5.9142
34787,managed,2,109,5.351
34843,unmanaged,29,145,1.17913
34843,managed,30,145,1.06685
34866,unmanaged,76,40,0.473315
34873,unmanaged,42,80,0.0096655
34875,unmanaged,50,96,0.344913
34883,unmanaged,43,145,1.31919
34891,unmanaged,43,145,1.89232
34923,unmanaged,13,155,0.236545
34933,unmanaged,70,23,0.153675
34972,unmanaged,15,130,2.39784
34980,unmanaged,70,40,0.6249
35011,unmanaged,23,112,0.93313
35013,unmanaged,13,145,0.321236
35021,unmanaged,77,40,0.229789
35023,unmanaged,50,65,0.052192
35026,unmanaged,15,156,0.0044867
35038,unmanaged,15,165,1.07121
35040,unmanaged,15,160,0.54669
35043,unmanaged,15,106,2.12742
35044,unmanaged,23,105,1.23452
35045,unmanaged,13,186,0.316744
35046,unmanaged,76,40,1.90161
35056,unmanaged,15,166,1.29527
35057,unmanaged,70,40,0.1201
35063,unmanaged,70,40,0.326242
35075,unmanaged,76,40,0.51664
35077,unmanaged,15,192,0.83452
35082,unmanaged,23,73,0.0030989
35083,unmanaged,76,40,0.211135
35084,unmanaged,15,81,0.0169796
35097,unmanaged,15,110,1.70823
35099,unmanaged,13,145,1.35598
35106,unmanaged,14,165,0.54602
35107,unmanaged,75,40,0.070488
35119,unmanaged,50,125,0.79693
35123,unmanaged,72,40,0.91607
35127,unmanaged,69,106,0.0079058
35131,unmanaged,13,166,0.00241
35147,unmanaged,13,130,0.107984
35149,unmanaged,13,130,0.0315161
35159,unmanaged,50,211,0.67491
35168,unmanaged,50,106,0.129666
35281,unmanaged,43,145,1.93354
35294,unmanaged,29,186,21.1231
35294,managed,30,186,19.1117
35295,unmanaged,4,165,0.140567
35295,managed,5,165,0.127181
35296,unmanaged,1,165,1.97854
35296,managed,2,165,1.79014
35297,unmanaged,4,225,1.73629
35297,managed,5,225,1.57096
35298,unmanaged,4,72,8.2698
35298,managed,5,72,7.4823
35299,unmanaged,27,14,4.35666
35299,managed,28,14,3.9418
35300,unmanaged,1,225,0.95282
35300,managed,2,225,0.86209
35301,unmanaged,29,106,6.7894
35301,managed,30,106,6.1429
35302,unmanaged,51,76,9.0265
35302,managed,52,76,8.167
35304,unmanaged,1,165,0.80413
35304,managed,2,165,0.72756
35305,unmanaged,4,165,2.08672
35305,managed,5,165,1.88802
35306,unmanaged,4,169,22.6521
35306,managed,5,169,20.4951
35308,unmanaged,41,40,1.2428
35308,managed,40,40,1.12446
35309,unmanaged,1,325,0.50885
35309,managed,2,325,0.460393
35310,unmanaged,4,137,4.61838
35310,managed,5,137,4.17861
35311,unmanaged,1,225,4.65645
35311,managed,2,225,4.21305
35312,unmanaged,1,155,0.51142
35312,managed,2,155,0.462722
35313,unmanaged,31,40,2.20497
35313,managed,32,40,1.99501
35315,unmanaged,41,23,10.0659
35315,managed,40,23,9.1074
35316,unmanaged,29,165,5.1359
35316,managed,30,165,4.64687
35317,unmanaged,10,186,0.75516
35317,managed,11,186,0.68325
35318,unmanaged,45,76,0.66777
35318,managed,46,76,0.60418
35319,unmanaged,10,161,2.41976
35319,managed,11,161,2.18935
35321,unmanaged,1,90,0.56292
35321,managed,2,90,0.50932
35323,unmanaged,16,120,1.33707
35323,managed,17,120,1.20975
35324,unmanaged,1,145,7.6172
35324,managed,2,145,6.8918
35325,unmanaged,1,90,3.07889
35325,managed,2,90,2.78571
35327,unmanaged,4,138,26.5882
35327,managed,5,138,24.0564
35329,unmanaged,1,325,0.456672
35329,managed,2,325,0.413186
35330,unmanaged,31,40,5.0687
35330,managed,32,40,4.58602
35333,unmanaged,1,165,3.65885
35333,managed,2,165,3.31044
35334,unmanaged,29,236,0.243496
35334,managed,30,236,0.22031
35335,unmanaged,1,115,4.27862
35335,managed,2,115,3.8712
35336,unmanaged,29,236,0.365165
35336,managed,30,236,0.330393
35338,unmanaged,4,122,8.4185
35338,managed,5,122,7.6169
35339,unmanaged,29,225,18.981
35339,managed,30,225,17.1736
35340,unmanaged,41,22,0.85243
35340,managed,40,22,0.77126
35341,unmanaged,4,162,16.4452
35341,managed,5,162,14.8792
35342,unmanaged,1,90,0.65191
35342,managed,2,90,0.58983
35344,unmanaged,29,186,3.15497
35344,managed,30,186,2.85454
35345,unmanaged,4,170,19.8141
35345,managed,5,170,17.9273
35347,unmanaged,29,81,32.7088
35347,managed,30,81,29.5942
35348,unmanaged,10,104,108.642
35348,managed,11,104,98.297
35350,unmanaged,29,186,6.0159
35350,managed,30,186,5.4431
35351,unmanaged,10,126,16.8655
35351,managed,11,126,15.2595
35355,unmanaged,45,211,200.396
35355,managed,46,211,181.313
35356,unmanaged,1,165,3.77968
35356,managed,2,165,3.41977
35357,unmanaged,27,0,32.8579
35357,managed,28,0,29.7291
35359,unmanaged,4,145,1.71641
35359,managed,5,145,1.55297
35360,unmanaged,27,27,78.855
35360,managed,28,27,71.346
35361,unmanaged,29,110,1.24627
35361,managed,30,110,1.12759
35362,unmanaged,4,225,7.5255
35362,managed,5,225,6.8089
35363,unmanaged,29,165,1.60025
35363,managed,30,165,1.44787
35366,unmanaged,29,85,1.92941
35366,managed,30,85,1.74568
35367,unmanaged,1,90,1.14384
35367,managed,2,90,1.03492
35368,unmanaged,1,90,1.32987
35368,managed,2,90,1.20324
35369,unmanaged,45,90,3.46228
35369,managed,46,90,3.1326
35370,unmanaged,4,224,26.8872
35370,managed,5,224,24.3269
35371,unmanaged,1,115,0.78084
35371,managed,2,115,0.70649
35373,unmanaged,1,90,2.93341
35373,managed,2,90,2.65408
35375,unmanaged,4,243,1.48452
35375,managed,5,243,1.34316
35378,unmanaged,27,12,88.489
35378,managed,28,12,80.063
35379,unmanaged,31,40,2.42463
35379,managed,32,40,2.19375
35381,unmanaged,25,40,1.4607
35381,managed,26,40,1.32161
35382,unmanaged,4,112,73.621
35382,managed,5,112,66.61
35383,unmanaged,4,110,1.22374
35383,managed,5,110,1.10722
35384,unmanaged,41,40,1.67777
35384,managed,40,40,1.518
35388,unmanaged,43,186,3.53647
35389,unmanaged,15,165,1.07714
35390,unmanaged,13,165,1.84013
35391,unmanaged,15,225,1.21351
35392,unmanaged,15,72,2.81757
35393,unmanaged,72,14,2.42916
35394,unmanaged,13,225,0.43909
35395,unmanaged,43,106,1.25562
35396,unmanaged,14,76,1.84805
35398,unmanaged,13,165,0.58129
35399,unmanaged,15,165,0.72802
35400,unmanaged,15,169,1.4912
35402,unmanaged,75,40,1.17322
35403,unmanaged,13,325,0.88135
35404,unmanaged,15,137,2.45301
35405,unmanaged,13,225,1.37312
35406,unmanaged,13,155,0.176744
35407,unmanaged,76,40,1.34215
35410,unmanaged,43,165,0.58582
35411,unmanaged,24,186,0.245997
35412,unmanaged,42,76,0.53017
35413,unmanaged,24,161,2.59089
35415,unmanaged,13,90,0.72077
35417,unmanaged,22,120,2.52129
35418,unmanaged,13,145,6.5182
35419,unmanaged,13,90,0.07789
35421,unmanaged,15,138,1.36793
35423,unmanaged,13,325,1.05682
35424,unmanaged,76,40,1.79481
35427,unmanaged,13,165,2.94591
35428,unmanaged,43,236,0.58197
35429,unmanaged,13,115,2.55515
35430,unmanaged,43,236,2.42389
35432,unmanaged,15,122,0.187345
35434,unmanaged,75,22,0.0404665
35435,unmanaged,15,162,10.2411
35436,unmanaged,13,90,0.0254987
35438,unmanaged,43,186,0.93596
35439,unmanaged,15,170,0.408152
35441,unmanaged,43,81,8.4231
35442,unmanaged,24,104,7.2798
35444,unmanaged,43,186,4.29776
35445,unmanaged,24,126,4.74739
35449,unmanaged,42,211,11.692
35450,unmanaged,13,165,0.256178
35451,unmanaged,72,0,3.99393
35453,unmanaged,15,145,2.11916
35454,unmanaged,72,27,2.77859
35455,unmanaged,43,110,0.7873
35456,unmanaged,15,225,3.0884
35457,unmanaged,43,165,0.9043
35460,unmanaged,43,85,0.75835
35461,unmanaged,13,90,1.738
35462,unmanaged,13,90,1.66937
35463,unmanaged,42,90,0.0235477
35464,unmanaged,15,224,0.263135
35465,unmanaged,13,115,0.84938
35467,unmanaged,13,90,1.27364
35469,unmanaged,15,243,0.440854
35472,unmanaged,72,12,17.2314
35473,unmanaged,76,40,0.0748
35475,unmanaged,70,40,1.03404
35476,unmanaged,15,112,4.90962
35477,unmanaged,15,110,0.096654
35478,unmanaged,75,40,0.123089
202332,unmanaged,78,185,1.92213
202332,managed,79,185,1.7391
202333,unmanaged,81,131,1.74824
202333,managed,82,131,1.58176
202334,unmanaged,81,196,6.8302
202334,managed,82,196,6.1798
202335,unmanaged,78,126,0.60655
202335,managed,79,126,0.54879
202336,unmanaged,84,234,1.46745
202336,managed,85,234,1.32771
202337,unmanaged,87,226,6.4885
202337,managed,88,226,5.8706
202338,unmanaged,90,0,14.1314
202338,managed,91,0,12.7858
202339,unmanaged,87,211,2.64598
202339,managed,88,211,2.39402
202340,unmanaged,84,157,3.16221
202340,managed,85,157,2.8611
202341,unmanaged,81,196,12.9443
202341,managed,82,196,11.7118
202342,unmanaged,84,157,15.0162
202342,managed,85,157,13.5863
202343,unmanaged,92,97,1.51724
202343,managed,93,97,1.37276
202344,unmanaged,95,92,45.7258
202344,managed,96,92,41.3717
202345,unmanaged,84,137,0.62163
202345,managed,85,137,0.56244
202346,unmanaged,78,125,5.247
202346,managed,79,125,4.74734
202347,unmanaged,78,125,3.52797
202347,managed,79,125,3.19203
202348,unmanaged,84,187,1.99498
202348,managed,85,187,1.80502
202349,unmanaged,98,146,16.3148
202349,managed,99,146,14.7612
202350,unmanaged,84,234,1.79549
202350,managed,85,234,1.62451
202351,unmanaged,87,149,1.71695
202351,managed,88,149,1.55345
202352,unmanaged,78,83,89.09
202352,managed,79,83,80.606
202353,unmanaged,78,83,0.80608
202353,managed,79,83,0.72933
202354,unmanaged,101,55,5.5912
202354,managed,80,55,5.0588
202355,unmanaged,90,0,18.8189
202355,managed,91,0,17.0269
202356,unmanaged,102,0,0.345678
202356,managed,103,0,0.312762
202357,unmanaged,84,137,35.2873
202357,managed,85,137,31.9272
202358,unmanaged,84,157,0.5985
202358,managed,85,157,0.5415
202359,unmanaged,84,136,0.10365
202359,managed,85,136,0.09378
202360,unmanaged,104,135,0.089598
202360,managed,105,135,0.081066
202361,unmanaged,84,278,5.3707
202361,managed,85,278,4.85929
202362,unmanaged,84,137,0.5015
202362,managed,85,137,0.453747
202363,unmanaged,84,157,1.73306
202363,managed,85,157,1.56803
202364,unmanaged,84,137,2.58298
202364,managed,85,137,2.33702
202365,unmanaged,84,216,1.18649
202365,managed,85,216,1.07351
202366,unmanaged,84,278,1.48049
202366,managed,85,278,1.33951
202367,unmanaged,87,208,5.6296
202367,managed,88,208,5.0935
202368,unmanaged,87,107,36.9913
202368,managed,88,107,33.4689
202369,unmanaged,87,147,2.64598
202369,managed,88,147,2.39402
202370,unmanaged,15,76,2.61
202371,unmanaged,87,140,3.12897
202371,managed,88,140,2.83103
202372,unmanaged,78,83,1.16305
202372,managed,79,83,1.0523
202373,unmanaged,13,137,0.0020148
202374,unmanaged,84,146,1.76399
202374,managed,85,146,1.59601
202375,unmanaged,95,78,17.6819
202375,managed,96,78,15.9981
202376,unmanaged,106,29,1.86374
202376,managed,107,29,1.68626
202377,unmanaged,87,136,2.97673
202377,managed,88,136,2.69327
202378,unmanaged,84,147,0.70874
202378,managed,85,147,0.64126
202379,unmanaged,95,196,1.24897
202379,managed,96,196,1.13004
202380,unmanaged,84,146,1.50606
202380,managed,85,146,1.36265
202381,unmanaged,84,278,1.16024
202381,managed,85,278,1.04976
202382,unmanaged,87,208,1.13399
202382,managed,88,208,1.02601
202383,unmanaged,78,83,1.66428
202383,managed,79,83,1.5058
202384,unmanaged,101,55,2.52523
202384,managed,80,55,2.28477
202385,unmanaged,87,140,1.51199
202385,managed,88,140,1.36801
202386,unmanaged,78,238,0.61507
202386,managed,79,238,0.5565
202387,unmanaged,84,234,0.70874
202387,managed,85,234,0.64126
202388,unmanaged,106,29,3.69072
202388,managed,107,29,3.33928
202389,unmanaged,84,137,4.56632
202389,managed,85,137,4.13151
202390,unmanaged,108,0,2.70492
202390,managed,86,0,2.44735
202391,unmanaged,104,146,3.02398
202391,managed,105,146,2.73602
202392,unmanaged,87,234,0.77087
202392,managed,88,234,0.69746
202393,unmanaged,84,234,1.09746
202393,managed,85,234,0.99296
202394,unmanaged,87,211,3.47719
202394,managed,88,211,3.14608
202395,unmanaged,84,237,4.32072
202395,managed,85,237,3.90928
202396,unmanaged,84,137,0.64574
202396,managed,85,137,0.58426
202397,unmanaged,84,137,6.262
202397,managed,85,137,5.6657
202398,unmanaged,78,146,0.87874
202398,managed,79,146,0.79507
202399,unmanaged,78,137,30.2135
202399,managed,79,137,27.3365
202400,unmanaged,84,157,0.99154
202400,managed,85,157,0.89712
202401,unmanaged,87,147,9.4709
202401,managed,88,147,8.5691
202402,unmanaged,87,136,2.57248
202402,managed,88,136,2.32752
202403,unmanaged,84,136,3.4241
202403,managed,85,136,3.09805
202404,unmanaged,87,208,2.23911
202404,managed,88,208,2.0259
202405,unmanaged,84,157,1.27574
202405,managed,85,157,1.15426
202406,unmanaged,87,211,0.6778
202406,managed,88,211,0.61326
202407,unmanaged,87,140,4.71446
202407,managed,88,140,4.26554
202408,unmanaged,84,137,19.1728
202408,managed,85,137,17.3472
202409,unmanaged,106,35,0.82424
202409,managed,107,35,0.74576
202410,unmanaged,84,157,0.225748
202410,managed,85,157,0.204252
202411,unmanaged,84,237,1.9977
202411,managed,85,237,1.80747
202412,unmanaged,84,278,2.17348
202412,managed,85,278,1.96652
202413,unmanaged,84,146,3.36542
202413,managed,85,146,3.04495
202414,unmanaged,106,29,0.72974
202414,managed,107,29,0.66026
202415,unmanaged,106,29,2.87173
202415,managed,107,29,2.59827
202416,unmanaged,84,278,2.44528
202416,managed,85,278,2.21243
202417,unmanaged,84,234,0.567
202417,managed,85,234,0.513
202418,unmanaged,87,75,36.8937
202418,managed,88,75,33.3806
202419,unmanaged,87,132,13.8546
202419,managed,88,132,12.5354
202420,unmanaged,78,125,2.8032
202420,managed,79,125,2.53627
202421,unmanaged,81,121,0.150285
202421,managed,82,121,0.135975
202422,unmanaged,78,137,0.56784
202422,managed,79,137,0.51377
202423,unmanaged,84,137,0.218383
202423,managed,85,137,0.197588
202424,unmanaged,84,137,0.157272
202424,managed,85,137,0.142296
202425,unmanaged,84,234,0.80324
202425,managed,85,234,0.72676
202426,unmanaged,78,137,0.69441
202426,managed,79,137,0.62828
202427,unmanaged,78,185,14.0125
202427,managed,79,185,12.6782
202428,unmanaged,78,83,1.59599
202428,managed,79,83,1.44401
202429,unmanaged,87,91,26.0135
202429,managed,88,91,23.5365
202430,unmanaged,101,55,11.2481
202430,managed,80,55,10.177
202431,unmanaged,104,146,1.18124
202431,managed,105,146,1.06876
202432,unmanaged,87,208,1.2599
202432,managed,88,208,1.13993
202433,unmanaged,109,4,0.344675
202433,managed,83,4,0.311854
202434,unmanaged,95,196,1.06832
202434,managed,96,196,0.96659
202435,unmanaged,92,97,3.68022
202435,managed,93,97,3.32978
202436,unmanaged,95,92,4.11072
202436,managed,96,92,3.71928
202437,unmanaged,84,126,0.73376
202437,managed,85,126,0.66389
202438,unmanaged,106,29,8.0534
202438,managed,107,29,7.2866
202439,unmanaged,106,28,2.56198
202439,managed,107,28,2.31802
202440,unmanaged,78,185,12.9156
202440,managed,79,185,11.6857
202441,unmanaged,106,28,0.60375
202441,managed,107,28,0.54625
202442,unmanaged,104,176,2.28624
202442,managed,105,176,2.06854
202443,unmanaged,106,29,1.74824
202443,managed,107,29,1.58176
202444,unmanaged,14,116,1.72
202445,unmanaged,78,137,0.73999
202445,managed,79,137,0.66952
202446,unmanaged,84,278,0.81374
202446,managed,85,278,0.73626
202447,unmanaged,15,111,11.32
202448,unmanaged,78,236,0.89472
202448,managed,79,236,0.80952
202449,unmanaged,106,29,2.87173
202449,managed,107,29,2.59827
202450,unmanaged,84,136,0.076272
202450,managed,85,136,0.069009
202451,unmanaged,84,126,0.54376
202451,managed,85,126,0.491981
202452,unmanaged,87,147,3.81147
202452,managed,88,147,3.44853
202453,unmanaged,92,97,1.83224
202453,managed,93,97,1.65776
202454,unmanaged,14,196,1.60501
202455,unmanaged,84,137,0.87415
202455,managed,85,137,0.79091
202456,unmanaged,87,140,4.97171
202456,managed,88,140,4.49829
202457,unmanaged,104,146,31.7375
202457,managed,105,146,28.7154
202458,unmanaged,78,125,8.7886
202458,managed,79,125,7.9517
202459,unmanaged,81,121,1.98448
202459,managed,82,121,1.79552
202460,unmanaged,14,116,1.89732
202461,unmanaged,84,234,6.153
202461,managed,85,234,5.567
202462,unmanaged,104,146,0.86624
202462,managed,105,146,0.78376
202463,unmanaged,104,146,4.13697
202463,managed,105,146,3.74303
202464,unmanaged,50,71,17.8449
202465,unmanaged,84,137,0.70858
202465,managed,85,137,0.6411
202466,unmanaged,87,136,1.13399
202466,managed,88,136,1.02601
202467,unmanaged,84,278,1.92673
202467,managed,85,278,1.74327
202468,unmanaged,84,137,5.3514
202468,managed,85,137,4.84179
202469,unmanaged,84,146,0.0097409
202469,managed,85,146,0.0088133
202470,unmanaged,84,157,0.7593
202470,managed,85,157,0.68699
202471,unmanaged,87,157,82.981
202471,managed,88,157,75.079
202472,unmanaged,84,234,1.56449
202472,managed,85,234,1.41551
202473,unmanaged,84,157,1.06239
202473,managed,85,157,0.96123
202474,unmanaged,84,234,2.60923
202474,managed,85,234,2.36077
202475,unmanaged,87,234,0.71306
202475,managed,88,234,0.64516
202476,unmanaged,87,211,3.7851
202476,managed,88,211,3.42467
202477,unmanaged,106,35,5.5282
202477,managed,107,35,5.0018
202478,unmanaged,84,146,5.0775
202478,managed,85,146,4.59404
202479,unmanaged,84,137,1.35974
202479,managed,85,137,1.23026
202480,unmanaged,84,157,2.18923
202480,managed,85,157,1.98077
202481,unmanaged,87,234,0.212787
202481,managed,88,234,0.192525
202482,unmanaged,106,29,0.97649
202482,managed,107,29,0.88351
202483,unmanaged,104,116,1.27831
202483,managed,105,116,1.15658
202484,unmanaged,84,137,3.84494
202484,managed,85,137,3.47881
202485,unmanaged,87,192,7.4053
202485,managed,88,192,6.7001
202486,unmanaged,106,29,1.16024
202486,managed,107,29,1.04976
202487,unmanaged,104,135,4.45495
202487,managed,105,135,4.03074
202488,unmanaged,87,211,0.55282
202488,managed,88,211,0.50018
202489,unmanaged,78,126,0.73187
202489,managed,79,126,0.66218
202490,unmanaged,87,149,3.14888
202490,managed,88,149,2.84904
202491,unmanaged,87,75,2.09808
202491,managed,88,75,1.8983
202492,unmanaged,81,121,6.4506
202492,managed,82,121,5.8364
202493,unmanaged,106,29,2.18923
202493,managed,107,29,1.98077
202494,unmanaged,87,136,1.13399
202494,managed,88,136,1.02601
202495,unmanaged,78,237,10.012
202495,managed,79,237,9.0586
202496,unmanaged,87,113,35.9097
202496,managed,88,113,32.4903
202497,unmanaged,78,91,84.935
202497,managed,79,91,76.847
202499,unmanaged,110,13,5.411
202499,managed,111,13,4.89574
202500,unmanaged,112,49,0.82985
202500,managed,97,49,0.75083
202501,unmanaged,95,171,1.24365
202501,managed,96,171,1.12523
202502,unmanaged,78,91,0.267205
202502,managed,79,91,0.241761
202504,unmanaged,95,79,0.172717
202504,managed,96,79,0.15627
202505,unmanaged,106,51,1.30724
202505,managed,107,51,1.18276
202506,unmanaged,87,119,2.7956
202506,managed,88,119,2.5294
202507,unmanaged,95,197,0.65172
202507,managed,96,197,0.58966
202512,unmanaged,95,171,1.1024
202512,managed,96,171,0.99743
202513,unmanaged,106,51,0.80324
202513,managed,107,51,0.72676
202514,unmanaged,84,297,0.567
202514,managed,85,297,0.513
202517,unmanaged,112,49,0.99224
202517,managed,97,49,0.89776
202518,unmanaged,106,51,12.7198
202518,managed,107,51,11.5086
202519,unmanaged,78,127,8.6734
202519,managed,79,127,7.8475
202520,unmanaged,112,49,1.23572
202520,managed,97,49,1.11805
202521,unmanaged,78,251,6.3314
202521,managed,79,251,5.7286
202522,unmanaged,78,125,17.3721
202522,managed,79,125,15.7179
202524,unmanaged,95,171,1.25721
202524,managed,96,171,1.13749
202525,unmanaged,95,171,0.309877
202525,managed,96,171,0.280369
202526,unmanaged,106,29,1.41749
202526,managed,107,29,1.28251
202527,unmanaged,95,74,14.1096
202527,managed,96,74,12.7661
202528,unmanaged,95,171,0.88594
202528,managed,96,171,0.80158
202529,unmanaged,95,171,6.9468
202529,managed,96,171,6.2853
202530,unmanaged,78,165,1.92079
202530,managed,79,165,1.73788
202531,unmanaged,106,37,5.124
202531,managed,107,37,4.63604
202532,unmanaged,106,32,0.64104
202532,managed,107,32,0.58
202534,unmanaged,110,25,2.40625
202534,managed,111,25,2.17712
202535,unmanaged,102,14,18.6107
202535,managed,103,14,16.8386
202536,unmanaged,87,121,1.23899
202536,managed,88,121,1.12101
202537,unmanaged,87,145,14.4662
202537,managed,88,145,13.0887
202538,unmanaged,87,114,3.29172
202538,managed,88,114,2.97828
202539,unmanaged,95,74,2.15773
202539,managed,96,74,1.95227
202540,unmanaged,95,171,0.478241
202540,managed,96,171,0.432701
202541,unmanaged,81,110,1.9446
202541,managed,82,110,1.75943
202542,unmanaged,87,119,7.3709
202542,managed,88,119,6.6691
202543,unmanaged,112,49,0.55632
202543,managed,97,49,0.50334
202544,unmanaged,95,77,10.0222
202544,managed,96,77,9.0678
202545,unmanaged,113,148,0.62475
202545,managed,114,148,0.56526
202546,unmanaged,109,49,1.86374
202546,managed,83,49,1.68626
202547,unmanaged,87,226,3.02714
202547,managed,88,226,2.73888
202548,unmanaged,78,172,2.31523
202548,managed,79,172,2.09477
202549,unmanaged,87,86,1.78857
202549,managed,88,86,1.61826
202550,unmanaged,106,29,3.37572
202550,managed,107,29,3.05428
202551,unmanaged,87,119,0.6856
202551,managed,88,119,0.62032
202552,unmanaged,95,171,1.8395
202552,managed,96,171,1.66434
202553,unmanaged,112,49,9.5149
202553,managed,97,49,8.6089
202555,unmanaged,115,53,2.47572
202555,managed,89,53,2.23997
202556,unmanaged,112,49,1.11915
202556,managed,97,49,1.01258
202557,unmanaged,78,91,0.97083
202557,managed,79,91,0.87838
202558,unmanaged,78,91,0.71652
202558,managed,79,91,0.64829
202559,unmanaged,95,171,0.489282
202559,managed,96,171,0.442691
202560,unmanaged,112,30,47.2501
202560,managed,97,30,42.7508
202562,unmanaged,109,49,10.3477
202562,managed,83,49,9.3623
202563,unmanaged,102,14,26.9018
202563,managed,103,14,24.3401
202564,unmanaged,87,90,1.22849
202564,managed,88,90,1.11151
202566,unmanaged,87,114,6.7042
202566,managed,88,114,6.0658
202567,unmanaged,106,15,11.247
202567,managed,107,15,10.176
202569,unmanaged,78,207,0.72384
202569,managed,79,207,0.65491
202570,unmanaged,106,13,0.80316
202570,managed,107,13,0.72668
202571,unmanaged,95,171,2.52221
202571,managed,96,171,2.28204
202572,unmanaged,95,141,0.283427
202572,managed,96,141,0.256439
202573,unmanaged,81,171,0.499866
202573,managed,82,171,0.452267
202577,unmanaged,95,68,2.11048
202577,managed,96,68,1.90952
202578,unmanaged,84,297,1.95298
202578,managed,85,297,1.76702
202579,unmanaged,87,126,34.781
202579,managed,88,126,31.469
202580,unmanaged,78,125,5.292
202580,managed,79,125,4.78804
202581,unmanaged,84,156,3.24079
202581,managed,85,156,2.93219
202582,unmanaged,106,28,0.96599
202582,managed,107,28,0.87401
202583,unmanaged,113,115,0.76577
202583,managed,114,115,0.69285
202584,unmanaged,84,297,1.90573
202584,managed,85,297,1.72427
202586,unmanaged,104,187,10.0299
202586,managed,105,187,9.0748
202587,unmanaged,84,196,1.18461
202587,managed,85,196,1.0718
202588,unmanaged,78,91,3.09643
202588,managed,79,91,2.80158
202589,unmanaged,110,13,9.1833
202589,managed,111,13,8.3089
202590,unmanaged,87,115,3.42822
202590,managed,88,115,3.10178
202591,unmanaged,95,73,1.24424
202591,managed,96,73,1.12576
202592,unmanaged,78,226,1.97421
202592,managed,79,226,1.78622
202593,unmanaged,109,49,5.5702
202593,managed,83,49,5.0398
202594,unmanaged,78,91,0.52996
202594,managed,79,91,0.479496
202595,unmanaged,112,32,5.6014
202595,managed,97,32,5.0681
202596,unmanaged,95,76,0.7274
202596,managed,96,76,0.65814
202597,unmanaged,95,171,0.306
202597,managed,96,171,0.276862
202598,unmanaged,112,55,19.1833
202598,managed,97,55,17.3567
202599,unmanaged,78,91,2.39395
202599,managed,79,91,2.16599
202600,unmanaged,87,155,25.7773
202600,managed,88,155,23.3227
202601,unmanaged,95,171,0.350325
202601,managed,96,171,0.316966
202602,unmanaged,106,29,0.82949
202602,managed,107,29,0.75051
202603,unmanaged,113,157,0.52506
202603,managed,114,157,0.475059
202607,unmanaged,95,171,3.12763
202607,managed,96,171,2.82981
202608,unmanaged,81,171,2.16575
202608,managed,82,171,1.95952
202609,unmanaged,78,118,13.3264
202609,managed,79,118,12.0574
202610,unmanaged,115,57,0.60909
202610,managed,89,57,0.55109
202611,unmanaged,110,19,6.4748
202611,managed,111,19,5.8582
202613,unmanaged,95,86,1.3296
202613,managed,96,86,1.20299
202614,unmanaged,87,114,1.65374
202614,managed,88,114,1.49626
202615,unmanaged,106,30,0.98699
202615,managed,107,30,0.89301
202616,unmanaged,95,171,0.85421
202616,managed,96,171,0.77287
202617,unmanaged,84,127,2.13148
202617,managed,85,127,1.92852
202618,unmanaged,95,61,0.95549
202618,managed,96,61,0.86451
202619,unmanaged,106,32,5.3961
202619,managed,107,32,4.88225
202621,unmanaged,106,51,1.65374
202621,managed,107,51,1.49626
202622,unmanaged,78,148,0.85574
202622,managed,79,148,0.77426
202623,unmanaged,87,135,12.1904
202623,managed,88,135,11.0296
202626,unmanaged,106,29,2.79823
202626,managed,107,29,2.53177
202627,unmanaged,78,91,0.70184
202627,managed,79,91,0.63501
202628,unmanaged,87,90,3.92172
202628,managed,88,90,3.54828
202629,unmanaged,106,51,2.03173
202629,managed,107,51,1.83827
202631,unmanaged,112,49,1.41077
202631,managed,97,49,1.27643
202632,unmanaged,84,234,10.557
202632,managed,85,234,9.5517
202633,unmanaged,110,57,3.96001
202633,managed,111,57,3.58293
202634,unmanaged,106,51,1.75874
202634,managed,107,51,1.59126
202635,unmanaged,95,171,2.11928
202635,managed,96,171,1.91748
202636,unmanaged,108,32,8.8989
202636,managed,86,32,8.0515
202637,unmanaged,87,73,2.33734
202637,managed,88,73,2.11477
202638,unmanaged,106,8,12.2907
202638,managed,107,8,11.1203
202639,unmanaged,81,196,1.51716
202639,managed,82,196,1.37269
202640,unmanaged,84,297,3.82197
202640,managed,85,297,3.45803
202641,unmanaged,106,28,0.66221
202641,managed,107,28,0.59916
202642,unmanaged,87,136,33.08
202642,managed,88,136,29.93
202643,unmanaged,87,163,0.50117
202643,managed,88,163,0.453448
202644,unmanaged,78,207,0.80324
202644,managed,79,207,0.72676
202645,unmanaged,113,152,0.364692
202645,managed,114,152,0.329965
202646,unmanaged,112,59,1.27574
202646,managed,97,59,1.15426
202647,unmanaged,95,171,2.8668
202647,managed,96,171,2.59381
202648,unmanaged,104,146,3.11662
202648,managed,105,146,2.81985
202649,unmanaged,113,126,6.638
202649,managed,114,126,6.0059
202650,unmanaged,78,125,1.14974
202650,managed,79,125,1.04026
202651,unmanaged,104,146,1.46474
202651,managed,105,146,1.32526
202652,unmanaged,78,113,1.69574
202652,managed,79,113,1.53426
202653,unmanaged,113,66,1.50149
202653,managed,114,66,1.35851
202654,unmanaged,84,127,2.63548
202654,managed,85,127,2.38452
202656,unmanaged,81,110,2.78766
202656,managed,82,110,2.52221
202658,unmanaged,78,187,2.87293
202658,managed,79,187,2.59936
202659,unmanaged,110,31,1.91501
202659,managed,111,31,1.73266
202660,unmanaged,110,16,2.48656
202660,managed,111,16,2.24978
202661,unmanaged,112,49,1.75402
202661,managed,97,49,1.587
202662,unmanaged,87,70,9.9456
202662,managed,88,70,8.9986
202663,unmanaged,81,110,0.450199
202663,managed,82,110,0.40733
202664,unmanaged,109,59,2.51998
202664,managed,83,59,2.28002
202666,unmanaged,78,91,0.64683
202666,managed,79,91,0.58524
202667,unmanaged,95,171,0.67903
202667,managed,96,171,0.61437
202668,unmanaged,87,119,1.13399
202668,managed,88,119,1.02601
202669,unmanaged,104,173,1.92477
202669,managed,105,173,1.74149
202670,unmanaged,87,90,7.0717
202670,managed,88,90,6.3983
202671,unmanaged,87,147,1.18124
202671,managed,88,147,1.06876
202672,unmanaged,112,49,10.6985
202672,managed,97,49,9.6797
202673,unmanaged,87,134,2.59873
202673,managed,88,134,2.35127
202674,unmanaged,95,77,4.02852
202674,managed,96,77,3.64491
202675,unmanaged,78,197,11.6339
202675,managed,79,197,10.5261
202676,unmanaged,87,134,11.5442
202676,managed,88,134,10.445
202677,unmanaged,78,202,1.71674
202677,managed,79,202,1.55326
202678,unmanaged,104,194,1.28624
202678,managed,105,194,1.16376
202679,unmanaged,81,110,0.78797
202679,managed,82,110,0.71294
202680,unmanaged,81,163,1.20224
202680,managed,82,163,1.08776
202681,unmanaged,113,115,0.355258
202681,managed,114,115,0.321429
202682,unmanaged,78,227,24.5376
202682,managed,79,227,22.201
202683,unmanaged,87,107,2.78773
202683,managed,88,107,2.52227
202684,unmanaged,110,21,4.3372
202684,managed,111,21,3.9242
202685,unmanaged,87,84,1.01324
202685,managed,88,84,0.91676
202686,unmanaged,87,90,1.93723
202686,managed,88,90,1.75277
202687,unmanaged,106,51,2.45173
202687,managed,107,51,2.21827
202688,unmanaged,110,13,8.3349
202688,managed,111,13,7.5413
202689,unmanaged,106,32,46.2683
202689,managed,107,32,41.8625
202690,unmanaged,81,171,5.231
202690,managed,82,171,4.73288
202691,unmanaged,95,171,0.395054
202691,managed,96,171,0.357436
202693,unmanaged,87,129,35.1106
202693,managed,88,129,31.7673
202694,unmanaged,84,128,20.0329
202694,managed,85,128,18.1253
202695,unmanaged,78,217,12.4862
202695,managed,79,217,11.2973
202696,unmanaged,112,49,0.84067
202696,managed,97,49,0.76062
202697,unmanaged,78,91,5.4972
202697,managed,79,91,4.97378
202698,unmanaged,78,311,0.82797
202698,managed,79,311,0.74913
202699,unmanaged,102,0,2.10749
202699,managed,103,0,1.90681
202700,unmanaged,112,49,0.93196
202700,managed,97,49,0.84321
202701,unmanaged,87,70,2.55309
202701,managed,88,70,2.30997
202702,unmanaged,78,125,1.30199
202702,managed,79,125,1.17801
202703,unmanaged,87,114,0.77699
202703,managed,88,114,0.70301
202704,unmanaged,104,237,0.59325
202704,managed,105,237,0.53675
202705,unmanaged,81,196,2.33623
202705,managed,82,196,2.11377
202706,unmanaged,87,70,2.224
202706,managed,88,70,2.01222
202708,unmanaged,87,119,0.335861
202708,managed,88,119,0.303879
202709,unmanaged,116,66,40.3984
202709,managed,117,66,36.5516
202711,unmanaged,113,119,1.34224
202711,managed,114,119,1.21443
202712,unmanaged,95,77,1.18124
202712,managed,96,77,1.06876
202713,unmanaged,104,146,3.40197
202713,managed,105,146,3.07803
202714,unmanaged,95,171,2.86375
202714,managed,96,171,2.59106
202715,unmanaged,78,251,5.6017
202715,managed,79,251,5.0683
202719,unmanaged,95,171,0.306299
202719,managed,96,171,0.277133
202720,unmanaged,87,119,0.91423
202720,managed,88,119,0.82718
202721,unmanaged,112,49,0.60865
202721,managed,97,49,0.55069
202722,unmanaged,110,14,31.2708
202722,managed,111,14,28.2931
202723,unmanaged,14,136,1.3595
202724,unmanaged,113,148,1.03502
202724,managed,114,148,0.93646
202725,unmanaged,106,28,2.02648
202725,managed,107,28,1.83352
202727,unmanaged,81,110,1.22639
202727,managed,82,110,1.10961
202728,unmanaged,87,109,1.75735
202728,managed,88,109,1.59001
202729,unmanaged,78,137,15.0254
202729,managed,79,137,13.5946
202730,unmanaged,87,140,48.6514
202730,managed,88,140,44.0186
202731,unmanaged,104,194,0.567
202731,managed,105,194,0.513
202732,unmanaged,106,29,0.567
202732,managed,107,29,0.513
202734,unmanaged,95,106,1.8078
202734,managed,96,106,1.63566
202735,unmanaged,87,163,1.57651
202735,managed,88,163,1.42639
202736,unmanaged,87,237,1.58549
202736,managed,88,237,1.43451
202737,unmanaged,95,83,0.073999
202737,managed,96,83,0.066953
202738,unmanaged,78,91,0.487809
202738,managed,79,91,0.441358
202739,unmanaged,110,16,29.905
202739,managed,111,16,27.0574
202740,unmanaged,113,77,0.91111
202740,managed,114,77,0.82435
202741,unmanaged,110,21,0.85049
202741,managed,111,21,0.76951
202743,unmanaged,81,163,0.89249
202743,managed,82,163,0.80751
202745,unmanaged,106,37,1.38074
202745,managed,107,37,1.24926
202746,unmanaged,84,297,0.87149
202746,managed,85,297,0.78851
202747,unmanaged,87,160,0.55271
202747,managed,88,160,0.50008
202748,unmanaged,87,126,2.03173
202748,managed,88,126,1.83827
202749,unmanaged,102,0,0.5383
202749,managed,103,0,0.487044
202750,unmanaged,95,74,4.37322
202750,managed,96,74,3.95678
202751,unmanaged,87,119,21.1678
202751,managed,88,119,19.1522
202752,unmanaged,78,91,5.1039
202752,managed,79,91,4.61789
202753,unmanaged,78,287,0.64298
202753,managed,79,287,0.58175
202754,unmanaged,112,49,6.4902
202754,managed,97,49,5.8722
202756,unmanaged,78,81,1.32299
202756,managed,79,81,1.19701
202757,unmanaged,95,171,0.432918
202757,managed,96,171,0.391694
202758,unmanaged,87,140,1.75874
202758,managed,88,140,1.59126
202760,unmanaged,87,140,8.3751
202760,managed,88,140,7.5776
202761,unmanaged,81,171,1.46081
202761,managed,82,171,1.32171
202762,unmanaged,87,84,2.50423
202762,managed,88,84,2.26577
202763,unmanaged,95,171,0.43072
202763,managed,96,171,0.389706
202764,unmanaged,87,121,14.5109
202764,managed,88,121,13.1291
202765,unmanaged,78,236,9.888
202765,managed,79,236,8.9464
202767,unmanaged,113,77,0.96599
202767,managed,114,77,0.87401
202768,unmanaged,95,77,1.13399
202768,managed,96,77,1.02601
202769,unmanaged,78,91,0.293539
202769,managed,79,91,0.265587
202770,unmanaged,13,111,2.43
202771,unmanaged,87,124,44.2046
202771,managed,88,124,39.9954
202772,unmanaged,95,92,5.9535
202772,managed,96,92,5.3865
202773,unmanaged,78,81,1.51837
202773,managed,79,81,1.37378
202776,unmanaged,15,111,6.66
202777,unmanaged,78,91,1.04233
202777,managed,79,91,0.94308
202778,unmanaged,95,141,1.94421
202778,managed,96,141,1.75908
202779,unmanaged,78,126,4.58387
202779,managed,79,126,4.14738
202781,unmanaged,112,49,1.30022
202781,managed,97,49,1.17641
202782,unmanaged,106,51,0.99224
202782,managed,107,51,0.89776
202783,unmanaged,87,114,10.7782
202783,managed,88,114,9.7518
202786,unmanaged,78,72,10.4422
202786,managed,79,72,9.4478
202787,unmanaged,87,155,3.00298
202787,managed,88,155,2.71702
202788,unmanaged,87,211,0.62999
202788,managed,88,211,0.57001
202789,unmanaged,87,121,1.79312
202789,managed,88,121,1.62237
202791,unmanaged,87,109,37.5858
202791,managed,88,109,34.0067
202792,unmanaged,87,86,13.4398
202792,managed,88,86,12.1601
202793,unmanaged,87,84,32.1927
202793,managed,88,84,29.1273
202794,unmanaged,95,90,15.7811
202794,managed,96,90,14.2783
202795,unmanaged,95,61,1.64849
202795,managed,96,61,1.49151
202796,unmanaged,112,49,1.82633
202796,managed,97,49,1.65242
202797,unmanaged,106,32,16.1605
202797,managed,107,32,14.6217
202798,unmanaged,81,106,0.80018
202798,managed,82,106,0.72398
202800,unmanaged,104,237,1.34399
202800,managed,105,237,1.21601
202801,unmanaged,95,171,0.267486
202801,managed,96,171,0.242015
202802,unmanaged,95,74,10.0747
202802,managed,96,74,9.1153
202803,unmanaged,87,114,4.51496
202803,managed,88,114,4.08504
202804,unmanaged,95,177,1.01115
202804,managed,96,177,0.91486
202805,unmanaged,95,171,12.2271
202805,managed,96,171,11.0628
202806,unmanaged,95,77,3.51506
202806,managed,96,77,3.18035
202807,unmanaged,87,155,1.08674
202807,managed,88,155,0.98326
202811,unmanaged,95,98,0.91499
202811,managed,96,98,0.82786
202812,unmanaged,87,164,10.0107
202812,managed,88,164,9.0574
202813,unmanaged,106,51,2.59873
202813,managed,107,51,2.35127
202815,unmanaged,78,193,1.24548
202815,managed,79,193,1.12688
202816,unmanaged,87,119,0.78616
202816,managed,88,119,0.7113
202817,unmanaged,78,261,12.6629
202817,managed,79,261,11.4571
202818,unmanaged,78,91,32.0348
202818,managed,79,91,28.9843
202819,unmanaged,106,28,0.567
202819,managed,107,28,0.513
202820,unmanaged,109,49,5.7487
202820,managed,83,49,5.2013
202821,unmanaged,112,49,1.8982
202821,managed,97,49,1.71745
202822,unmanaged,95,171,0.83652
202822,managed,96,171,0.75686
202823,unmanaged,87,73,12.2251
202823,managed,88,73,11.061
202824,unmanaged,15,126,10.2478
202825,unmanaged,112,49,6.5591
202825,managed,97,49,5.9346
202826,unmanaged,112,28,1.51199
202826,managed,97,28,1.36801
202827,unmanaged,95,171,3.15947
202827,managed,96,171,2.85862
202829,unmanaged,95,171,1.45311
202829,managed,96,171,1.31474
202831,unmanaged,106,30,1.58024
202831,managed,107,30,1.42976
202832,unmanaged,106,51,1.70099
202832,managed,107,51,1.53901
202833,unmanaged,112,49,0.91983
202833,managed,97,49,0.83224
202834,unmanaged,95,74,0.59929
202834,managed,96,74,0.54222
202835,unmanaged,95,171,2.85565
202835,managed,96,171,2.58373
202836,unmanaged,81,126,1.51199
202836,managed,82,126,1.36801
202837,unmanaged,112,49,7.4105
202837,managed,97,49,6.7048
202839,unmanaged,106,37,9.6389
202839,managed,107,37,8.7211
202840,unmanaged,102,0,4.41043
202840,managed,103,0,3.99046
202841,unmanaged,78,125,1.22849
202841,managed,79,125,1.11151
202842,unmanaged,95,74,11.6234
202842,managed,96,74,10.5166
202843,unmanaged,78,115,4.82996
202843,managed,79,115,4.37004
202844,unmanaged,78,113,4.55696
202844,managed,79,113,4.12304
202845,unmanaged,95,171,1.72416
202845,managed,96,171,1.55998
202846,unmanaged,87,119,0.328981
202846,managed,88,119,0.297655
202847,unmanaged,118,71,0.307618
202847,managed,119,71,0.278325
202848,unmanaged,113,152,0.70728
202848,managed,114,152,0.63993
202849,unmanaged,104,146,1.98448
202849,managed,105,146,1.79552
202851,unmanaged,113,115,1.29782
202851,managed,114,115,1.17424
202852,unmanaged,87,180,2.07898
202852,managed,88,180,1.88102
202853,unmanaged,78,261,13.0048
202853,managed,79,261,11.7664
202854,unmanaged,78,172,2.78773
202854,managed,79,172,2.52227
202857,unmanaged,95,106,1.13866
202857,managed,96,106,1.03023
202859,unmanaged,102,16,0.26892
202859,managed,103,16,0.243313
202860,unmanaged,78,197,0.82949
202860,managed,79,197,0.75051
202861,unmanaged,87,140,3.78522
202861,managed,88,140,3.42478
202863,unmanaged,113,148,1.54251
202863,managed,114,148,1.39563
202864,unmanaged,87,163,10.9547
202864,managed,88,163,9.9116
202865,unmanaged,95,171,0.62533
202865,managed,96,171,0.56579
202866,unmanaged,95,171,0.6294
202866,managed,96,171,0.56947
202867,unmanaged,110,19,0.64131
202867,managed,111,19,0.58024
202868,unmanaged,112,49,1.32304
202868,managed,97,49,1.19705
202870,unmanaged,95,171,1.39961
202870,managed,96,171,1.26634
202874,unmanaged,87,160,0.415028
202874,managed,88,160,0.375508
202875,unmanaged,95,171,0.275527
202875,managed,96,171,0.24929
202877,unmanaged,78,115,2.23123
202877,managed,79,115,2.01877
202879,unmanaged,81,171,1.05771
202879,managed,82,171,0.95699
202880,unmanaged,112,49,4.80001
202880,managed,97,49,4.34294
202881,unmanaged,87,81,1.70099
202881,managed,88,81,1.53901
202882,unmanaged,87,114,3.10798
202882,managed,88,114,2.81202
202883,unmanaged,87,119,0.77653
202883,managed,88,119,0.70259
202884,unmanaged,84,297,1.98448
202884,managed,85,297,1.79552
202885,unmanaged,106,51,11.9542
202885,managed,107,51,10.8158
202886,unmanaged,106,37,15.3246
202886,managed,107,37,13.8654
202887,unmanaged,106,37,30.7123
202887,managed,107,37,27.7877
202888,unmanaged,87,73,5.7505
202888,managed,88,73,5.2029
202889,unmanaged,106,51,9.1874
202889,managed,107,51,8.3126
202890,unmanaged,78,186,0.78664
202890,managed,79,186,0.71173
202891,unmanaged,95,68,14.7705
202891,managed,96,68,13.364
202892,unmanaged,102,0,1.03282
202892,managed,103,0,0.93447
202893,unmanaged,81,110,0.489078
202893,managed,82,110,0.442507
202894,unmanaged,14,154,1.12
202895,unmanaged,78,172,13.2771
202895,managed,79,172,12.0129
202896,unmanaged,87,90,32.744
202896,managed,88,90,29.626
202897,unmanaged,81,110,0.370869
202897,managed,82,110,0.335554
202898,unmanaged,95,68,30.5863
202898,managed,96,68,27.6737
202899,unmanaged,106,42,7.7832
202899,managed,107,42,7.042
202900,unmanaged,95,171,0.7623
202900,managed,96,171,0.68971
202902,unmanaged,87,119,3.1868
202902,managed,88,119,2.88334
202903,unmanaged,112,28,0.86624
202903,managed,97,28,0.78376
202905,unmanaged,112,59,3.77997
202905,managed,97,59,3.42003
202906,unmanaged,78,148,0.89774
202906,managed,79,148,0.81226
202907,unmanaged,84,297,3.42297
202907,managed,85,297,3.09703
202909,unmanaged,113,101,6.2523
202909,managed,114,101,5.657
202910,unmanaged,84,147,1.51199
202910,managed,85,147,1.36801
202911,unmanaged,95,171,1.14768
202911,managed,96,171,1.0384
202912,unmanaged,95,171,0.84563
202912,managed,96,171,0.7651
202913,unmanaged,106,51,0.80324
202913,managed,107,51,0.72676
202916,unmanaged,118,151,1.53507
202916,managed,119,151,1.3889
202917,unmanaged,112,49,0.81969
202917,managed,97,49,0.74163
202918,unmanaged,95,171,0.99858
202918,managed,96,171,0.90349
202919,unmanaged,87,119,2.67803
202919,managed,88,119,2.42302
202921,unmanaged,78,91,0.421483
202921,managed,79,91,0.381349
202922,unmanaged,87,109,3.57883
202922,managed,88,109,3.23805
202923,unmanaged,78,113,2.82448
202923,managed,79,113,2.55552
202924,unmanaged,106,51,3.80097
202924,managed,107,51,3.43903
202925,unmanaged,78,236,3.68547
202925,managed,79,236,3.33453
202926,unmanaged,106,30,5.1922
202926,managed,107,30,4.69779
202927,unmanaged,78,101,15.7557
202927,managed,79,101,14.2554
202928,unmanaged,78,207,0.58201
202928,managed,79,207,0.52659
202929,unmanaged,84,237,1.30758
202929,managed,85,237,1.18306
202930,unmanaged,112,49,6.9397
202930,managed,97,49,6.2789
202931,unmanaged,87,114,1.52057
202931,managed,88,114,1.37578
202932,unmanaged,112,59,27.5465
202932,managed,97,59,24.9235
202933,unmanaged,87,155,6.3892
202933,managed,88,155,5.7808
202934,unmanaged,112,49,20.2777
202934,managed,97,49,18.3468
202935,unmanaged,106,51,6.4049
202935,managed,107,51,5.7951
202936,unmanaged,87,135,1.37024
202936,managed,88,135,1.23976
202937,unmanaged,78,125,5.7855
202937,managed,79,125,5.2345
202938,unmanaged,95,171,0.344372
202938,managed,96,171,0.31158
202939,unmanaged,109,53,19.9744
202939,managed,83,53,18.0724
202940,unmanaged,87,160,0.44304
202940,managed,88,160,0.400852
202941,unmanaged,13,257,2.86
202943,unmanaged,95,171,1.61513
202943,managed,96,171,1.46134
202944,unmanaged,81,106,2.5492
202944,managed,82,106,2.30646
202945,unmanaged,102,51,1.40842
202945,managed,103,51,1.27431
202948,unmanaged,112,60,6.2037
202948,managed,97,60,5.613
202949,unmanaged,87,135,0.75599
202949,managed,88,135,0.68401
202950,unmanaged,95,166,0.345543
202950,managed,96,166,0.312639
202951,unmanaged,78,91,0.308549
202951,managed,79,91,0.279168
202952,unmanaged,87,196,2.15683
202952,managed,88,196,1.95145
202953,unmanaged,87,100,1.55924
202953,managed,88,100,1.41076
202955,unmanaged,78,91,0.305324
202955,managed,79,91,0.27625
202956,unmanaged,95,171,4.33218
202956,managed,96,171,3.91966
202957,unmanaged,109,49,0.85049
202957,managed,83,49,0.76951
202959,unmanaged,87,92,0.8027
202959,managed,88,92,0.72626
202960,unmanaged,87,226,28.1335
202960,managed,88,226,25.4545
202962,unmanaged,87,237,0.66149
202962,managed,88,237,0.59851
202963,unmanaged,95,171,1.01331
202963,managed,96,171,0.91682
202964,unmanaged,78,91,1.34184
202964,managed,79,91,1.21407
202965,unmanaged,106,37,2.34148
202965,managed,107,37,2.11852
202966,unmanaged,108,32,4.49396
202966,managed,86,32,4.06604
202967,unmanaged,87,81,3.26022
202967,managed,88,81,2.94978
202968,unmanaged,115,53,1.77945
202968,managed,89,53,1.61
202969,unmanaged,81,110,1.76924
202969,managed,82,110,1.60077
202970,unmanaged,95,98,2.03173
202970,managed,96,98,1.83827
202973,unmanaged,81,110,0.432957
202973,managed,82,110,0.39173
202974,unmanaged,78,197,1.16024
202974,managed,79,197,1.04976
202975,unmanaged,87,81,2.31523
202975,managed,88,81,2.09477
202976,unmanaged,95,171,0.53618
202976,managed,96,171,0.485122
202977,unmanaged,106,12,1.37279
202977,managed,107,12,1.24207
202979,unmanaged,102,0,0.51883
202979,managed,103,0,0.469423
202980,unmanaged,81,87,2.92948
202980,managed,82,87,2.65052
202981,unmanaged,110,57,2.57242
202981,managed,111,57,2.32746
202982,unmanaged,112,49,6.2518
202982,managed,97,49,5.6565
202983,unmanaged,14,154,6.38
202984,unmanaged,106,19,3.86397
202984,managed,107,19,3.49603
202985,unmanaged,95,171,1.29397
202985,managed,96,171,1.17076
202986,unmanaged,78,165,0.84997
202986,managed,79,165,0.76904
202988,unmanaged,115,57,0.66815
202988,managed,89,57,0.60453
202990,unmanaged,84,297,1.68524
202990,managed,85,297,1.52476
202991,unmanaged,113,152,0.423891
202991,managed,114,152,0.383527
202992,unmanaged,112,60,4.82284
202992,managed,97,60,4.36359
202993,unmanaged,112,49,0.72256
202993,managed,97,49,0.65376
202994,unmanaged,78,165,2.16297
202994,managed,79,165,1.957
202995,unmanaged,112,49,1.29929
202995,managed,97,49,1.17556
202996,unmanaged,104,194,1.24949
202996,managed,105,194,1.13051
202999,unmanaged,95,68,2.19448
202999,managed,96,68,1.98552
203001,unmanaged,87,145,3.82722
203001,managed,88,145,3.46278
203002,unmanaged,106,28,1.30908
203002,managed,107,28,1.18442
203003,unmanaged,95,171,2.26181
203003,managed,96,171,2.04644
203005,unmanaged,13,111,3.57
203006,unmanaged,87,180,12.4057
203006,managed,88,180,11.2243
203007,unmanaged,95,171,0.278201
203007,managed,96,171,0.25171
203008,unmanaged,95,171,0.66664
203008,managed,96,171,0.60316
203009,unmanaged,95,171,1.21776
203009,managed,96,171,1.1018
203010,unmanaged,95,83,0.61425
203010,managed,96,83,0.55575
203011,unmanaged,78,197,2.40973
203011,managed,79,197,2.18027
203013,unmanaged,87,134,2.59873
203013,managed,88,134,2.35127
203014,unmanaged,78,197,10.3765
203014,managed,79,197,9.3884
203015,unmanaged,115,53,0.459607
203015,managed,89,53,0.415842
203016,unmanaged,110,21,1.21799
203016,managed,111,21,1.10201
203017,unmanaged,84,156,1.04193
203017,managed,85,156,0.94271
203018,unmanaged,112,49,5.4675
203018,managed,97,49,4.94689
203019,unmanaged,95,122,14.0926
203019,managed,96,122,12.7507
203020,unmanaged,95,68,2.49898
203020,managed,96,68,2.26102
203021,unmanaged,87,180,1.46474
203021,managed,88,180,1.32526
203022,unmanaged,78,236,5.2762
203022,managed,79,236,4.77379
203023,unmanaged,78,185,2.36248
203023,managed,79,185,2.13752
203024,unmanaged,87,115,1.92673
203024,managed,88,115,1.74327
203025,unmanaged,112,60,5.1502
203025,managed,97,60,4.65979
203026,unmanaged,112,49,4.47131
203026,managed,97,49,4.04554
203027,unmanaged,95,74,0.567
203027,managed,96,74,0.513
203028,unmanaged,95,78,15.5303
203028,managed,96,78,14.0515
203029,unmanaged,78,147,3.18672
203029,managed,79,147,2.88328
203030,unmanaged,14,136,1.02866
203031,unmanaged,78,91,0.299043
203031,managed,79,91,0.270567
203032,unmanaged,95,171,0.58096
203032,managed,96,171,0.52564
203033,unmanaged,78,91,0.88236
203033,managed,79,91,0.79834
203034,unmanaged,78,125,0.92924
203034,managed,79,125,0.84076
203035,unmanaged,87,106,5.8475
203035,managed,88,106,5.2907
203036,unmanaged,78,236,3.92172
203036,managed,79,236,3.54828
203037,unmanaged,106,37,1.11824
203037,managed,107,37,1.01176
203039,unmanaged,102,0,4.27708
203039,managed,103,0,3.8698
203040,unmanaged,78,197,1.32299
203040,managed,79,197,1.19701
203042,unmanaged,110,14,3.37089
203042,managed,111,14,3.0499
203043,unmanaged,78,91,0.79162
203043,managed,79,91,0.71624
203044,unmanaged,112,49,0.62941
203044,managed,97,49,0.56947
203045,unmanaged,102,14,0.63285
203045,managed,103,14,0.57259
203046,unmanaged,95,171,4.13805
203046,managed,96,171,3.74401
203047,unmanaged,112,49,0.60494
203047,managed,97,49,0.54734
203048,unmanaged,118,74,5.7907
203048,managed,119,74,5.2393
203049,unmanaged,115,57,0.66903
203049,managed,89,57,0.60532
203050,unmanaged,106,14,7.0929
203050,managed,107,14,6.4175
203051,unmanaged,113,77,0.89205
203051,managed,114,77,0.80711
203052,unmanaged,115,57,0.63255
203052,managed,89,57,0.57232
203053,unmanaged,84,297,0.68774
203053,managed,85,297,0.62226
203054,unmanaged,102,0,4.01903
203054,managed,103,0,3.63633
203055,unmanaged,112,41,13.5236
203055,managed,97,41,12.2359
203058,unmanaged,87,100,3.54372
203058,managed,88,100,3.20628
203059,unmanaged,84,237,1.55399
203059,managed,85,237,1.40601
203060,unmanaged,112,49,2.75091
203060,managed,97,49,2.48896
203061,unmanaged,112,49,1.25999
203061,managed,97,49,1.14001
203063,unmanaged,87,196,3.99373
203063,managed,88,196,3.61344
203064,unmanaged,78,91,1.6238
203064,managed,79,91,1.46918
203065,unmanaged,110,14,10.859
203065,managed,111,14,9.825
203066,unmanaged,87,119,1.5048
203066,managed,88,119,1.36151
203067,unmanaged,110,27,2.35811
203067,managed,111,27,2.13357
203068,unmanaged,87,145,2.08423
203068,managed,88,145,1.88577
203070,unmanaged,112,49,0.76155
203070,managed,97,49,0.68903
203071,unmanaged,95,113,9.5205
203071,managed,96,113,8.6139
203073,unmanaged,78,91,5.4174
203073,managed,79,91,4.90154
203074,unmanaged,81,110,1.1568
203074,managed,82,110,1.04665
203075,unmanaged,78,91,1.03688
203075,managed,79,91,0.93815
203076,unmanaged,78,91,0.51977
203076,managed,79,91,0.470272
203077,unmanaged,104,173,0.58797
203077,managed,105,173,0.53198
203079,unmanaged,98,177,40.9332
203079,managed,99,177,37.0354
203080,unmanaged,104,237,1.60649
203080,managed,105,237,1.45351
203082,unmanaged,87,100,1.19699
203082,managed,88,100,1.08301
203083,unmanaged,110,21,0.85049
203083,managed,111,21,0.76951
203084,unmanaged,78,91,1.12807
203084,managed,79,91,1.02065
203085,unmanaged,87,114,2.07898
203085,managed,88,114,1.88102
203086,unmanaged,106,51,33.3582
203086,managed,107,51,30.1818
203087,unmanaged,108,32,0.71399
203087,managed,86,32,0.64601
203088,unmanaged,120,32,74.124
203088,managed,121,32,67.065
203089,unmanaged,95,92,4.44146
203089,managed,96,92,4.01854
203090,unmanaged,106,51,0.70874
203090,managed,107,51,0.64126
203091,unmanaged,112,49,9.1285
203091,managed,97,49,8.2592
203093,unmanaged,110,25,4.19139
203093,managed,111,25,3.79228
203094,unmanaged,78,251,10.8622
203094,managed,79,251,9.8278
203095,unmanaged,112,59,2.64598
203095,managed,97,59,2.39402
203096,unmanaged,95,74,4.55171
203096,managed,96,74,4.11829
203097,unmanaged,106,19,0.64574
203097,managed,107,19,0.58426
203098,unmanaged,87,100,1.23374
203098,managed,88,100,1.11626
203099,unmanaged,106,28,1.34399
203099,managed,107,28,1.21601
203100,unmanaged,106,51,2.45173
203100,managed,107,51,2.21827
203101,unmanaged,78,202,22.9581
203101,managed,79,202,20.7719
203102,unmanaged,106,34,8.6828
203102,managed,107,34,7.856
203104,unmanaged,110,56,25.814
203104,managed,111,56,23.356
203105,unmanaged,78,311,0.54855
203105,managed,79,311,0.496316
203106,unmanaged,112,49,4.09008
203106,managed,97,49,3.70061
203107,unmanaged,109,53,3.91806
203107,managed,83,53,3.54497
203108,unmanaged,78,240,14.5056
203108,managed,79,240,13.1244
203109,unmanaged,84,297,1.53585
203109,managed,85,297,1.38961
203110,unmanaged,87,107,3.68547
203110,managed,88,107,3.33453
203111,unmanaged,112,49,2.15226
203111,managed,97,49,1.94731
203112,unmanaged,102,14,0.58354
203112,managed,103,14,0.52798
203113,unmanaged,112,49,11.3662
203113,managed,97,49,10.2839
203114,unmanaged,104,237,4.16847
203114,managed,105,237,3.77153
203115,unmanaged,102,12,2.27701
203115,managed,103,12,2.06019
203116,unmanaged,112,49,0.93193
203116,managed,97,49,0.84319
203117,unmanaged,78,197,3.44922
203117,managed,79,197,3.12078
203118,unmanaged,81,163,0.69299
203118,managed,82,163,0.62701
203119,unmanaged,115,53,0.56689
203119,managed,89,53,0.51291
203120,unmanaged,81,196,4.64096
203120,managed,82,196,4.19904
203121,unmanaged,78,236,13.7867
203121,managed,79,236,12.4739
203123,unmanaged,84,97,2.84216
203123,managed,85,97,2.57152
203124,unmanaged,84,297,1.21799
203124,managed,85,297,1.10201
203126,unmanaged,95,151,1.7558
203126,managed,96,151,1.58861
203127,unmanaged,81,271,3.74992
203127,managed,82,271,3.39284
203128,unmanaged,109,54,29.9292
203128,managed,83,54,27.0792
203129,unmanaged,95,74,5.0452
203129,managed,96,74,4.56479
203130,unmanaged,78,115,7.8329
203130,managed,79,115,7.0871
203131,unmanaged,84,297,2.91391
203131,managed,85,297,2.63644
203133,unmanaged,78,227,1.05524
203133,managed,79,227,0.95476
203134,unmanaged,106,19,19.0111
203134,managed,107,19,17.2008
203135,unmanaged,109,49,1.45424
203135,managed,83,49,1.31576
203136,unmanaged,95,171,0.476457
203136,managed,96,171,0.431088
203137,unmanaged,112,49,36.7447
203137,managed,97,49,33.2458
203138,unmanaged,90,19,8.7407
203138,managed,91,19,7.9084
203140,unmanaged,78,197,7.0018
203140,managed,79,197,6.3351
203141,unmanaged,78,125,4.13697
203141,managed,79,125,3.74303
203142,unmanaged,87,135,21.2623
203142,managed,88,135,19.2377
203143,unmanaged,112,59,4.29972
203143,managed,97,59,3.89028
203144,unmanaged,87,119,1.55924
203144,managed,88,119,1.41076
203145,unmanaged,87,100,5.8485
203145,managed,88,100,5.2915
203146,unmanaged,102,16,0.87465
203146,managed,103,16,0.79136
203149,unmanaged,112,59,3.07123
203149,managed,97,59,2.77877
203150,unmanaged,109,49,4.25247
203150,managed,83,49,3.84753
203151,unmanaged,87,163,1.45995
203151,managed,88,163,1.32093
203152,unmanaged,81,171,12.341
203152,managed,82,171,11.1658
203153,unmanaged,81,110,0.72205
203153,managed,82,110,0.6533
203154,unmanaged,95,171,0.50803
203154,managed,96,171,0.45965
203157,unmanaged,81,131,1.39649
203157,managed,82,131,1.26351
203158,unmanaged,81,110,31.9471
203158,managed,82,110,28.905
203159,unmanaged,78,197,1.52774
203159,managed,79,197,1.38226
203160,unmanaged,110,31,1.37549
203160,managed,111,31,1.24451
203161,unmanaged,112,49,1.27549
203161,managed,97,49,1.15403
203162,unmanaged,106,19,1.27574
203162,managed,107,19,1.15426
203163,unmanaged,104,286,0.445506
203163,managed,105,286,0.403084
203164,unmanaged,106,31,2.56738
203164,managed,107,31,2.3229
203166,unmanaged,84,297,1.39124
203166,managed,85,297,1.25876
203167,unmanaged,87,206,5.9948
203167,managed,88,206,5.4239
203168,unmanaged,78,231,2.4347
203168,managed,79,231,2.20286
203169,unmanaged,106,42,3.17903
203169,managed,107,42,2.87631
203170,unmanaged,95,171,0.54057
203170,managed,96,171,0.489097
203171,unmanaged,102,14,0.68997
203171,managed,103,14,0.62427
203172,unmanaged,87,297,1.17074
203172,managed,88,297,1.05926
203173,unmanaged,84,156,2.48596
203173,managed,85,156,2.24924
203174,unmanaged,84,147,3.17622
203174,managed,85,147,2.87378
203176,unmanaged,81,163,6.6884
203176,managed,82,163,6.0516
203177,unmanaged,109,49,0.70874
203177,managed,83,49,0.64126
203178,unmanaged,78,159,56.153
203178,managed,79,159,50.806
203181,unmanaged,87,145,20.3383
203181,managed,88,145,18.4017
203182,unmanaged,109,49,1.12349
203182,managed,83,49,1.01651
203184,unmanaged,81,110,0.78575
203184,managed,82,110,0.71093
203185,unmanaged,102,0,0.83786
203185,managed,103,0,0.75808
203187,unmanaged,110,15,58.07
203187,managed,111,15,52.54
203189,unmanaged,95,83,5.059
203189,managed,96,83,4.57723
203191,unmanaged,109,60,16.3866
203191,managed,83,60,14.8262
203194,unmanaged,87,100,2.79298
203194,managed,88,100,2.52702
203195,unmanaged,106,37,1.03949
203195,managed,107,37,0.94051
203196,unmanaged,78,197,1.58549
203196,managed,79,197,1.43451
203197,unmanaged,84,147,2.03173
203197,managed,85,147,1.83827
203198,unmanaged,87,100,0.66149
203198,managed,88,100,0.59851
203200,unmanaged,110,17,58.702
203200,managed,111,17,53.113
203201,unmanaged,112,55,12.1904
203201,managed,97,55,11.0296
203202,unmanaged,112,49,3.59243
203202,managed,97,49,3.25035
203203,unmanaged,104,286,1.19922
203203,managed,105,286,1.08503
203204,unmanaged,112,49,3.46847
203204,managed,97,49,3.1382
203205,unmanaged,95,171,6.7747
203205,managed,96,171,6.1296
203206,unmanaged,113,152,1.25051
203206,managed,114,152,1.13144
203207,unmanaged,84,236,2.14723
203207,managed,85,236,1.94277
203208,unmanaged,87,163,1.74824
203208,managed,88,163,1.58176
203209,unmanaged,106,28,3.54897
203209,managed,107,28,3.21103
203210,unmanaged,110,23,27.2889
203210,managed,111,23,24.6903
203213,unmanaged,87,161,1.46474
203213,managed,88,161,1.32526
203214,unmanaged,95,171,0.61327
203214,managed,96,171,0.55487
203215,unmanaged,87,128,11.1171
203215,managed,88,128,10.0585
203217,unmanaged,87,80,22.1443
203217,managed,88,80,20.0357
203219,unmanaged,112,49,2.03173
203219,managed,97,49,1.83827
203220,unmanaged,108,32,5.7687
203220,managed,86,32,5.2194
203221,unmanaged,87,73,0.80114
203221,managed,88,73,0.72485
203222,unmanaged,108,0,0.68377
203222,managed,86,0,0.61866
203224,unmanaged,106,12,0.76478
203224,managed,107,12,0.69195
203227,unmanaged,112,49,2.88223
203227,managed,97,49,2.60777
203229,unmanaged,78,91,0.282399
203229,managed,79,91,0.255508
203230,unmanaged,87,160,0.422832
203230,managed,88,160,0.382569
203231,unmanaged,87,84,1.66949
203231,managed,88,84,1.51051
203233,unmanaged,87,73,15.7548
203233,managed,88,73,14.2546
203234,unmanaged,102,14,1.00664
203234,managed,103,14,0.91079
203236,unmanaged,87,140,1.98973
203236,managed,88,140,1.80027
203237,unmanaged,95,171,0.68726
203237,managed,96,171,0.62181
203238,unmanaged,95,77,9.1664
203238,managed,96,77,8.2936
203239,unmanaged,78,207,2.91184
203239,managed,79,207,2.63457
203240,unmanaged,14,136,0.99911
203243,unmanaged,84,297,1.87424
203243,managed,85,297,1.69576
203244,unmanaged,95,151,0.66368
203244,managed,96,151,0.60048
203245,unmanaged,104,194,1.32299
203245,managed,105,194,1.19701
203246,unmanaged,78,237,1.13924
203246,managed,79,237,1.03076
203247,unmanaged,106,30,1.11824
203247,managed,107,30,1.01176
203248,unmanaged,78,91,9.2578
203248,managed,79,91,8.3762
203249,unmanaged,81,110,52.586
203249,managed,82,110,47.5783
203250,unmanaged,87,73,5.8625
203250,managed,88,73,5.3042
203252,unmanaged,112,49,10.6339
203252,managed,97,49,9.6213
203253,unmanaged,112,60,29.9147
203253,managed,97,60,27.0662
203254,unmanaged,108,32,1.70271
203254,managed,86,32,1.54057
203255,unmanaged,108,32,1.69049
203255,managed,86,32,1.52951
203256,unmanaged,87,140,7.9644
203256,managed,88,140,7.206
203257,unmanaged,87,134,11.4502
203257,managed,88,134,10.3598
203258,unmanaged,81,171,0.81297
203258,managed,82,171,0.73556
203259,unmanaged,106,13,0.94284
203259,managed,107,13,0.85306
203260,unmanaged,87,100,8.1112
203260,managed,88,100,7.3388
203261,unmanaged,106,51,1.22849
203261,managed,107,51,1.11151
203262,unmanaged,87,81,9.4027
203262,managed,88,81,8.5073
203264,unmanaged,102,14,0.278913
203264,managed,103,14,0.252354
203265,unmanaged,95,171,0.487833
203265,managed,96,171,0.44138
203267,unmanaged,78,196,0.6318
203267,managed,79,196,0.57164
203268,unmanaged,95,125,0.0250771
203268,managed,96,125,0.0226892
203271,unmanaged,106,32,5.7403
203271,managed,107,32,5.1937
203272,unmanaged,95,76,9.5497
203272,managed,96,76,8.6403
203273,unmanaged,106,29,0.58031
203273,managed,107,29,0.52505
203274,unmanaged,102,0,0.79972
203274,managed,103,0,0.72357
203275,unmanaged,122,31,3.69823
203275,managed,123,31,3.34608
203277,unmanaged,95,76,0.200068
203277,managed,96,76,0.181017
203278,unmanaged,44,86,7.774
203279,unmanaged,44,136,8.3405
203281,unmanaged,110,51,1.19023
203281,managed,111,51,1.07689
203284,unmanaged,106,35,1.22096
203284,managed,107,35,1.1047
203286,unmanaged,124,30,6.4577
203286,managed,125,30,5.8428
203287,unmanaged,106,20,1.91623
203287,managed,107,20,1.73377
203290,unmanaged,110,16,20.8474
203290,managed,111,16,18.8623
203291,unmanaged,106,35,0.71037
203291,managed,107,35,0.64273
203292,unmanaged,78,227,0.384895
203292,managed,79,227,0.348244
203295,unmanaged,115,59,4.61144
203295,managed,89,59,4.17232
203298,unmanaged,106,33,47.4002
203298,managed,107,33,42.8867
203300,unmanaged,106,32,13.8168
203300,managed,107,32,12.5011
203301,unmanaged,44,91,13.6943
203302,unmanaged,106,35,2.31213
203302,managed,107,35,2.09196
203303,unmanaged,87,154,0.67866
203303,managed,88,154,0.61403
203305,unmanaged,95,78,5.2685
203305,managed,96,78,4.76686
203307,unmanaged,106,20,1.94248
203307,managed,107,20,1.75752
203309,unmanaged,106,19,13.0724
203309,managed,107,19,11.8276
203311,unmanaged,87,112,3.03115
203311,managed,88,112,2.74252
203312,unmanaged,124,30,40.3606
203312,managed,125,30,36.5174
203315,unmanaged,44,95,33.1619
203317,unmanaged,95,97,0.74549
203317,managed,96,97,0.67451
203318,unmanaged,81,111,0.55961
203318,managed,82,111,0.50633
203319,unmanaged,44,95,9.0946
203320,unmanaged,106,19,1.22324
203320,managed,107,19,1.10676
203323,unmanaged,44,113,10.1404
203324,unmanaged,95,177,0.59918
203324,managed,96,177,0.54213
203325,unmanaged,95,197,0.57532
203325,managed,96,197,0.52054
203326,unmanaged,106,20,1.08674
203326,managed,107,20,0.98326
203327,unmanaged,95,85,20.18
203327,managed,96,85,18.2584
203330,unmanaged,106,33,1.21717
203330,managed,107,33,1.10127
203331,unmanaged,110,18,1.55683
203331,managed,111,18,1.40858
203332,unmanaged,113,91,1.38489
203332,managed,114,91,1.25302
203334,unmanaged,95,90,14.0539
203334,managed,96,90,12.7156
203337,unmanaged,115,60,6.2851
203337,managed,89,60,5.6866
203338,unmanaged,115,59,4.89011
203338,managed,89,59,4.42446
203340,unmanaged,106,35,2.98364
203340,managed,107,35,2.69953
203341,unmanaged,95,76,2.84056
203341,managed,96,76,2.57008
203342,unmanaged,44,71,1.49877
203344,unmanaged,87,151,10.8911
203344,managed,88,151,9.854
203347,unmanaged,95,126,0.567
203347,managed,96,126,0.513
203351,unmanaged,110,22,28.7679
203351,managed,111,22,26.0286
203352,unmanaged,95,86,7.8324
203352,managed,96,86,7.0866
203354,unmanaged,95,78,0.245138
203354,managed,96,78,0.221795
203355,unmanaged,124,22,25.4417
203355,managed,125,22,23.0191
203356,unmanaged,87,154,1.16549
203356,managed,88,154,1.05451
203357,unmanaged,106,32,3.7799
203357,managed,107,32,3.41997
203359,unmanaged,102,51,1.52777
203359,managed,103,51,1.38229
203363,unmanaged,113,77,0.96862
203363,managed,114,77,0.87638
203367,unmanaged,110,51,3.58649
203367,managed,111,51,3.24498
203368,unmanaged,78,168,0.56299
203368,managed,79,168,0.50938
203371,unmanaged,95,117,1.0835
203371,managed,96,117,0.98033
203372,unmanaged,106,20,1.86899
203372,managed,107,20,1.69101
203373,unmanaged,87,122,3.02761
203373,managed,88,122,2.73931
203375,unmanaged,95,126,1.11299
203375,managed,96,126,1.00701
203376,unmanaged,106,19,3.63822
203376,managed,107,19,3.29178
203377,unmanaged,106,35,2.55148
203377,managed,107,35,2.30852
203378,unmanaged,87,112,6.5052
203378,managed,88,112,5.8857
203382,unmanaged,106,35,0.61425
203382,managed,107,35,0.55575
203383,unmanaged,120,36,72.495
203383,managed,121,36,65.591
203384,unmanaged,106,35,0.89774
203384,managed,107,35,0.81226
203386,unmanaged,124,26,69.048
203386,managed,125,26,62.473
203388,unmanaged,106,33,8.0753
203388,managed,107,33,7.3063
203389,unmanaged,106,33,14.7849
203389,managed,107,33,13.377
203391,unmanaged,95,107,24.4521
203391,managed,96,107,22.1237
203392,unmanaged,106,30,42.235
203392,managed,107,30,38.2133
203393,unmanaged,110,21,26.9344
203393,managed,111,21,24.3696
203395,unmanaged,78,227,3.17283
203395,managed,79,227,2.87071
203396,unmanaged,120,36,31.2628
203396,managed,121,36,28.2859
203397,unmanaged,87,81,0.69338
203397,managed,88,81,0.62736
203399,unmanaged,106,32,2.97291
203399,managed,107,32,2.68982
203401,unmanaged,106,20,12.9515
203401,managed,107,20,11.7182
203402,unmanaged,87,154,3.01873
203402,managed,88,154,2.73127
203403,unmanaged,110,18,2.06231
203403,managed,111,18,1.86593
203404,unmanaged,95,97,2.25223
203404,managed,96,97,2.03777
203406,unmanaged,95,126,0.68249
203406,managed,96,126,0.61751
203409,unmanaged,126,128,5.3537
203409,managed,127,128,4.84394
203411,unmanaged,106,33,3.46802
203411,managed,107,33,3.13779
203412,unmanaged,95,104,43.4151
203412,managed,96,104,39.281
203413,unmanaged,95,76,1.9671
203413,managed,96,76,1.77979
203414,unmanaged,87,90,6.5651
203414,managed,88,90,5.94
203416,unmanaged,44,105,5.652
203419,unmanaged,87,112,5.3986
203419,managed,88,112,4.8845
203420,unmanaged,78,227,0.74572
203420,managed,79,227,0.67471
203422,unmanaged,106,35,2.88748
203422,managed,107,35,2.61252
203423,unmanaged,108,34,2.75301
203423,managed,86,34,2.49086
203426,unmanaged,106,35,26.1639
203426,managed,107,35,23.6725
203427,unmanaged,95,82,12.2577
203427,managed,96,82,11.0905
203428,unmanaged,112,32,2.36744
203428,managed,97,32,2.14201
203429,unmanaged,87,81,6.111
203429,managed,88,81,5.529
203431,unmanaged,113,71,4.44522
203431,managed,114,71,4.02193
203432,unmanaged,87,147,43.6903
203432,managed,88,147,39.53
203433,unmanaged,106,33,1.065
203433,managed,107,33,0.96359
203435,unmanaged,106,31,0.159532
203435,managed,107,31,0.144341
203436,unmanaged,106,35,6.1005
203436,managed,107,35,5.5195
203439,unmanaged,124,20,12.1168
203439,managed,125,20,10.963
203440,unmanaged,87,132,13.3608
203440,managed,88,132,12.0886
203443,unmanaged,87,81,1.18124
203443,managed,88,81,1.06876
203444,unmanaged,44,116,0.0314105
203450,unmanaged,106,35,10.6842
203450,managed,107,35,9.6669
203452,unmanaged,44,113,55.89
203454,unmanaged,87,157,3.34916
203454,managed,88,157,3.03024
203455,unmanaged,87,154,3.41772
203455,managed,88,154,3.09228
203456,unmanaged,106,19,4.11537
203456,managed,107,19,3.7235
203457,unmanaged,95,126,3.48768
203457,managed,96,126,3.15557
203459,unmanaged,124,20,1.17657
203459,managed,125,20,1.06454
203460,unmanaged,112,32,9.3826
203460,managed,97,32,8.4892
203461,unmanaged,95,97,1.05524
203461,managed,96,97,0.95476
203462,unmanaged,23,136,38.9669
203464,unmanaged,106,29,2.90365
203464,managed,107,29,2.62716
203465,unmanaged,87,120,8.9108
203465,managed,88,120,8.0623
203466,unmanaged,126,128,0.92887
203466,managed,127,128,0.84042
203467,unmanaged,81,111,0.94989
203467,managed,82,111,0.85944
203470,unmanaged,81,111,0.374868
203470,managed,82,111,0.339172
203473,unmanaged,110,22,4.55159
203473,managed,111,22,4.11818
203474,unmanaged,106,20,0.85049
203474,managed,107,20,0.76951
203475,unmanaged,81,111,0.453109
203475,managed,82,111,0.409962
203476,unmanaged,106,28,4.07775
203476,managed,107,28,3.68946
203477,unmanaged,110,22,60.177
203477,managed,111,22,54.447
203478,unmanaged,95,125,10.1283
203478,managed,96,125,9.1638
203480,unmanaged,106,20,2.69848
203480,managed,107,20,2.44152
203481,unmanaged,106,35,2.24109
203481,managed,107,35,2.02769
203482,unmanaged,124,19,4.41537
203482,managed,125,19,3.99493
203483,unmanaged,106,30,208.532
203483,managed,107,30,188.675
203485,unmanaged,106,22,0.91658
203485,managed,107,22,0.8293
203487,unmanaged,44,125,40.9174
203489,unmanaged,87,154,0.75599
203489,managed,88,154,0.68401
203494,unmanaged,95,115,0.0094456
203494,managed,96,115,0.0085462
203495,unmanaged,113,153,0.86099
203495,managed,114,153,0.77901
203496,unmanaged,113,82,19.7131
203496,managed,114,82,17.836
203497,unmanaged,106,32,1.16895
203497,managed,107,32,1.05764
203498,unmanaged,106,33,14.3015
203498,managed,107,33,12.9397
203500,unmanaged,102,33,3.29723
203500,managed,103,33,2.98326
203501,unmanaged,95,125,2.30998
203501,managed,96,125,2.09002
203504,unmanaged,124,20,49.4472
203504,managed,125,20,44.7387
203506,unmanaged,44,134,1.23345
203507,unmanaged,106,20,0.69824
203507,managed,107,20,0.63176
203508,unmanaged,78,227,0.53756
203508,managed,79,227,0.486374
203509,unmanaged,87,157,2.83463
203509,managed,88,157,2.56471
203511,unmanaged,95,86,20.8894
203511,managed,96,86,18.9002
203516,unmanaged,108,0,3.55663
203516,managed,86,0,3.21796
203517,unmanaged,106,35,2.45698
203517,managed,107,35,2.22302
203518,unmanaged,124,26,10.7083
203518,managed,125,26,9.6887
203520,unmanaged,106,35,1.65374
203520,managed,107,35,1.49626
203522,unmanaged,95,125,0.118151
203522,managed,96,125,0.106901
203523,unmanaged,106,35,1.15019
203523,managed,107,35,1.04067
203527,unmanaged,87,81,1.10295
203527,managed,88,81,0.99793
203528,unmanaged,124,20,2.46329
203528,managed,125,20,2.22873
203529,unmanaged,106,22,1.1689
203529,managed,107,22,1.05759
203530,unmanaged,106,31,45.4411
203530,managed,107,31,41.1141
203531,unmanaged,15,224,0.001741
203532,unmanaged,102,0,1.20102
203532,managed,103,0,1.08665
203533,unmanaged,124,20,19.229
203533,managed,125,20,17.398
203535,unmanaged,106,31,2.32824
203535,managed,107,31,2.10654
203536,unmanaged,44,117,32.7267
203538,unmanaged,106,31,0.74758
203538,managed,107,31,0.6764
203540,unmanaged,102,0,1.11007
203540,managed,103,0,1.00437
203542,unmanaged,95,157,1.01729
203542,managed,96,157,0.92042
203544,unmanaged,106,35,4.87721
203544,managed,107,35,4.41279
203547,unmanaged,115,60,3.89022
203547,managed,89,60,3.51978
203552,unmanaged,44,136,1.17425
203553,unmanaged,115,60,1.82174
203553,managed,89,60,1.64826
203554,unmanaged,44,116,0.245784
203556,unmanaged,106,35,17.8771
203556,managed,107,35,16.1748
203557,unmanaged,95,97,4.68821
203557,managed,96,97,4.24179
203558,unmanaged,95,126,1.73249
203558,managed,96,126,1.56751
203560,unmanaged,44,135,1.19882
203561,unmanaged,102,0,0.93892
203561,managed,103,0,0.84951
203562,unmanaged,102,33,0.82757
203562,managed,103,33,0.74876
203563,unmanaged,81,111,7.7896
203563,managed,82,111,7.0478
203564,unmanaged,110,18,0.69759
203564,managed,111,18,0.63116
203682,unmanaged,24,106,0.478251
203683,unmanaged,84,156,1.41943
203683,managed,85,156,1.28427
203684,unmanaged,84,126,1.13255
203684,managed,85,126,1.0247
203685,unmanaged,84,126,3.20242
203685,managed,85,126,2.89747
203686,unmanaged,13,116,0.0084319
203687,unmanaged,13,186,4.13646
203688,unmanaged,84,278,3.10224
203688,managed,85,278,2.80683
203689,unmanaged,113,146,0.0125633
203689,managed,114,146,0.0113669
203690,unmanaged,113,146,0.090692
203690,managed,114,146,0.082056
203691,unmanaged,84,429,0.0467548
203691,managed,85,429,0.0423027
203692,unmanaged,84,223,10.1952
203692,managed,85,223,9.2244
203693,unmanaged,13,136,2.14001
203694,unmanaged,42,148,5.4906
203695,unmanaged,78,111,0.81472
203695,managed,79,111,0.73714
203696,unmanaged,112,49,0.0039998
203696,managed,97,49,0.0036189
203697,unmanaged,87,163,73.239
203697,managed,88,163,66.265
203699,unmanaged,78,240,9.1751
203699,managed,79,240,8.3014
203701,unmanaged,95,171,0.0078826
203701,managed,96,171,0.007132
203702,unmanaged,112,49,1.86161
203702,managed,97,49,1.68434
203703,unmanaged,112,59,11.3628
203703,managed,97,59,10.2808
203704,unmanaged,87,160,0.371086
203704,managed,88,160,0.33575
203706,unmanaged,81,110,0.0053125
203706,managed,82,110,0.0048066
203708,unmanaged,87,119,28.9889
203708,managed,88,119,26.2285
203710,unmanaged,81,110,0.77325
203710,managed,82,110,0.69961
203712,unmanaged,112,28,46.4154
203712,managed,97,28,41.9956
203716,unmanaged,78,172,1.3063
203716,managed,79,172,1.18191
203717,unmanaged,118,154,0.123179
203717,managed,119,154,0.111449
203719,unmanaged,106,10,55.006
203719,managed,107,10,49.7682
203720,unmanaged,106,30,3.15795
203720,managed,107,30,2.85724
203721,unmanaged,112,52,0.250186
203721,managed,97,52,0.226363
203722,unmanaged,81,110,0.0011439
203722,managed,82,110,0.0010349
203723,unmanaged,110,23,86.241
203723,managed,111,23,78.029
203725,unmanaged,95,81,0.186226
203725,managed,96,81,0.168493
203726,unmanaged,87,127,10.4548
203726,managed,88,127,9.4593
203729,unmanaged,95,93,0.0115918
203729,managed,96,93,0.010488
203730,unmanaged,118,154,0.0032116
203730,managed,119,154,0.0029057
203731,unmanaged,87,160,2.08549
203731,managed,88,160,1.8869
203732,unmanaged,78,172,0.428046
203732,managed,79,172,0.387287
203734,unmanaged,87,77,97.848
203734,managed,88,77,88.531
203737,unmanaged,78,91,2.4431
203737,managed,79,91,2.21046
203738,unmanaged,15,183,16.3913
203740,unmanaged,87,105,14.5636
203740,managed,88,105,13.1769
203742,unmanaged,81,110,3.17264
203742,managed,82,110,2.87053
203744,unmanaged,112,59,0.27081
203744,managed,97,59,0.245022
203745,unmanaged,87,226,4.17149
203745,managed,88,226,3.77427
203746,unmanaged,87,119,8.3516
203746,managed,88,119,7.5563
203747,unmanaged,95,98,3.66094
203747,managed,96,98,3.31233
203749,unmanaged,84,156,0.0362789
203749,managed,85,156,0.0328243
203750,unmanaged,112,29,8.4895
203750,managed,97,29,7.6811
203752,unmanaged,112,49,595.77
203752,managed,97,49,539.04
203754,unmanaged,87,119,2.02469
203754,managed,88,119,1.83189
203755,unmanaged,13,237,41.644
203756,unmanaged,112,49,3.90082
203756,managed,97,49,3.52938
203760,unmanaged,110,16,10.2512
203760,managed,111,16,9.2751
203762,unmanaged,95,177,0.383356
203762,managed,96,177,0.346852
203763,unmanaged,118,154,0.146134
203763,managed,119,154,0.132219
203764,unmanaged,84,429,0.0105538
203764,managed,85,429,0.0095488
203766,unmanaged,81,110,0.027111
203766,managed,82,110,0.0245294
203768,unmanaged,81,156,0.0281119
203768,managed,82,156,0.025435
203769,unmanaged,24,81,3.7166
203772,unmanaged,106,30,1.76654
203772,managed,107,30,1.59833
203773,unmanaged,81,110,0.0112595
203773,managed,82,110,0.0101873
203774,unmanaged,81,110,0.0021035
203774,managed,82,110,0.0019032
203775,unmanaged,42,110,0.0291009
203776,unmanaged,112,52,0.79811
203776,managed,97,52,0.72211
203778,unmanaged,112,49,1.21631
203778,managed,97,49,1.10049
203779,unmanaged,81,117,65.56
203779,managed,82,117,59.317
203780,unmanaged,87,108,0.0335923
203780,managed,88,108,0.0303936
203783,unmanaged,106,34,24.7195
203783,managed,107,34,22.3657
203784,unmanaged,128,116,4.43057
203784,managed,129,116,4.00868
203790,unmanaged,78,132,62.538
203790,managed,79,132,56.583
203791,unmanaged,112,49,0.0031483
203791,managed,97,49,0.0028485
203793,unmanaged,95,94,0.355768
203793,managed,96,94,0.321891
203794,unmanaged,87,80,17.1956
203794,managed,88,80,15.5582
203795,unmanaged,78,172,14.8099
203795,managed,79,172,13.3997
203796,unmanaged,110,14,83.32
203796,managed,111,14,75.386
203801,unmanaged,87,160,0.62568
203801,managed,88,160,0.5661
203802,unmanaged,78,91,25.5424
203802,managed,79,91,23.1102
203803,unmanaged,78,172,17.899
203803,managed,79,172,16.1946
203804,unmanaged,113,69,0.93415
203804,managed,114,69,0.8452
203807,unmanaged,87,160,5.3384
203807,managed,88,160,4.83003
203808,unmanaged,95,171,0.292233
203808,managed,96,171,0.264406
203812,unmanaged,87,119,26.3685
203812,managed,88,119,23.8576
203814,unmanaged,110,16,29.9247
203814,managed,111,16,27.0751
203815,unmanaged,87,160,4.0417
203815,managed,88,160,3.65684
203816,unmanaged,87,297,1.42518
203816,managed,88,297,1.28947
203817,unmanaged,112,49,1.37924
203817,managed,97,49,1.2479
203820,unmanaged,87,108,0.0136395
203820,managed,88,108,0.0123407
203822,unmanaged,118,137,0.57479
203822,managed,119,137,0.52005
203825,unmanaged,84,436,1.24083
203825,managed,85,436,1.12267
203827,unmanaged,112,49,0.266604
203827,managed,97,49,0.241217
203828,unmanaged,95,171,0.281082
203828,managed,96,171,0.254317
203829,unmanaged,106,30,3.36888
203829,managed,107,30,3.04809
203830,unmanaged,87,119,0.39412
203830,managed,88,119,0.356591
203832,unmanaged,87,108,0.085643
203832,managed,88,108,0.077488
203835,unmanaged,112,28,1.90569
203835,managed,97,28,1.72423
203836,unmanaged,87,160,45.4339
203836,managed,88,160,41.1075
203837,unmanaged,95,131,0.483841
203837,managed,96,131,0.437768
203838,unmanaged,81,110,0.007128
203838,managed,82,110,0.0064493
203839,unmanaged,106,30,1.68828
203839,managed,107,30,1.52752
203840,unmanaged,113,91,0.109683
203840,managed,114,91,0.099238
203841,unmanaged,110,19,10.7093
203841,managed,111,19,9.6896
203842,unmanaged,87,119,1.47631
203842,managed,88,119,1.33573
203843,unmanaged,81,110,1.42077
203843,managed,82,110,1.28548
203844,unmanaged,108,0,269.835
203844,managed,86,0,244.141
203845,unmanaged,87,160,13.6729
203845,managed,88,160,12.371
203846,unmanaged,42,110,0.0033569
203847,unmanaged,87,204,24.3946
203847,managed,88,204,22.0717
203848,unmanaged,95,62,10.8862
203848,managed,96,62,9.8496
203849,unmanaged,102,12,236.608
203849,managed,103,12,214.077
203853,unmanaged,87,111,25.378
203853,managed,88,111,22.9615
203854,unmanaged,95,94,1.05884
203854,managed,96,94,0.95802
203855,unmanaged,112,28,5.135
203855,managed,97,28,4.646
203857,unmanaged,95,104,5.9505
203857,managed,96,104,5.3839
203858,unmanaged,106,32,17.6185
203858,managed,107,32,15.9408
203859,unmanaged,50,111,0.166909
203861,unmanaged,95,87,6.9126
203861,managed,96,87,6.2543
203862,unmanaged,110,23,15.205
203862,managed,111,23,13.7572
203863,unmanaged,106,33,27.7794
203863,managed,107,33,25.1341
203864,unmanaged,95,82,2.18957
203864,managed,96,82,1.98107
203867,unmanaged,81,111,2.48349
203867,managed,82,111,2.24701
203868,unmanaged,95,92,45.5512
203868,managed,96,92,41.2137
203869,unmanaged,87,143,9.8766
203869,managed,88,143,8.9361
203870,unmanaged,87,92,8.7917
203870,managed,88,92,7.9546
203871,unmanaged,110,23,5.7505
203871,managed,111,23,5.2029
203872,unmanaged,87,113,3.73338
203872,managed,88,113,3.37787
203874,unmanaged,95,79,4.75175
203874,managed,96,79,4.29927
203877,unmanaged,106,20,74.249
203877,managed,107,20,67.179
203878,unmanaged,95,109,0.343994
203878,managed,96,109,0.311238
203879,unmanaged,110,18,14.6658
203879,managed,111,18,13.2693
203881,unmanaged,87,121,3.54565
203881,managed,88,121,3.20803
203882,unmanaged,87,141,0.364983
203882,managed,88,141,0.330229
203883,unmanaged,95,88,8.8183
203883,managed,96,88,7.9786
203884,unmanaged,95,79,8.4182
203884,managed,96,79,7.6166
203885,unmanaged,106,32,53.352
203885,managed,107,32,48.2713
203886,unmanaged,108,34,8.8866
203886,managed,86,34,8.0404
203888,unmanaged,95,107,62.555
203888,managed,96,107,56.598
203889,unmanaged,110,22,25.8161
203889,managed,111,22,23.3578
203890,unmanaged,106,20,25.9326
203890,managed,107,20,23.4632
203891,unmanaged,106,29,13.1798
203891,managed,107,29,11.9248
203895,unmanaged,106,33,18.406
203895,managed,107,33,16.6533
203896,unmanaged,110,16,11.899
203896,managed,111,16,10.766
203897,unmanaged,95,69,1.70012
203897,managed,96,69,1.53823
203899,unmanaged,87,226,30.8894
203899,managed,88,226,27.9481
203900,unmanaged,87,138,8.5168
203900,managed,88,138,7.7058
203901,unmanaged,78,106,7.1702
203901,managed,79,106,6.4874
203902,unmanaged,81,111,3.42919
203902,managed,82,111,3.10266
203903,unmanaged,95,97,9.485
203903,managed,96,97,8.5818
203904,unmanaged,106,29,19.4431
203904,managed,107,29,17.5917
203905,unmanaged,95,87,23.1579
203905,managed,96,87,20.9528
203906,unmanaged,106,33,44.5165
203906,managed,107,33,40.2775
203907,unmanaged,110,25,4.4943
203907,managed,111,25,4.06634
203908,unmanaged,95,161,0.77138
203908,managed,96,161,0.69793
203909,unmanaged,106,30,66.8
203909,managed,107,30,60.439
203910,unmanaged,106,33,59.593
203910,managed,107,33,53.918
203911,unmanaged,50,111,0.087373
203912,unmanaged,110,16,25.4376
203912,managed,111,16,23.0153
203913,unmanaged,87,164,0.359238
203913,managed,88,164,0.32503
203956,unmanaged,24,106,1.32674
203957,unmanaged,13,296,0.97455
203958,unmanaged,13,156,9.8271
203959,unmanaged,13,436,136.427
203960,unmanaged,13,126,0.0181639
203961,unmanaged,13,126,0.0401105
203962,unmanaged,15,211,6.5447
203963,unmanaged,13,116,15.1095
203964,unmanaged,24,296,2.74647
203965,unmanaged,76,0,0.152966
203966,unmanaged,13,278,19.4973
203967,unmanaged,15,124,13.1721
203968,unmanaged,13,186,0.0229756
203969,unmanaged,13,278,7.8309
203970,unmanaged,23,171,0.100508
203971,unmanaged,50,146,2.39852
203973,unmanaged,50,146,5.5879
203974,unmanaged,73,139,0.0157101
203975,unmanaged,13,429,18.846
203976,unmanaged,24,296,2.18162
203977,unmanaged,14,66,4.29636
203978,unmanaged,13,223,0.0137293
203980,unmanaged,13,278,4.34
203981,unmanaged,13,136,0.0051514
203982,unmanaged,42,148,8.5494
203983,unmanaged,13,296,2.06733
203984,unmanaged,24,111,0.214059
203985,unmanaged,131,49,0.97962
203986,unmanaged,15,163,0.060396
203988,unmanaged,24,240,1.01355
203991,unmanaged,23,171,0.88093
203993,unmanaged,131,49,0.011158
203994,unmanaged,131,59,45.4764
203995,unmanaged,15,160,0.0034442
203998,unmanaged,42,110,2.46331
204000,unmanaged,15,119,0.0033982
204005,unmanaged,13,237,0.200136
204006,unmanaged,42,110,0.73721
204007,unmanaged,13,256,0.249773
204009,unmanaged,131,28,0.388936
204014,unmanaged,24,116,0.075391
204015,unmanaged,24,172,3.0018
204017,unmanaged,42,110,86.437
204019,unmanaged,14,154,14.6354
204020,unmanaged,14,154,2.07
204023,unmanaged,13,236,0.233508
204026,unmanaged,75,10,0.0078161
204027,unmanaged,75,30,0.0448156
204028,unmanaged,131,52,6.8135
204029,unmanaged,42,110,0.5241
204031,unmanaged,70,23,1.96935
204033,unmanaged,15,108,4.41
204034,unmanaged,23,94,35.682
204035,unmanaged,131,49,0.74112
204036,unmanaged,23,81,1.43188
204037,unmanaged,15,127,3.76027
204039,unmanaged,72,14,0.0112998
204044,unmanaged,23,93,13.8414
204045,unmanaged,14,154,7.9339
204046,unmanaged,15,160,0.112444
204048,unmanaged,24,172,0.264667
204053,unmanaged,15,77,0.0261889
204054,unmanaged,22,126,7.0253
204055,unmanaged,23,171,0.214923
204057,unmanaged,13,136,5.8853
204059,unmanaged,24,436,1.35434
204060,unmanaged,24,91,0.003834
204061,unmanaged,15,183,0.198662
204063,unmanaged,131,49,26.9338
204066,unmanaged,42,110,10.931
204068,unmanaged,131,59,2.19417
204070,unmanaged,15,226,0.135122
204071,unmanaged,15,119,0.0096807
204073,unmanaged,24,73,21.1906
204075,unmanaged,23,98,37.4789
204077,unmanaged,13,156,10.231
204078,unmanaged,131,29,0.149408
204079,unmanaged,15,108,4.86
204082,unmanaged,13,116,0.049849
204083,unmanaged,131,49,160.364
204086,unmanaged,15,244,12.15
204089,unmanaged,15,119,0.0045541
204090,unmanaged,13,237,0.206017
204091,unmanaged,43,87,0.234935
204092,unmanaged,131,49,3.57333
204093,unmanaged,13,297,37.8242
204097,unmanaged,14,154,10.68
204098,unmanaged,70,16,0.229627
204101,unmanaged,23,177,1.71621
204102,unmanaged,14,154,9.1716
204103,unmanaged,23,171,0.067917
204104,unmanaged,13,429,27.7905
204106,unmanaged,42,110,4.81312
204108,unmanaged,42,156,11.5641
204109,unmanaged,24,81,0.7834
204110,unmanaged,43,173,0.0098723
204115,unmanaged,75,30,0.0351259
204116,unmanaged,14,137,5.4903
204117,unmanaged,42,110,5.4882
204118,unmanaged,42,110,0.88981
204120,unmanaged,42,110,5.8895
204122,unmanaged,14,154,24.8774
204123,unmanaged,131,52,22.1598
204125,unmanaged,131,49,1.30462
204127,unmanaged,15,108,18.616
204132,unmanaged,75,34,0.379723
204133,unmanaged,24,436,0.85138
204134,unmanaged,23,171,3.89086
204135,unmanaged,13,116,1.03421
204136,unmanaged,15,183,4.79381
204137,unmanaged,73,116,0.013769
204147,unmanaged,23,171,0.11106
204149,unmanaged,23,86,33.4254
204150,unmanaged,24,132,0.029498
204151,unmanaged,131,49,2.49458
204153,unmanaged,23,94,4.36234
204155,unmanaged,15,80,41.0461
204156,unmanaged,13,296,11.0073
204157,unmanaged,13,216,0.0037495
204158,unmanaged,24,172,0.140358
204159,unmanaged,70,14,0.0117181
204166,unmanaged,23,171,28.703
204169,unmanaged,24,91,0.0312
204171,unmanaged,50,127,3.51
204172,unmanaged,24,172,0.106319
204173,unmanaged,50,69,0.0024516
204177,unmanaged,15,160,0.0027188
204179,unmanaged,23,171,1.03561
204180,unmanaged,24,108,13.2156
204182,unmanaged,13,236,1.44188
204187,unmanaged,15,119,0.0057816
204189,unmanaged,15,161,2.73989
204190,unmanaged,70,16,0.0129884
204191,unmanaged,15,160,5.5429
204193,unmanaged,15,297,0.075344
204194,unmanaged,42,85,0.81374
204195,unmanaged,131,49,10.668
204197,unmanaged,50,101,14.2531
204198,unmanaged,43,237,0.0320836
204199,unmanaged,42,110,0.61109
204201,unmanaged,14,137,0.165058
204203,unmanaged,50,107,11.6717
204207,unmanaged,15,108,7.134
204208,unmanaged,15,160,4.64489
204209,unmanaged,14,137,0.055161
204213,unmanaged,13,436,33.7866
204214,unmanaged,24,296,1.42519
204216,unmanaged,13,216,0.0291863
204217,unmanaged,131,49,0.405992
204218,unmanaged,23,171,1.23222
204219,unmanaged,15,108,1.08
204220,unmanaged,75,30,0.143032
204223,unmanaged,15,108,3.77687
204224,unmanaged,24,81,2.0652
204226,unmanaged,14,154,66.205
204229,unmanaged,131,28,0.0400809
204232,unmanaged,15,160,0.0047361
204233,unmanaged,23,131,0.55521
204234,unmanaged,42,110,2.67655
204235,unmanaged,14,154,2.16
204236,unmanaged,75,30,0.054196
204237,unmanaged,50,91,6.3006
204238,unmanaged,70,19,0.107975
204241,unmanaged,42,110,4.05561
204242,unmanaged,77,0,4.21726
204243,unmanaged,15,160,0.0129536
204245,unmanaged,42,110,1.01273
204246,unmanaged,15,204,3.55365
204247,unmanaged,15,100,0.50169
204249,unmanaged,15,108,1.08
204251,unmanaged,23,62,89.824
204259,unmanaged,72,12,0.345602
204261,unmanaged,23,197,1.94845
204264,unmanaged,23,94,2.66314
204265,unmanaged,131,28,0.0090298
204266,unmanaged,42,110,1.30982
204268,unmanaged,23,104,35.3281
204270,unmanaged,50,111,1.68131
204272,unmanaged,23,87,70.06
204273,unmanaged,70,23,0.097513
204275,unmanaged,23,82,0.112843
204278,unmanaged,42,111,0.0013096
204279,unmanaged,23,92,57.995
204280,unmanaged,15,143,160.054
204281,unmanaged,15,92,0.93302
204282,unmanaged,70,23,0.0484967
204283,unmanaged,15,113,59.059
204285,unmanaged,23,79,21.7233
204288,unmanaged,75,20,0.5157
204289,unmanaged,23,109,33.9771
204290,unmanaged,70,18,0.0026462
204292,unmanaged,15,121,16.2545
204293,unmanaged,15,141,25.9448
204294,unmanaged,23,88,78.372
204295,unmanaged,23,79,23.7303
204296,unmanaged,75,32,11.0287
204299,unmanaged,23,107,11.945
204300,unmanaged,70,22,0.0098108
204301,unmanaged,75,20,0.0276065
204302,unmanaged,75,29,0.77934
204306,unmanaged,75,33,0.119435
204307,unmanaged,70,16,1.4869
204308,unmanaged,23,69,27.2861
204310,unmanaged,15,226,2.72772
204311,unmanaged,15,138,1.93439
204312,unmanaged,24,106,0.202374
204313,unmanaged,42,111,0.0023005
204314,unmanaged,23,97,23.9919
204315,unmanaged,75,29,1.76338
204316,unmanaged,23,87,37.4809
204318,unmanaged,70,25,0.0177916
204320,unmanaged,75,30,7.0128
204322,unmanaged,50,111,0.0316609
204324,unmanaged,15,164,57.431
204403,unmanaged,84,226,0.155172
204403,managed,85,226,0.140396
204404,unmanaged,24,238,0.423741
204405,unmanaged,84,226,1.99869
204405,managed,85,226,1.80837
204406,unmanaged,14,171,0.93426
204407,unmanaged,78,137,0.89101
204407,managed,79,137,0.80616
204408,unmanaged,14,116,2.0404
204409,unmanaged,78,111,0.51679
204409,managed,79,111,0.467577
204410,unmanaged,84,216,1.56253
204410,managed,85,216,1.41374
204411,unmanaged,95,156,3.33359
204411,managed,96,156,3.01616
204413,unmanaged,78,238,0.0022696
204413,managed,79,238,0.0020535
204414,unmanaged,42,98,0.119573
204415,unmanaged,14,116,1.03055
204416,unmanaged,43,176,0.11817
204417,unmanaged,87,211,0.109962
204417,managed,88,211,0.099491
204418,unmanaged,24,238,1.24363
204419,unmanaged,84,238,0.94427
204419,managed,85,238,0.85436
204420,unmanaged,14,196,2.51183
204421,unmanaged,23,100,22.0899
204422,unmanaged,84,196,0.101828
204422,managed,85,196,0.092131
204424,unmanaged,14,100,0.0151034
204425,unmanaged,81,94,0.138489
204425,managed,82,94,0.125302
204428,unmanaged,104,336,0.148238
204428,managed,105,336,0.134123
204430,unmanaged,14,111,0.239827
204433,unmanaged,14,130,0.006735
204434,unmanaged,78,173,0.0030862
204434,managed,79,173,0.0027923
204438,unmanaged,14,100,1.20374
204441,unmanaged,84,116,9.084
204441,managed,85,116,8.219
204443,unmanaged,84,236,3.45533
204443,managed,85,236,3.1263
204444,unmanaged,14,100,0.326982
204448,unmanaged,84,196,3.23534
204448,managed,85,196,2.92727
204450,unmanaged,98,146,0.0114618
204450,managed,99,146,0.0103704
204454,unmanaged,118,151,8.426
204454,managed,119,151,7.6236
204456,unmanaged,14,136,1.2302
204457,unmanaged,84,226,0.87845
204457,managed,85,226,0.7948
204458,unmanaged,14,100,2.55034
204460,unmanaged,78,311,9.4734
204460,managed,79,311,8.5713
204461,unmanaged,87,196,2.69169
204461,managed,88,196,2.43538
204462,unmanaged,14,136,1.65093
204466,unmanaged,78,296,0.58219
204466,managed,79,296,0.52675
204467,unmanaged,84,238,0.309072
204467,managed,85,238,0.279641
204468,unmanaged,78,116,2.47228
204468,managed,79,116,2.23686
204471,unmanaged,84,236,0.72116
204471,managed,85,236,0.65249
204478,unmanaged,78,436,0.0326854
204478,managed,79,436,0.029573
204479,unmanaged,13,216,7.1692
204481,unmanaged,84,236,15.7096
204481,managed,85,236,14.2137
204484,unmanaged,13,216,2.45323
204510,unmanaged,13,226,2.22443
204511,unmanaged,24,166,10.7644
204512,unmanaged,24,226,1.70635
204513,unmanaged,24,238,0.89419
204514,unmanaged,13,226,10.2285
204515,unmanaged,13,137,0.9166
204516,unmanaged,13,216,12.5606
204517,unmanaged,14,171,1.65254
204518,unmanaged,13,216,1.43207
204519,unmanaged,24,137,0.7721
204520,unmanaged,14,96,5.1001
204521,unmanaged,14,116,6.987
204522,unmanaged,24,111,1.89564
204523,unmanaged,24,146,9.3624
204524,unmanaged,14,126,4.80802
204525,unmanaged,13,216,2.35373
204526,unmanaged,23,171,2.8585
204527,unmanaged,23,156,0.0203923
204528,unmanaged,15,191,3.89435
204530,unmanaged,14,196,5.6579
204531,unmanaged,24,238,0.85861
204532,unmanaged,76,0,5.7618
204533,unmanaged,42,98,2.5458
204534,unmanaged,14,196,1.17
204535,unmanaged,15,216,1.51665
204536,unmanaged,14,116,2.76648
204537,unmanaged,14,165,11.155
204538,unmanaged,43,176,1.21614
204539,unmanaged,43,116,11.3226
204540,unmanaged,15,211,1.24348
204541,unmanaged,15,211,2.89928
204542,unmanaged,24,238,1.65588
204543,unmanaged,14,116,2.45113
204544,unmanaged,13,238,0.312548
204545,unmanaged,24,236,0.0155784
204546,unmanaged,24,226,4.47692
204547,unmanaged,14,156,7.2923
204548,unmanaged,43,116,4.73121
204549,unmanaged,14,165,1.41056
204550,unmanaged,23,196,0.68516
204551,unmanaged,43,116,7.1371
204552,unmanaged,14,96,3.25233
204553,unmanaged,14,61,1.45806
204555,unmanaged,43,228,19.5581
204556,unmanaged,13,226,1.12329
204558,unmanaged,23,100,15.8582
204559,unmanaged,13,196,1.36628
204560,unmanaged,13,196,0.91498
204562,unmanaged,14,156,3.13218
204563,unmanaged,14,126,2.51696
204564,unmanaged,14,100,2.4074
204565,unmanaged,15,236,8.3122
204566,unmanaged,13,196,4.5408
204567,unmanaged,24,226,1.15031
204568,unmanaged,42,94,1.98621
204572,unmanaged,50,98,29.71
204573,unmanaged,24,116,2.57835
204574,unmanaged,43,336,0.71416
204580,unmanaged,14,111,3.01436
204582,unmanaged,22,146,1.17941
204586,unmanaged,14,154,1.08
204587,unmanaged,14,130,1.98225
204588,unmanaged,23,171,1.10623
204591,unmanaged,23,171,0.227281
204592,unmanaged,24,173,2.65091
204594,unmanaged,24,226,2.05397
204595,unmanaged,50,106,1.23848
204596,unmanaged,13,166,6.732
204597,unmanaged,50,81,1.35014
204598,unmanaged,15,236,2.20496
204601,unmanaged,14,126,17.0628
204602,unmanaged,14,100,4.01814
204604,unmanaged,15,236,3.74487
204608,unmanaged,42,151,1.67971
204609,unmanaged,13,116,5.6288
204611,unmanaged,13,236,8.6517
204612,unmanaged,14,100,3.0235
204614,unmanaged,50,81,4.93862
204615,unmanaged,13,196,10.4576
204617,unmanaged,15,236,2.24405
204618,unmanaged,15,236,19.1342
204619,unmanaged,50,106,1.72993
204623,unmanaged,15,236,3.8674
204625,unmanaged,13,196,1.81661
204626,unmanaged,13,336,0.65238
204628,unmanaged,22,146,13.2957
204630,unmanaged,24,226,1.95159
204633,unmanaged,15,236,3.88
204634,unmanaged,14,196,0.26895
204635,unmanaged,14,86,2.34257
204637,unmanaged,15,236,1.03352
204638,unmanaged,73,106,5.9247
204641,unmanaged,23,116,14.7046
204642,unmanaged,13,196,1.39718
204643,unmanaged,14,151,1.99868
204645,unmanaged,14,136,7.7191
204648,unmanaged,43,173,2.18809
204649,unmanaged,13,196,7.8654
204651,unmanaged,13,226,5.0162
204652,unmanaged,14,100,3.10867
204655,unmanaged,42,94,3.9653
204657,unmanaged,24,311,6.0189
204658,unmanaged,24,311,1.71861
204660,unmanaged,13,196,1.84943
204661,unmanaged,14,100,4.22265
204663,unmanaged,15,196,2.69694
204664,unmanaged,23,196,10.9181
204667,unmanaged,15,211,0.166764
204668,unmanaged,13,166,3.52831
204669,unmanaged,23,146,2.20244
204672,unmanaged,59,86,0.108783
204673,unmanaged,14,136,2.82637
204675,unmanaged,14,136,0.5518
204676,unmanaged,13,191,16.592
204679,unmanaged,13,166,2.97144
204689,unmanaged,13,296,0.0450054
204690,unmanaged,13,436,0.91236
204691,unmanaged,15,211,0.090409
204692,unmanaged,24,296,0.0100603
204693,unmanaged,23,171,1.31459
204694,unmanaged,13,238,1.88317
204695,unmanaged,24,296,0.0136662
204696,unmanaged,14,66,0.011546
204697,unmanaged,13,238,0.145589
204699,unmanaged,24,116,2.82832
204701,unmanaged,42,110,7.6821
204703,unmanaged,13,236,5.0828
204709,unmanaged,24,436,0.0057717
204712,unmanaged,13,297,1.7411
204714,unmanaged,43,173,0.89328
204716,unmanaged,24,436,0.54294
204717,unmanaged,15,183,0.0391587
204721,unmanaged,13,296,0.0011709
204722,unmanaged,13,216,0.477247
204724,unmanaged,13,236,14.9348
204727,unmanaged,42,85,4.78995
204732,unmanaged,13,216,0.0463361
204733,unmanaged,24,81,0.0040664
204734,unmanaged,14,154,2.90001
204797,unmanaged,78,137,2.9378
204797,managed,79,137,2.65805
204798,unmanaged,78,146,1.82807
204798,managed,79,146,1.654
204799,unmanaged,78,137,4.45716
204799,managed,79,137,4.03273
204800,unmanaged,84,234,2.15428
204800,managed,85,234,1.94914
204801,unmanaged,84,146,2.36733
204801,managed,85,146,2.14191
204802,unmanaged,84,126,15.838
204802,managed,85,126,14.3299
204803,unmanaged,84,278,4.80887
204803,managed,85,278,4.35096
204804,unmanaged,109,4,13.5975
204804,managed,83,4,12.3028
204805,unmanaged,78,81,1.88233
204805,managed,79,81,1.70309
204806,unmanaged,84,137,3.66121
204806,managed,85,137,3.31258
204807,unmanaged,84,137,0.56989
204807,managed,85,137,0.51563
204808,unmanaged,84,126,11.5571
204808,managed,85,126,10.4566
204809,unmanaged,84,234,34.4345
204809,managed,85,234,31.1556
204810,unmanaged,95,156,1.06463
204810,managed,96,156,0.96325
204811,unmanaged,104,146,31.5407
204811,managed,105,146,28.5373
204812,unmanaged,87,171,2.05655
204812,managed,88,171,1.86072
204813,unmanaged,84,137,0.95012
204813,managed,85,137,0.85965
204814,unmanaged,84,147,1.57575
204814,managed,85,147,1.4257
204815,unmanaged,84,137,1.8063
204815,managed,85,137,1.6343
204816,unmanaged,84,278,3.75591
204816,managed,85,278,3.39826
204817,unmanaged,84,216,6.8303
204817,managed,85,216,6.1799
204818,unmanaged,87,278,0.84191
204818,managed,88,278,0.76174
204819,unmanaged,84,234,7.1327
204819,managed,85,234,6.4535
204820,unmanaged,118,66,3.03863
204820,managed,119,66,2.74928
204821,unmanaged,109,4,2.94896
204821,managed,83,4,2.66815
204822,unmanaged,78,146,1.70024
204822,managed,79,146,1.53834
204823,unmanaged,84,236,3.71105
204823,managed,85,236,3.35768
204824,unmanaged,84,234,14.2919
204824,managed,85,234,12.931
204825,unmanaged,78,131,1.38556
204825,managed,79,131,1.25362
204826,unmanaged,118,149,8.5019
204826,managed,119,149,7.6923
204827,unmanaged,84,234,0.57
204827,managed,85,234,0.51572
204828,unmanaged,104,146,0.71259
204828,managed,105,146,0.64474
204829,unmanaged,84,126,4.04563
204829,managed,85,126,3.66039
204830,unmanaged,84,278,3.64133
204830,managed,85,278,3.29459
204831,unmanaged,78,221,0.78344
204831,managed,79,221,0.70884
204832,unmanaged,104,146,27.3808
204832,managed,105,146,24.7735
204833,unmanaged,118,66,1.05424
204833,managed,119,66,0.95385
204834,unmanaged,78,131,1.24196
204834,managed,79,131,1.1237
204835,unmanaged,95,156,0.65473
204835,managed,96,156,0.59238
204836,unmanaged,84,278,2.86857
204836,managed,85,278,2.59542
204837,unmanaged,84,216,1.13867
204837,managed,85,216,1.03024
204838,unmanaged,78,131,2.01529
204838,managed,79,131,1.82338
204839,unmanaged,84,137,3.90021
204839,managed,85,137,3.52882
204840,unmanaged,95,65,7.195
204840,managed,96,65,6.5098
204841,unmanaged,118,137,4.97735
204841,managed,119,137,4.5034
204842,unmanaged,106,32,24.6132
204842,managed,107,32,22.2695
204843,unmanaged,78,148,7.4381
204843,managed,79,148,6.7298
204844,unmanaged,112,60,0.59708
204844,managed,97,60,0.54022
204845,unmanaged,87,159,2.71137
204845,managed,88,159,2.45319
204847,unmanaged,81,110,1.63244
204847,managed,82,110,1.47699
204848,unmanaged,87,237,22.641
204848,managed,88,237,20.4851
204849,unmanaged,112,59,22.3757
204849,managed,97,59,20.2451
204850,unmanaged,87,237,2.70385
204850,managed,88,237,2.44638
204851,unmanaged,95,171,0.80378
204851,managed,96,171,0.72724
204852,unmanaged,78,117,30.0743
204852,managed,79,117,27.2106
204853,unmanaged,113,148,1.02172
204853,managed,114,148,0.92443
204855,unmanaged,102,14,17.5409
204855,managed,103,14,15.8706
204856,unmanaged,112,46,7.8056
204856,managed,97,46,7.0623
204858,unmanaged,78,162,14.807
204858,managed,79,162,13.3971
204859,unmanaged,106,29,5.7004
204859,managed,107,29,5.1576
204860,unmanaged,106,29,9.9292
204860,managed,107,29,8.9837
204861,unmanaged,106,29,1.97664
204861,managed,107,29,1.78842
204862,unmanaged,104,194,17.2023
204862,managed,105,194,15.5642
204863,unmanaged,106,30,3.75198
204863,managed,107,30,3.3947
204865,unmanaged,110,24,105.287
204865,managed,111,24,95.261
204866,unmanaged,106,30,13.4129
204866,managed,107,30,12.1357
204867,unmanaged,108,0,1.23118
204867,managed,86,0,1.11394
204868,unmanaged,87,237,1.71407
204868,managed,88,237,1.55086
204869,unmanaged,106,28,5.5615
204869,managed,107,28,5.0319
204870,unmanaged,112,46,2.84174
204870,managed,97,46,2.57114
204871,unmanaged,104,146,1.27853
204871,managed,105,146,1.15679
204872,unmanaged,78,96,6.4098
204872,managed,79,96,5.7994
204873,unmanaged,104,194,1.28939
204873,managed,105,194,1.16661
204874,unmanaged,78,240,5.5311
204874,managed,79,240,5.0044
204875,unmanaged,104,127,2.65168
204875,managed,105,127,2.39918
204876,unmanaged,84,297,12.7525
204876,managed,85,297,11.5382
204877,unmanaged,84,126,5.079
204877,managed,85,126,4.59532
204878,unmanaged,84,234,3.48323
204878,managed,85,234,3.15155
204879,unmanaged,84,257,1.57868
204879,managed,85,257,1.42836
204880,unmanaged,112,60,15.8763
204880,managed,97,60,14.3645
204881,unmanaged,95,65,4.39738
204881,managed,96,65,3.97865
204882,unmanaged,104,186,3.88316
204882,managed,105,186,3.5134
204883,unmanaged,106,31,32.7752
204883,managed,107,31,29.6542
204884,unmanaged,112,52,10.3849
204884,managed,97,52,9.396
204885,unmanaged,112,32,3.78356
204885,managed,97,32,3.42328
204886,unmanaged,84,196,1.0907
204886,managed,85,196,0.98684
204887,unmanaged,95,171,0.52591
204887,managed,96,171,0.47583
204888,unmanaged,118,137,1.28928
204888,managed,119,137,1.16651
204889,unmanaged,108,32,2.88399
204889,managed,86,32,2.60937
204890,unmanaged,118,137,1.67817
204890,managed,119,137,1.51837
204891,unmanaged,87,114,3.25395
204891,managed,88,114,2.9441
204892,unmanaged,84,297,1.68805
204892,managed,85,297,1.52731
204893,unmanaged,112,49,1.91541
204893,managed,97,49,1.73302
204894,unmanaged,118,71,1.92836
204894,managed,119,71,1.74474
204895,unmanaged,87,151,61.72
204895,managed,88,151,55.843
204896,unmanaged,110,14,104.084
204896,managed,111,14,94.173
204897,unmanaged,106,35,11.373
204897,managed,107,35,10.2901
204898,unmanaged,113,66,1.12488
204898,managed,114,66,1.01777
204899,unmanaged,104,146,0.52153
204899,managed,105,146,0.471865
204900,unmanaged,106,28,2.47371
204900,managed,107,28,2.23816
204901,unmanaged,78,172,1.76902
204901,managed,79,172,1.60056
204903,unmanaged,81,110,0.476795
204903,managed,82,110,0.431394
204904,unmanaged,95,73,7.1759
204904,managed,96,73,6.4926
204905,unmanaged,112,49,7.4784
204905,managed,97,49,6.7662
204906,unmanaged,106,37,52.039
204906,managed,107,37,47.0837
204907,unmanaged,106,51,7.0327
204907,managed,107,51,6.363
204908,unmanaged,87,127,13.929
204908,managed,88,127,12.6026
204909,unmanaged,95,171,0.485098
204909,managed,96,171,0.438906
204910,unmanaged,95,65,0.92813
204910,managed,96,65,0.83975
204911,unmanaged,104,146,25.4621
204911,managed,105,146,23.0375
204912,unmanaged,112,52,4.03568
204912,managed,97,52,3.65139
204913,unmanaged,106,28,4.65104
204913,managed,107,28,4.20816
204914,unmanaged,110,14,64.641
204914,managed,111,14,58.485
204915,unmanaged,106,32,1.08493
204915,managed,107,32,0.98162
204916,unmanaged,81,122,5.395
204916,managed,82,122,4.88132
204917,unmanaged,104,156,6.0489
204917,managed,105,156,5.4729
204918,unmanaged,106,15,31.3718
204918,managed,107,15,28.3845
204919,unmanaged,106,30,36.3632
204919,managed,107,30,32.9006
204921,unmanaged,108,0,2.62313
204921,managed,86,0,2.37335
204922,unmanaged,106,33,187.756
204922,managed,107,33,169.877
204923,unmanaged,104,194,6.8076
204923,managed,105,194,6.1593
204924,unmanaged,112,52,2.05636
204924,managed,97,52,1.86055
204925,unmanaged,104,286,2.03874
204925,managed,105,286,1.8446
204926,unmanaged,87,84,9.1752
204926,managed,88,84,8.3016
204927,unmanaged,108,0,0.96594
204927,managed,86,0,0.87396
204928,unmanaged,104,194,1.76623
204928,managed,105,194,1.59805
204930,unmanaged,112,60,1.01568
204930,managed,97,60,0.91896
204931,unmanaged,81,106,0.98915
204931,managed,82,106,0.89496
204932,unmanaged,104,194,5.5766
204932,managed,105,194,5.0456
204933,unmanaged,78,148,2.80518
204933,managed,79,148,2.53806
204934,unmanaged,78,65,6.8654
204934,managed,79,65,6.2116
204935,unmanaged,87,114,33.7051
204935,managed,88,114,30.4956
204936,unmanaged,84,107,2.60218
204936,managed,85,107,2.35439
204937,unmanaged,106,28,4.25419
204937,managed,107,28,3.8491
204938,unmanaged,106,51,25.3043
204938,managed,107,51,22.8947
204939,unmanaged,95,171,6.2409
204939,managed,96,171,5.6466
204941,unmanaged,90,0,43.4329
204941,managed,91,0,39.2971
204942,unmanaged,84,278,55.242
204942,managed,85,278,49.9814
204943,unmanaged,87,124,8.8849
204943,managed,88,124,8.0389
204944,unmanaged,128,139,5.7275
204944,managed,129,139,5.1821
204947,unmanaged,84,256,11.8233
204947,managed,85,256,10.6974
204951,unmanaged,95,94,5.2472
204951,managed,96,94,4.74751
204952,unmanaged,102,14,45.9075
204952,managed,103,14,41.536
204953,unmanaged,95,171,0.333057
204953,managed,96,171,0.301342
204954,unmanaged,112,49,349.78
204954,managed,97,49,316.473
204955,unmanaged,78,73,5.6039
204955,managed,79,73,5.0703
204958,unmanaged,95,171,1.1681
204958,managed,96,171,1.05687
204960,unmanaged,118,137,1.9004
204960,managed,119,137,1.71944
204962,unmanaged,95,171,4.12048
204962,managed,96,171,3.72811
204964,unmanaged,95,171,0.413301
204964,managed,96,171,0.373945
204967,unmanaged,95,171,17.6661
204967,managed,96,171,15.9839
204969,unmanaged,104,237,12.3552
204969,managed,105,237,11.1787
204970,unmanaged,118,137,6.5272
204970,managed,119,137,5.9056
204971,unmanaged,113,107,63.546
204971,managed,114,107,57.495
204972,unmanaged,87,100,27.5638
204972,managed,88,100,24.9391
204975,unmanaged,84,137,2.93539
204975,managed,85,137,2.65587
204976,unmanaged,84,216,4.46682
204976,managed,85,216,4.04148
204977,unmanaged,84,216,0.28735
204977,managed,85,216,0.259988
204978,unmanaged,78,216,0.5831
204978,managed,79,216,0.52758
204979,unmanaged,78,236,0.54455
204979,managed,79,236,0.492697
204980,unmanaged,104,228,10.934
204980,managed,105,228,9.8929
204981,unmanaged,95,171,5.4868
204981,managed,96,171,4.96432
204982,unmanaged,113,81,2.21869
204982,managed,114,81,2.00742
204983,unmanaged,104,173,9.9731
204983,managed,105,173,9.0234
204986,unmanaged,84,297,76.64
204986,managed,85,297,69.342
204988,unmanaged,81,85,1.82692
204988,managed,82,85,1.65295
204992,unmanaged,24,137,0.97415
204993,unmanaged,24,146,0.0024477
204994,unmanaged,24,137,1.26011
204995,unmanaged,13,234,0.0465797
204997,unmanaged,13,126,0.55676
204998,unmanaged,13,278,0.050175
204999,unmanaged,74,4,0.227387
205000,unmanaged,24,81,0.161444
205001,unmanaged,13,137,0.156215
205002,unmanaged,13,137,0.0013321
205003,unmanaged,13,126,0.0205247
205004,unmanaged,13,234,1.84571
205005,unmanaged,23,156,0.058082
205006,unmanaged,43,146,1.59843
205007,unmanaged,15,171,0.052739
205008,unmanaged,13,137,0.0402281
205009,unmanaged,13,147,0.438551
205010,unmanaged,13,137,0.2894
205011,unmanaged,13,278,1.20932
205012,unmanaged,13,216,1.63729
205013,unmanaged,15,278,0.076355
205014,unmanaged,13,234,0.193887
205015,unmanaged,14,66,0.415984
205016,unmanaged,74,4,0.53294
205017,unmanaged,24,146,0.49514
205018,unmanaged,13,236,1.50974
205019,unmanaged,13,234,0.123091
205020,unmanaged,24,131,0.240818
205021,unmanaged,14,149,0.428798
205022,unmanaged,13,234,0.06428
205023,unmanaged,43,146,0.0227983
205024,unmanaged,13,126,0.226442
205025,unmanaged,13,278,0.284083
205026,unmanaged,24,221,0.307728
205028,unmanaged,14,66,0.0367647
205029,unmanaged,24,131,0.404343
205030,unmanaged,23,156,0.298555
205031,unmanaged,13,278,0.314231
205032,unmanaged,13,216,0.90638
205033,unmanaged,24,131,0.67133
205034,unmanaged,13,137,1.14645
205035,unmanaged,23,65,0.282615
205036,unmanaged,14,137,0.60925
205037,unmanaged,75,32,0.94037
205038,unmanaged,24,148,0.282084
205039,unmanaged,131,60,0.0326951
205040,unmanaged,15,159,0.225442
205042,unmanaged,42,110,0.387085
205043,unmanaged,15,237,2.17854
205044,unmanaged,131,59,0.0391949
205045,unmanaged,15,237,0.289765
205046,unmanaged,23,171,0.0339424
205047,unmanaged,24,117,1.82892
205048,unmanaged,50,148,0.073846
205050,unmanaged,72,14,0.055828
205051,unmanaged,24,311,0.521
205052,unmanaged,131,46,0.0321198
205054,unmanaged,24,162,1.78523
205055,unmanaged,75,29,0.061947
205056,unmanaged,75,29,0.467138
205057,unmanaged,75,29,0.53494
205058,unmanaged,43,194,0.393503
205059,unmanaged,75,30,0.184581
205061,unmanaged,70,24,1.61596
205062,unmanaged,75,30,0.078204
205063,unmanaged,77,0,0.053229
205064,unmanaged,15,237,0.09507
205065,unmanaged,75,28,0.67163
205066,unmanaged,131,46,0.417121
205067,unmanaged,43,146,0.064979
205068,unmanaged,24,96,0.76977
205069,unmanaged,43,194,0.244002
205070,unmanaged,24,240,0.064476
205071,unmanaged,43,127,0.499193
205072,unmanaged,42,126,0.110942
205073,unmanaged,13,297,0.339371
205074,unmanaged,13,126,0.55169
205075,unmanaged,13,234,0.68454
205076,unmanaged,13,257,0.112957
205077,unmanaged,131,60,0.089267
205078,unmanaged,23,65,0.318512
205079,unmanaged,43,237,0.63818
205080,unmanaged,43,186,0.9251
205081,unmanaged,75,31,0.001203
205082,unmanaged,131,52,1.44902
205083,unmanaged,131,32,1.38013
205084,unmanaged,13,196,0.202519
205085,unmanaged,23,171,0.0043063
205086,unmanaged,14,137,0.074216
205087,unmanaged,77,32,0.0096572
205088,unmanaged,14,137,0.423468
205089,unmanaged,15,114,0.0219424
205090,unmanaged,13,297,0.354641
205091,unmanaged,131,49,0.73294
205092,unmanaged,14,71,0.6494
205093,unmanaged,15,151,0.0417079
205094,unmanaged,70,14,1.35163
205095,unmanaged,75,35,1.08437
205096,unmanaged,50,66,0.107346
205097,unmanaged,43,146,0.310324
205098,unmanaged,42,110,0.51322
205099,unmanaged,75,28,0.49813
205100,unmanaged,24,172,0.14042
205102,unmanaged,42,110,0.0052706
205103,unmanaged,23,73,0.0115102
205104,unmanaged,42,100,0.51997
205105,unmanaged,131,49,0.078328
205106,unmanaged,75,37,0.480411
205107,unmanaged,75,51,0.244917
205108,unmanaged,15,127,0.091817
205109,unmanaged,23,171,0.061026
205110,unmanaged,23,65,0.252127
205111,unmanaged,43,146,0.0325103
205112,unmanaged,131,52,0.50293
205113,unmanaged,75,28,0.10187
205114,unmanaged,70,14,0.0409781
205115,unmanaged,43,237,0.323868
205116,unmanaged,75,32,0.0404155
205117,unmanaged,42,122,0.143528
205118,unmanaged,43,156,0.0077563
205119,unmanaged,75,15,0.1705
205120,unmanaged,75,30,0.53332
205122,unmanaged,77,0,0.61054
205123,unmanaged,75,33,0.283714
205124,unmanaged,43,194,1.08313
205125,unmanaged,131,52,0.383084
205126,unmanaged,43,286,0.228273
205127,unmanaged,15,84,0.471534
205128,unmanaged,24,311,0.30186
205129,unmanaged,77,0,0.0097076
205130,unmanaged,43,194,0.055724
205132,unmanaged,24,148,0.385917
205133,unmanaged,131,60,0.112778
205134,unmanaged,42,106,0.289957
205135,unmanaged,43,194,0.247735
205136,unmanaged,24,148,0.266765
205137,unmanaged,24,65,0.65689
205138,unmanaged,15,114,0.6584
205139,unmanaged,13,107,0.63343
205140,unmanaged,75,28,0.27969
205141,unmanaged,75,51,0.78103
205142,unmanaged,23,171,0.23647
205144,unmanaged,76,0,0.381583
205145,unmanaged,13,278,1.4642
205146,unmanaged,15,124,0.5041
205147,unmanaged,73,139,0.073297
205150,unmanaged,13,237,0.99908
205151,unmanaged,13,256,0.60955
205155,unmanaged,23,94,0.403349
205156,unmanaged,72,14,0.76908
205157,unmanaged,23,171,0.142118
205158,unmanaged,131,49,4.21239
205159,unmanaged,24,73,0.085259
205162,unmanaged,23,171,0.366141
205164,unmanaged,14,137,0.309853
205166,unmanaged,23,171,0.78962
205168,unmanaged,23,171,0.117774
205171,unmanaged,23,171,0.458064
205173,unmanaged,43,237,0.254053
205174,unmanaged,14,137,1.09216
205175,unmanaged,50,107,0.72237
205176,unmanaged,15,100,2.25535
205179,unmanaged,13,137,0.222471
205180,unmanaged,13,216,0.189366
205181,unmanaged,13,216,0.100591
205182,unmanaged,24,216,0.097774
205183,unmanaged,24,236,0.087173
205184,unmanaged,43,228,0.373907
205185,unmanaged,23,171,0.449716
205186,unmanaged,50,81,0.107089
205187,unmanaged,43,173,0.66346
205189,unmanaged,13,191,0.58991
205191,unmanaged,42,110,2.72707
205192,unmanaged,13,297,2.16626
205193,unmanaged,43,173,0.58098
205195,unmanaged,42,85,0.0064342
205196,unmanaged,14,154,1.24734
205201,unmanaged,81,110,2.51977
205201,managed,82,110,2.27983
205202,unmanaged,42,110,0.137446
205203,unmanaged,87,226,4.0992
205203,managed,88,226,3.70886
205204,unmanaged,102,0,6.4332
205204,managed,103,0,5.8206
205205,unmanaged,95,171,14.0408
205205,managed,96,171,12.7038
205206,unmanaged,95,171,2.27444
205206,managed,96,171,2.05786
205207,unmanaged,116,61,1.57185
205207,managed,117,61,1.42217
205208,unmanaged,84,117,3.78517
205208,managed,85,117,3.42474
205209,unmanaged,95,171,10.6087
205209,managed,96,171,9.5985
205210,unmanaged,106,13,0.75958
205210,managed,107,13,0.68725
205211,unmanaged,78,197,11.354
205211,managed,79,197,10.2728
205212,unmanaged,95,171,1.6198
205212,managed,96,171,1.46556
205213,unmanaged,106,28,11.977
205213,managed,107,28,10.8365
205214,unmanaged,106,28,1.49068
205214,managed,107,28,1.34873
205215,unmanaged,87,111,0.85571
205215,managed,88,111,0.77422
205216,unmanaged,102,0,0.69821
205216,managed,103,0,0.63172
205217,unmanaged,95,171,56.02
205217,managed,96,171,50.686
205218,unmanaged,102,0,0.236251
205218,managed,103,0,0.213754
205219,unmanaged,118,107,4.09744
205219,managed,119,107,3.70727
205220,unmanaged,84,237,1.18841
205220,managed,85,237,1.07524
205221,unmanaged,101,33,0.63111
205221,managed,80,33,0.57101
205222,unmanaged,78,336,0.341456
205222,managed,79,336,0.308942
205223,unmanaged,81,100,3.24169
205223,managed,82,100,2.93301
205224,unmanaged,87,111,3.26644
205224,managed,88,111,2.9554
205225,unmanaged,106,28,2.47389
205225,managed,107,28,2.23832
205226,unmanaged,104,237,5.2289
205226,managed,105,237,4.73096
205227,unmanaged,104,187,17.337
205227,managed,105,187,15.6861
205228,unmanaged,78,311,2.95106
205228,managed,79,311,2.67005
205229,unmanaged,78,311,1.59042
205229,managed,79,311,1.43898
205230,unmanaged,84,116,1.38097
205230,managed,85,116,1.24947
205231,unmanaged,104,87,6.1546
205231,managed,105,87,5.5686
205232,unmanaged,118,154,25.1404
205232,managed,119,154,22.7464
205233,unmanaged,87,161,30.4103
205233,managed,88,161,27.5145
205236,unmanaged,95,171,17.8227
205236,managed,96,171,16.1255
205237,unmanaged,95,196,3.01961
205237,managed,96,196,2.73208
205238,unmanaged,95,171,43.166
205238,managed,96,171,39.0556
205239,unmanaged,84,336,0.101717
205239,managed,85,336,0.092032
205240,unmanaged,78,226,0.0113818
205240,managed,79,226,0.010298
205241,unmanaged,78,311,23.9914
205241,managed,79,311,21.7069
205242,unmanaged,87,211,9.5238
205242,managed,88,211,8.6169
205243,unmanaged,116,86,3.02038
205243,managed,117,86,2.73277
205244,unmanaged,84,436,0.075531
205244,managed,85,436,0.068339
205245,unmanaged,95,171,27.6786
205245,managed,96,171,25.043
205246,unmanaged,78,311,2.2632
205246,managed,79,311,2.0477
205247,unmanaged,81,126,4.65848
205247,managed,82,126,4.21489
205248,unmanaged,104,237,11.5197
205248,managed,105,237,10.4228
205249,unmanaged,81,110,6.8408
205249,managed,82,110,6.1894
205250,unmanaged,81,100,20.5827
205250,managed,82,100,18.6228
205251,unmanaged,104,237,4.77822
205251,managed,105,237,4.32323
205252,unmanaged,78,311,13.911
205252,managed,79,311,12.5863
205253,unmanaged,78,148,5.9545
205253,managed,79,148,5.3875
205254,unmanaged,84,237,12.8
205254,managed,85,237,11.5811
205255,unmanaged,84,191,13.337
205255,managed,85,191,12.067
205256,unmanaged,81,110,141.158
205256,managed,82,110,127.716
205257,unmanaged,104,173,39.4602
205257,managed,105,173,35.7027
205258,unmanaged,118,154,9.9058
205258,managed,119,154,8.9626
205260,unmanaged,15,226,0.73863
205261,unmanaged,72,0,0.56232
205262,unmanaged,23,171,7.137
205263,unmanaged,23,171,1.8777
205264,unmanaged,59,61,2.14946
205265,unmanaged,13,117,0.0200924
205266,unmanaged,23,171,0.0486683
205267,unmanaged,75,13,0.257746
205268,unmanaged,24,197,0.023145
205269,unmanaged,23,171,0.06903
205270,unmanaged,75,28,2.52656
205271,unmanaged,75,28,0.99059
205272,unmanaged,15,111,0.97007
205273,unmanaged,72,0,0.69414
205274,unmanaged,23,171,2.91531
205275,unmanaged,72,0,0.202402
205276,unmanaged,14,107,1.33529
205277,unmanaged,13,237,0.73968
205278,unmanaged,132,33,0.457883
205279,unmanaged,24,336,0.55734
205280,unmanaged,42,100,1.03531
205281,unmanaged,15,111,0.88816
205282,unmanaged,75,28,0.0177979
205283,unmanaged,43,237,2.10018
205284,unmanaged,43,187,0.127836
205285,unmanaged,24,311,1.79548
205286,unmanaged,24,311,0.0014655
205287,unmanaged,13,116,0.0192891
205288,unmanaged,43,87,2.50678
205289,unmanaged,14,154,0.95574
205290,unmanaged,15,161,5.2953
205293,unmanaged,23,171,3.6151
205294,unmanaged,23,196,0.448642
205295,unmanaged,23,171,7.9799
205296,unmanaged,13,336,0.175583
205297,unmanaged,24,226,0.0028922
205298,unmanaged,24,311,8.333
205299,unmanaged,15,211,6.4434
205300,unmanaged,59,86,0.409862
205301,unmanaged,13,436,0.0492144
205302,unmanaged,23,171,2.89768
205303,unmanaged,24,311,2.43514
205304,unmanaged,42,126,0.321323
205305,unmanaged,43,237,5.2494
205306,unmanaged,42,110,0.4321
205307,unmanaged,42,100,5.3745
205308,unmanaged,43,237,2.52468
205309,unmanaged,24,311,3.16066
205310,unmanaged,24,148,4.57202
205311,unmanaged,13,237,3.34965
205312,unmanaged,13,191,9.5115
205313,unmanaged,42,110,9.9851
205314,unmanaged,43,173,2.60273
205315,unmanaged,14,154,0.0410252
268067,unmanaged,10,185,7.8638
268067,managed,11,185,7.115
268068,unmanaged,10,170,2.18923
268068,managed,11,170,1.98077
268069,unmanaged,1,137,1.73533
268069,managed,2,137,1.57009
268070,unmanaged,1,121,4.75121
268070,managed,2,121,4.29879
268071,unmanaged,133,47,1.65374
268071,managed,12,47,1.49626
268072,unmanaged,29,97,1.29161
268072,managed,30,97,1.16862
268073,unmanaged,13,97,3.01654
268074,unmanaged,33,59,1.91932
268074,managed,34,59,1.73655
268075,unmanaged,33,5,10.8779
268075,managed,34,5,9.8421
268076,unmanaged,1,137,1.54874
268076,managed,2,137,1.40126
268077,unmanaged,31,0,26.9049
268077,managed,32,0,24.3429
268078,unmanaged,51,132,2.91505
268078,managed,52,132,2.63747
268079,unmanaged,4,150,2.45698
268079,managed,5,150,2.22302
268080,unmanaged,45,132,0.71055
268080,managed,46,132,0.64289
268081,unmanaged,1,157,0.0469151
268081,managed,2,157,0.0424477
268082,unmanaged,1,137,0.73664
268082,managed,2,137,0.66649
268083,unmanaged,10,137,0.91606
268083,managed,11,137,0.82883
268084,unmanaged,1,137,1.29149
268084,managed,2,137,1.16851
268085,unmanaged,1,137,1.03186
268085,managed,2,137,0.9336
268086,unmanaged,33,59,0.58724
268086,managed,34,59,0.53132
268087,unmanaged,4,174,0.53025
268087,managed,5,174,0.479754
268088,unmanaged,1,137,0.74353
268088,managed,2,137,0.67273
268089,unmanaged,1,101,0.75599
268089,managed,2,101,0.68401
268090,unmanaged,10,83,1.7337
268090,managed,11,83,1.56861
268091,unmanaged,41,29,0.94499
268091,managed,40,29,0.85501
268092,unmanaged,10,125,1.48348
268092,managed,11,125,1.34222
268093,unmanaged,1,157,13.2828
268093,managed,2,157,12.018
268094,unmanaged,10,203,6.9089
268094,managed,11,203,6.2511
268095,unmanaged,134,25,0.64049
268095,managed,21,25,0.57951
268096,unmanaged,1,137,2.80357
268096,managed,2,137,2.5366
268097,unmanaged,1,140,21.0391
268097,managed,2,140,19.0357
268098,unmanaged,4,149,0.131039
268098,managed,5,149,0.118561
268099,unmanaged,4,150,4.81946
268099,managed,5,150,4.36054
268100,unmanaged,135,57,21.5851
268100,managed,6,57,19.5297
268101,unmanaged,1,101,5.0137
268101,managed,2,101,4.53629
268102,unmanaged,4,149,0.68774
268102,managed,5,149,0.62226
268103,unmanaged,10,83,168.488
268103,managed,11,83,152.444
268104,unmanaged,1,137,3.11908
268104,managed,2,137,2.82207
268105,unmanaged,10,83,9.7778
268105,managed,11,83,8.8468
268106,unmanaged,4,164,1.18124
268106,managed,5,164,1.06876
268107,unmanaged,31,0,10.2745
268107,managed,32,0,9.2961
268108,unmanaged,10,117,1.74824
268108,managed,11,117,1.58176
268109,unmanaged,19,126,2.06848
268109,managed,20,126,1.87152
268110,unmanaged,51,132,0.64574
268110,managed,52,132,0.58426
268111,unmanaged,13,116,11.5481
268112,unmanaged,10,83,1.33349
268112,managed,11,83,1.20651
268113,unmanaged,51,132,1.55924
268113,managed,52,132,1.41076
268114,unmanaged,1,136,1.43459
268114,managed,2,136,1.29798
268115,unmanaged,29,135,1.77358
268115,managed,30,135,1.60469
268116,unmanaged,10,165,6.6671
268116,managed,11,165,6.0322
268117,unmanaged,38,156,2.09473
268117,managed,39,156,1.89527
268118,unmanaged,10,261,0.95549
268118,managed,11,261,0.86451
268119,unmanaged,10,83,2.07898
268119,managed,11,83,1.88102
268120,unmanaged,15,151,3.62
268121,unmanaged,1,137,0.53826
268121,managed,2,137,0.487004
268122,unmanaged,10,119,2.39923
268122,managed,11,119,2.17077
268123,unmanaged,7,156,1.74824
268123,managed,8,156,1.58176
268124,unmanaged,4,149,7.9957
268124,managed,5,149,7.2343
268125,unmanaged,37,0,7.3287
268125,managed,3,0,6.6309
268126,unmanaged,1,137,0.5355
268126,managed,2,137,0.484504
268127,unmanaged,45,77,0.75074
268127,managed,46,77,0.67926
268128,unmanaged,7,156,9.6809
268128,managed,8,156,8.7591
268129,unmanaged,37,0,6.7479
268129,managed,3,0,6.1054
268130,unmanaged,10,200,1.00799
268130,managed,11,200,0.91201
268131,unmanaged,10,204,1.18649
268131,managed,11,204,1.07351
268132,unmanaged,1,122,1.11824
268132,managed,2,122,1.01176
268133,unmanaged,10,176,10.9409
268133,managed,11,176,9.8991
268134,unmanaged,10,83,45.0191
268134,managed,11,83,40.7322
268135,unmanaged,1,137,1.72252
268135,managed,2,137,1.5585
268136,unmanaged,134,25,0.86624
268136,managed,21,25,0.78376
268137,unmanaged,10,165,0.146635
268137,managed,11,165,0.132672
268138,unmanaged,10,176,1.07099
268138,managed,11,176,0.96901
268139,unmanaged,1,146,0.112455
268139,managed,2,146,0.101747
268140,unmanaged,19,105,1.46474
268140,managed,20,105,1.32526
268141,unmanaged,4,164,4.64621
268141,managed,5,164,4.20379
268142,unmanaged,10,191,2.49931
268142,managed,11,191,2.26132
268143,unmanaged,1,137,1.55924
268143,managed,2,137,1.41076
268144,unmanaged,10,165,8.7312
268144,managed,11,165,7.8998
268145,unmanaged,10,137,1.05051
268145,managed,11,137,0.95047
268146,unmanaged,10,83,9.0981
268146,managed,11,83,8.2318
268147,unmanaged,1,157,0.92399
268147,managed,2,157,0.83601
268148,unmanaged,29,97,1.24949
268148,managed,30,97,1.13051
268149,unmanaged,1,117,1.71452
268149,managed,2,117,1.55126
268150,unmanaged,1,137,0.66762
268150,managed,2,137,0.60405
268151,unmanaged,19,105,1.70099
268151,managed,20,105,1.53901
268152,unmanaged,10,83,2.52071
268152,managed,11,83,2.28068
268153,unmanaged,29,135,2.88494
268153,managed,30,135,2.61023
268154,unmanaged,1,137,2.00023
268154,managed,2,137,1.80977
268155,unmanaged,19,76,2.42023
268155,managed,20,76,2.18977
268156,unmanaged,33,59,5.9469
268156,managed,34,59,5.3806
268157,unmanaged,1,197,6.4724
268157,managed,2,197,5.856
268158,unmanaged,4,177,2.40973
268158,managed,5,177,2.18027
268159,unmanaged,1,137,1.69423
268159,managed,2,137,1.5329
268160,unmanaged,19,196,0.7642
268160,managed,20,196,0.69143
268161,unmanaged,7,156,1.04999
268161,managed,8,156,0.95001
268162,unmanaged,1,166,2.01073
268162,managed,2,166,1.81927
268163,unmanaged,1,197,12.7325
268163,managed,2,197,11.5201
268164,unmanaged,1,137,6.5851
268164,managed,2,137,5.958
268165,unmanaged,19,105,3.00298
268165,managed,20,105,2.71702
268166,unmanaged,37,0,2.34997
268166,managed,3,0,2.1262
268167,unmanaged,51,132,9.6359
268167,managed,52,132,8.7183
268168,unmanaged,4,179,0.62475
268168,managed,5,179,0.56526
268169,unmanaged,10,163,1.80599
268169,managed,11,163,1.63401
268170,unmanaged,10,117,0.62475
268170,managed,11,117,0.56526
268171,unmanaged,1,137,1.72843
268171,managed,2,137,1.56385
268172,unmanaged,33,59,1.40174
268172,managed,34,59,1.26826
268173,unmanaged,1,137,1.96424
268173,managed,2,137,1.7772
268174,unmanaged,29,126,0.67239
268174,managed,30,126,0.60836
268175,unmanaged,33,59,1.51199
268175,managed,34,59,1.36801
268176,unmanaged,1,137,1.42799
268176,managed,2,137,1.29201
268177,unmanaged,1,83,4.15797
268177,managed,2,83,3.76203
268178,unmanaged,1,136,1.15991
268178,managed,2,136,1.04946
268179,unmanaged,4,186,0.567
268179,managed,5,186,0.513
268180,unmanaged,1,197,2.54098
268180,managed,2,197,2.29902
268181,unmanaged,4,71,1.2965
268181,managed,5,71,1.17304
268182,unmanaged,1,117,4.42153
268182,managed,2,117,4.0005
268183,unmanaged,10,165,1.83224
268183,managed,11,165,1.65776
268184,unmanaged,51,132,1.74824
268184,managed,52,132,1.58176
268185,unmanaged,37,0,5.752
268185,managed,3,0,5.2042
268186,unmanaged,51,132,1.22849
268186,managed,52,132,1.11151
268187,unmanaged,51,132,28.5495
268187,managed,52,132,25.8309
268188,unmanaged,51,132,1.93723
268188,managed,52,132,1.75277
268189,unmanaged,4,179,2.12623
268189,managed,5,179,1.92377
268190,unmanaged,51,132,1.72113
268190,managed,52,132,1.55724
268191,unmanaged,10,203,1.49624
268191,managed,11,203,1.35376
268192,unmanaged,10,165,9.3914
268192,managed,11,165,8.4971
268193,unmanaged,51,132,0.54683
268193,managed,52,132,0.49476
268194,unmanaged,1,137,2.24698
268194,managed,2,137,2.03302
268195,unmanaged,10,176,1.97923
268195,managed,11,176,1.79077
268196,unmanaged,45,107,1.18779
268196,managed,46,107,1.07469
268197,unmanaged,37,0,1.38986
268197,managed,3,0,1.25751
268198,unmanaged,24,111,8.6787
268199,unmanaged,1,137,0.85574
268199,managed,2,137,0.77426
268200,unmanaged,29,117,1.16386
268200,managed,30,117,1.05303
268201,unmanaged,4,75,7.4021
268201,managed,5,75,6.6972
268202,unmanaged,10,202,1.08674
268202,managed,11,202,0.98326
268203,unmanaged,10,231,0.58275
268203,managed,11,231,0.52725
268204,unmanaged,10,125,2.85101
268204,managed,11,125,2.57953
268205,unmanaged,45,121,7.9714
268205,managed,46,121,7.2123
268206,unmanaged,19,175,3.11848
268206,managed,20,175,2.82152
268207,unmanaged,19,76,9.3607
268207,managed,20,76,8.4693
268208,unmanaged,10,137,0.120209
268208,managed,11,137,0.108762
268209,unmanaged,1,157,1.14762
268209,managed,2,157,1.03834
268210,unmanaged,1,117,0.53025
268210,managed,2,117,0.479754
268211,unmanaged,51,132,1.62224
268211,managed,52,132,1.46776
268212,unmanaged,10,83,1.70099
268212,managed,11,83,1.53901
268213,unmanaged,7,156,3.00298
268213,managed,8,156,2.71702
268214,unmanaged,10,165,11.1929
268214,managed,11,165,10.1271
268215,unmanaged,7,156,5.607
268215,managed,8,156,5.073
268216,unmanaged,1,137,1.56588
268216,managed,2,137,1.41677
268217,unmanaged,45,132,0.73826
268217,managed,46,132,0.66796
268218,unmanaged,1,126,1.58901
268218,managed,2,126,1.4377
268219,unmanaged,10,191,2.68798
268219,managed,11,191,2.43202
268220,unmanaged,4,150,3.02398
268220,managed,5,150,2.73602
268221,unmanaged,15,151,5.54
268222,unmanaged,13,101,2.79025
268223,unmanaged,10,137,0.360409
268223,managed,11,137,0.326089
268224,unmanaged,10,185,3.05512
268224,managed,11,185,2.7642
268225,unmanaged,1,137,6.1394
268225,managed,2,137,5.5548
268226,unmanaged,37,0,1.93296
268226,managed,3,0,1.7489
268227,unmanaged,1,137,2.35723
268227,managed,2,137,2.13277
268228,unmanaged,25,25,18.8173
268228,managed,26,25,17.0255
268229,unmanaged,1,197,7.1399
268229,managed,2,197,6.4601
268230,unmanaged,45,132,1.27514
268230,managed,46,132,1.15371
268231,unmanaged,51,132,7.0904
268231,managed,52,132,6.4152
268232,unmanaged,1,140,3.59097
268232,managed,2,140,3.24903
268233,unmanaged,4,83,1.72254
268233,managed,5,83,1.55852
268234,unmanaged,10,117,2.11573
268234,managed,11,117,1.91427
268235,unmanaged,4,137,0.55965
268235,managed,5,137,0.50636
268236,unmanaged,1,137,0.82302
268236,managed,2,137,0.74465
268237,unmanaged,51,132,0.5355
268237,managed,52,132,0.484504
268238,unmanaged,4,158,0.89774
268238,managed,5,158,0.81226
268239,unmanaged,1,137,0.69299
268239,managed,2,137,0.62701
268240,unmanaged,37,0,1.10103
268240,managed,3,0,0.99619
268241,unmanaged,1,197,3.37047
268241,managed,2,197,3.04953
268242,unmanaged,1,101,1.08674
268242,managed,2,101,0.98326
268243,unmanaged,4,164,1.80206
268243,managed,5,164,1.63046
268244,unmanaged,10,83,1.18124
268244,managed,11,83,1.06876
268245,unmanaged,10,185,4.77677
268245,managed,11,185,4.32191
268246,unmanaged,10,176,1.59074
268246,managed,11,176,1.43926
268247,unmanaged,29,97,1.63799
268247,managed,30,97,1.48201
268248,unmanaged,1,137,14.0909
268248,managed,2,137,12.7491
268249,unmanaged,4,127,2.78773
268249,managed,5,127,2.52227
268250,unmanaged,51,132,3.08173
268250,managed,52,132,2.78827
268251,unmanaged,1,83,1.41749
268251,managed,2,83,1.28251
268252,unmanaged,51,123,5.4959
268252,managed,52,123,4.9726
268253,unmanaged,51,132,3.11401
268253,managed,52,132,2.81748
268254,unmanaged,51,132,2.12623
268254,managed,52,132,1.92377
268255,unmanaged,4,110,31.001
268255,managed,5,110,28.049
268256,unmanaged,10,83,1.53299
268256,managed,11,83,1.38701
268257,unmanaged,4,277,3.08173
268257,managed,5,277,2.78827
268258,unmanaged,1,136,0.84247
268258,managed,2,136,0.76225
268259,unmanaged,13,116,2.25401
268260,unmanaged,1,137,6.2169
268260,managed,2,137,5.6249
268261,unmanaged,4,161,2.57755
268261,managed,5,161,2.3321
268262,unmanaged,15,151,1
268263,unmanaged,19,76,1.50674
268263,managed,20,76,1.36326
268264,unmanaged,1,137,12.0172
268264,managed,2,137,10.8728
268265,unmanaged,10,137,3.02769
268265,managed,11,137,2.73939
268266,unmanaged,4,127,1.84799
268266,managed,5,127,1.67201
268267,unmanaged,1,156,2.22073
268267,managed,2,156,2.00927
268268,unmanaged,1,137,5.3771
268268,managed,2,137,4.86506
268269,unmanaged,1,137,7.691
268269,managed,2,137,6.9586
268270,unmanaged,1,137,0.77167
268270,managed,2,137,0.69819
268271,unmanaged,10,165,1.16381
268271,managed,11,165,1.05298
268272,unmanaged,10,137,0.89597
268272,managed,11,137,0.81065
268273,unmanaged,10,163,2.45173
268273,managed,11,163,2.21827
268274,unmanaged,4,161,1.41749
268274,managed,5,161,1.28251
268275,unmanaged,10,125,0.33057
268275,managed,11,125,0.299092
268276,unmanaged,1,137,5.838
268276,managed,2,137,5.282
268277,unmanaged,1,197,11.2984
268277,managed,2,197,10.2226
268278,unmanaged,19,177,2.01708
268278,managed,20,177,1.82501
268279,unmanaged,4,150,1.41749
268279,managed,5,150,1.28251
268280,unmanaged,10,83,1.19455
268280,managed,11,83,1.0808
268281,unmanaged,10,83,1.60649
268281,managed,11,83,1.45351
268282,unmanaged,45,121,1.46474
268282,managed,46,121,1.32526
268283,unmanaged,1,157,2.10827
268283,managed,2,157,1.90751
268284,unmanaged,38,156,3.73498
268284,managed,39,156,3.37932
268285,unmanaged,1,137,19.227
268285,managed,2,137,17.3961
268286,unmanaged,51,132,5.9502
268286,managed,52,132,5.3836
268287,unmanaged,1,172,2.17348
268287,managed,2,172,1.96652
268288,unmanaged,51,132,1.18124
268288,managed,52,132,1.06876
268289,unmanaged,1,137,2.38642
268289,managed,2,137,2.15918
268290,unmanaged,4,161,1.03949
268290,managed,5,161,0.94051
268291,unmanaged,4,83,3.12372
268291,managed,5,83,2.82627
268292,unmanaged,51,137,4.53644
268292,managed,52,137,4.10447
268293,unmanaged,1,137,0.93604
268293,managed,2,137,0.8469
268294,unmanaged,10,203,1.81649
268294,managed,11,203,1.64351
268295,unmanaged,45,94,1.00274
268295,managed,46,94,0.90726
268296,unmanaged,4,179,4.34172
268296,managed,5,179,3.92828
268297,unmanaged,1,137,1.73657
268297,managed,2,137,1.57121
268298,unmanaged,10,191,8.8632
268298,managed,11,191,8.0192
268299,unmanaged,45,67,0.76487
268299,managed,46,67,0.69204
268300,unmanaged,51,132,1.79549
268300,managed,52,132,1.62451
268301,unmanaged,19,157,0.72449
268301,managed,20,157,0.65551
268302,unmanaged,4,186,2.94523
268302,managed,5,186,2.66477
268303,unmanaged,15,151,2.06
268304,unmanaged,33,59,0.92105
268304,managed,34,59,0.83335
268305,unmanaged,29,97,1.54349
268305,managed,30,97,1.39651
268306,unmanaged,1,117,0.86099
268306,managed,2,117,0.77901
268307,unmanaged,4,127,1.74824
268307,managed,5,127,1.58176
268308,unmanaged,1,137,0.56946
268308,managed,2,137,0.51524
268309,unmanaged,1,137,1.48049
268309,managed,2,137,1.33951
268310,unmanaged,4,216,0.95549
268310,managed,5,216,0.86451
268311,unmanaged,10,119,8.6309
268311,managed,11,119,7.8091
268312,unmanaged,10,191,1.09199
268312,managed,11,191,0.98801
268313,unmanaged,38,139,0.67355
268313,managed,39,139,0.60941
268314,unmanaged,38,137,0.75736
268314,managed,39,137,0.68524
268315,unmanaged,51,132,1.91711
268315,managed,52,132,1.73456
268316,unmanaged,4,127,14.6894
268316,managed,5,127,13.2906
268317,unmanaged,45,67,0.64281
268317,managed,46,67,0.5816
268318,unmanaged,51,137,1.74587
268318,managed,52,137,1.57962
268319,unmanaged,4,209,2.53573
268319,managed,5,209,2.29427
268320,unmanaged,51,132,0.62172
268320,managed,52,132,0.56252
268321,unmanaged,31,0,12.1241
268321,managed,32,0,10.9696
268322,unmanaged,1,137,2.30473
268322,managed,2,137,2.08527
268323,unmanaged,4,127,5.0085
268323,managed,5,127,4.53154
268324,unmanaged,10,176,1.69574
268324,managed,11,176,1.53426
268325,unmanaged,33,5,27.7304
268325,managed,34,5,25.0898
268326,unmanaged,19,126,1.00635
268326,managed,20,126,0.91052
268327,unmanaged,1,137,1.58549
268327,managed,2,137,1.43451
268328,unmanaged,1,137,0.275232
268328,managed,2,137,0.249023
268329,unmanaged,29,135,8.4287
268329,managed,30,135,7.6261
268330,unmanaged,10,163,6.6832
268330,managed,11,163,6.0468
268331,unmanaged,1,226,2.29948
268331,managed,2,226,2.08052
268332,unmanaged,10,119,10.7729
268332,managed,11,119,9.7471
268333,unmanaged,4,211,1.62606
268333,managed,5,211,1.47122
268334,unmanaged,10,163,1.55924
268334,managed,11,163,1.41076
268335,unmanaged,19,196,1.85296
268335,managed,20,196,1.67652
268336,unmanaged,4,149,25.4791
268336,managed,5,149,23.0529
268337,unmanaged,1,137,9.173
268337,managed,2,137,8.2996
268338,unmanaged,4,75,1.60509
268338,managed,5,75,1.45225
268339,unmanaged,33,59,2.79823
268339,managed,34,59,2.53177
268340,unmanaged,45,121,5.4983
268340,managed,46,121,4.97471
268341,unmanaged,134,31,1.74824
268341,managed,21,31,1.58176
268342,unmanaged,19,79,0.96677
268342,managed,20,79,0.87471
268343,unmanaged,38,87,1.21799
268343,managed,39,87,1.10201
268344,unmanaged,4,84,1.08674
268344,managed,5,84,0.98326
268345,unmanaged,19,178,1.85073
268345,managed,20,178,1.6745
268346,unmanaged,4,84,1.06574
268346,managed,5,84,0.96426
268347,unmanaged,19,83,5.586
268347,managed,20,83,5.054
268348,unmanaged,10,231,3.66972
268348,managed,11,231,3.32028
268349,unmanaged,4,163,2.83498
268349,managed,5,163,2.56502
268350,unmanaged,10,79,3.73272
268350,managed,11,79,3.37728
268351,unmanaged,41,39,1.29149
268351,managed,40,39,1.16851
268352,unmanaged,38,119,5.334
268352,managed,39,119,4.82604
268353,unmanaged,134,31,0.567
268353,managed,21,31,0.513
268354,unmanaged,4,155,5.2657
268354,managed,5,155,4.76429
268355,unmanaged,38,119,7.7857
268355,managed,39,119,7.0443
268356,unmanaged,25,33,0.68774
268356,managed,26,33,0.62226
268357,unmanaged,4,225,2.76148
268357,managed,5,225,2.49852
268358,unmanaged,19,83,0.567
268358,managed,20,83,0.513
268359,unmanaged,4,163,0.317823
268359,managed,5,163,0.287559
268360,unmanaged,4,122,1.32299
268360,managed,5,122,1.19701
268361,unmanaged,10,95,6.3048
268361,managed,11,95,5.7044
268362,unmanaged,4,196,0.567
268362,managed,5,196,0.513
268363,unmanaged,19,79,4.06347
268363,managed,20,79,3.67653
268364,unmanaged,27,20,0.68249
268364,managed,28,20,0.61751
268365,unmanaged,4,85,24.0081
268365,managed,5,85,21.7219
268366,unmanaged,19,76,1.74824
268366,managed,20,76,1.58176
268367,unmanaged,27,20,3.66008
268367,managed,28,20,3.31156
268368,unmanaged,4,84,0.94499
268368,managed,5,84,0.85501
268369,unmanaged,4,85,1.13896
268369,managed,5,85,1.0305
268370,unmanaged,4,134,2.58339
268370,managed,5,134,2.33739
268371,unmanaged,10,271,1.83224
268371,managed,11,271,1.65776
268372,unmanaged,19,80,0.71329
268372,managed,20,80,0.64537
268373,unmanaged,19,71,1.37024
268373,managed,20,71,1.23976
268374,unmanaged,4,196,2.17348
268374,managed,5,196,1.96652
268375,unmanaged,45,157,16.3274
268375,managed,46,157,14.7726
268376,unmanaged,45,157,1.27574
268376,managed,46,157,1.15426
268377,unmanaged,10,121,4.92446
268377,managed,11,121,4.45554
268378,unmanaged,38,119,4.12822
268378,managed,39,119,3.73512
268379,unmanaged,4,84,2.28809
268379,managed,5,84,2.07021
268380,unmanaged,4,163,0.69672
268380,managed,5,163,0.63038
268381,unmanaged,19,83,0.87099
268381,managed,20,83,0.78805
268382,unmanaged,4,194,14.1906
268382,managed,5,194,12.8394
268383,unmanaged,19,77,0.66149
268383,managed,20,77,0.59851
268384,unmanaged,19,76,1.95823
268384,managed,20,76,1.77177
268385,unmanaged,10,236,0.72217
268385,managed,11,236,0.6534
268386,unmanaged,38,217,2.47418
268386,managed,39,217,2.23858
268387,unmanaged,45,157,0.70874
268387,managed,46,157,0.64126
268388,unmanaged,19,197,0.65656
268388,managed,20,197,0.59404
268389,unmanaged,19,80,6.6447
268389,managed,20,80,6.012
268390,unmanaged,19,90,0.0108181
268390,managed,20,90,0.0097879
268391,unmanaged,19,80,9.1109
268391,managed,20,80,8.2434
268392,unmanaged,25,33,1.50674
268392,managed,26,33,1.36326
268393,unmanaged,19,109,2.64073
268393,managed,20,109,2.38927
268394,unmanaged,19,109,4.82471
268394,managed,20,109,4.36529
268395,unmanaged,45,157,1.29149
268395,managed,46,157,1.16851
268396,unmanaged,19,77,1.70141
268396,managed,20,77,1.5394
268397,unmanaged,4,194,0.89774
268397,managed,5,194,0.81226
268398,unmanaged,10,193,1.0225
268398,managed,11,193,0.92514
268399,unmanaged,4,155,1.33773
268399,managed,5,155,1.21034
268400,unmanaged,38,77,1.40962
268400,managed,39,77,1.27539
268401,unmanaged,4,155,2.59667
268401,managed,5,155,2.34941
268402,unmanaged,19,79,0.66149
268402,managed,20,79,0.59851
268403,unmanaged,4,84,1.22849
268403,managed,5,84,1.11151
268404,unmanaged,19,80,0.59744
268404,managed,20,80,0.54055
268405,unmanaged,19,177,1.32785
268405,managed,20,177,1.20141
268406,unmanaged,19,83,4.06347
268406,managed,20,83,3.67653
268407,unmanaged,38,119,2.67748
268407,managed,39,119,2.42252
268408,unmanaged,45,157,2.99773
268408,managed,46,157,2.71227
268409,unmanaged,4,163,1.47716
268409,managed,5,163,1.3365
268410,unmanaged,19,197,1.86374
268410,managed,20,197,1.68626
268411,unmanaged,45,67,5.2815
268411,managed,46,67,4.77854
268412,unmanaged,45,157,1.17074
268412,managed,46,157,1.05926
268413,unmanaged,4,76,3.38731
268413,managed,5,76,3.06476
268414,unmanaged,4,85,0.72325
268414,managed,5,85,0.65438
268415,unmanaged,19,81,1.37024
268415,managed,20,81,1.23976
268416,unmanaged,25,33,1.48574
268416,managed,26,33,1.34426
268417,unmanaged,33,51,5.1975
268417,managed,34,51,4.70254
268418,unmanaged,38,217,0.65066
268418,managed,39,217,0.58871
268419,unmanaged,19,137,0.7184
268419,managed,20,137,0.64999
268420,unmanaged,19,83,1.41749
268420,managed,20,83,1.28251
268421,unmanaged,4,76,5.376
268421,managed,5,76,4.86404
268422,unmanaged,25,33,1.78499
268422,managed,26,33,1.61501
268423,unmanaged,4,76,1.65374
268423,managed,5,76,1.49626
268424,unmanaged,4,163,1.20749
268424,managed,5,163,1.09251
268425,unmanaged,4,196,16.4228
268425,managed,5,196,14.8589
268426,unmanaged,4,85,7.8802
268426,managed,5,85,7.1298
268427,unmanaged,19,81,6.237
268427,managed,20,81,5.643
268428,unmanaged,25,33,1.21799
268428,managed,26,33,1.10201
268429,unmanaged,4,194,1.1765
268429,managed,5,194,1.06447
268430,unmanaged,4,84,2.19192
268430,managed,5,84,1.9832
268431,unmanaged,10,136,0.73499
268431,managed,11,136,0.66501
268432,unmanaged,19,79,6.7619
268432,managed,20,79,6.1181
268433,unmanaged,19,78,0.71663
268433,managed,20,78,0.64839
268434,unmanaged,19,71,1.32299
268434,managed,20,71,1.19701
268435,unmanaged,19,78,1.28269
268435,managed,20,78,1.16055
268436,unmanaged,4,85,5.712
268436,managed,5,85,5.168
268437,unmanaged,4,71,2.45698
268437,managed,5,71,2.22302
268438,unmanaged,45,157,1.17074
268438,managed,46,157,1.05926
268439,unmanaged,4,85,13.3086
268439,managed,5,85,12.0414
268440,unmanaged,4,122,6.7882
268440,managed,5,122,6.1418
268441,unmanaged,45,157,13.6604
268441,managed,46,157,12.3596
268442,unmanaged,4,155,1.11035
268442,managed,5,155,1.00462
268443,unmanaged,4,85,0.9421
268443,managed,5,85,0.85239
268444,unmanaged,10,72,5.3392
268444,managed,11,72,4.83079
268445,unmanaged,37,0,3.45904
268445,managed,3,0,3.12966
268446,unmanaged,19,80,5.8624
268446,managed,20,80,5.3042
268447,unmanaged,19,71,1.18124
268447,managed,20,71,1.06876
268448,unmanaged,1,126,1.03065
268448,managed,2,126,0.93251
268449,unmanaged,19,109,1.51199
268449,managed,20,109,1.36801
268450,unmanaged,134,31,1.53299
268450,managed,21,31,1.38701
268451,unmanaged,4,85,5.1871
268451,managed,5,85,4.69316
268452,unmanaged,4,163,16.3899
268452,managed,5,163,14.8292
268453,unmanaged,4,196,3.13947
268453,managed,5,196,2.84053
268454,unmanaged,10,95,3.13422
268454,managed,11,95,2.83577
268455,unmanaged,41,39,1.18124
268455,managed,40,39,1.06876
268456,unmanaged,19,79,1.08674
268456,managed,20,79,0.98326
268457,unmanaged,45,67,1.48574
268457,managed,46,67,1.34426
268458,unmanaged,10,72,1.51199
268458,managed,11,72,1.36801
268459,unmanaged,4,101,1.81394
268459,managed,5,101,1.64121
268460,unmanaged,4,85,1.70099
268460,managed,5,85,1.53901
268461,unmanaged,45,67,4.06347
268461,managed,46,67,3.67653
268462,unmanaged,134,51,2.39398
268462,managed,21,51,2.16602
268463,unmanaged,19,83,1.52449
268463,managed,20,83,1.37932
268464,unmanaged,27,20,1.56669
268464,managed,28,20,1.4175
268465,unmanaged,19,71,24.9581
268465,managed,20,71,22.5815
268466,unmanaged,25,33,3.53322
268466,managed,26,33,3.19678
268467,unmanaged,4,155,0.66149
268467,managed,5,155,0.59851
268468,unmanaged,45,157,2.31523
268468,managed,46,157,2.09477
268469,unmanaged,27,20,4.89296
268469,managed,28,20,4.42704
268470,unmanaged,4,225,25.0896
268470,managed,5,225,22.7005
268471,unmanaged,25,33,2.47273
268471,managed,26,33,2.23727
268472,unmanaged,45,157,7.4654
268472,managed,46,157,6.7546
268473,unmanaged,4,159,1.42799
268473,managed,5,159,1.29201
268474,unmanaged,45,157,4.71971
268474,managed,46,157,4.27029
268475,unmanaged,4,150,2.97673
268475,managed,5,150,2.69327
268477,unmanaged,10,83,1.26077
268477,managed,11,83,1.14072
268479,unmanaged,4,117,6.8838
268479,managed,5,117,6.2283
268480,unmanaged,1,157,3.95847
268480,managed,2,157,3.58153
268481,unmanaged,1,137,3.54897
268481,managed,2,137,3.21103
268483,unmanaged,41,53,10.4684
268483,managed,40,53,9.4716
268484,unmanaged,45,106,3.59097
268484,managed,46,106,3.24903
268491,unmanaged,10,83,2.43869
268491,managed,11,83,2.20647
268492,unmanaged,135,55,11.5394
268492,managed,6,55,10.4406
268493,unmanaged,1,137,2.62825
268493,managed,2,137,2.37798
268494,unmanaged,1,157,23.3058
268494,managed,2,157,21.0866
268495,unmanaged,4,132,4.67771
268495,managed,5,132,4.23229
268496,unmanaged,10,137,2.90323
268496,managed,11,137,2.62677
268497,unmanaged,10,125,1.03949
268497,managed,11,125,0.94051
268499,unmanaged,1,157,3.24016
268499,managed,2,157,2.93162
268501,unmanaged,24,101,4.71353
268502,unmanaged,1,137,2.98198
268502,managed,2,137,2.69802
268503,unmanaged,38,70,3.92172
268503,managed,39,70,3.54828
268504,unmanaged,27,57,2.06323
268504,managed,28,57,1.86677
268507,unmanaged,45,106,3.07123
268507,managed,46,106,2.77877
268513,unmanaged,1,177,7.0139
268513,managed,2,177,6.3461
268515,unmanaged,29,157,0.59325
268515,managed,30,157,0.53675
268516,unmanaged,4,151,6.2317
268516,managed,5,151,5.6383
268518,unmanaged,1,157,1.26609
268518,managed,2,157,1.14553
268519,unmanaged,29,157,0.567
268519,managed,30,157,0.513
268520,unmanaged,1,137,1.27049
268520,managed,2,137,1.14951
268521,unmanaged,1,157,1.18124
268521,managed,2,157,1.06876
268525,unmanaged,45,121,3.23397
268525,managed,46,121,2.92603
268526,unmanaged,1,137,0.374433
268526,managed,2,137,0.338779
268529,unmanaged,10,107,0.60375
268529,managed,11,107,0.54625
268530,unmanaged,133,57,6.4259
268530,managed,12,57,5.8141
268531,unmanaged,45,157,0.62351
268531,managed,46,157,0.56414
268532,unmanaged,10,147,1.55399
268532,managed,11,147,1.40601
268533,unmanaged,1,126,1.34326
268533,managed,2,126,1.21535
268534,unmanaged,1,157,1.65374
268534,managed,2,157,1.49626
268535,unmanaged,1,157,0.6295
268535,managed,2,157,0.56955
268536,unmanaged,13,117,2.54162
268538,unmanaged,1,157,6.8407
268538,managed,2,157,6.1893
268540,unmanaged,41,48,0.56175
268540,managed,40,48,0.50825
268542,unmanaged,4,158,2.09473
268542,managed,5,158,1.89527
268545,unmanaged,10,119,0.82424
268545,managed,11,119,0.74576
268547,unmanaged,41,49,1.67999
268547,managed,40,49,1.52001
268549,unmanaged,1,137,2.15374
268549,managed,2,137,1.94865
268550,unmanaged,10,204,0.485545
268550,managed,11,204,0.43931
268552,unmanaged,1,197,1.55399
268552,managed,2,197,1.40601
268554,unmanaged,45,106,4.64459
268554,managed,46,106,4.20232
268555,unmanaged,1,137,0.53207
268555,managed,2,137,0.481409
268556,unmanaged,29,157,7.3027
268556,managed,30,157,6.6073
268557,unmanaged,41,48,0.53025
268557,managed,40,48,0.479754
268558,unmanaged,4,239,2.58903
268558,managed,5,239,2.34249
268559,unmanaged,19,196,0.77311
268559,managed,20,196,0.69949
268560,unmanaged,29,157,1.22849
268560,managed,30,157,1.11151
268561,unmanaged,10,114,1.00274
268561,managed,11,114,0.90726
268562,unmanaged,4,160,1.37024
268562,managed,5,160,1.23976
268564,unmanaged,1,157,1.14449
268564,managed,2,157,1.03551
268565,unmanaged,1,157,3.69614
268565,managed,2,157,3.34418
268568,unmanaged,10,107,1.18649
268568,managed,11,107,1.07351
268572,unmanaged,29,157,1.93304
268572,managed,30,157,1.74897
268574,unmanaged,10,228,0.98174
268574,managed,11,228,0.88826
268575,unmanaged,10,83,1.03949
268575,managed,11,83,0.94051
268576,unmanaged,1,157,17.8499
268576,managed,2,157,16.1501
268577,unmanaged,45,157,0.79477
268577,managed,46,157,0.71909
268578,unmanaged,10,137,0.609
268578,managed,11,137,0.551
268579,unmanaged,4,157,0.89249
268579,managed,5,157,0.80751
268580,unmanaged,4,151,0.61425
268580,managed,5,151,0.55575
268581,unmanaged,29,157,2.35941
268581,managed,30,157,2.13474
268582,unmanaged,1,197,1.06574
268582,managed,2,197,0.96426
268583,unmanaged,10,125,1.22849
268583,managed,11,125,1.11151
268584,unmanaged,29,157,2.12983
268584,managed,30,157,1.92702
268585,unmanaged,4,132,3.11977
268585,managed,5,132,2.82269
268588,unmanaged,33,36,1.6051
268588,managed,34,36,1.45226
268590,unmanaged,29,157,1.03949
268590,managed,30,157,0.94051
268591,unmanaged,1,177,1.67474
268591,managed,2,177,1.51526
268592,unmanaged,4,132,1.58675
268592,managed,5,132,1.43566
268593,unmanaged,29,157,1.41749
268593,managed,30,157,1.28251
268594,unmanaged,29,157,2.49898
268594,managed,30,157,2.26102
268598,unmanaged,45,106,5.292
268598,managed,46,106,4.78804
268601,unmanaged,16,196,1.83089
268601,managed,17,196,1.65655
268604,unmanaged,1,157,1.63274
268604,managed,2,157,1.47726
268605,unmanaged,1,137,1.46211
268605,managed,2,137,1.32289
268606,unmanaged,10,125,5.7645
268606,managed,11,125,5.2155
268608,unmanaged,45,106,3.21297
268608,managed,46,106,2.90703
268609,unmanaged,41,49,1.6087
268609,managed,40,49,1.45551
268611,unmanaged,4,117,8.5522
268611,managed,5,117,7.7378
268612,unmanaged,1,157,1.89523
268612,managed,2,157,1.71477
268613,unmanaged,10,125,1.18124
268613,managed,11,125,1.06876
268614,unmanaged,4,132,23.2999
268614,managed,5,132,21.0812
268616,unmanaged,19,157,1.91701
268616,managed,20,157,1.73447
268617,unmanaged,4,117,35.4494
268617,managed,5,117,32.0738
268618,unmanaged,10,125,1.37024
268618,managed,11,125,1.23976
268619,unmanaged,1,157,2.73523
268619,managed,2,157,2.47477
268622,unmanaged,1,157,1.29149
268622,managed,2,157,1.16851
268625,unmanaged,10,229,5.8763
268625,managed,11,229,5.3168
268627,unmanaged,19,196,21.3214
268627,managed,20,196,19.2911
268628,unmanaged,1,157,4.19997
268628,managed,2,157,3.80003
268630,unmanaged,29,157,0.081641
268630,managed,30,157,0.073866
268631,unmanaged,1,177,5.1135
268631,managed,2,177,4.62654
268634,unmanaged,10,125,1.51724
268634,managed,11,125,1.37276
268635,unmanaged,38,137,1.12854
268635,managed,39,137,1.02107
268636,unmanaged,4,127,4.16344
268636,managed,5,127,3.76699
268637,unmanaged,56,157,3.76183
268637,managed,57,157,3.40362
268640,unmanaged,1,137,0.67199
268640,managed,2,137,0.60801
268641,unmanaged,29,157,3.93191
268641,managed,30,157,3.5575
268643,unmanaged,10,204,11.1902
268643,managed,11,204,10.1246
268645,unmanaged,1,197,0.57905
268645,managed,2,197,0.52392
268646,unmanaged,4,158,3.26547
268646,managed,5,158,2.95453
268648,unmanaged,45,157,0.73583
268648,managed,46,157,0.66576
268649,unmanaged,29,157,3.41464
268649,managed,30,157,3.08949
268650,unmanaged,1,137,1.89523
268650,managed,2,137,1.71477
268656,unmanaged,10,147,0.61425
268656,managed,11,147,0.55575
268657,unmanaged,29,157,2.16298
268657,managed,30,157,1.95702
268658,unmanaged,41,48,2.18398
268658,managed,40,48,1.97602
268660,unmanaged,1,157,1.81649
268660,managed,2,157,1.64351
268662,unmanaged,29,126,2.54526
268662,managed,30,126,2.30289
268663,unmanaged,1,157,4.39421
268663,managed,2,157,3.97579
268664,unmanaged,41,48,1.16024
268664,managed,40,48,1.04976
268665,unmanaged,1,137,9.4762
268665,managed,2,137,8.5738
268667,unmanaged,29,77,0.69993
268667,managed,30,77,0.63328
268668,unmanaged,10,125,4.11072
268668,managed,11,125,3.71928
268669,unmanaged,4,186,2.26798
268669,managed,5,186,2.05202
268671,unmanaged,4,151,0.69479
268671,managed,5,151,0.62863
268672,unmanaged,1,157,0.107086
268672,managed,2,157,0.096889
268673,unmanaged,13,117,2.38
268674,unmanaged,7,157,3.57876
268674,managed,8,157,3.23798
268675,unmanaged,1,157,0.567
268675,managed,2,157,0.513
268676,unmanaged,10,83,0.69342
268676,managed,11,83,0.62739
268678,unmanaged,1,197,4.19472
268678,managed,2,197,3.79528
268679,unmanaged,41,49,4.47821
268679,managed,40,49,4.05179
268681,unmanaged,1,137,1.70856
268681,managed,2,137,1.54586
268682,unmanaged,1,197,7.1399
268682,managed,2,197,6.4601
268683,unmanaged,4,157,0.81109
268683,managed,5,157,0.73385
268684,unmanaged,41,49,3.17097
268684,managed,40,49,2.86903
268685,unmanaged,4,117,1.18124
268685,managed,5,117,1.06876
268688,unmanaged,29,157,3.22309
268688,managed,30,157,2.91618
268690,unmanaged,41,49,2.57773
268690,managed,40,49,2.33227
268691,unmanaged,41,48,1.64324
268691,managed,40,48,1.48676
268692,unmanaged,10,114,10.1272
268692,managed,11,114,9.1628
268693,unmanaged,1,140,0.61425
268693,managed,2,140,0.55575
268696,unmanaged,4,117,0.567
268696,managed,5,117,0.513
268697,unmanaged,41,49,0.80849
268697,managed,40,49,0.73151
268698,unmanaged,4,171,1.25677
268698,managed,5,171,1.1371
268699,unmanaged,29,126,0.567
268699,managed,30,126,0.513
268700,unmanaged,4,177,0.56175
268700,managed,5,177,0.50825
268701,unmanaged,4,117,0.82113
268701,managed,5,117,0.74294
268702,unmanaged,29,126,3.00166
268702,managed,30,126,2.71583
268704,unmanaged,38,157,1.96871
268704,managed,39,157,1.78124
268706,unmanaged,41,49,0.95549
268706,managed,40,49,0.86451
268707,unmanaged,41,48,1.08674
268707,managed,40,48,0.98326
268708,unmanaged,38,70,6.4312
268708,managed,39,70,5.8188
268709,unmanaged,29,157,1.93723
268709,managed,30,157,1.75277
268711,unmanaged,4,239,5.7547
268711,managed,5,239,5.2068
268717,unmanaged,10,204,2.34673
268717,managed,11,204,2.12327
268718,unmanaged,4,127,0.334683
268718,managed,5,127,0.302813
268719,unmanaged,29,157,1.24893
268719,managed,30,157,1.13
268723,unmanaged,13,117,1.21
268725,unmanaged,4,127,0.126538
268725,managed,5,127,0.114489
268726,unmanaged,4,117,2.75273
268726,managed,5,117,2.4906
269767,unmanaged,4,83,0.92924
269767,managed,5,83,0.84076
269768,unmanaged,23,151,3.11152
269771,unmanaged,19,125,1.29791
269771,managed,20,125,1.17432
269781,unmanaged,37,0,0.56673
269781,managed,3,0,0.51277
269782,unmanaged,41,29,14.6563
269782,managed,40,29,13.2607
269784,unmanaged,19,106,3.05753
269784,managed,20,106,2.76639
269789,unmanaged,19,76,1.03882
269789,managed,20,76,0.9399
269795,unmanaged,25,20,11.5009
269795,managed,26,20,10.4058
269796,unmanaged,38,137,0.59861
269796,managed,39,137,0.54161
269797,unmanaged,1,156,2.90743
269797,managed,2,156,2.63058
269798,unmanaged,4,180,1.18649
269798,managed,5,180,1.07351
269800,unmanaged,19,72,1.27574
269800,managed,20,72,1.15426
269801,unmanaged,35,20,17.2705
269801,managed,36,20,15.6259
269814,unmanaged,23,151,1.17
269821,unmanaged,4,68,0.74024
269821,managed,5,68,0.66976
269822,unmanaged,4,155,1.38074
269822,managed,5,155,1.24926
269828,unmanaged,37,0,0.85245
269828,managed,3,0,0.77128
269841,unmanaged,4,223,6.4574
269841,managed,5,223,5.8426
269844,unmanaged,4,235,1.03949
269844,managed,5,235,0.94051
269845,unmanaged,10,168,0.89774
269845,managed,11,168,0.81226
269847,unmanaged,45,83,1.66949
269847,managed,46,83,1.51051
269853,unmanaged,19,138,3.30222
269853,managed,20,138,2.98778
269854,unmanaged,4,155,1.60649
269854,managed,5,155,1.45351
269858,unmanaged,25,51,1.33874
269858,managed,26,51,1.21126
269861,unmanaged,25,51,1.31544
269861,managed,26,51,1.19018
269864,unmanaged,10,115,8.0902
269864,managed,11,115,7.3198
269865,unmanaged,4,85,1.27574
269865,managed,5,85,1.15426
269866,unmanaged,4,85,0.61425
269866,managed,5,85,0.55575
269868,unmanaged,10,168,1.03424
269868,managed,11,168,0.93576
269869,unmanaged,25,21,1.30607
269869,managed,26,21,1.1817
269871,unmanaged,41,35,3.55125
269871,managed,40,35,3.21309
269875,unmanaged,25,21,6.6559
269875,managed,26,21,6.0221
269885,unmanaged,25,21,3.32211
269885,managed,26,21,3.00577
269891,unmanaged,35,27,1.80066
269891,managed,36,27,1.6292
269894,unmanaged,35,30,41.4019
269894,managed,36,30,37.4595
269912,unmanaged,35,24,9.7996
269912,managed,36,24,8.8664
269915,unmanaged,44,113,60.655
269916,unmanaged,67,33,0.89051
269916,managed,49,33,0.80572
269918,unmanaged,4,174,1.62749
269918,managed,5,174,1.47251
269922,unmanaged,19,91,21.4751
269922,managed,20,91,19.4301
269923,unmanaged,19,96,35.2393
269923,managed,20,96,31.8838
269925,unmanaged,19,119,9.2609
269925,managed,20,119,8.3791
269926,unmanaged,25,23,4.51199
269926,managed,26,23,4.08235
269927,unmanaged,10,137,0.08958
269927,managed,11,137,0.08105
269928,unmanaged,10,227,0.91662
269928,managed,11,227,0.82934
269933,unmanaged,45,83,1.18124
269933,managed,46,83,1.06876
269936,unmanaged,4,157,1.18086
269936,managed,5,157,1.06841
269940,unmanaged,19,157,1.12349
269940,managed,20,157,1.01651
269942,unmanaged,19,72,11.3465
269942,managed,20,72,10.266
269943,unmanaged,19,91,3.21297
269943,managed,20,91,2.90703
269944,unmanaged,1,121,5.3393
269944,managed,2,121,4.83089
269945,unmanaged,4,68,0.66149
269945,managed,5,68,0.59851
269950,unmanaged,47,101,1.31549
269950,managed,48,101,1.19023
269951,unmanaged,4,155,5.9535
269951,managed,5,155,5.3865
269961,unmanaged,41,29,1.76924
269961,managed,40,29,1.60076
269965,unmanaged,10,215,1.44899
269965,managed,11,215,1.31101
269968,unmanaged,19,117,0.84501
269968,managed,20,117,0.76455
269979,unmanaged,1,63,2.45698
269979,managed,2,63,2.22302
269980,unmanaged,41,33,17.6725
269980,managed,40,33,15.9897
269984,unmanaged,38,137,0.62317
269984,managed,39,137,0.56383
269985,unmanaged,44,136,3.97769
269986,unmanaged,23,111,1.39583
269987,unmanaged,19,126,0.91487
269987,managed,20,126,0.82776
269991,unmanaged,19,77,0.72731
269991,managed,20,77,0.65805
270001,unmanaged,44,107,88.563
270004,unmanaged,25,22,11.3104
270004,managed,26,22,10.2334
270005,unmanaged,44,107,8.7364
270009,unmanaged,10,228,7.5757
270009,managed,11,228,6.8543
270010,unmanaged,41,33,2.75521
270010,managed,40,33,2.49286
270012,unmanaged,25,30,1.11824
270012,managed,26,30,1.01176
270013,unmanaged,10,151,2.37298
270013,managed,11,151,2.14702
270014,unmanaged,41,35,0.333848
270014,managed,40,35,0.302058
270016,unmanaged,135,51,3.11848
270016,managed,6,51,2.82152
270017,unmanaged,19,98,0.5775
270017,managed,20,98,0.5225
270020,unmanaged,19,138,1.13399
270020,managed,20,138,1.02601
270023,unmanaged,37,0,2.8031
270023,managed,3,0,2.53618
270026,unmanaged,44,105,45.0341
270027,unmanaged,23,151,9.7284
270032,unmanaged,25,38,1.19174
270032,managed,26,38,1.07826
270046,unmanaged,41,33,1.50435
270046,managed,40,33,1.3611
270051,unmanaged,41,19,1.93723
270051,managed,40,19,1.75277
270054,unmanaged,44,119,1.54
270059,unmanaged,136,0,7.9635
270059,managed,55,0,7.2052
270063,unmanaged,10,228,13.1091
270063,managed,11,228,11.8609
270067,unmanaged,41,19,0.57228
270067,managed,40,19,0.51778
270070,unmanaged,4,112,2.53905
270070,managed,5,112,2.29728
270076,unmanaged,41,33,5.3837
270076,managed,40,33,4.87103
270078,unmanaged,137,171,20.2963
270079,unmanaged,44,94,1.23628
270087,unmanaged,47,97,3.73465
270087,managed,48,97,3.37903
270088,unmanaged,1,63,2.12623
270088,managed,2,63,1.92377
270090,unmanaged,35,33,1.2205
270090,managed,36,33,1.10428
270094,unmanaged,4,160,4.29972
270094,managed,5,160,3.89028
270095,unmanaged,4,85,2.58298
270095,managed,5,85,2.33702
270102,unmanaged,15,153,24.4767
270115,unmanaged,44,95,25.7581
270117,unmanaged,135,59,0.71335
270117,managed,6,59,0.64543
270118,unmanaged,25,38,2.70373
270118,managed,26,38,2.44627
270120,unmanaged,4,68,1.08674
270120,managed,5,68,0.98326
270122,unmanaged,4,68,19.5928
270122,managed,5,68,17.7272
270123,unmanaged,10,205,0.80849
270123,managed,11,205,0.73151
270125,unmanaged,10,224,1.37024
270125,managed,11,224,1.23976
270130,unmanaged,10,137,1.18124
270130,managed,11,137,1.06876
270131,unmanaged,19,117,1.38279
270131,managed,20,117,1.25111
270133,unmanaged,41,35,1.14974
270133,managed,40,35,1.04026
270136,unmanaged,44,122,67.276
270141,unmanaged,19,86,5.46
270141,managed,20,86,4.94004
270142,unmanaged,25,51,1.78499
270142,managed,26,51,1.61501
270156,unmanaged,19,101,0.96354
270156,managed,20,101,0.87179
270159,unmanaged,10,227,1.60649
270159,managed,11,227,1.45351
270161,unmanaged,41,31,0.588
270161,managed,40,31,0.532
270162,unmanaged,19,72,1.03949
270162,managed,20,72,0.94051
270164,unmanaged,19,82,7.1136
270164,managed,20,82,6.4362
270166,unmanaged,4,156,0.85049
270166,managed,5,156,0.76951
270167,unmanaged,41,20,1.65374
270167,managed,40,20,1.49626
270168,unmanaged,38,137,0.73376
270168,managed,39,137,0.66389
270169,unmanaged,19,91,0.567
270169,managed,20,91,0.513
270174,unmanaged,44,116,79.043
270179,unmanaged,44,116,4.68
270184,unmanaged,19,117,0.81976
270184,managed,20,117,0.7417
270185,unmanaged,4,203,1.49624
270185,managed,5,203,1.35376
270187,unmanaged,44,130,32.6943
270192,unmanaged,19,87,13.9337
270192,managed,20,87,12.6069
270197,unmanaged,4,184,99.772
270197,managed,5,184,90.271
270198,unmanaged,41,28,2.78773
270198,managed,40,28,2.52227
270200,unmanaged,44,113,36.777
270202,unmanaged,37,0,3.00482
270202,managed,3,0,2.71869
270205,unmanaged,19,197,0.280421
270205,managed,20,197,0.253718
270206,unmanaged,4,68,2.59873
270206,managed,5,68,2.35127
270207,unmanaged,4,106,0.90824
270207,managed,5,106,0.82176
270212,unmanaged,19,87,2.86675
270212,managed,20,87,2.59377
270219,unmanaged,41,19,7.2029
270219,managed,40,19,6.5171
270223,unmanaged,44,117,2.08172
270224,unmanaged,19,197,1.51199
270224,managed,20,197,1.36801
270234,unmanaged,4,119,2.21632
270234,managed,5,119,2.00528
270239,unmanaged,35,17,1.305
270239,managed,36,17,1.18074
270240,unmanaged,4,80,4.91396
270240,managed,5,80,4.44604
270241,unmanaged,15,131,6.84
270243,unmanaged,19,137,1.70258
270243,managed,20,137,1.54045
270244,unmanaged,41,19,1.35449
270244,managed,40,19,1.22551
270246,unmanaged,4,85,1.28624
270246,managed,5,85,1.16376
270247,unmanaged,25,23,0.450343
270247,managed,26,23,0.40746
270249,unmanaged,19,71,1.87084
270249,managed,20,71,1.69269
270252,unmanaged,4,192,17.4036
270252,managed,5,192,15.7464
270254,unmanaged,10,227,1.65899
270254,managed,11,227,1.50101
270256,unmanaged,19,90,0.90824
270256,managed,20,90,0.82176
270258,unmanaged,4,68,1.02374
270258,managed,5,68,0.92626
270263,unmanaged,4,161,1.55924
270263,managed,5,161,1.41076
270264,unmanaged,10,166,1.24829
270264,managed,11,166,1.12943
270272,unmanaged,44,102,11.6962
270273,unmanaged,19,126,4.19565
270273,managed,20,126,3.79613
270276,unmanaged,44,96,12.3668
270289,unmanaged,19,177,0.61724
270289,managed,20,177,0.55847
270291,unmanaged,10,81,0.9547
270291,managed,11,81,0.86379
270293,unmanaged,15,131,13.68
270295,unmanaged,15,153,39.89
270297,unmanaged,10,137,18.9462
270297,managed,11,137,17.1421
270299,unmanaged,41,35,0.61258
270299,managed,40,35,0.55425
270312,unmanaged,19,80,9.7334
270312,managed,20,80,8.8066
270318,unmanaged,25,33,2.89784
270318,managed,26,33,2.6219
270322,unmanaged,25,19,31.1153
270322,managed,26,19,28.1524
270324,unmanaged,4,156,1.01324
270324,managed,5,156,0.91676
270326,unmanaged,10,170,1.25474
270326,managed,11,170,1.13526
270335,unmanaged,4,172,4.15797
270335,managed,5,172,3.76203
270344,unmanaged,4,80,1.84799
270344,managed,5,80,1.67201
270351,unmanaged,47,92,24.4333
270351,managed,48,92,22.1067
270354,unmanaged,19,86,19.6563
270354,managed,20,86,17.7846
270364,unmanaged,4,157,1.97923
270364,managed,5,157,1.79077
270365,unmanaged,19,78,3.01509
270365,managed,20,78,2.72798
270366,unmanaged,4,121,3.08864
270366,managed,5,121,2.79453
270369,unmanaged,38,97,0.77289
270369,managed,39,97,0.69929
270375,unmanaged,35,20,0.66674
270375,managed,36,20,0.60326
270377,unmanaged,19,77,21.1678
270377,managed,20,77,19.1522
270379,unmanaged,4,91,1.47524
270379,managed,5,91,1.33476
270381,unmanaged,35,22,67.192
270381,managed,36,22,60.794
270387,unmanaged,10,228,5.0085
270387,managed,11,228,4.53154
270392,unmanaged,35,21,9.6003
270392,managed,36,21,8.6861
270393,unmanaged,41,32,0.84883
270393,managed,40,32,0.768
270395,unmanaged,19,119,4.65671
270395,managed,20,119,4.21329
270396,unmanaged,4,156,10.8254
270396,managed,5,156,9.7946
270409,unmanaged,23,151,1.26
270411,unmanaged,136,0,0.54184
270411,managed,55,0,0.490243
270424,unmanaged,4,85,2.88223
270424,managed,5,85,2.60777
270439,unmanaged,10,224,6.09
270439,managed,11,224,5.51
270440,unmanaged,35,19,12.992
270440,managed,36,19,11.7548
270445,unmanaged,10,262,0.86726
270445,managed,11,262,0.78468
270452,unmanaged,44,94,12.8489
270459,unmanaged,38,137,2.51488
270459,managed,39,137,2.2754
270460,unmanaged,10,170,0.5985
270460,managed,11,170,0.5415
270465,unmanaged,4,203,12.7705
270465,managed,5,203,11.5545
270466,unmanaged,25,51,25.325
270466,managed,26,51,22.9135
270471,unmanaged,4,85,1.03949
270471,managed,5,85,0.94051
270472,unmanaged,10,168,0.0386177
270472,managed,11,168,0.0349404
270476,unmanaged,19,117,0.64932
270476,managed,20,117,0.58749
270477,unmanaged,4,131,2.06848
270477,managed,5,131,1.87152
270483,unmanaged,13,111,8.0261
270484,unmanaged,19,87,5.6885
270484,managed,20,87,5.1469
270496,unmanaged,4,68,0.70874
270496,managed,5,68,0.64126
270500,unmanaged,4,192,6.7882
270500,managed,5,192,6.1418
270501,unmanaged,4,160,0.64105
270501,managed,5,160,0.58
270503,unmanaged,10,173,0.94499
270503,managed,11,173,0.85501
270512,unmanaged,25,23,0.58846
270512,managed,26,23,0.53243
270514,unmanaged,41,33,1.84626
270514,managed,40,33,1.67046
270523,unmanaged,4,151,4.77221
270523,managed,5,151,4.31779
270527,unmanaged,44,127,23.1854
270531,unmanaged,4,172,0.94499
270531,managed,5,172,0.85501
270536,unmanaged,44,100,23.2858
270541,unmanaged,13,140,5.7754
270542,unmanaged,44,103,21.1541
270545,unmanaged,41,32,2.08948
270545,managed,40,32,1.89052
270546,unmanaged,35,26,17.6491
270546,managed,36,26,15.9685
270549,unmanaged,41,32,79.473
270549,managed,40,32,71.905
270550,unmanaged,44,118,80.552
270556,unmanaged,4,189,4.69574
270556,managed,5,189,4.2486
270562,unmanaged,4,121,3.37572
270562,managed,5,121,3.05428
270563,unmanaged,4,108,10.241
270563,managed,5,108,9.2658
270567,unmanaged,44,95,27.7857
270571,unmanaged,41,20,6.132
270571,managed,40,20,5.548
270575,unmanaged,41,28,2.79823
270575,managed,40,28,2.53177
270576,unmanaged,35,27,8.3798
270576,managed,36,27,7.5819
270577,unmanaged,4,235,0.567
270577,managed,5,235,0.513
270580,unmanaged,10,200,1.90611
270580,managed,11,200,1.72461
270581,unmanaged,44,119,4.08
270588,unmanaged,44,78,5.5365
270594,unmanaged,67,36,4.22679
270594,managed,49,36,3.8243
270602,unmanaged,44,114,7.0149
270607,unmanaged,4,108,26.1815
270607,managed,5,108,23.6885
270609,unmanaged,19,87,3.7212
270609,managed,20,87,3.36686
270610,unmanaged,19,177,1.75847
270610,managed,20,177,1.59102
270611,unmanaged,45,83,8.2897
270611,managed,46,83,7.5003
270614,unmanaged,44,102,74.068
270617,unmanaged,41,28,25.787
270617,managed,40,28,23.3315
270624,unmanaged,4,68,1.88998
270624,managed,5,68,1.71002
270627,unmanaged,10,200,0.66149
270627,managed,11,200,0.59851
270630,unmanaged,19,80,9.3554
270630,managed,20,80,8.4646
270644,unmanaged,37,0,0.96458
270644,managed,3,0,0.87273
270645,unmanaged,44,126,33.3128
270647,unmanaged,4,155,7.7489
270647,managed,5,155,7.0111
270655,unmanaged,41,35,0.77699
270655,managed,40,35,0.70301
270656,unmanaged,19,80,13.6063
270656,managed,20,80,12.3107
270659,unmanaged,10,186,7.5953
270659,managed,11,186,6.872
270660,unmanaged,10,215,1.04474
270660,managed,11,215,0.94526
270662,unmanaged,138,137,1.73306
270662,managed,139,137,1.56803
270665,unmanaged,67,32,6.5776
270665,managed,49,32,5.9512
270671,unmanaged,44,97,88.418
270675,unmanaged,19,90,0.5565
270675,managed,20,90,0.5035
270677,unmanaged,4,158,23.2455
270677,managed,5,158,21.032
270683,unmanaged,44,151,6.2978
270686,unmanaged,38,117,0.5858
270686,managed,39,117,0.53002
270688,unmanaged,47,128,1.17466
270688,managed,48,128,1.0628
270695,unmanaged,41,20,1.37024
270695,managed,40,20,1.23976
270698,unmanaged,10,262,2.59873
270698,managed,11,262,2.35127
270701,unmanaged,10,106,6.8637
270701,managed,11,106,6.2101
270703,unmanaged,4,172,18.7753
270703,managed,5,172,16.9874
270714,unmanaged,41,20,3.13422
270714,managed,40,20,2.83577
270715,unmanaged,4,122,9.4477
270715,managed,5,122,8.548
270723,unmanaged,4,220,5.7802
270723,managed,5,220,5.2298
270728,unmanaged,44,105,55.96
270733,unmanaged,4,112,1.85407
270733,managed,5,112,1.67752
270734,unmanaged,23,151,1.0486
270736,unmanaged,19,84,1.58549
270736,managed,20,84,1.43451
270743,unmanaged,19,80,9.3188
270743,managed,20,80,8.4315
270744,unmanaged,44,123,61.765
270772,unmanaged,4,156,1.73885
270772,managed,5,156,1.57327
270776,unmanaged,25,33,0.81716
270776,managed,26,33,0.73935
270777,unmanaged,19,80,1.60422
270777,managed,20,80,1.45147
270793,unmanaged,4,122,5.0557
270793,managed,5,122,4.57429
270794,unmanaged,44,106,5.8318
270803,unmanaged,4,156,37.7734
270803,managed,5,156,34.1766
270810,unmanaged,10,200,1.24949
270810,managed,11,200,1.13051
270815,unmanaged,19,117,2.06032
270815,managed,20,117,1.86413
270822,unmanaged,41,19,6.918
270822,managed,40,19,6.2592
270828,unmanaged,19,83,13.5567
270828,managed,20,83,12.2657
270829,unmanaged,35,27,13.9815
270829,managed,36,27,12.6502
270830,unmanaged,41,33,1.15819
270830,managed,40,33,1.0479
270831,unmanaged,4,85,38.5294
270831,managed,5,85,34.8606
270832,unmanaged,41,35,1.18124
270832,managed,40,35,1.06876
270840,unmanaged,44,91,17.2813
270842,unmanaged,41,35,1.68803
270842,managed,40,35,1.52729
270854,unmanaged,141,59,6.1579
270854,managed,142,59,5.5716
270857,unmanaged,25,38,0.64574
270857,managed,26,38,0.58426
270859,unmanaged,19,157,0.6033
270859,managed,20,157,0.54585
270866,unmanaged,135,51,8.7359
270866,managed,6,51,7.9041
270868,unmanaged,4,163,2.61448
270868,managed,5,163,2.36552
270872,unmanaged,38,97,1.10308
270872,managed,39,97,0.99804
270873,unmanaged,44,93,48.0557
270875,unmanaged,19,117,1.75142
270875,managed,20,117,1.58464
270877,unmanaged,19,197,0.341247
270877,managed,20,197,0.308753
270881,unmanaged,41,33,1.18161
270881,managed,40,33,1.06909
270882,unmanaged,41,31,3.66092
270882,managed,40,31,3.31232
270883,unmanaged,67,33,33.1842
270883,managed,49,33,30.0243
270893,unmanaged,38,137,1.74639
270893,managed,39,137,1.5801
270902,unmanaged,25,8,0.419149
270902,managed,26,8,0.379237
270906,unmanaged,25,38,0.67651
270906,managed,26,38,0.61209
270907,unmanaged,4,110,1.90048
270907,managed,5,110,1.71952
270912,unmanaged,44,110,2.71074
270914,unmanaged,44,112,63.341
270917,unmanaged,10,215,1.22849
270917,managed,11,215,1.11151
270920,unmanaged,19,80,21.1206
270920,managed,20,80,19.1094
270921,unmanaged,4,192,1.12349
270921,managed,5,192,1.01651
270925,unmanaged,35,20,1.43847
270925,managed,36,20,1.3015
270932,unmanaged,10,173,3.14997
270932,managed,11,173,2.85003
270934,unmanaged,19,86,26.9401
270934,managed,20,86,24.3748
270935,unmanaged,41,19,2.75098
270935,managed,40,19,2.48902
270940,unmanaged,4,148,1.02374
270940,managed,5,148,0.92626
270942,unmanaged,41,33,8.585
270942,managed,40,33,7.7675
270946,unmanaged,41,33,1.92758
270946,managed,40,33,1.74403
270948,unmanaged,10,137,3.31797
270948,managed,11,137,3.00203
270949,unmanaged,4,156,0.60355
270949,managed,5,156,0.54608
270957,unmanaged,44,115,19.1513
270958,unmanaged,44,116,56.154
270965,unmanaged,25,38,9.8647
270965,managed,26,38,8.9253
270968,unmanaged,19,138,2.15455
270968,managed,20,138,1.94938
270971,unmanaged,4,223,0.95024
270971,managed,5,223,0.85976
270975,unmanaged,41,35,2.03463
270975,managed,40,35,1.84089
270976,unmanaged,33,51,0.66149
270976,managed,34,51,0.59851
270979,unmanaged,41,33,1.65374
270979,managed,40,33,1.49626
270983,unmanaged,4,80,0.80324
270983,managed,5,80,0.72676
270985,unmanaged,15,101,7.74
270991,unmanaged,4,215,3.14997
270991,managed,5,215,2.85003
270993,unmanaged,25,21,2.8173
270993,managed,26,21,2.54903
270996,unmanaged,44,94,7.603
271003,unmanaged,41,33,1.40629
271003,managed,40,33,1.27238
271011,unmanaged,44,94,4.60451
271013,unmanaged,44,89,7.5271
271015,unmanaged,41,20,0.75599
271015,managed,40,20,0.68401
271025,unmanaged,19,71,4.63046
271025,managed,20,71,4.18954
271027,unmanaged,4,157,6.3067
271027,managed,5,157,5.7061
271029,unmanaged,4,68,2.12623
271029,managed,5,68,1.92377
271030,unmanaged,41,19,0.85109
271030,managed,40,19,0.77004
271036,unmanaged,44,110,34.7364
271041,unmanaged,44,117,4.76035
271043,unmanaged,44,117,9.4464
271046,unmanaged,35,20,2.30387
271046,managed,36,20,2.08449
271047,unmanaged,4,116,1.38074
271047,managed,5,116,1.24926
271051,unmanaged,44,107,16.8663
271052,unmanaged,41,33,1.97139
271052,managed,40,33,1.78367
271055,unmanaged,134,28,36.7393
271055,managed,21,28,33.2409
271058,unmanaged,35,19,1.57933
271058,managed,36,19,1.42894
271059,unmanaged,4,122,1.31757
271059,managed,5,122,1.19211
271060,unmanaged,4,122,1.51199
271060,managed,5,122,1.36801
271062,unmanaged,23,151,7.698
271063,unmanaged,38,137,0.66149
271063,managed,39,137,0.59851
271067,unmanaged,27,57,7.8434
271067,managed,28,57,7.0966
271070,unmanaged,4,161,3.79047
271070,managed,5,161,3.42953
271102,unmanaged,4,216,4.37412
271102,managed,5,216,3.9576
271103,unmanaged,19,76,6.0847
271103,managed,20,76,5.5053
271106,unmanaged,19,86,4.67771
271106,managed,20,86,4.23229
271116,unmanaged,4,183,9.6599
271116,managed,5,183,8.7401
271128,unmanaged,15,153,13.32
271137,unmanaged,44,87,20.4743
271143,unmanaged,10,262,2.10523
271143,managed,11,262,1.90477
271148,unmanaged,41,28,1.46474
271148,managed,40,28,1.32526
271150,unmanaged,10,186,0.52357
271150,managed,11,186,0.473715
271152,unmanaged,4,131,1.52249
271152,managed,5,131,1.37751
271153,unmanaged,47,87,24.893
271153,managed,48,87,22.5226
271163,unmanaged,25,22,19.3139
271163,managed,26,22,17.4748
271168,unmanaged,41,35,3.48597
271168,managed,40,35,3.15403
271169,unmanaged,41,20,0.61425
271169,managed,40,20,0.55575
271170,unmanaged,4,160,0.71924
271170,managed,5,160,0.65076
271171,unmanaged,4,161,1.16024
271171,managed,5,161,1.04976
271180,unmanaged,47,97,68.581
271180,managed,48,97,62.051
271188,unmanaged,44,85,7.8053
271191,unmanaged,4,80,2.40973
271191,managed,5,80,2.18027
271196,unmanaged,19,78,0.75599
271196,managed,20,78,0.68401
271199,unmanaged,4,131,0.61425
271199,managed,5,131,0.55575
271200,unmanaged,19,125,3.81562
271200,managed,20,125,3.45228
271205,unmanaged,4,157,0.77699
271205,managed,5,157,0.70301
271208,unmanaged,19,98,6.1372
271208,managed,20,98,5.5528
271222,unmanaged,41,35,0.80913
271222,managed,40,35,0.73209
271223,unmanaged,41,35,1.91623
271223,managed,40,35,1.73377
271224,unmanaged,35,19,2.99106
271224,managed,36,19,2.70624
271226,unmanaged,41,30,124.543
271226,managed,40,30,112.683
271231,unmanaged,41,19,0.65933
271231,managed,40,19,0.59655
271248,unmanaged,4,216,1.18649
271248,managed,5,216,1.07351
271250,unmanaged,41,33,1.14533
271250,managed,40,33,1.03627
271252,unmanaged,19,119,15.0096
271252,managed,20,119,13.5804
271254,unmanaged,41,19,7.9404
271254,managed,40,19,7.1843
271256,unmanaged,41,19,1.50674
271256,managed,40,19,1.36326
271257,unmanaged,4,203,0.94499
271257,managed,5,203,0.85501
271259,unmanaged,41,55,1.91623
271259,managed,40,55,1.73377
271264,unmanaged,44,151,20.558
271270,unmanaged,4,122,5.0583
271270,managed,5,122,4.57662
271271,unmanaged,44,80,18.667
271276,unmanaged,25,51,2.11573
271276,managed,26,51,1.91427
271277,unmanaged,4,223,0.82424
271277,managed,5,223,0.74576
271278,unmanaged,10,137,1.13924
271278,managed,11,137,1.03076
271279,unmanaged,10,137,0.84524
271279,managed,11,137,0.76476
271280,unmanaged,44,101,82.538
271286,unmanaged,19,101,5.8904
271286,managed,20,101,5.3295
271287,unmanaged,133,35,1.20749
271287,managed,12,35,1.09251
271289,unmanaged,4,174,4.00572
271289,managed,5,174,3.62428
271296,unmanaged,4,122,1.34399
271296,managed,5,122,1.21601
271301,unmanaged,25,30,6.4994
271301,managed,26,30,5.8806
271309,unmanaged,41,33,6.7747
271309,managed,40,33,6.1296
271315,unmanaged,19,115,50.016
271315,managed,20,115,45.2533
271319,unmanaged,41,34,31.1083
271319,managed,40,34,28.1461
271324,unmanaged,10,215,7.5862
271324,managed,11,215,6.8638
271330,unmanaged,10,115,8.2319
271330,managed,11,115,7.4481
271336,unmanaged,25,21,3.42586
271336,managed,26,21,3.09964
271337,unmanaged,19,138,4.47821
271337,managed,20,138,4.05179
271339,unmanaged,19,78,4.04247
271339,managed,20,78,3.65753
271343,unmanaged,35,31,2.62544
271343,managed,36,31,2.37543
271348,unmanaged,10,200,6.1267
271348,managed,11,200,5.5433
271349,unmanaged,13,151,4.56112
271353,unmanaged,10,166,4.83271
271353,managed,11,166,4.37253
271360,unmanaged,10,215,43.1652
271360,managed,11,215,39.0548
271363,unmanaged,45,83,6.6674
271363,managed,46,83,6.0326
271366,unmanaged,67,33,93.593
271366,managed,49,33,84.681
271371,unmanaged,27,57,0.5775
271371,managed,28,57,0.5225
271383,unmanaged,19,90,1.22231
271383,managed,20,90,1.10592
271384,unmanaged,4,157,0.59325
271384,managed,5,157,0.53675
271389,unmanaged,25,51,4.46246
271389,managed,26,51,4.03754
271397,unmanaged,41,19,2.6121
271397,managed,40,19,2.36336
271398,unmanaged,41,33,1.6983
271398,managed,40,33,1.53658
271399,unmanaged,19,90,46.7088
271399,managed,20,90,42.2611
271405,unmanaged,19,84,0.59325
271405,managed,20,84,0.53675
271406,unmanaged,44,134,12.0392
271409,unmanaged,38,190,1.96974
271409,managed,39,190,1.78217
271411,unmanaged,23,151,4.13747
271412,unmanaged,41,30,4.58321
271412,managed,40,30,4.14679
271414,unmanaged,4,138,0.58275
271414,managed,5,138,0.52725
271415,unmanaged,4,215,3.70647
271415,managed,5,215,3.35353
271419,unmanaged,37,0,0.67917
271419,managed,3,0,0.6145
271422,unmanaged,19,100,2.16556
271422,managed,20,100,1.95935
271423,unmanaged,10,215,0.66149
271423,managed,11,215,0.59851
271424,unmanaged,4,157,2.13988
271424,managed,5,157,1.93612
271433,unmanaged,44,119,3.52
271434,unmanaged,4,119,0.55601
271434,managed,5,119,0.50307
271435,unmanaged,4,74,7.5742
271435,managed,5,74,6.853
271437,unmanaged,4,235,3.92316
271437,managed,5,235,3.54959
271444,unmanaged,25,24,4.71376
271444,managed,26,24,4.2649
271446,unmanaged,4,157,6.1356
271446,managed,5,157,5.5514
271459,unmanaged,4,160,0.51975
271459,managed,5,160,0.470254
271462,unmanaged,25,21,1.40312
271462,managed,26,21,1.26951
271469,unmanaged,19,86,0.99224
271469,managed,20,86,0.89776
271470,unmanaged,19,80,1.12644
271470,managed,20,80,1.01917
271471,unmanaged,10,168,0.89249
271471,managed,11,168,0.80751
271476,unmanaged,19,87,0.61767
271476,managed,20,87,0.55886
271478,unmanaged,35,26,58.796
271478,managed,36,26,53.197
271481,unmanaged,35,8,1.55362
271481,managed,36,8,1.40568
271483,unmanaged,44,71,2.37424
271485,unmanaged,4,110,5.88
271485,managed,5,110,5.32
271486,unmanaged,44,116,14.5105
271487,unmanaged,37,0,0.71155
271487,managed,3,0,0.6438
271488,unmanaged,35,30,8.0674
271488,managed,36,30,7.2992
271495,unmanaged,19,125,1.34659
271495,managed,20,125,1.21836
271496,unmanaged,47,119,16.8995
271496,managed,48,119,15.2903
271498,unmanaged,10,126,1.22849
271498,managed,11,126,1.11151
271500,unmanaged,45,83,2.60923
271500,managed,46,83,2.36077
271502,unmanaged,44,116,1.43563
271510,unmanaged,4,85,0.66149
271510,managed,5,85,0.59851
271511,unmanaged,41,35,1.30679
271511,managed,40,35,1.18235
271515,unmanaged,10,168,0.80324
271515,managed,11,168,0.72676
271517,unmanaged,44,110,10.5062
271520,unmanaged,4,189,2.16939
271520,managed,5,189,1.96282
271522,unmanaged,41,29,0.06666
271522,managed,40,29,0.060312
271528,unmanaged,19,98,0.99224
271528,managed,20,98,0.89776
271533,unmanaged,44,125,16.1081
271538,unmanaged,19,71,2.40973
271538,managed,20,71,2.18027
271539,unmanaged,19,76,5.5072
271539,managed,20,76,4.98279
271545,unmanaged,23,137,2.91105
271549,unmanaged,19,133,5.498
271549,managed,20,133,4.97442
271550,unmanaged,4,122,1.27574
271550,managed,5,122,1.15426
271557,unmanaged,35,20,5.6526
271557,managed,36,20,5.1143
271566,unmanaged,137,159,43.2907
271569,unmanaged,4,110,1.97923
271569,managed,5,110,1.79077
271576,unmanaged,41,29,4.60946
271576,managed,40,29,4.17054
271577,unmanaged,4,224,6.8293
271577,managed,5,224,6.179
271582,unmanaged,37,0,1.01676
271582,managed,3,0,0.91994
271584,unmanaged,35,20,0.402365
271584,managed,36,20,0.364051
271585,unmanaged,41,30,4.45948
271585,managed,40,30,4.03483
271593,unmanaged,41,33,0.66149
271593,managed,40,33,0.59851
271595,unmanaged,44,117,39.4639
271596,unmanaged,41,33,2.5221
271596,managed,40,33,2.28194
271597,unmanaged,19,72,9.2137
271597,managed,20,72,8.3363
271600,unmanaged,19,80,1.55
271600,managed,20,80,1.4024
271609,unmanaged,41,33,7.4953
271609,managed,40,33,6.7815
271623,unmanaged,19,108,30.9264
271623,managed,20,108,27.9815
271627,unmanaged,4,160,36.0873
271627,managed,5,160,32.651
271643,unmanaged,19,157,0.55827
271643,managed,20,157,0.50511
271645,unmanaged,10,170,4.67246
271645,managed,11,170,4.22754
271646,unmanaged,4,161,16.6402
271646,managed,5,161,15.0556
271647,unmanaged,25,30,1.46474
271647,managed,26,30,1.32526
271665,unmanaged,23,117,16.2669
271672,unmanaged,4,160,4.06347
271672,managed,5,160,3.67653
271681,unmanaged,35,30,30.3216
271681,managed,36,30,27.4343
271683,unmanaged,47,96,2.17416
271683,managed,48,96,1.96713
271684,unmanaged,41,33,0.99224
271684,managed,40,33,0.89776
271686,unmanaged,41,33,1.37695
271686,managed,40,33,1.24583
271697,unmanaged,44,113,54.209
271700,unmanaged,10,115,1.18124
271700,managed,11,115,1.06876
271701,unmanaged,4,171,0.58316
271701,managed,5,171,0.52763
271702,unmanaged,44,92,8.21
271710,unmanaged,4,224,1.62224
271710,managed,5,224,1.46776
271712,unmanaged,67,33,0.80161
271712,managed,49,33,0.72528
271713,unmanaged,41,30,1.02272
271713,managed,40,30,0.92534
271714,unmanaged,35,34,2.10161
271714,managed,36,34,1.90149
271715,unmanaged,19,100,0.57165
271715,managed,20,100,0.51721
271725,unmanaged,134,55,3.67317
271725,managed,21,55,3.3234
271726,unmanaged,45,124,3.35399
271726,managed,46,124,3.03462
271727,unmanaged,4,80,1.44899
271727,managed,5,80,1.31101
271729,unmanaged,44,136,1.29728
271737,unmanaged,4,68,2.74048
271737,managed,5,68,2.47952
271739,unmanaged,44,116,2.94072
271740,unmanaged,35,19,2.48061
271740,managed,36,19,2.2444
271745,unmanaged,4,158,3.21297
271745,managed,5,158,2.90703
271750,unmanaged,41,35,6.5142
271750,managed,40,35,5.8939
271752,unmanaged,25,38,1.21799
271752,managed,26,38,1.10201
271754,unmanaged,4,216,1.66424
271754,managed,5,216,1.50576
271755,unmanaged,41,33,2.07319
271755,managed,40,33,1.87578
271757,unmanaged,1,74,1.9738
271757,managed,2,74,1.78585
271764,unmanaged,41,35,6.2107
271764,managed,40,35,5.6193
271767,unmanaged,134,29,5.9284
271767,managed,21,29,5.3638
271770,unmanaged,41,20,1.62224
271770,managed,40,20,1.46776
271774,unmanaged,19,117,1.83765
271774,managed,20,117,1.66267
271781,unmanaged,4,203,16.3589
271781,managed,5,203,14.8011
271786,unmanaged,4,85,4.93496
271786,managed,5,85,4.46504
271795,unmanaged,4,155,0.85049
271795,managed,5,155,0.76951
272010,unmanaged,29,107,0.175665
272010,managed,30,107,0.158938
272011,unmanaged,10,117,13.0934
272011,managed,11,117,11.8466
272012,unmanaged,1,137,0.0130427
272012,managed,2,137,0.0118007
272013,unmanaged,29,137,0.007607
272013,managed,30,137,0.0068826
272014,unmanaged,33,5,65.928
272014,managed,34,5,59.65
272015,unmanaged,37,0,12.9937
272015,managed,3,0,11.7564
272016,unmanaged,51,132,1.01367
272016,managed,52,132,0.91715
272017,unmanaged,29,137,0.433585
272017,managed,30,137,0.392297
272018,unmanaged,1,166,0.124591
272018,managed,2,166,0.112727
272019,unmanaged,29,107,1.03574
272019,managed,30,107,0.93711
272020,unmanaged,1,146,0.065668
272020,managed,2,146,0.059415
272021,unmanaged,10,146,0.203805
272021,managed,11,146,0.184398
272022,unmanaged,1,137,0.50802
272022,managed,2,137,0.459647
272023,unmanaged,4,150,6.8
272023,managed,5,150,6.1525
272024,unmanaged,1,146,0.175518
272024,managed,2,146,0.158805
272025,unmanaged,4,209,0.56215
272025,managed,5,209,0.50862
272026,unmanaged,51,132,4.72749
272026,managed,52,132,4.27733
272027,unmanaged,29,137,0.163214
272027,managed,30,137,0.147672
272028,unmanaged,51,132,15.0925
272028,managed,52,132,13.6553
272029,unmanaged,1,137,0.24375
272029,managed,2,137,0.22054
272030,unmanaged,33,59,2.84134
272030,managed,34,59,2.57078
272031,unmanaged,1,137,1.58996
272031,managed,2,137,1.43856
272032,unmanaged,29,137,0.093691
272032,managed,30,137,0.08477
272033,unmanaged,51,132,10.4905
272033,managed,52,132,9.4916
272034,unmanaged,4,152,21.184
272034,managed,5,152,19.1668
272035,unmanaged,19,105,6.9061
272035,managed,20,105,6.2485
272036,unmanaged,29,137,0.63267
272036,managed,30,137,0.57242
272038,unmanaged,51,132,2.95536
272038,managed,52,132,2.67394
272039,unmanaged,51,132,0.98792
272039,managed,52,132,0.89385
272040,unmanaged,10,137,0.06097
272040,managed,11,137,0.055164
272041,unmanaged,1,137,1.48442
272041,managed,2,137,1.34307
272043,unmanaged,1,137,0.053378
272043,managed,2,137,0.0482951
272044,unmanaged,1,137,0.074073
272044,managed,2,137,0.06702
272045,unmanaged,37,0,3.04851
272045,managed,3,0,2.75823
272046,unmanaged,33,3,2.08174
272046,managed,34,3,1.88351
272047,unmanaged,1,146,0.176232
272047,managed,2,146,0.159451
272048,unmanaged,4,209,3.80092
272048,managed,5,209,3.43899
272049,unmanaged,1,137,24.82
272049,managed,2,137,22.4566
272050,unmanaged,15,114,27.9689
272051,unmanaged,4,134,12.6193
272051,managed,5,134,11.4177
272052,unmanaged,33,51,3.44671
272052,managed,34,51,3.1185
272053,unmanaged,10,199,5.7432
272053,managed,11,199,5.1964
272054,unmanaged,4,187,1.50469
272054,managed,5,187,1.36141
272055,unmanaged,4,187,12.0946
272055,managed,5,187,10.9429
272056,unmanaged,33,51,12.9293
272056,managed,34,51,11.6981
272057,unmanaged,4,187,2.37153
272057,managed,5,187,2.1457
272058,unmanaged,10,72,18.6
272058,managed,11,72,16.8288
272059,unmanaged,4,134,8.2221
272059,managed,5,134,7.4392
272060,unmanaged,1,166,0.0382861
272060,managed,2,166,0.0346404
272066,unmanaged,10,148,0.196158
272066,managed,11,148,0.17748
272068,unmanaged,29,157,7.5573
272068,managed,30,157,6.8376
272069,unmanaged,4,166,0.0392486
272069,managed,5,166,0.0355112
272070,unmanaged,29,157,0.87518
272070,managed,30,157,0.79184
272071,unmanaged,16,157,5.2796
272071,managed,17,157,4.77685
272073,unmanaged,4,158,0.353532
272073,managed,5,158,0.319867
272074,unmanaged,1,137,0.061244
272074,managed,2,137,0.055412
272075,unmanaged,1,157,0.78859
272075,managed,2,157,0.7135
272076,unmanaged,51,132,7.7434
272076,managed,52,132,7.006
272077,unmanaged,29,77,1.67479
272077,managed,30,77,1.51532
272078,unmanaged,1,137,4.6139
272078,managed,2,137,4.17455
272079,unmanaged,4,80,0.86221
272079,managed,5,80,0.78011
272080,unmanaged,29,157,0.90224
272080,managed,30,157,0.81632
272081,unmanaged,14,135,0.203402
272083,unmanaged,1,137,0.0361111
272083,managed,2,137,0.0326725
272084,unmanaged,16,196,0.137973
272084,managed,17,196,0.124835
272087,unmanaged,7,137,6.2182
272087,managed,8,137,5.6261
272089,unmanaged,1,157,15.3931
272089,managed,2,157,13.9273
272090,unmanaged,29,157,0.0060426
272090,managed,30,157,0.0054672
272092,unmanaged,45,132,1.44376
272092,managed,46,132,1.30628
272094,unmanaged,1,157,1.55899
272094,managed,2,157,1.41054
272095,unmanaged,1,137,0.0429709
272095,managed,2,137,0.038879
272096,unmanaged,1,137,1.86934
272096,managed,2,137,1.69134
272097,unmanaged,143,49,1.44409
272097,managed,9,49,1.30658
272098,unmanaged,1,157,0.0013352
272098,managed,2,157,0.001208
272099,unmanaged,4,158,2.6973
272099,managed,5,158,2.44046
272101,unmanaged,14,135,0.0223739
272103,unmanaged,14,135,0.0229598
272104,unmanaged,29,77,2.94813
272104,managed,30,77,2.6674
272105,unmanaged,13,137,0.0015092
272109,unmanaged,10,229,0.55569
272109,managed,11,229,0.50277
272110,unmanaged,4,151,7.0641
272110,managed,5,151,6.3914
272112,unmanaged,1,137,2.58993
272112,managed,2,137,2.34331
272113,unmanaged,29,157,0.0054857
272113,managed,30,157,0.0049633
272114,unmanaged,29,157,0.269295
272114,managed,30,157,0.243652
272120,unmanaged,29,157,3.4372
272120,managed,30,157,3.1099
272123,unmanaged,4,151,0.64156
272123,managed,5,151,0.58047
272124,unmanaged,143,49,3.92124
272124,managed,9,49,3.54785
272126,unmanaged,29,157,0.140183
272126,managed,30,157,0.126834
272130,unmanaged,4,80,0.0251476
272130,managed,5,80,0.0227529
272131,unmanaged,7,137,0.0364421
272131,managed,8,137,0.032972
272132,unmanaged,1,217,0.080347
272132,managed,2,217,0.072696
272134,unmanaged,29,157,0.233678
272134,managed,30,157,0.211427
272252,unmanaged,4,131,0.0218605
272252,managed,5,131,0.0197788
272258,unmanaged,27,57,3.97692
272258,managed,28,57,3.59822
272259,unmanaged,44,110,179.617
272260,unmanaged,44,109,13.5434
272261,unmanaged,19,109,2.61916
272261,managed,20,109,2.36976
272266,unmanaged,37,34,0.0288412
272266,managed,3,34,0.0260948
272267,unmanaged,4,151,0.429369
272267,managed,5,151,0.388484
272268,unmanaged,44,109,2.99504
272269,unmanaged,10,277,0.056864
272269,managed,11,277,0.051449
272271,unmanaged,4,189,0.0217981
272271,managed,5,189,0.0197224
272273,unmanaged,4,160,0.063058
272273,managed,5,160,0.057054
272278,unmanaged,4,68,5.3762
272278,managed,5,68,4.86426
272282,unmanaged,44,89,6.3403
272283,unmanaged,4,148,3.56527
272283,managed,5,148,3.22578
272286,unmanaged,38,167,0.0385233
272286,managed,39,167,0.034855
272287,unmanaged,4,148,1.10204
272287,managed,5,148,0.9971
272288,unmanaged,27,57,15.2782
272288,managed,28,57,13.8234
272289,unmanaged,41,33,1.4055
272289,managed,40,33,1.27167
272290,unmanaged,4,182,0.0020994
272290,managed,5,182,0.0018994
272293,unmanaged,10,61,0.077376
272293,managed,11,61,0.070008
272294,unmanaged,41,33,3.23527
272294,managed,40,33,2.9272
272298,unmanaged,10,261,0.07969
272298,managed,11,261,0.072101
272300,unmanaged,4,105,4.11853
272300,managed,5,105,3.72636
272302,unmanaged,47,129,0.0288056
272302,managed,48,129,0.0260626
272305,unmanaged,4,157,0.110776
272305,managed,5,157,0.100228
272313,unmanaged,19,109,2.24102
272313,managed,20,109,2.02762
272314,unmanaged,41,20,10.208
272314,managed,40,20,9.236
272316,unmanaged,4,160,3.31908
272316,managed,5,160,3.00303
272324,unmanaged,19,197,0.62742
272324,managed,20,197,0.56768
272326,unmanaged,38,68,0.67233
272326,managed,39,68,0.60831
272329,unmanaged,25,33,2.49827
272329,managed,26,33,2.26038
272332,unmanaged,4,189,0.8811
272332,managed,5,189,0.7972
272333,unmanaged,19,85,1.84856
272333,managed,20,85,1.67253
272338,unmanaged,135,59,22.5592
272338,managed,6,59,20.411
272339,unmanaged,41,49,9.0009
272339,managed,40,49,8.1439
272345,unmanaged,4,143,0.398333
272345,managed,5,143,0.360403
272350,unmanaged,4,134,2.25561
272350,managed,5,134,2.04082
272351,unmanaged,10,148,10.9713
272351,managed,11,148,9.9266
272353,unmanaged,133,35,9.6016
272353,managed,12,35,8.6873
272354,unmanaged,4,215,0.0298043
272354,managed,5,215,0.0269662
272355,unmanaged,47,96,1.32784
272355,managed,48,96,1.2014
272360,unmanaged,4,213,1.25274
272360,managed,5,213,1.13345
272364,unmanaged,4,215,0.79085
272364,managed,5,215,0.71555
272365,unmanaged,38,167,0.410671
272365,managed,39,167,0.371566
272366,unmanaged,4,91,0.7502
272366,managed,5,91,0.67877
272368,unmanaged,19,109,0.262277
272368,managed,20,109,0.237303
272369,unmanaged,4,80,1.26626
272369,managed,5,80,1.14568
272370,unmanaged,37,34,2.52662
272370,managed,3,34,2.28603
272373,unmanaged,4,148,0.75212
272373,managed,5,148,0.6805
272375,unmanaged,4,138,1.64151
272375,managed,5,138,1.4852
272378,unmanaged,10,137,1.40865
272378,managed,11,137,1.27451
272379,unmanaged,44,119,53.316
272381,unmanaged,13,151,0.0445901
272382,unmanaged,4,148,0.78651
272382,managed,5,148,0.71161
272383,unmanaged,19,99,0.171746
272383,managed,20,99,0.155392
272384,unmanaged,4,194,2.29876
272384,managed,5,194,2.07987
272385,unmanaged,25,21,3.03915
272385,managed,26,21,2.74976
272386,unmanaged,4,152,1.96172
272386,managed,5,152,1.77492
272388,unmanaged,19,110,0.50069
272388,managed,20,110,0.453017
272389,unmanaged,25,30,14.9252
272389,managed,26,30,13.504
272391,unmanaged,41,49,5.0091
272391,managed,40,49,4.53212
272393,unmanaged,41,33,27.9263
272393,managed,40,33,25.2671
272394,unmanaged,10,72,1.67232
272394,managed,11,72,1.51308
272395,unmanaged,10,199,2.52057
272395,managed,11,199,2.28056
272397,unmanaged,4,197,1.85804
272397,managed,5,197,1.68111
272398,unmanaged,4,80,3.00932
272398,managed,5,80,2.72276
272399,unmanaged,19,86,0.89187
272399,managed,20,86,0.80694
272401,unmanaged,4,148,0.305055
272401,managed,5,148,0.276007
272403,unmanaged,45,83,3.33955
272403,managed,46,83,3.02155
272404,unmanaged,4,148,1.29998
272404,managed,5,148,1.17619
272406,unmanaged,4,121,0.34714
272406,managed,5,121,0.314085
272407,unmanaged,23,137,0.363392
272408,unmanaged,4,189,0.0419095
272408,managed,5,189,0.0379188
272409,unmanaged,4,189,0.0119033
272409,managed,5,189,0.0107698
272411,unmanaged,4,163,7.5155
272411,managed,5,163,6.7998
272412,unmanaged,25,38,3.61895
272412,managed,26,38,3.27435
272413,unmanaged,4,79,0.143537
272413,managed,5,79,0.129869
272415,unmanaged,15,101,5.1393
272416,unmanaged,10,276,13.0798
272416,managed,11,276,11.8343
272417,unmanaged,4,148,0.0199013
272417,managed,5,148,0.0180063
272419,unmanaged,19,101,0.228666
272419,managed,20,101,0.206892
272422,unmanaged,10,261,0.95159
272422,managed,11,261,0.86097
272423,unmanaged,4,68,4.20148
272423,managed,5,68,3.8014
272424,unmanaged,41,49,1.96983
272424,managed,40,49,1.78226
272425,unmanaged,4,160,0.0448877
272425,managed,5,160,0.0406134
272426,unmanaged,4,189,0.65804
272426,managed,5,189,0.59538
272431,unmanaged,44,110,9.2725
272432,unmanaged,19,197,0.0047349
272432,managed,20,197,0.004284
272433,unmanaged,4,152,5.5263
272433,managed,5,152,5.0001
272434,unmanaged,4,163,1.58998
272434,managed,5,163,1.43857
272435,unmanaged,10,199,2.33048
272435,managed,11,199,2.10856
272436,unmanaged,37,0,5.6061
272436,managed,3,0,5.0722
272439,unmanaged,4,121,3.20459
272439,managed,5,121,2.89944
272440,unmanaged,35,29,2.0007
272440,managed,36,29,1.81019
272442,unmanaged,19,90,3.96551
272442,managed,20,90,3.5879
272445,unmanaged,19,109,1.89696
272445,managed,20,109,1.71633
272446,unmanaged,4,159,0.65409
272446,managed,5,159,0.59181
272447,unmanaged,23,137,0.063845
272448,unmanaged,4,91,0.0058212
272448,managed,5,91,0.0052669
272450,unmanaged,4,74,0.0114963
272450,managed,5,74,0.0104016
272452,unmanaged,45,83,1.99009
272452,managed,46,83,1.80059
272454,unmanaged,19,110,0.314362
272454,managed,20,110,0.284428
272455,unmanaged,10,148,8.0571
272455,managed,11,148,7.2899
272456,unmanaged,4,151,0.68882
272456,managed,5,151,0.62323
272458,unmanaged,4,215,17.4249
272458,managed,5,215,15.7657
272460,unmanaged,38,167,0.0326275
272460,managed,39,167,0.0295206
272461,unmanaged,19,110,0.437356
272461,managed,20,110,0.39571
272463,unmanaged,4,132,12.3143
272463,managed,5,132,11.1417
272464,unmanaged,44,126,21.676
272467,unmanaged,19,91,2.44166
272467,managed,20,91,2.20916
272468,unmanaged,19,110,0.302555
272468,managed,20,110,0.273745
272469,unmanaged,10,261,0.0170622
272469,managed,11,261,0.0154375
272470,unmanaged,19,109,0.079978
272470,managed,20,109,0.072362
272472,unmanaged,4,68,16.2057
272472,managed,5,68,14.6626
272473,unmanaged,23,117,27.091
272474,unmanaged,4,148,0.085935
272474,managed,5,148,0.077752
272477,unmanaged,4,148,3.99934
272477,managed,5,148,3.61851
272479,unmanaged,4,138,0.57653
272479,managed,5,138,0.52163
272481,unmanaged,4,194,1.97944
272481,managed,5,194,1.79095
272482,unmanaged,4,148,1.63848
272482,managed,5,148,1.48246
272488,unmanaged,4,138,3.63701
272488,managed,5,138,3.29068
272490,unmanaged,10,264,0.0212834
272490,managed,11,264,0.0192567
272491,unmanaged,25,23,34.0701
272491,managed,26,23,30.8259
272503,unmanaged,1,61,10.8564
272503,managed,2,61,9.8226
272504,unmanaged,25,33,2.29801
272504,managed,26,33,2.07919
272505,unmanaged,19,99,0.63518
272505,managed,20,99,0.57469
272507,unmanaged,10,137,27.1097
272507,managed,11,137,24.5283
272509,unmanaged,15,151,0.175567
272512,unmanaged,38,68,3.27795
272512,managed,39,68,2.96581
272516,unmanaged,4,114,3.11581
272516,managed,5,114,2.81912
272517,unmanaged,4,159,0.51762
272517,managed,5,159,0.46833
272520,unmanaged,19,101,0.193065
272520,managed,20,101,0.174681
272528,unmanaged,10,261,0.0070808
272528,managed,11,261,0.0064066
272530,unmanaged,50,111,5.9919
272533,unmanaged,44,110,35.5119
272536,unmanaged,4,235,1.67312
272536,managed,5,235,1.5138
272538,unmanaged,19,138,1.74708
272538,managed,20,138,1.58072
272539,unmanaged,15,101,2.45945
272540,unmanaged,10,224,0.51207
272540,managed,11,224,0.463306
272542,unmanaged,44,109,39.9167
272543,unmanaged,50,111,9.852
272545,unmanaged,44,104,18.8326
272546,unmanaged,19,109,0.0378253
272546,managed,20,109,0.0342235
272547,unmanaged,10,261,0.88588
272547,managed,11,261,0.80153
272549,unmanaged,4,152,4.84438
272549,managed,5,152,4.38308
272550,unmanaged,19,137,1.09726
272550,managed,20,137,0.99278
272551,unmanaged,10,148,13.2977
272551,managed,11,148,12.0315
272553,unmanaged,19,83,0.79
272553,managed,20,83,0.71477
272557,unmanaged,4,138,1.97116
272557,managed,5,138,1.78346
272559,unmanaged,4,194,0.178167
272559,managed,5,194,0.161202
272561,unmanaged,19,72,1.81351
272561,managed,20,72,1.64082
272563,unmanaged,4,138,43.1484
272563,managed,5,138,39.0396
272566,unmanaged,27,57,6.7457
272566,managed,28,57,6.1034
272567,unmanaged,4,121,3.40508
272567,managed,5,121,3.08084
272570,unmanaged,133,35,1.93181
272570,managed,12,35,1.74786
272572,unmanaged,4,148,0.0248299
272572,managed,5,148,0.0224655
272573,unmanaged,10,261,0.232261
272573,managed,11,261,0.210144
272577,unmanaged,4,121,0.59954
272577,managed,5,121,0.54245
272578,unmanaged,4,194,0.290198
272578,managed,5,194,0.262564
272579,unmanaged,47,317,0.101777
272579,managed,48,317,0.092085
272583,unmanaged,4,235,0.173246
272583,managed,5,235,0.156749
272588,unmanaged,4,159,8.4706
272588,managed,5,159,7.664
272589,unmanaged,23,137,0.0382877
272591,unmanaged,4,189,9.9475
272591,managed,5,189,9.0003
272592,unmanaged,41,35,0.493248
272592,managed,40,35,0.44628
272594,unmanaged,4,152,15.6113
272594,managed,5,152,14.1247
272595,unmanaged,4,151,1.32662
272595,managed,5,151,1.2003
272601,unmanaged,19,138,42.9975
272601,managed,20,138,38.9032
272602,unmanaged,4,131,12.1874
272602,managed,5,131,11.0269
272603,unmanaged,15,101,6.9289
272615,unmanaged,50,111,35.6566
272619,unmanaged,19,101,1.86602
272619,managed,20,101,1.68833
272620,unmanaged,4,79,0.10695
272620,managed,5,79,0.096766
272621,unmanaged,10,148,1.70065
272621,managed,11,148,1.53871
272622,unmanaged,19,157,0.0379835
272622,managed,20,157,0.0343666
272623,unmanaged,19,101,0.9503
272623,managed,20,101,0.85981
272625,unmanaged,19,87,6.1067
272625,managed,20,87,5.5252
272628,unmanaged,10,137,8.6324
272628,managed,11,137,7.8104
272666,unmanaged,43,107,2.5754
272667,unmanaged,13,137,2.67617
272668,unmanaged,24,135,0.0020913
272669,unmanaged,24,117,0.050011
272670,unmanaged,13,137,4.72446
272671,unmanaged,13,137,2.01394
272672,unmanaged,23,105,5.3666
272673,unmanaged,15,83,0.0091552
272674,unmanaged,13,146,0.60027
272675,unmanaged,43,137,2.68551
272676,unmanaged,13,146,3.9204
272678,unmanaged,77,0,0.152938
272679,unmanaged,13,137,3.62893
272680,unmanaged,13,137,1.71046
272681,unmanaged,13,137,22.4062
272682,unmanaged,14,132,0.0154704
272683,unmanaged,43,137,15.2492
272684,unmanaged,13,166,3.26268
272685,unmanaged,43,107,2.09715
272686,unmanaged,43,107,1.73
272687,unmanaged,13,146,1.41651
272688,unmanaged,24,146,1.17094
272689,unmanaged,13,137,2.09233
272690,unmanaged,15,150,0.097574
272691,unmanaged,13,146,0.125303
272692,unmanaged,13,238,1.5905
272693,unmanaged,14,132,14.7581
272694,unmanaged,13,137,1.45674
272695,unmanaged,13,137,4.31934
272696,unmanaged,24,137,3.08727
272697,unmanaged,13,137,1.93406
272698,unmanaged,13,137,3.67139
272699,unmanaged,15,209,1.26
272700,unmanaged,15,209,3.60923
272701,unmanaged,13,166,19.5473
272702,unmanaged,13,137,1.61177
272703,unmanaged,14,132,0.0255817
272704,unmanaged,43,137,5.9436
272705,unmanaged,15,104,0.92079
272706,unmanaged,14,132,0.0132544
272707,unmanaged,13,137,3.74461
272708,unmanaged,13,137,1.14352
272709,unmanaged,14,132,0.64345
272711,unmanaged,13,137,0.391477
272712,unmanaged,13,166,11.65
272713,unmanaged,43,137,1.10564
272714,unmanaged,14,132,0.0076787
272715,unmanaged,15,152,2.74916
272716,unmanaged,23,105,1.9754
272717,unmanaged,13,137,0.497985
272718,unmanaged,13,146,0.67231
272719,unmanaged,43,137,7.1934
272720,unmanaged,13,238,0.75753
272722,unmanaged,13,137,1.08
272723,unmanaged,14,132,0.55823
272724,unmanaged,15,150,0.72129
272725,unmanaged,24,137,1.34437
272726,unmanaged,13,137,0.0340803
272727,unmanaged,13,146,0.94951
272728,unmanaged,13,238,4.43374
272729,unmanaged,13,137,1.03924
272730,unmanaged,24,135,0.123301
272731,unmanaged,13,137,0.50686
272732,unmanaged,13,157,2.09
272733,unmanaged,13,137,3.89306
272734,unmanaged,15,209,21.4757
272735,unmanaged,77,0,0.0059623
272736,unmanaged,13,137,5.8459
272737,unmanaged,13,137,1.53645
272738,unmanaged,74,3,69.558
272739,unmanaged,13,146,1.25413
272740,unmanaged,15,209,4.73009
272741,unmanaged,13,137,3.58903
272742,unmanaged,13,137,7.1205
272743,unmanaged,15,114,2.71365
272744,unmanaged,15,134,2.24303
272745,unmanaged,24,72,0.0045249
272746,unmanaged,74,51,0.114786
272747,unmanaged,24,199,5.5004
272748,unmanaged,15,187,7.3039
272749,unmanaged,15,187,20.1825
272750,unmanaged,74,51,0.102564
272751,unmanaged,15,187,1.96277
272752,unmanaged,24,72,0.282146
272753,unmanaged,23,126,12.4407
272754,unmanaged,15,134,0.62873
272755,unmanaged,13,166,2.25707
272762,unmanaged,14,67,2.09
272764,unmanaged,43,107,4.4
272765,unmanaged,24,148,9.2464
272769,unmanaged,43,107,4.89
272770,unmanaged,43,157,9.3851
272771,unmanaged,15,158,5.13
272772,unmanaged,15,166,1.35524
272773,unmanaged,42,157,1.04012
272774,unmanaged,43,107,2.08
272776,unmanaged,43,157,0.80503
272778,unmanaged,22,157,0.88151
272781,unmanaged,13,157,12.48
272782,unmanaged,15,158,1.3966
272783,unmanaged,13,97,1.47
272786,unmanaged,13,137,2.08334
272787,unmanaged,13,157,0.067913
272789,unmanaged,13,157,1.08
272790,unmanaged,13,137,2.9
272791,unmanaged,14,132,1.20063
272792,unmanaged,43,77,0.199891
272793,unmanaged,13,137,0.071556
272794,unmanaged,13,137,1.26
272795,unmanaged,14,132,1.4
272796,unmanaged,15,80,4.46768
272797,unmanaged,43,157,0.102188
272798,unmanaged,24,107,0.416085
272799,unmanaged,14,132,4.43
272801,unmanaged,13,257,1.01
272802,unmanaged,14,135,5.3674
272803,unmanaged,13,137,15.25
272806,unmanaged,13,137,4.25122
272808,unmanaged,43,157,19.8149
272809,unmanaged,75,48,0.0088775
272811,unmanaged,22,196,3.92838
272813,unmanaged,43,157,2.89383
272816,unmanaged,69,137,4.76715
272819,unmanaged,24,107,0.054676
272822,unmanaged,13,157,0.069573
272824,unmanaged,43,157,11.4285
272826,unmanaged,42,132,0.469965
272828,unmanaged,13,166,1.31
272830,unmanaged,13,157,12.1005
272832,unmanaged,43,157,13.81
272833,unmanaged,13,137,3.08815
272834,unmanaged,13,257,5.8
272836,unmanaged,13,137,18.6093
272839,unmanaged,13,166,0.069869
272841,unmanaged,144,49,0.039339
272842,unmanaged,13,157,3.69746
272843,unmanaged,15,158,0.0319318
272844,unmanaged,13,137,7.82
272846,unmanaged,14,135,3.97763
272847,unmanaged,13,137,32.06
272848,unmanaged,13,157,1.91
272850,unmanaged,13,166,0.91971
272851,unmanaged,15,158,4.77
272852,unmanaged,14,135,1.23704
272853,unmanaged,43,77,0.051466
272854,unmanaged,75,49,0.0094838
272855,unmanaged,13,137,2.24849
272864,unmanaged,15,151,4.96444
272867,unmanaged,13,137,0.05676
272868,unmanaged,43,157,4.66955
272869,unmanaged,43,107,2.47
272870,unmanaged,43,157,4.25705
272871,unmanaged,69,137,3.10927
272876,unmanaged,69,137,8.0556
272877,unmanaged,13,157,11.77
272878,unmanaged,13,166,2
272879,unmanaged,43,107,1.96
272880,unmanaged,13,137,8.64
272883,unmanaged,13,166,0.0098895
272887,unmanaged,43,157,0.0024396
272888,unmanaged,13,157,4.45
272889,unmanaged,13,137,3.87
272891,unmanaged,13,157,3.76
272892,unmanaged,24,107,0.0103413
272895,unmanaged,15,151,0.48797
272898,unmanaged,13,97,3.61
272901,unmanaged,43,157,6.1399
272903,unmanaged,13,137,23.2
272904,unmanaged,13,137,9.2643
272906,unmanaged,69,137,5.21
272908,unmanaged,15,80,2.0821
272909,unmanaged,13,137,2.2
272910,unmanaged,13,137,2.32
272912,unmanaged,69,137,2.00059
272913,unmanaged,13,217,21.187
272915,unmanaged,43,157,12.0549
273168,unmanaged,15,131,14.3184
273169,unmanaged,71,143,49.0303
273172,unmanaged,15,307,0.55326
273177,unmanaged,71,129,5.8
273178,unmanaged,71,143,1.29
273181,unmanaged,145,31,2.37562
273184,unmanaged,72,57,0.79486
273186,unmanaged,44,109,11.8798
273188,unmanaged,23,109,0.141079
273193,unmanaged,77,34,1.52506
273194,unmanaged,15,151,0.89215
273195,unmanaged,44,109,5.165
273196,unmanaged,24,277,1.35422
273199,unmanaged,15,189,1.94556
273201,unmanaged,15,131,4.49334
273202,unmanaged,15,160,7.5005
273204,unmanaged,15,148,3.78
273212,unmanaged,15,182,3.51
273213,unmanaged,15,68,0.0295452
273216,unmanaged,132,35,0.204756
273218,unmanaged,23,137,2.16
273222,unmanaged,44,89,25.6729
273223,unmanaged,15,148,5.4489
273225,unmanaged,15,115,13.8134
273226,unmanaged,15,131,1.96396
273227,unmanaged,13,141,2.84132
273231,unmanaged,50,167,1.3628
273232,unmanaged,15,165,4.62494
273233,unmanaged,15,148,0.87086
273234,unmanaged,72,57,1.49844
273235,unmanaged,75,33,0.115807
273237,unmanaged,15,182,30.1315
273243,unmanaged,50,77,0.0155572
273244,unmanaged,24,61,2.02002
273245,unmanaged,75,33,0.0174584
273249,unmanaged,15,187,1.13245
273252,unmanaged,15,235,3.81604
273254,unmanaged,13,156,1.58008
273255,unmanaged,24,261,3.32821
273258,unmanaged,15,105,4.30946
273261,unmanaged,13,144,19.3323
273262,unmanaged,44,123,1.76614
273263,unmanaged,24,81,8.65
273268,unmanaged,71,129,20.8925
273273,unmanaged,23,99,0.242266
273274,unmanaged,23,117,1.86781
273275,unmanaged,15,157,4.389
273276,unmanaged,71,143,21.7485
273287,unmanaged,23,109,3.38136
273288,unmanaged,75,20,0.096048
273290,unmanaged,15,160,9.0043
273298,unmanaged,23,90,0.135489
273299,unmanaged,15,79,0.6246
273306,unmanaged,23,197,11.4079
273309,unmanaged,50,68,1.14935
273312,unmanaged,70,33,0.0013445
273316,unmanaged,15,189,6.8853
273317,unmanaged,23,85,1.15891
273322,unmanaged,75,21,6.3727
273324,unmanaged,50,167,2.07
273325,unmanaged,15,115,13.9
273328,unmanaged,146,59,0.0191458
273329,unmanaged,75,49,0.5152
273330,unmanaged,71,129,3.18603
273332,unmanaged,13,137,13.4483
273333,unmanaged,71,129,0.76417
273335,unmanaged,15,194,22.05
273349,unmanaged,71,131,1.52702
273350,unmanaged,15,134,0.65357
273352,unmanaged,15,134,4.77
273353,unmanaged,24,148,0.052173
273355,unmanaged,132,35,0.101042
273356,unmanaged,15,170,1.89083
273357,unmanaged,24,81,2.16
273358,unmanaged,15,215,1.29323
273360,unmanaged,71,96,9.3308
273366,unmanaged,15,213,0.403812
273370,unmanaged,15,215,15.3136
273371,unmanaged,50,167,6.2285
273372,unmanaged,15,91,0.191027
273375,unmanaged,13,156,5.4886
273376,unmanaged,15,166,0.0328871
273377,unmanaged,15,91,1.89713
273379,unmanaged,145,20,0.110653
273381,unmanaged,23,109,7.2204
273382,unmanaged,15,80,0.018066
273385,unmanaged,77,34,0.147347
273387,unmanaged,15,307,1.96692
273389,unmanaged,15,148,0.0173736
273392,unmanaged,15,138,0.183286
273396,unmanaged,15,170,2.8381
273397,unmanaged,24,137,0.096841
273399,unmanaged,44,119,4.10443
273401,unmanaged,13,151,5.2695
273402,unmanaged,15,148,4.53188
273403,unmanaged,71,129,0.58096
273405,unmanaged,23,99,4.17286
273406,unmanaged,15,194,12.3614
273407,unmanaged,15,213,2.93164
273408,unmanaged,15,182,1.53
273411,unmanaged,70,21,0.047801
273412,unmanaged,15,152,2.14336
273415,unmanaged,23,110,5.1479
273416,unmanaged,70,30,0.12083
273418,unmanaged,75,49,0.238783
273420,unmanaged,75,33,1.51097
273422,unmanaged,24,72,0.224596
273424,unmanaged,23,90,0.127118
273425,unmanaged,24,199,13.3089
273427,unmanaged,15,148,29.3157
273428,unmanaged,15,197,1.19449
273429,unmanaged,15,182,3.06
273430,unmanaged,15,80,0.65877
273433,unmanaged,23,86,1.00119
273435,unmanaged,15,148,2.65894
273438,unmanaged,23,87,18.1338
273439,unmanaged,42,83,0.0489069
273441,unmanaged,71,143,13.5526
273442,unmanaged,15,148,0.043824
273444,unmanaged,71,91,1.63902
273445,unmanaged,15,89,1.74489
273446,unmanaged,15,121,6.6688
273447,unmanaged,23,137,2.42661
273449,unmanaged,15,170,28.1255
273450,unmanaged,15,189,4.15017
273451,unmanaged,15,189,1.32733
273453,unmanaged,15,163,0.23139
273454,unmanaged,70,38,0.0211858
273456,unmanaged,15,79,2.85659
273457,unmanaged,15,187,0.0191249
273460,unmanaged,15,101,1.03267
273462,unmanaged,24,276,11.386
273464,unmanaged,15,148,6.8921
273465,unmanaged,23,197,7.9547
273466,unmanaged,24,61,3.06
273468,unmanaged,23,101,2.77444
273472,unmanaged,24,261,3.07744
273473,unmanaged,15,68,0.007115
273474,unmanaged,15,121,4.2392
273476,unmanaged,75,49,0.0179035
273478,unmanaged,15,160,3.9645
273479,unmanaged,15,189,53.386
273487,unmanaged,44,110,1.90753
273488,unmanaged,23,197,1.80279
273489,unmanaged,23,197,2.59358
273490,unmanaged,15,138,0.178939
273492,unmanaged,15,134,3.6
273493,unmanaged,15,152,25.0236
273494,unmanaged,15,163,0.0014493
273495,unmanaged,15,134,17.4713
273496,unmanaged,24,199,6.091
273497,unmanaged,15,235,23.5286
273499,unmanaged,15,79,7.139
273501,unmanaged,15,151,3.15
273502,unmanaged,15,152,1.10068
273503,unmanaged,77,0,0.96375
273506,unmanaged,15,152,2.27401
273508,unmanaged,15,121,3.44598
273509,unmanaged,145,29,0.0099901
273512,unmanaged,23,90,1.90658
273514,unmanaged,24,72,0.0023838
273517,unmanaged,23,109,0.92671
273518,unmanaged,15,159,8.6541
273519,unmanaged,23,137,28.1962
273520,unmanaged,15,148,2.16
273521,unmanaged,15,91,4.63891
273523,unmanaged,15,74,1.2381
273525,unmanaged,71,96,3.06
273527,unmanaged,42,83,0.0093252
273529,unmanaged,23,99,4.82208
273533,unmanaged,23,110,2.37121
273536,unmanaged,24,148,0.20306
273537,unmanaged,15,151,22.9179
273541,unmanaged,50,167,1.44
273544,unmanaged,15,215,0.489357
273546,unmanaged,71,111,13.3122
273552,unmanaged,50,167,2.17672
273554,unmanaged,23,110,22.3469
273556,unmanaged,15,132,0.0020072
273557,unmanaged,44,126,27.7906
273560,unmanaged,23,91,2.7752
273561,unmanaged,23,110,4.4137
273562,unmanaged,24,261,6.6575
273566,unmanaged,23,109,4.43766
273568,unmanaged,15,68,0.0116663
273571,unmanaged,23,117,2.06904
273573,unmanaged,15,148,10.5463
273574,unmanaged,75,35,0.16576
273576,unmanaged,70,38,0.27532
273578,unmanaged,15,148,1.51216
273581,unmanaged,15,138,0.0218331
273584,unmanaged,15,194,36.1896
273586,unmanaged,15,148,3.21906
273588,unmanaged,23,85,2.84406
273596,unmanaged,15,138,0.062313
273598,unmanaged,71,143,6.2
273601,unmanaged,24,264,23.4595
273602,unmanaged,70,23,0.003576
273605,unmanaged,71,96,5.1553
273607,unmanaged,23,137,5.4323
273611,unmanaged,71,129,1.70545
273622,unmanaged,145,20,0.0234303
273624,unmanaged,15,194,1.44
273625,unmanaged,13,61,0.52096
273628,unmanaged,70,33,0.0027968
273629,unmanaged,23,99,0.050133
273630,unmanaged,24,264,11.7
273631,unmanaged,71,143,39.3022
273635,unmanaged,24,137,0.606
273637,unmanaged,23,93,0.71652
273639,unmanaged,15,151,4.05941
273640,unmanaged,23,126,0.99453
273641,unmanaged,15,197,1.39813
273644,unmanaged,50,68,1.69601
273650,unmanaged,24,264,4.19616
273652,unmanaged,15,114,2.13507
273655,unmanaged,15,159,7.8341
273657,unmanaged,15,115,2.03947
273659,unmanaged,23,101,0.98225
273661,unmanaged,50,68,3.49219
273671,unmanaged,24,261,2.82651
273674,unmanaged,15,148,90.455
273675,unmanaged,50,111,0.198134
273677,unmanaged,15,79,3.33
273678,unmanaged,13,94,4.28613
273680,unmanaged,15,307,8.6043
273682,unmanaged,44,110,4.44815
273687,unmanaged,24,224,3.32
273688,unmanaged,15,235,3.2327
273689,unmanaged,145,18,0.289309
273691,unmanaged,23,138,0.092195
273692,unmanaged,15,101,0.240549
273693,unmanaged,24,224,5.842
273695,unmanaged,44,109,6.5533
273696,unmanaged,50,111,3.10801
273699,unmanaged,44,104,4.12118
273700,unmanaged,23,109,1.81795
273701,unmanaged,24,261,27.1526
273703,unmanaged,15,152,0.402544
273704,unmanaged,23,137,0.021398
273705,unmanaged,24,148,0.330802
273709,unmanaged,23,83,14.542
273716,unmanaged,23,197,1.44753
273718,unmanaged,23,76,1.17
273722,unmanaged,15,138,0.235375
273724,unmanaged,23,101,0.358502
273725,unmanaged,75,35,0.0226623
273726,unmanaged,15,194,72.201
273728,unmanaged,145,33,0.105157
273729,unmanaged,23,72,5.0057
273730,unmanaged,24,224,3.78
273733,unmanaged,15,138,0.450521
273735,unmanaged,23,195,1.22231
273737,unmanaged,24,261,2.37
273739,unmanaged,72,57,1.46184
273740,unmanaged,15,121,8.9941
273742,unmanaged,15,157,5.6292
273744,unmanaged,23,106,1.11036
273745,unmanaged,15,189,2.97
273747,unmanaged,132,35,0.0103375
273748,unmanaged,15,216,0.97544
273749,unmanaged,15,148,0.303155
273751,unmanaged,15,79,2.7
273752,unmanaged,15,148,1.7527
273753,unmanaged,132,35,0.0337796
273755,unmanaged,24,261,8.6376
273758,unmanaged,75,34,0.67545
273759,unmanaged,145,18,0.116383
273761,unmanaged,15,121,14.458
273762,unmanaged,24,61,1.8
273764,unmanaged,15,194,2.32724
273765,unmanaged,71,317,1.93508
273770,unmanaged,15,235,3.42
273771,unmanaged,15,182,1.71
273776,unmanaged,15,235,0.89067
273782,unmanaged,15,159,6.3654
273783,unmanaged,15,182,6.66
273785,unmanaged,71,151,15.0816
273786,unmanaged,23,137,1.16311
273788,unmanaged,15,189,9.3364
273789,unmanaged,75,35,0.420472
273791,unmanaged,15,182,2.27104
273792,unmanaged,15,152,19.994
273793,unmanaged,15,151,19.7531
273801,unmanaged,23,138,0.289499
273802,unmanaged,15,131,0.215652
273803,unmanaged,23,76,4.65504
273806,unmanaged,71,151,0.0021227
273807,unmanaged,15,101,0.0062477
273809,unmanaged,15,91,2.25685
273811,unmanaged,15,91,16.6388
273820,unmanaged,15,151,3.06
273832,unmanaged,50,111,1.54176
273833,unmanaged,15,165,0.163362
273840,unmanaged,23,101,0.225653
273841,unmanaged,15,79,10.1625
273842,unmanaged,23,157,4.75373
273844,unmanaged,23,157,0.94753
273845,unmanaged,15,189,1.17
273847,unmanaged,23,101,0.52989
273849,unmanaged,23,94,5.8001
273852,unmanaged,23,87,1.49544
273854,unmanaged,23,87,1.52248
273855,unmanaged,15,187,17.8204
273859,unmanaged,24,137,0.0271238
274040,unmanaged,10,126,2.24477
274040,managed,11,126,2.03101
274041,unmanaged,4,156,0.0099631
274041,managed,5,156,0.0090144
274042,unmanaged,4,156,0.87618
274042,managed,5,156,0.79274
274043,unmanaged,19,196,1.03926
274043,managed,20,196,0.9403
274044,unmanaged,1,196,2.61854
274044,managed,2,196,2.36919
274045,unmanaged,16,196,0.98285
274045,managed,17,196,0.88926
274046,unmanaged,13,196,4.03311
274047,unmanaged,15,196,0.301568
274048,unmanaged,1,137,1.05604
274048,managed,2,137,0.95548
274049,unmanaged,4,196,0.71882
274049,managed,5,196,0.65037
274050,unmanaged,4,156,1.58239
274050,managed,5,156,1.43171
274051,unmanaged,15,196,0.188466
274052,unmanaged,1,137,2.23033
274052,managed,2,137,2.01795
274053,unmanaged,24,137,0.307934
274054,unmanaged,1,196,1.73821
274054,managed,2,196,1.57269
274055,unmanaged,4,196,0.180157
274055,managed,5,196,0.163002
274056,unmanaged,4,156,2.91729
274056,managed,5,156,2.6395
274057,unmanaged,1,196,0.53633
274057,managed,2,196,0.485259
274058,unmanaged,4,156,0.238278
274058,managed,5,156,0.215588
274059,unmanaged,13,196,0.01501
274060,unmanaged,13,176,0.23496
274061,unmanaged,1,176,0.61232
274061,managed,2,176,0.55401
274062,unmanaged,77,0,1.96126
274063,unmanaged,37,0,8.8144
274063,managed,3,0,7.975
274064,unmanaged,1,176,1.09862
274064,managed,2,176,0.99401
274065,unmanaged,13,176,0.62723
274067,unmanaged,29,157,3.20795
274067,managed,30,157,2.90248
274077,unmanaged,44,123,0.69316
274083,unmanaged,44,123,0.0039973
274088,unmanaged,44,123,13.7497
274095,unmanaged,13,137,0.062017
274096,unmanaged,1,137,0.87118
274096,managed,2,137,0.78822
274099,unmanaged,44,123,16.521
274103,unmanaged,47,96,0.77307
274103,managed,48,96,0.69945
274105,unmanaged,24,126,0.99942
274106,unmanaged,43,126,3.18647
274107,unmanaged,15,156,1.34887
274108,unmanaged,15,156,2.66213
274109,unmanaged,23,196,0.201409
274110,unmanaged,13,196,0.324557
274111,unmanaged,22,196,0.0080218
274112,unmanaged,13,196,0.79437
274113,unmanaged,15,196,1.03814
274114,unmanaged,14,126,1.91091
274115,unmanaged,13,137,0.58043
274116,unmanaged,15,196,1.65005
274117,unmanaged,15,156,0.69113
274118,unmanaged,76,60,1.24126
274119,unmanaged,13,137,2.09905
274120,unmanaged,43,126,5.1763
274121,unmanaged,15,196,3.08341
274122,unmanaged,13,137,2.34578
274123,unmanaged,24,137,0.84602
274124,unmanaged,13,196,0.43636
274125,unmanaged,15,196,1.03422
274126,unmanaged,15,156,0.61321
274127,unmanaged,13,196,0.0319435
274128,unmanaged,15,156,2.5717
274129,unmanaged,24,121,0.277862
274130,unmanaged,13,196,2.6658
274131,unmanaged,77,0,0.289276
274132,unmanaged,13,176,0.96422
274133,unmanaged,13,176,2.33424
274134,unmanaged,77,0,0.074524
274135,unmanaged,42,157,0.58424
274136,unmanaged,77,0,0.5872
274137,unmanaged,77,0,0.92297
274138,unmanaged,13,176,1.62982
274139,unmanaged,77,0,0.153915
274140,unmanaged,13,176,2.40091
274141,unmanaged,76,51,2.32032
274142,unmanaged,24,121,1.33925
274143,unmanaged,77,0,6.0226
274144,unmanaged,43,157,0.392012
274151,unmanaged,15,122,0.140123
274155,unmanaged,23,157,0.250809
274156,unmanaged,71,98,0.05704
274162,unmanaged,15,152,0.75249
274163,unmanaged,71,157,0.200505
274164,unmanaged,44,123,0.0168437
274170,unmanaged,15,122,0.68042
274171,unmanaged,44,123,0.626
274172,unmanaged,15,152,0.50612
274178,unmanaged,71,151,0.65026
274179,unmanaged,44,123,2.56816
274181,unmanaged,15,152,0.73205
274182,unmanaged,15,79,1.11149
274183,unmanaged,15,122,0.68443
274194,unmanaged,13,137,0.167011
274195,unmanaged,13,137,0.099829
274196,unmanaged,13,238,0.0033038
274197,unmanaged,24,137,0.83188
274198,unmanaged,13,238,0.065708
274200,unmanaged,44,123,1.11624
274204,unmanaged,15,152,0.167168
274206,unmanaged,71,96,1.04214
274290,unmanaged,35,29,2.3719
274290,managed,36,29,2.14604
274309,unmanaged,35,29,30.7865
274309,managed,36,29,27.8549
274343,unmanaged,47,143,4.14773
274343,managed,48,143,3.75277
274350,unmanaged,47,143,8.1199
274350,managed,48,143,7.3467
274352,unmanaged,35,18,13.1702
274352,managed,36,18,11.9161
274354,unmanaged,35,18,10.6105
274354,managed,36,18,9.6002
274372,unmanaged,145,29,8.9733
274413,unmanaged,147,51,1.43919
274496,unmanaged,145,18,10.0569
274497,unmanaged,145,33,23.3573
274500,unmanaged,145,18,0.232955
274552,unmanaged,19,109,21.0557
274552,managed,20,109,19.0507
274553,unmanaged,41,29,17.081
274553,managed,40,29,15.4545
274554,unmanaged,10,231,2.87311
274554,managed,11,231,2.59953
274555,unmanaged,1,137,9.4049
274555,managed,2,137,8.5093
274556,unmanaged,1,137,1.28766
274556,managed,2,137,1.16504
274557,unmanaged,10,181,9.9759
274557,managed,11,181,9.0259
274558,unmanaged,4,164,4.35802
274558,managed,5,164,3.94304
274559,unmanaged,10,83,123.546
274559,managed,11,83,111.782
274560,unmanaged,1,137,3.99087
274560,managed,2,137,3.61085
274561,unmanaged,1,137,0.85306
274561,managed,2,137,0.77183
274562,unmanaged,4,158,4.45963
274562,managed,5,158,4.03497
274563,unmanaged,4,164,1.03907
274563,managed,5,164,0.94012
274564,unmanaged,10,106,2.85461
274564,managed,11,106,2.58279
274565,unmanaged,1,172,2.6439
274565,managed,2,172,2.39214
274566,unmanaged,51,132,3.68425
274566,managed,52,132,3.33343
274567,unmanaged,10,119,2.34593
274567,managed,11,119,2.12254
274568,unmanaged,4,80,6.6407
274568,managed,5,80,6.0084
274569,unmanaged,10,203,3.47858
274569,managed,11,203,3.14734
274570,unmanaged,51,132,1.71383
274570,managed,52,132,1.55063
274571,unmanaged,4,101,11.235
274571,managed,5,101,10.1651
274572,unmanaged,1,136,1.10948
274572,managed,2,136,1.00383
274573,unmanaged,4,161,5.1544
274573,managed,5,161,4.66355
274574,unmanaged,10,205,4.3419
274574,managed,11,205,3.92845
274575,unmanaged,45,94,1.45173
274575,managed,46,94,1.31349
274576,unmanaged,45,97,0.84742
274576,managed,46,97,0.76672
274577,unmanaged,10,202,13.3943
274577,managed,11,202,12.1189
274578,unmanaged,38,177,0.76398
274578,managed,39,177,0.69123
274579,unmanaged,4,161,0.63958
274579,managed,5,161,0.57868
274580,unmanaged,38,139,1.11778
274580,managed,39,139,1.01134
274581,unmanaged,4,161,3.92207
274581,managed,5,161,3.5486
274582,unmanaged,4,161,2.59214
274582,managed,5,161,2.34531
274583,unmanaged,4,164,0.89125
274583,managed,5,164,0.80638
274584,unmanaged,45,97,1.07104
274584,managed,46,97,0.96905
274585,unmanaged,4,186,130.744
274585,managed,5,186,118.295
274586,unmanaged,4,158,0.92358
274586,managed,5,158,0.83564
274587,unmanaged,38,139,0.60042
274587,managed,39,139,0.54324
274588,unmanaged,10,137,0.83628
274588,managed,11,137,0.75665
274589,unmanaged,4,149,10.0364
274589,managed,5,149,9.0807
274590,unmanaged,38,157,0.60306
274590,managed,39,157,0.54563
274591,unmanaged,10,119,1.28697
274591,managed,11,119,1.16442
274592,unmanaged,60,144,0.62834
274592,managed,61,144,0.5685
274593,unmanaged,10,137,2.49652
274593,managed,11,137,2.25879
274594,unmanaged,51,132,1.52663
274594,managed,52,132,1.38126
274595,unmanaged,45,132,1.06542
274595,managed,46,132,0.96397
274596,unmanaged,41,31,1.51684
274596,managed,40,31,1.37241
274597,unmanaged,10,193,4.71291
274597,managed,11,193,4.26413
274598,unmanaged,10,196,11.0452
274598,managed,11,196,9.9934
274599,unmanaged,25,33,5.6456
274599,managed,26,33,5.108
274600,unmanaged,4,84,11.7424
274600,managed,5,84,10.6243
274601,unmanaged,4,125,14.4508
274601,managed,5,125,13.0748
274602,unmanaged,4,84,6.105
274602,managed,5,84,5.5237
274603,unmanaged,10,72,9.2767
274603,managed,11,72,8.3933
274604,unmanaged,25,33,1.81216
274604,managed,26,33,1.6396
274605,unmanaged,19,81,2.18661
274605,managed,20,81,1.97839
274606,unmanaged,4,81,7.4366
274606,managed,5,81,6.7285
274607,unmanaged,10,136,17.762
274607,managed,11,136,16.0707
274608,unmanaged,19,81,21.6301
274608,managed,20,81,19.5704
274609,unmanaged,10,236,3.89744
274609,managed,11,236,3.52632
274610,unmanaged,10,193,9.9615
274610,managed,11,193,9.0129
274611,unmanaged,10,231,2.0338
274611,managed,11,231,1.84014
274612,unmanaged,38,77,0.85657
274612,managed,39,77,0.77501
274613,unmanaged,4,150,1.31482
274613,managed,5,150,1.18962
274614,unmanaged,19,90,1.0293
274614,managed,20,90,0.93128
274615,unmanaged,4,150,0.431135
274615,managed,5,150,0.390081
274616,unmanaged,25,33,7.6612
274616,managed,26,33,6.9316
274617,unmanaged,4,84,1.39264
274617,managed,5,84,1.26003
274618,unmanaged,4,127,0.77552
274618,managed,5,127,0.70167
274619,unmanaged,134,31,1.81992
274619,managed,21,31,1.64662
274620,unmanaged,25,33,0.418928
274620,managed,26,33,0.379037
274621,unmanaged,10,136,0.89623
274621,managed,11,136,0.81089
274622,unmanaged,10,79,12.5916
274622,managed,11,79,11.3926
274623,unmanaged,4,80,15.4655
274623,managed,5,80,13.9928
274624,unmanaged,25,33,14.0595
274624,managed,26,33,12.7207
274625,unmanaged,10,196,21.2652
274625,managed,11,196,19.2403
274626,unmanaged,38,217,0.57173
274626,managed,39,217,0.51729
274627,unmanaged,4,114,1.88251
274627,managed,5,114,1.70325
274628,unmanaged,4,84,33.8745
274628,managed,5,84,30.6488
274629,unmanaged,4,80,10.5193
274629,managed,5,80,9.5176
274630,unmanaged,19,90,6.2111
274630,managed,20,90,5.6197
274631,unmanaged,10,196,1.46094
274631,managed,11,196,1.32182
274632,unmanaged,4,84,0.54885
274632,managed,5,84,0.496588
274633,unmanaged,41,53,12.8234
274633,managed,40,53,11.6024
274634,unmanaged,10,106,1.37198
274634,managed,11,106,1.24134
274635,unmanaged,4,186,3.56985
274635,managed,5,186,3.22992
274636,unmanaged,41,49,0.98532
274636,managed,40,49,0.89149
274638,unmanaged,29,157,5.6899
274638,managed,30,157,5.1481
274639,unmanaged,45,157,1.38564
274639,managed,46,157,1.2537
274640,unmanaged,4,171,4.36076
274640,managed,5,171,3.94551
274641,unmanaged,29,126,0.54613
274641,managed,30,126,0.494127
274642,unmanaged,4,186,2.62551
274642,managed,5,186,2.3755
274643,unmanaged,45,157,1.28775
274643,managed,46,157,1.16512
274644,unmanaged,29,157,6.1018
274644,managed,30,157,5.5208
274645,unmanaged,29,157,2.78911
274645,managed,30,157,2.52352
274646,unmanaged,10,215,2.35959
274646,managed,11,215,2.1349
274647,unmanaged,4,144,1.57491
274647,managed,5,144,1.42494
274648,unmanaged,4,160,0.84432
274648,managed,5,160,0.76392
274649,unmanaged,133,47,8.4771
274649,managed,12,47,7.6699
274650,unmanaged,133,57,1.86677
274650,managed,12,57,1.68901
274651,unmanaged,41,48,1.9015
274651,managed,40,48,1.72043
274652,unmanaged,29,126,12.524
274652,managed,30,126,11.3314
274653,unmanaged,29,157,1.7773
274653,managed,30,157,1.60806
274654,unmanaged,4,174,18.3363
274654,managed,5,174,16.5902
274655,unmanaged,41,53,2.97924
274655,managed,40,53,2.69555
274656,unmanaged,45,121,2.76674
274656,managed,46,121,2.50328
274657,unmanaged,10,119,5.9751
274657,managed,11,119,5.4061
274658,unmanaged,45,126,1.01107
274658,managed,46,126,0.9148
274659,unmanaged,4,160,0.50157
274659,managed,5,160,0.453811
274660,unmanaged,37,0,8.5557
274660,managed,3,0,7.741
274661,unmanaged,133,57,13.641
274661,managed,12,57,12.342
274662,unmanaged,4,160,6.7568
274662,managed,5,160,6.1134
274663,unmanaged,29,157,10.8417
274663,managed,30,157,9.8093
274664,unmanaged,29,126,8.0314
274664,managed,30,126,7.2666
274665,unmanaged,4,166,0.73376
274665,managed,5,166,0.66389
274666,unmanaged,4,131,0.96835
274666,managed,5,131,0.87614
274667,unmanaged,4,160,2.17134
274667,managed,5,160,1.96458
274668,unmanaged,41,49,2.86603
274668,managed,40,49,2.59312
274669,unmanaged,4,239,5.9751
274669,managed,5,239,5.4061
274671,unmanaged,4,127,4.95749
274671,managed,5,127,4.48542
274672,unmanaged,29,126,3.20141
274672,managed,30,126,2.89656
274673,unmanaged,10,215,4.22765
274673,managed,11,215,3.82508
274674,unmanaged,29,126,1.21089
274674,managed,30,126,1.09558
274675,unmanaged,10,119,5.095
274675,managed,11,119,4.60982
274678,unmanaged,4,171,0.88661
274678,managed,5,171,0.80219
274679,unmanaged,29,157,1.34568
274679,managed,30,157,1.21754
274680,unmanaged,4,160,6.8146
274680,managed,5,160,6.1657
274681,unmanaged,29,126,3.33278
274681,managed,30,126,3.01542
274682,unmanaged,1,126,1.67314
274682,managed,2,126,1.51382
274683,unmanaged,10,126,0.75857
274683,managed,11,126,0.68634
274684,unmanaged,41,49,2.57875
274684,managed,40,49,2.3332
274686,unmanaged,41,49,1.20519
274686,managed,40,49,1.09043
274687,unmanaged,10,107,7.1599
274687,managed,11,107,6.4781
274688,unmanaged,4,131,2.23846
274688,managed,5,131,2.02531
274690,unmanaged,41,49,6.0983
274690,managed,40,49,5.5176
274691,unmanaged,41,49,2.52912
274691,managed,40,49,2.28829
274692,unmanaged,41,53,1.67858
274692,managed,40,53,1.51874
274693,unmanaged,4,186,4.10519
274693,managed,5,186,3.71429
274694,unmanaged,37,0,3.48198
274694,managed,3,0,3.15041
274695,unmanaged,45,121,1.18424
274695,managed,46,121,1.07147
274802,unmanaged,19,78,11.7127
274802,managed,20,78,10.5974
274803,unmanaged,19,91,23.3033
274803,managed,20,91,21.0843
274804,unmanaged,135,51,1.56253
274804,managed,6,51,1.41374
274807,unmanaged,41,35,5.1673
274807,managed,40,35,4.67529
274808,unmanaged,1,63,9.8314
274808,managed,2,63,8.8953
274811,unmanaged,19,87,12.5762
274811,managed,20,87,11.3786
274815,unmanaged,41,35,3.14769
274815,managed,40,35,2.84795
274817,unmanaged,4,116,1.43981
274817,managed,5,116,1.30271
274822,unmanaged,19,116,6.3969
274822,managed,20,116,5.7878
274825,unmanaged,4,159,6.5782
274825,managed,5,159,5.9518
274827,unmanaged,35,8,21.4973
274827,managed,36,8,19.4503
274828,unmanaged,10,262,5.0065
274828,managed,11,262,4.52976
274830,unmanaged,10,220,1.49675
274830,managed,11,220,1.35422
274831,unmanaged,19,91,24.1183
274831,managed,20,91,21.8217
274832,unmanaged,4,193,29.0486
274832,managed,5,193,26.2825
274833,unmanaged,35,20,0.55629
274833,managed,36,20,0.50332
274834,unmanaged,4,119,6.3049
274834,managed,5,119,5.7046
274835,unmanaged,19,197,0.7806
274835,managed,20,197,0.70627
274836,unmanaged,19,157,0.375388
274836,managed,20,157,0.339643
274837,unmanaged,4,83,22.8826
274837,managed,5,83,20.7036
274840,unmanaged,25,21,18.5061
274840,managed,26,21,16.7439
274841,unmanaged,25,33,8.6869
274841,managed,26,33,7.8597
274844,unmanaged,10,115,18.9444
274844,managed,11,115,17.1405
274845,unmanaged,4,68,0.74968
274845,managed,5,68,0.67829
274850,unmanaged,10,205,2.07522
274850,managed,11,205,1.87762
274852,unmanaged,4,145,11.3415
274852,managed,5,145,10.2615
274853,unmanaged,4,116,4.68599
274853,managed,5,116,4.23977
274856,unmanaged,4,161,2.82109
274856,managed,5,161,2.55246
274857,unmanaged,19,100,13.4292
274857,managed,20,100,12.1504
274859,unmanaged,4,245,1.07756
274859,managed,5,245,0.97495
274861,unmanaged,25,19,5.65
274861,managed,26,19,5.112
274863,unmanaged,41,34,1.44488
274863,managed,40,34,1.3073
274864,unmanaged,4,119,2.22091
274864,managed,5,119,2.00942
274865,unmanaged,41,35,3.87866
274865,managed,40,35,3.50932
274866,unmanaged,4,245,10.5007
274866,managed,5,245,9.5008
274868,unmanaged,38,117,0.69915
274868,managed,39,117,0.63257
274871,unmanaged,4,68,3.46348
274871,managed,5,68,3.13368
274872,unmanaged,10,281,2.6862
274872,managed,11,281,2.43042
274874,unmanaged,41,35,1.68221
274874,managed,40,35,1.52202
274875,unmanaged,4,161,2.09386
274875,managed,5,161,1.89448
274876,unmanaged,10,126,2.77566
274876,managed,11,126,2.51135
274877,unmanaged,10,168,0.444025
274877,managed,11,168,0.401743
274878,unmanaged,4,86,2.81508
274878,managed,5,86,2.54702
274881,unmanaged,4,68,3.83904
274881,managed,5,68,3.47348
274882,unmanaged,19,80,0.53225
274882,managed,20,80,0.481568
274884,unmanaged,4,110,22.4812
274884,managed,5,110,20.3405
274886,unmanaged,4,122,7.1137
274886,managed,5,122,6.4364
274887,unmanaged,4,122,1.3801
274887,managed,5,122,1.24869
274888,unmanaged,19,116,1.18049
274888,managed,20,116,1.06808
274889,unmanaged,38,183,1.5989
274889,managed,39,183,1.44665
274891,unmanaged,4,145,1.95453
274891,managed,5,145,1.76842
274892,unmanaged,10,205,14.7974
274892,managed,11,205,13.3883
274893,unmanaged,4,192,2.49972
274893,managed,5,192,2.26169
274894,unmanaged,4,80,43.0184
274894,managed,5,80,38.922
274895,unmanaged,19,117,0.58267
274895,managed,20,117,0.52719
274896,unmanaged,10,262,0.65936
274896,managed,11,262,0.59658
274898,unmanaged,60,67,0.52989
274898,managed,61,67,0.479429
274900,unmanaged,19,107,5.4255
274900,managed,20,107,4.90889
274901,unmanaged,10,168,12.9084
274901,managed,11,168,11.6792
274902,unmanaged,4,145,18.5117
274902,managed,5,145,16.7489
274903,unmanaged,4,145,1.79186
274903,managed,5,145,1.62123
274904,unmanaged,4,122,4.82715
274904,managed,5,122,4.3675
274905,unmanaged,4,157,1.24069
274905,managed,5,157,1.12254
274908,unmanaged,4,192,1.05917
274908,managed,5,192,0.95832
274910,unmanaged,4,116,25.9762
274910,managed,5,116,23.5027
274911,unmanaged,41,38,1.93687
274911,managed,40,38,1.75244
274914,unmanaged,10,228,5.0545
274914,managed,11,228,4.57317
274915,unmanaged,4,86,4.76513
274915,managed,5,86,4.31138
274921,unmanaged,10,216,23.6774
274921,managed,11,216,21.4228
274922,unmanaged,10,135,0.95287
274922,managed,11,135,0.86214
274923,unmanaged,19,105,5.7691
274923,managed,20,105,5.2198
274924,unmanaged,4,83,9.7756
274924,managed,5,83,8.8448
274925,unmanaged,1,137,3.16726
274925,managed,2,137,2.86566
274926,unmanaged,51,132,7.2836
274926,managed,52,132,6.5901
274927,unmanaged,1,137,17.3853
274927,managed,2,137,15.7298
274928,unmanaged,1,166,2.76374
274928,managed,2,166,2.50056
274929,unmanaged,4,104,14.4499
274929,managed,5,104,13.0739
274930,unmanaged,51,132,16.2408
274930,managed,52,132,14.6943
274931,unmanaged,1,137,44.1413
274931,managed,2,137,39.9381
274932,unmanaged,4,150,10.5224
274932,managed,5,150,9.5205
274933,unmanaged,10,135,11.6246
274933,managed,11,135,10.5177
274934,unmanaged,4,209,15.6921
274934,managed,5,209,14.1978
274935,unmanaged,1,137,0.140936
274935,managed,2,137,0.127515
274936,unmanaged,10,72,6.9259
274936,managed,11,72,6.2664
274937,unmanaged,19,126,13.1932
274937,managed,20,126,11.9369
274938,unmanaged,45,157,0.071786
274938,managed,46,157,0.064951
274939,unmanaged,10,107,12.6791
274939,managed,11,107,11.4717
274940,unmanaged,29,157,0.171269
274940,managed,30,157,0.15496
274941,unmanaged,41,48,10.9185
274941,managed,40,48,9.8788
274942,unmanaged,29,157,26.7171
274942,managed,30,157,24.173
274944,unmanaged,10,107,10.232
274944,managed,11,107,9.2577
274947,unmanaged,4,120,9.6966
274947,managed,5,120,8.7733
274948,unmanaged,1,166,2.07611
274948,managed,2,166,1.87842
274949,unmanaged,1,166,0.83932
274949,managed,2,166,0.75939
274950,unmanaged,41,49,4.27519
274950,managed,40,49,3.86809
274951,unmanaged,10,215,6.7048
274951,managed,11,215,6.0663
274952,unmanaged,7,137,5.5673
274952,managed,8,137,5.0371
274953,unmanaged,7,137,1.58764
274953,managed,8,137,1.43646
274954,unmanaged,1,166,6.3204
274954,managed,2,166,5.7185
274955,unmanaged,10,107,0.57434
274955,managed,11,107,0.51965
274956,unmanaged,1,137,0.0312842
274956,managed,2,137,0.0283053
274961,unmanaged,133,35,6.4566
274961,managed,12,35,5.8418
274962,unmanaged,4,115,2.23672
274962,managed,5,115,2.02373
274963,unmanaged,1,141,0.78317
274963,managed,2,141,0.70859
274964,unmanaged,38,77,0.56578
274964,managed,39,77,0.51191
274965,unmanaged,4,187,0.093148
274965,managed,5,187,0.084278
274966,unmanaged,4,235,0.063399
274966,managed,5,235,0.057362
274967,unmanaged,19,99,0.82485
274967,managed,20,99,0.74631
274968,unmanaged,47,143,6.5801
274968,managed,48,143,5.9535
274969,unmanaged,19,90,5.0126
274969,managed,20,90,4.53525
274970,unmanaged,4,115,2.40855
274970,managed,5,115,2.1792
274971,unmanaged,35,20,5.5166
274971,managed,36,20,4.99132
274972,unmanaged,4,213,4.65216
274972,managed,5,213,4.20917
274974,unmanaged,19,90,5.2627
274974,managed,20,90,4.76155
274975,unmanaged,4,148,6.4291
274975,managed,5,148,5.8169
274976,unmanaged,4,138,26.0967
274976,managed,5,138,23.6117
274977,unmanaged,4,235,5.2862
274977,managed,5,235,4.78284
274978,unmanaged,4,79,0.81072
274978,managed,5,79,0.73352
274979,unmanaged,10,72,16.5402
274979,managed,11,72,14.9652
274980,unmanaged,19,99,14.7642
274980,managed,20,99,13.3583
274981,unmanaged,41,38,26.3286
274981,managed,40,38,23.8215
274982,unmanaged,41,35,7.3409
274982,managed,40,35,6.6419
274983,unmanaged,25,38,10.9925
274983,managed,26,38,9.9458
274984,unmanaged,19,85,0.90132
274984,managed,20,85,0.81549
274985,unmanaged,35,20,33.253
274985,managed,36,20,30.0866
274987,unmanaged,19,93,2.44567
274987,managed,20,93,2.21279
274988,unmanaged,10,264,0.76819
274988,managed,11,264,0.69504
274989,unmanaged,4,115,0.101353
274989,managed,5,115,0.091702
274990,unmanaged,38,68,1.50703
274990,managed,39,68,1.36352
274991,unmanaged,4,148,13.4332
274991,managed,5,148,12.154
274993,unmanaged,19,197,0.0023677
274993,managed,20,197,0.0021423
274994,unmanaged,41,35,1.48899
274994,managed,40,35,1.3472
274995,unmanaged,4,157,1.52856
274995,managed,5,157,1.38301
274996,unmanaged,19,106,8.4088
274996,managed,20,106,7.6081
274997,unmanaged,4,148,2.90431
274997,managed,5,148,2.62775
274998,unmanaged,133,35,14.5664
274998,managed,12,35,13.1794
274999,unmanaged,41,34,8.4197
274999,managed,40,34,7.6179
275000,unmanaged,4,91,1.53521
275000,managed,5,91,1.38903
275001,unmanaged,37,0,1.01294
275001,managed,3,0,0.91648
275002,unmanaged,37,0,3.35707
275002,managed,3,0,3.0374
275003,unmanaged,45,157,1.9302
275003,managed,46,157,1.7464
275004,unmanaged,37,0,0.306762
275004,managed,3,0,0.277551
275005,unmanaged,37,0,1.96619
275005,managed,3,0,1.77896
275008,unmanaged,35,33,853.87
275008,managed,36,33,772.56
275009,unmanaged,23,109,0.0256516
275010,unmanaged,75,29,0.084541
275011,unmanaged,15,164,0.0485071
275012,unmanaged,24,231,0.377357
275013,unmanaged,13,137,0.301739
275014,unmanaged,13,137,0.487302
275015,unmanaged,24,181,0.248196
275016,unmanaged,15,164,0.51957
275017,unmanaged,24,83,0.0260113
275018,unmanaged,13,137,0.318286
275019,unmanaged,69,157,0.63328
275020,unmanaged,24,147,0.401233
275021,unmanaged,13,137,0.08511
275022,unmanaged,15,158,0.201566
275024,unmanaged,13,166,0.146977
275025,unmanaged,15,216,0.0025938
275026,unmanaged,24,106,0.412601
275027,unmanaged,13,172,0.360842
275028,unmanaged,14,132,0.422318
275029,unmanaged,15,177,1.25745
275030,unmanaged,24,119,0.311527
275031,unmanaged,15,80,0.180863
275032,unmanaged,24,203,0.0140767
275033,unmanaged,23,177,0.102694
275034,unmanaged,14,132,0.0155426
275035,unmanaged,15,101,0.0306795
275036,unmanaged,13,122,0.73955
275037,unmanaged,13,166,0.0193891
275038,unmanaged,13,136,0.455245
275039,unmanaged,15,161,0.372079
275040,unmanaged,50,137,0.142678
275041,unmanaged,24,205,0.54965
275042,unmanaged,42,94,0.73857
275043,unmanaged,42,97,0.236385
275044,unmanaged,15,164,0.50143
275045,unmanaged,24,202,1.06677
275046,unmanaged,50,177,0.0357626
275047,unmanaged,15,161,0.311746
275048,unmanaged,50,139,0.199026
275049,unmanaged,13,166,0.0124049
275050,unmanaged,15,124,0.490714
275051,unmanaged,146,44,0.447501
275052,unmanaged,15,161,0.206509
275053,unmanaged,15,161,0.342545
275054,unmanaged,15,164,0.102368
275055,unmanaged,42,97,0.0193814
275056,unmanaged,15,186,3.97111
275057,unmanaged,15,158,0.0407766
275058,unmanaged,50,139,0.266339
275059,unmanaged,146,44,0.121276
275060,unmanaged,23,177,0.0366559
275061,unmanaged,24,137,0.428634
275062,unmanaged,15,149,0.142939
275063,unmanaged,50,157,0.13516
275064,unmanaged,24,119,0.268606
275065,unmanaged,59,144,0.289038
275066,unmanaged,13,122,0.278343
275067,unmanaged,24,137,0.32824
275068,unmanaged,14,132,0.50211
275069,unmanaged,42,132,0.58296
275070,unmanaged,13,166,0.0419434
275071,unmanaged,75,31,0.440748
275072,unmanaged,24,193,0.292962
275073,unmanaged,24,196,0.53137
275074,unmanaged,70,33,0.69631
275075,unmanaged,15,84,2.49006
275076,unmanaged,15,125,0.192482
275077,unmanaged,15,84,0.093408
275078,unmanaged,24,72,0.26977
275079,unmanaged,70,33,0.73824
275080,unmanaged,23,81,0.064999
275081,unmanaged,15,81,0.400434
275082,unmanaged,24,136,0.437283
275083,unmanaged,23,81,0.119436
275084,unmanaged,24,236,0.12624
275085,unmanaged,24,193,0.145579
275086,unmanaged,24,231,0.276063
275087,unmanaged,50,77,0.52842
275088,unmanaged,15,150,0.0155576
275089,unmanaged,23,90,0.289421
275090,unmanaged,15,150,0.178783
275091,unmanaged,70,33,0.467213
275092,unmanaged,15,84,0.0105396
275093,unmanaged,15,127,0.083169
275094,unmanaged,131,31,0.273462
275095,unmanaged,70,33,0.292035
275096,unmanaged,24,136,0.0328736
275097,unmanaged,24,79,1.84585
275098,unmanaged,15,80,1.31163
275099,unmanaged,70,33,0.259743
275100,unmanaged,24,196,1.4348
275101,unmanaged,50,217,0.120975
275102,unmanaged,15,114,0.55161
275103,unmanaged,15,84,0.186683
275104,unmanaged,15,80,0.093088
275105,unmanaged,23,90,0.329234
275106,unmanaged,24,196,0.0072385
275107,unmanaged,15,84,0.124561
275108,unmanaged,75,53,0.144208
275109,unmanaged,24,106,0.53669
275110,unmanaged,15,186,0.140222
275111,unmanaged,75,49,0.263193
275113,unmanaged,43,157,0.052836
275114,unmanaged,42,157,0.70272
275115,unmanaged,15,171,0.104241
275116,unmanaged,43,126,0.045164
275117,unmanaged,15,186,0.63898
275118,unmanaged,42,157,0.80082
275119,unmanaged,43,157,0.437448
275122,unmanaged,24,215,0.9055
275123,unmanaged,15,144,0.0077686
275124,unmanaged,15,160,0.111751
275125,unmanaged,132,47,0.472999
275126,unmanaged,132,57,0.134226
275127,unmanaged,75,48,0.54807
275128,unmanaged,43,126,1.08708
275129,unmanaged,43,157,0.457076
275130,unmanaged,15,174,0.284717
275131,unmanaged,75,53,0.265218
275132,unmanaged,42,121,0.83913
275133,unmanaged,24,119,0.80884
275134,unmanaged,42,126,0.176896
275135,unmanaged,15,160,0.214617
275136,unmanaged,77,0,0.125023
275137,unmanaged,132,57,0.207012
275138,unmanaged,15,160,0.349823
275139,unmanaged,43,157,0.73807
275140,unmanaged,43,126,0.91202
275141,unmanaged,15,166,0.262995
275142,unmanaged,15,131,0.8255
275143,unmanaged,15,160,0.274082
275144,unmanaged,75,49,0.58086
275145,unmanaged,15,239,0.408773
275147,unmanaged,15,127,0.411062
275148,unmanaged,43,126,0.232031
275149,unmanaged,24,215,0.79727
275150,unmanaged,43,126,0.123527
275151,unmanaged,24,119,0.5152
275154,unmanaged,15,171,0.111204
275155,unmanaged,43,157,0.316783
275156,unmanaged,15,160,1.84968
275157,unmanaged,43,126,0.221393
275159,unmanaged,13,126,0.363043
275160,unmanaged,24,126,0.355088
275161,unmanaged,75,49,0.218048
275163,unmanaged,75,49,0.224377
275164,unmanaged,24,107,1.05725
275165,unmanaged,15,131,0.60623
275167,unmanaged,75,49,0.054045
275168,unmanaged,75,49,0.282598
275169,unmanaged,75,53,0.412675
275170,unmanaged,15,186,0.0105189
275171,unmanaged,77,0,0.149105
275173,unmanaged,42,121,0.464289
275297,unmanaged,23,78,0.379972
275298,unmanaged,23,91,0.208368
275299,unmanaged,146,51,0.0099389
275301,unmanaged,15,171,0.134662
275303,unmanaged,23,81,0.094529
275304,unmanaged,23,197,0.0304123
275307,unmanaged,75,35,0.061745
275308,unmanaged,13,63,0.55828
275311,unmanaged,23,218,0.0305949
275313,unmanaged,23,87,0.0444317
275315,unmanaged,23,117,0.306631
275323,unmanaged,75,35,0.73255
275325,unmanaged,15,141,0.069712
275326,unmanaged,15,116,0.497861
275330,unmanaged,23,117,0.091099
275332,unmanaged,23,116,0.25626
275337,unmanaged,70,8,0.116309
275342,unmanaged,145,8,1.12784
275343,unmanaged,15,115,0.0168059
275345,unmanaged,15,81,0.256464
275346,unmanaged,15,115,0.260319
275347,unmanaged,24,262,0.24374
275348,unmanaged,23,95,0.42437
275349,unmanaged,23,100,0.83302
275352,unmanaged,24,220,0.259031
275353,unmanaged,23,91,0.379651
275354,unmanaged,15,193,0.0389396
275356,unmanaged,145,20,0.060382
275358,unmanaged,23,197,0.358059
275359,unmanaged,23,157,0.334969
275360,unmanaged,15,83,1.36559
275361,unmanaged,23,89,0.225289
275365,unmanaged,70,21,0.121586
275366,unmanaged,70,33,0.373435
275369,unmanaged,15,141,0.234648
275372,unmanaged,24,115,1.12513
275374,unmanaged,15,68,0.0020321
275379,unmanaged,24,205,0.90716
275381,unmanaged,15,145,0.91699
275382,unmanaged,15,116,0.06281
275385,unmanaged,15,161,0.56645
275386,unmanaged,23,100,1.59608
275387,unmanaged,13,179,0.318158
275390,unmanaged,15,245,0.197483
275391,unmanaged,23,157,0.0089774
275393,unmanaged,70,19,0.62106
275395,unmanaged,71,157,0.126262
275398,unmanaged,75,34,0.127816
275400,unmanaged,15,119,0.498388
275401,unmanaged,75,35,0.063023
275402,unmanaged,23,69,0.396401
275404,unmanaged,15,245,0.368454
275406,unmanaged,13,134,0.451014
275407,unmanaged,50,117,0.52003
275409,unmanaged,23,218,0.234279
275411,unmanaged,15,68,0.97285
275412,unmanaged,148,102,0.318972
275413,unmanaged,24,281,0.78338
275416,unmanaged,50,117,0.24371
275418,unmanaged,75,35,0.090327
275419,unmanaged,15,161,0.70071
275420,unmanaged,13,179,0.258935
275421,unmanaged,24,126,0.402984
275424,unmanaged,23,92,0.73301
275425,unmanaged,24,168,0.324232
275426,unmanaged,15,86,0.6679
275427,unmanaged,15,126,0.194166
275429,unmanaged,70,21,0.269344
275436,unmanaged,15,68,0.75748
275437,unmanaged,23,80,0.0041316
275440,unmanaged,15,110,2.21829
275442,unmanaged,15,122,0.189894
275443,unmanaged,15,122,0.251208
275444,unmanaged,24,126,0.223802
275445,unmanaged,23,116,0.104439
275446,unmanaged,50,183,0.32758
275449,unmanaged,15,145,0.67964
275450,unmanaged,24,205,0.8743
275451,unmanaged,15,192,0.244105
275454,unmanaged,15,80,1.84958
275455,unmanaged,23,117,0.074454
275456,unmanaged,15,180,0.402674
275458,unmanaged,24,262,0.224062
275461,unmanaged,59,67,0.55068
275463,unmanaged,23,107,0.0163841
275464,unmanaged,24,168,0.62242
275465,unmanaged,15,145,0.199389
275466,unmanaged,15,145,0.63691
275467,unmanaged,15,106,0.121748
275468,unmanaged,15,122,0.85535
275469,unmanaged,15,157,0.136771
275471,unmanaged,15,115,0.177663
275474,unmanaged,15,192,0.099539
275477,unmanaged,23,92,0.424801
275479,unmanaged,15,116,0.0165799
275480,unmanaged,75,38,0.0211174
275483,unmanaged,24,228,0.102356
275484,unmanaged,23,157,0.0318008
275485,unmanaged,15,86,1.0135
275490,unmanaged,15,237,0.0271932
275496,unmanaged,24,216,0.87624
275497,unmanaged,24,135,0.272901
275498,unmanaged,23,105,0.0245005
275499,unmanaged,15,83,0.199159
275500,unmanaged,13,137,0.260909
275501,unmanaged,14,132,0.115932
275502,unmanaged,13,137,1.35913
275503,unmanaged,13,166,0.308371
275504,unmanaged,15,104,0.471976
275505,unmanaged,14,132,1.46223
275506,unmanaged,13,137,2.51794
275507,unmanaged,15,150,0.385799
275508,unmanaged,24,135,0.43447
275509,unmanaged,15,209,0.0043919
275510,unmanaged,13,137,0.062162
275511,unmanaged,24,72,0.26324
275512,unmanaged,23,126,0.71501
275514,unmanaged,42,157,0.0036487
275516,unmanaged,24,107,0.63312
275517,unmanaged,43,157,0.015474
275518,unmanaged,75,48,0.053808
275519,unmanaged,43,157,0.488364
275522,unmanaged,24,107,0.085609
275525,unmanaged,15,120,0.69585
275526,unmanaged,13,166,0.68559
275528,unmanaged,13,166,0.261582
275529,unmanaged,75,49,0.417235
275530,unmanaged,24,215,0.99887
275531,unmanaged,69,137,0.269418
275532,unmanaged,69,137,0.16034
275533,unmanaged,13,166,0.0212379
275535,unmanaged,24,107,0.075679
275536,unmanaged,13,137,0.0261149
275544,unmanaged,132,35,0.0067861
275545,unmanaged,15,115,0.189409
275546,unmanaged,13,141,0.020538
275549,unmanaged,50,77,0.0114526
275550,unmanaged,15,187,0.040125
275551,unmanaged,15,235,0.0231992
275552,unmanaged,13,144,0.448055
275553,unmanaged,23,99,0.396574
275554,unmanaged,23,117,0.2008
275555,unmanaged,71,143,0.247959
275556,unmanaged,23,90,0.492717
275557,unmanaged,15,79,0.018329
275559,unmanaged,15,115,0.0022644
275560,unmanaged,13,137,0.401601
275561,unmanaged,15,166,0.0025988
275562,unmanaged,145,20,0.5681
275563,unmanaged,15,307,0.0032564
275564,unmanaged,15,213,0.08704
275566,unmanaged,23,90,0.07506
275567,unmanaged,15,148,0.34834
275568,unmanaged,23,87,0.174927
275569,unmanaged,15,89,1.18583
275570,unmanaged,15,187,0.42836
275571,unmanaged,23,197,0.05872
275572,unmanaged,15,138,0.062628
275573,unmanaged,15,235,0.07732
275574,unmanaged,15,79,0.0036395
275575,unmanaged,24,72,0.0158975
275576,unmanaged,23,99,2.99536
275577,unmanaged,75,38,0.0135815
275579,unmanaged,75,35,0.184267
275580,unmanaged,70,38,0.0063749
275581,unmanaged,23,85,0.204414
275582,unmanaged,145,20,0.33744
275584,unmanaged,23,93,0.391962
275585,unmanaged,23,126,0.079531
275586,unmanaged,24,264,0.100614
275587,unmanaged,15,115,0.0074701
275588,unmanaged,50,68,0.0184528
275589,unmanaged,15,148,0.0480309
275590,unmanaged,13,94,0.112025
275592,unmanaged,15,141,0.05284
275595,unmanaged,75,35,0.51115
275596,unmanaged,15,157,0.459251
275597,unmanaged,23,106,0.052789
275598,unmanaged,15,148,0.0347893
275599,unmanaged,132,35,0.410387
275600,unmanaged,75,34,0.356925
275602,unmanaged,15,91,0.0269803
275603,unmanaged,15,165,0.092767
275604,unmanaged,23,157,0.0120372
275605,unmanaged,15,187,0.1215
275606,unmanaged,77,0,0.242008
275607,unmanaged,77,0,0.235291
275608,unmanaged,42,157,0.0358619
275609,unmanaged,77,0,0.293411
275610,unmanaged,77,0,0.078725
275613,unmanaged,15,152,0.0162167
275615,unmanaged,15,79,0.49729
275620,unmanaged,145,33,4.39252
275624,unmanaged,4,216,1.27407
275624,managed,5,216,1.15275
275625,unmanaged,10,151,12.2729
275625,managed,11,151,11.1043
275626,unmanaged,135,44,1.67233
275626,managed,6,44,1.51309
275627,unmanaged,1,76,0.61658
275627,managed,2,76,0.55787
275628,unmanaged,38,177,0.62079
275628,managed,39,177,0.56168
275629,unmanaged,1,156,0.69945
275629,managed,2,156,0.63284
275630,unmanaged,25,25,2.38117
275630,managed,26,25,2.15443
275631,unmanaged,1,101,4.81052
275631,managed,2,101,4.35245
275632,unmanaged,38,157,0.437651
275632,managed,39,157,0.395976
275633,unmanaged,25,25,17.0719
275633,managed,26,25,15.4463
275634,unmanaged,1,101,0.87115
275634,managed,2,101,0.7882
275635,unmanaged,7,157,2.75072
275635,managed,8,157,2.48879
275636,unmanaged,1,122,1.98981
275636,managed,2,122,1.80034
275637,unmanaged,19,137,1.15761
275637,managed,20,137,1.04738
275638,unmanaged,38,137,4.77344
275638,managed,39,137,4.3189
275639,unmanaged,38,137,1.32784
275639,managed,39,137,1.2014
275640,unmanaged,37,0,11.9866
275640,managed,3,0,10.8452
275641,unmanaged,19,78,2.14645
275641,managed,20,78,1.94206
275642,unmanaged,41,39,35.6044
275642,managed,40,39,32.2141
275643,unmanaged,10,71,0.8325
275643,managed,11,71,0.75323
275644,unmanaged,10,71,3.07286
275644,managed,11,71,2.78025
275645,unmanaged,19,157,1.19232
275645,managed,20,157,1.07878
275646,unmanaged,19,106,1.62766
275646,managed,20,106,1.47267
275656,unmanaged,56,146,1.06104
275656,managed,57,146,0.96
275674,unmanaged,45,136,0.64561
275674,managed,46,136,0.58413
275680,unmanaged,4,211,1.04861
275680,managed,5,211,0.94876
275682,unmanaged,56,157,1.36479
275682,managed,57,157,1.23483
275741,unmanaged,19,84,3.46665
275741,managed,20,84,3.13654
275745,unmanaged,4,202,1.44241
275745,managed,5,202,1.30506
275748,unmanaged,1,102,1.05356
275748,managed,2,102,0.95324
275749,unmanaged,4,155,11.7359
275749,managed,5,155,10.6184
275754,unmanaged,19,84,11.9001
275754,managed,20,84,10.7669
275757,unmanaged,1,196,0.97239
275757,managed,2,196,0.87979
275764,unmanaged,47,98,0.37354
275764,managed,48,98,0.33797
275779,unmanaged,19,69,0.316112
275779,managed,20,69,0.286011
275791,unmanaged,4,202,0.105067
275791,managed,5,202,0.095062
275804,unmanaged,4,216,1.3036
275804,managed,5,216,1.17947
275806,unmanaged,4,62,1.17071
275806,managed,5,62,1.05923
275808,unmanaged,4,131,13.1872
275808,managed,5,131,11.9314
275812,unmanaged,19,90,6.471
275812,managed,20,90,5.8548
275819,unmanaged,4,115,2.67711
275819,managed,5,115,2.42219
275838,unmanaged,19,69,0.54605
275838,managed,20,69,0.494057
275840,unmanaged,19,91,2.4647
275840,managed,20,91,2.23001
275843,unmanaged,4,180,21.4951
275843,managed,5,180,19.4483
275846,unmanaged,10,132,3.38306
275846,managed,11,132,3.06092
275850,unmanaged,19,101,1.54709
275850,managed,20,101,1.39977
275851,unmanaged,38,128,0.77066
275851,managed,39,128,0.69727
275869,unmanaged,1,151,1.18525
275869,managed,2,151,1.07239
275881,unmanaged,19,90,1.05754
275881,managed,20,90,0.95684
275887,unmanaged,10,126,6.5739
275887,managed,11,126,5.9479
275893,unmanaged,47,98,18.915
275893,managed,48,98,17.1138
275899,unmanaged,4,156,4.76792
275899,managed,5,156,4.3139
275904,unmanaged,47,151,0.458914
275904,managed,48,151,0.415215
275905,unmanaged,47,96,7.6668
275905,managed,48,96,6.9367
275928,unmanaged,19,84,3.75145
275928,managed,20,84,3.39422
275932,unmanaged,4,81,3.12065
275932,managed,5,81,2.8235
275946,unmanaged,47,96,1.41822
275946,managed,48,96,1.28317
275954,unmanaged,19,117,0.50188
275954,managed,20,117,0.454089
275966,unmanaged,19,197,1.60147
275966,managed,20,197,1.44897
275984,unmanaged,19,76,0.288903
275984,managed,20,76,0.261393
275988,unmanaged,47,151,2.24559
275988,managed,48,151,2.03176
276000,unmanaged,47,202,0.6701
276000,managed,48,202,0.60629
276007,unmanaged,10,200,14.6513
276007,managed,11,200,13.2562
276011,unmanaged,19,84,1.6089
276011,managed,20,84,1.4557
276020,unmanaged,4,62,1.75169
276020,managed,5,62,1.58489
276060,unmanaged,65,141,0.84977
276060,managed,66,141,0.76885
276064,unmanaged,19,98,1.59275
276064,managed,20,98,1.44108
276075,unmanaged,38,190,0.87319
276075,managed,39,190,0.79005
276079,unmanaged,4,115,2.36209
276079,managed,5,115,2.13716
276095,unmanaged,4,80,11.3445
276095,managed,5,80,10.2643
276097,unmanaged,19,197,0.323276
276097,managed,20,197,0.292493
276104,unmanaged,10,126,1.13187
276104,managed,11,126,1.02409
276106,unmanaged,10,81,1.11913
276106,managed,11,81,1.01256
276109,unmanaged,47,202,3.80081
276109,managed,48,202,3.43889
276112,unmanaged,38,128,0.51374
276112,managed,39,128,0.464821
276119,unmanaged,1,151,0.445177
276119,managed,2,151,0.402786
276181,unmanaged,4,131,6.5219
276181,managed,5,131,5.9009
276184,unmanaged,1,156,1.09658
276184,managed,2,156,0.99216
276192,unmanaged,41,21,5.3582
276192,managed,40,21,4.84797
276195,unmanaged,47,129,0.125312
276195,managed,48,129,0.113379
276200,unmanaged,1,156,0.0044319
276200,managed,2,156,0.0040099
276201,unmanaged,4,91,4.36367
276201,managed,5,91,3.94815
276210,unmanaged,4,170,0.220265
276210,managed,5,170,0.199291
276217,unmanaged,4,134,0.80017
276217,managed,5,134,0.72398
276219,unmanaged,15,152,0.0017107
276228,unmanaged,47,129,0.0029967
276228,managed,48,129,0.0027113
276239,unmanaged,4,307,0.074717
276239,managed,5,307,0.067602
276247,unmanaged,19,101,2.83269
276247,managed,20,101,2.56295
276254,unmanaged,47,151,0.371968
276254,managed,48,151,0.336549
276264,unmanaged,4,122,1.12448
276264,managed,5,122,1.0174
276265,unmanaged,19,157,0.406199
276265,managed,20,157,0.36752
276266,unmanaged,47,98,4.41457
276266,managed,48,98,3.9942
276267,unmanaged,4,152,2.39449
276267,managed,5,152,2.16648
276268,unmanaged,47,157,1.0156
276268,managed,48,157,0.9189
276269,unmanaged,4,122,1.51096
276269,managed,5,122,1.36709
276270,unmanaged,47,151,4.35237
276270,managed,48,151,3.93792
276271,unmanaged,4,152,1.4254
276271,managed,5,152,1.28967
276272,unmanaged,4,122,1.32435
276272,managed,5,122,1.19824
276273,unmanaged,4,152,1.58212
276273,managed,5,152,1.43146
276284,unmanaged,4,164,3.80473
276284,managed,5,164,3.44243
276285,unmanaged,7,157,9.0688
276285,managed,8,157,8.2052
276286,unmanaged,10,147,10.4144
276286,managed,11,147,9.4227
276287,unmanaged,1,166,0.79981
276287,managed,2,166,0.72365
276288,unmanaged,4,216,0.98866
276288,managed,5,216,0.89452
276289,unmanaged,4,177,5.2912
276289,managed,5,177,4.78738
276290,unmanaged,19,177,0.55843
276290,managed,20,177,0.50525
276291,unmanaged,1,122,0.206357
276291,managed,2,122,0.186707
276292,unmanaged,1,166,1.42358
276292,managed,2,166,1.28802
276293,unmanaged,38,137,0.78285
276293,managed,39,137,0.7083
276294,unmanaged,4,164,3.46605
276294,managed,5,164,3.13601
276295,unmanaged,1,166,4.99525
276295,managed,2,166,4.51959
276296,unmanaged,4,124,7.4763
276296,managed,5,124,6.7644
276297,unmanaged,135,44,7.6657
276297,managed,6,44,6.9357
276298,unmanaged,135,44,0.343485
276298,managed,6,44,0.310778
276299,unmanaged,19,177,0.57866
276299,managed,20,177,0.52356
276300,unmanaged,1,122,1.75905
276300,managed,2,122,1.59155
276301,unmanaged,1,166,9.5432
276301,managed,2,166,8.6344
276314,unmanaged,4,171,3.09581
276314,managed,5,171,2.80102
276315,unmanaged,19,81,6.3942
276315,managed,20,81,5.7853
276316,unmanaged,19,197,1.39372
276316,managed,20,197,1.26101
276319,unmanaged,19,218,0.76842
276319,managed,20,218,0.69525
276320,unmanaged,19,117,0.405812
276320,managed,20,117,0.36717
276325,unmanaged,4,141,3.69055
276325,managed,5,141,3.33912
276326,unmanaged,19,117,0.357291
276326,managed,20,117,0.323268
276328,unmanaged,25,8,64.801
276328,managed,26,8,58.631
276331,unmanaged,4,216,0.79628
276331,managed,5,216,0.72045
276332,unmanaged,4,115,8.7202
276332,managed,5,115,7.8898
276334,unmanaged,4,81,3.73753
276334,managed,5,81,3.38163
276335,unmanaged,4,115,1.08041
276335,managed,5,115,0.97753
276336,unmanaged,19,95,4.85158
276336,managed,20,95,4.38959
276337,unmanaged,19,100,2.06189
276337,managed,20,100,1.86555
276340,unmanaged,19,89,3.95121
276340,managed,20,89,3.57497
276344,unmanaged,4,141,0.117511
276344,managed,5,141,0.106321
276346,unmanaged,1,179,0.119474
276346,managed,2,179,0.108098
276348,unmanaged,19,157,0.86296
276348,managed,20,157,0.78078
276350,unmanaged,47,157,1.03135
276350,managed,48,157,0.93315
276353,unmanaged,19,69,2.04108
276353,managed,20,69,1.84672
276355,unmanaged,1,134,2.50047
276355,managed,2,134,2.26236
276356,unmanaged,19,218,0.493223
276356,managed,20,218,0.446256
276357,unmanaged,53,102,1.66661
276357,managed,54,102,1.50791
276359,unmanaged,38,117,0.394749
276359,managed,39,117,0.35716
276361,unmanaged,1,179,3.15031
276361,managed,2,179,2.85033
276363,unmanaged,4,62,1.40069
276363,managed,5,62,1.26732
276364,unmanaged,19,92,0.91816
276364,managed,20,92,0.83073
276365,unmanaged,4,126,14.6746
276365,managed,5,126,13.2772
276366,unmanaged,25,21,16.241
276366,managed,26,21,14.6945
276373,unmanaged,10,126,2.62279
276373,managed,11,126,2.37304
276377,unmanaged,4,180,7.353
276377,managed,5,180,6.6528
276380,unmanaged,4,106,1.7731
276380,managed,5,106,1.60426
276381,unmanaged,4,115,3.14494
276381,managed,5,115,2.84547
276384,unmanaged,19,92,0.93348
276384,managed,20,92,0.84459
276385,unmanaged,29,84,2.3586
276385,managed,30,84,2.134
276386,unmanaged,19,157,0.281659
276386,managed,20,157,0.254839
276388,unmanaged,4,237,0.309481
276388,managed,5,237,0.280011
276392,unmanaged,4,131,0.055825
276392,managed,5,131,0.050509
276394,unmanaged,1,144,1.79826
276394,managed,2,144,1.62703
276395,unmanaged,19,117,0.59858
276395,managed,20,117,0.54158
276396,unmanaged,4,79,2.86486
276396,managed,5,79,2.59206
276398,unmanaged,4,166,5.0799
276398,managed,5,166,4.5962
276399,unmanaged,4,307,0.055805
276399,managed,5,307,0.050491
276400,unmanaged,19,87,0.135822
276400,managed,20,87,0.122888
276401,unmanaged,4,89,61.855
276401,managed,5,89,55.965
276402,unmanaged,4,187,0.90399
276402,managed,5,187,0.81791
276404,unmanaged,19,126,2.28365
276404,managed,20,126,2.0662
276405,unmanaged,1,94,4.0618
276405,managed,2,94,3.67503
276407,unmanaged,4,141,0.84098
276407,managed,5,141,0.7609
276409,unmanaged,4,187,5.916
276409,managed,5,187,5.3527
276410,unmanaged,4,152,0.66787
276410,managed,5,152,0.60427
276412,unmanaged,4,79,0.54325
276412,managed,5,79,0.491524
276416,unmanaged,15,216,1.30936
276417,unmanaged,24,151,2.62425
276418,unmanaged,146,44,0.218357
276419,unmanaged,13,76,1.34213
276421,unmanaged,13,156,0.19771
276422,unmanaged,70,25,0.137928
276423,unmanaged,13,101,2.17086
276424,unmanaged,50,157,0.31189
276425,unmanaged,70,25,0.0038588
276426,unmanaged,13,101,0.392976
276427,unmanaged,69,157,1.17049
276428,unmanaged,13,122,0.30985
276429,unmanaged,23,137,1.049
276430,unmanaged,50,137,2.14992
276431,unmanaged,50,137,0.37732
276432,unmanaged,77,0,2.94062
276433,unmanaged,23,78,1.18632
276434,unmanaged,75,39,0.51747
276435,unmanaged,24,71,0.104275
276436,unmanaged,24,71,1.25522
276437,unmanaged,23,157,0.0188957
276448,unmanaged,73,146,0.99538
276473,unmanaged,15,211,0.050187
276475,unmanaged,73,157,0.390373
276540,unmanaged,23,84,0.54697
276544,unmanaged,15,202,5.3525
276547,unmanaged,13,102,2.29983
276548,unmanaged,15,155,0.325763
276553,unmanaged,23,84,3.78859
276556,unmanaged,13,196,0.079548
276563,unmanaged,71,98,1.39849
276578,unmanaged,23,69,0.58246
276592,unmanaged,15,202,1.11987
276605,unmanaged,15,216,0.61693
276607,unmanaged,15,62,1.84206
276609,unmanaged,15,131,2.17713
276613,unmanaged,23,90,1.98899
276620,unmanaged,15,115,2.5507
276639,unmanaged,23,69,1.08989
276641,unmanaged,23,91,5.3747
276644,unmanaged,15,180,0.126598
276647,unmanaged,24,132,7.8252
276651,unmanaged,23,101,0.163132
276652,unmanaged,50,128,1.8477
276671,unmanaged,13,151,0.21265
276683,unmanaged,23,90,0.200414
276689,unmanaged,24,126,4.11911
276695,unmanaged,71,98,0.58119
276701,unmanaged,15,156,0.78751
276706,unmanaged,71,151,0.346831
276707,unmanaged,71,96,0.54647
276730,unmanaged,23,84,1.76226
276735,unmanaged,15,81,1.61585
276749,unmanaged,71,96,0.369395
276757,unmanaged,23,117,0.671
276769,unmanaged,23,197,0.54042
276787,unmanaged,23,76,1.97388
276791,unmanaged,71,151,0.54265
276803,unmanaged,71,202,1.0236
276810,unmanaged,24,200,0.6125
276814,unmanaged,23,84,0.379668
276823,unmanaged,15,62,0.0034272
276864,unmanaged,68,141,2.07138
276868,unmanaged,23,98,0.0161747
276879,unmanaged,50,190,0.79965
276883,unmanaged,15,115,0.90075
276899,unmanaged,15,80,0.89454
276901,unmanaged,23,197,0.449293
276908,unmanaged,24,126,0.82494
276910,unmanaged,24,81,0.47831
276913,unmanaged,71,202,4.83798
276916,unmanaged,50,128,0.84197
276923,unmanaged,13,151,0.57923
276990,unmanaged,15,307,0.0337495
276993,unmanaged,145,31,0.152332
276999,unmanaged,15,131,0.0333032
277003,unmanaged,13,156,0.65118
277015,unmanaged,75,21,0.123816
277017,unmanaged,71,129,0.77313
277018,unmanaged,71,129,0.117134
277022,unmanaged,71,131,1.6091
277024,unmanaged,15,170,0.199171
277026,unmanaged,13,156,1.37297
277027,unmanaged,15,91,4.96042
277032,unmanaged,15,170,0.0019029
277034,unmanaged,71,129,1.15904
277040,unmanaged,71,91,4.93098
277042,unmanaged,15,170,0.494938
277047,unmanaged,15,121,0.140799
277050,unmanaged,23,197,0.108123
277052,unmanaged,15,134,0.055334
277054,unmanaged,15,152,0.310728
277060,unmanaged,71,111,2.45989
277069,unmanaged,71,129,3.25884
277093,unmanaged,23,101,0.0058569
277094,unmanaged,23,195,0.119031
277096,unmanaged,15,216,0.55485
277101,unmanaged,71,151,0.75843
277103,unmanaged,23,76,0.0249588
277105,unmanaged,71,151,1.90936
277106,unmanaged,15,91,1.60315
277115,unmanaged,23,87,0.0075164
277120,unmanaged,15,122,2.13751
277121,unmanaged,23,157,0.152929
277122,unmanaged,71,98,1.03942
277123,unmanaged,15,152,7.518
277124,unmanaged,71,157,0.0449949
277125,unmanaged,15,122,0.83116
277126,unmanaged,71,151,5.2624
277127,unmanaged,15,152,0.052891
277128,unmanaged,15,122,3.45298
277129,unmanaged,15,152,1.09749
277150,unmanaged,15,164,0.31433
277151,unmanaged,69,157,0.0243689
277152,unmanaged,24,147,0.92888
277153,unmanaged,13,166,0.84957
277154,unmanaged,15,216,0.67423
277155,unmanaged,15,177,0.0339301
277156,unmanaged,23,177,0.173577
277157,unmanaged,13,122,3.18739
277158,unmanaged,13,166,0.129007
277159,unmanaged,50,137,0.386994
277160,unmanaged,15,164,1.57651
277161,unmanaged,13,166,0.452756
277162,unmanaged,15,124,0.74417
277163,unmanaged,146,44,0.431133
277164,unmanaged,146,44,0.92745
277165,unmanaged,23,177,0.55801
277166,unmanaged,13,122,1.74412
277167,unmanaged,13,166,0.410458
277182,unmanaged,15,171,5.9521
277183,unmanaged,23,81,3.27332
277184,unmanaged,23,197,1.79489
277187,unmanaged,23,218,0.329992
277189,unmanaged,23,117,0.95789
277194,unmanaged,15,141,2.79061
277195,unmanaged,23,117,0.272818
277197,unmanaged,70,8,0.117143
277200,unmanaged,15,216,1.6323
277201,unmanaged,15,115,1.55351
277203,unmanaged,15,81,2.44438
277204,unmanaged,15,115,3.71175
277205,unmanaged,23,95,3.55844
277206,unmanaged,23,100,4.68137
277209,unmanaged,23,89,1.8618
277213,unmanaged,15,141,0.97475
277215,unmanaged,13,179,1.71091
277217,unmanaged,23,157,1.61578
277219,unmanaged,71,157,1.22513
277222,unmanaged,23,69,5.7714
277224,unmanaged,13,134,7.0708
277225,unmanaged,23,218,0.483331
277226,unmanaged,148,102,3.79651
277228,unmanaged,50,117,0.122898
277230,unmanaged,13,179,1.15042
277232,unmanaged,15,62,1.12125
277233,unmanaged,23,92,2.4681
277234,unmanaged,15,126,6.6071
277235,unmanaged,70,21,0.067043
277242,unmanaged,24,126,1.73297
277246,unmanaged,15,180,0.151469
277249,unmanaged,15,106,1.5502
277250,unmanaged,15,115,6.1339
277253,unmanaged,23,92,1.95549
277254,unmanaged,43,84,4.34216
277255,unmanaged,23,157,0.60608
277257,unmanaged,15,237,0.98853
277261,unmanaged,15,131,0.0199326
277263,unmanaged,15,165,0.084432
277264,unmanaged,13,144,0.84016
277265,unmanaged,23,117,1.74124
277266,unmanaged,15,79,0.98015
277268,unmanaged,13,137,1.18613
277269,unmanaged,15,166,0.81019
277270,unmanaged,15,307,0.0191843
277271,unmanaged,23,87,0.099733
277272,unmanaged,15,89,1.0072
277273,unmanaged,15,187,5.1585
277274,unmanaged,23,197,0.0235478
277276,unmanaged,23,126,1.08524
277277,unmanaged,13,94,4.45399
277279,unmanaged,15,141,0.88025
277281,unmanaged,15,165,1.09387
277282,unmanaged,23,157,0.156212
277283,unmanaged,15,187,4.06397
277284,unmanaged,15,152,0.405522
277286,unmanaged,15,79,1.40644
278434,unmanaged,67,34,10.2247
278434,managed,49,34,9.2511
278435,unmanaged,47,143,2.30118
278435,managed,48,143,2.08205
278436,unmanaged,4,166,5.103
278436,managed,5,166,4.61704
278438,unmanaged,19,81,5.0363
278438,managed,20,81,4.5567
278440,unmanaged,25,13,0.80786
278440,managed,26,13,0.73093
278443,unmanaged,44,88,82.375
278447,unmanaged,135,60,2.73281
278447,managed,6,60,2.47259
278448,unmanaged,149,110,2.15108
278449,unmanaged,13,110,1.97667
278450,unmanaged,51,75,1.00383
278450,managed,52,75,0.90825
278451,unmanaged,41,35,0.55993
278451,managed,40,35,0.50661
278452,unmanaged,56,74,0.96074
278452,managed,57,74,0.86926
278453,unmanaged,44,96,2.15838
278455,unmanaged,71,114,15.4184
278460,unmanaged,35,22,11.5121
278460,managed,36,22,10.4159
278463,unmanaged,35,19,7.9156
278463,managed,36,19,7.1618
278464,unmanaged,29,95,2.06534
278464,managed,30,95,1.86867
278466,unmanaged,29,90,2.32282
278466,managed,30,90,2.10163
278467,unmanaged,33,37,3.38622
278467,managed,34,37,3.06378
278478,unmanaged,25,13,1.06907
278478,managed,26,13,0.96727
278481,unmanaged,51,80,0.71787
278481,managed,52,80,0.64951
278483,unmanaged,24,211,1.45655
278493,unmanaged,19,72,3.19206
278493,managed,20,72,2.88811
278499,unmanaged,51,95,1.28489
278499,managed,52,95,1.16254
278500,unmanaged,29,115,0.91585
278500,managed,30,115,0.82864
278503,unmanaged,29,95,0.279282
278503,managed,30,95,0.252688
278509,unmanaged,47,82,7.0287
278509,managed,48,82,6.3595
278512,unmanaged,4,176,0.95517
278512,managed,5,176,0.86421
278513,unmanaged,71,159,20.213
278514,unmanaged,38,225,1.56645
278514,managed,39,225,1.41729
278516,unmanaged,29,105,0.99004
278516,managed,30,105,0.89576
278517,unmanaged,13,95,2.90695
278520,unmanaged,29,90,0.274298
278520,managed,30,90,0.248178
278523,unmanaged,44,111,22.4334
278528,unmanaged,44,112,28.6046
278529,unmanaged,71,116,15.9814
278530,unmanaged,35,21,6.6411
278530,managed,36,21,6.0087
278531,unmanaged,44,81,20.4005
278533,unmanaged,45,70,0.98705
278533,managed,46,70,0.89306
278535,unmanaged,13,145,2.69709
278536,unmanaged,43,115,2.44426
278548,unmanaged,10,136,9.9697
278548,managed,11,136,9.0203
278552,unmanaged,29,75,4.04967
278552,managed,30,75,3.66405
278554,unmanaged,38,225,1.21962
278554,managed,39,225,1.10349
278555,unmanaged,33,37,4.28619
278555,managed,34,37,3.87805
278557,unmanaged,4,133,0.261573
278557,managed,5,133,0.236665
278560,unmanaged,4,192,3.3427
278560,managed,5,192,3.0244
278561,unmanaged,53,108,8.2617
278561,managed,54,108,7.475
278562,unmanaged,47,131,1.26453
278562,managed,48,131,1.14412
278565,unmanaged,53,101,1.16979
278565,managed,54,101,1.0584
278566,unmanaged,150,15,2.80386
278566,managed,140,15,2.53687
278569,unmanaged,65,116,1.00561
278569,managed,66,116,0.90986
278572,unmanaged,68,101,1.38352
278574,unmanaged,29,85,0.53613
278574,managed,30,85,0.48508
278577,unmanaged,10,115,0.442215
278577,managed,11,115,0.400106
278584,unmanaged,41,34,0.081374
278584,managed,40,34,0.073626
278588,unmanaged,44,142,7.9239
278590,unmanaged,44,81,12.8591
278591,unmanaged,43,105,2.31702
278592,unmanaged,45,70,1.0113
278592,managed,46,70,0.91501
278595,unmanaged,38,67,1.27049
278595,managed,39,67,1.14951
278599,unmanaged,25,14,2.73061
278599,managed,26,14,2.4706
278603,unmanaged,47,143,1.67782
278603,managed,48,143,1.51805
278607,unmanaged,25,16,0.567
278607,managed,26,16,0.513
278609,unmanaged,25,24,11.9608
278609,managed,26,24,10.8218
278618,unmanaged,62,158,5.5416
278618,managed,63,158,5.0139
278621,unmanaged,29,115,1.07635
278621,managed,30,115,0.97386
278622,unmanaged,38,225,0.53272
278622,managed,39,225,0.481995
278623,unmanaged,53,165,1.6849
278623,managed,54,165,1.52446
278627,unmanaged,29,115,2.70611
278627,managed,30,115,2.44843
278632,unmanaged,62,159,7.1716
278632,managed,63,159,6.4887
278644,unmanaged,4,151,0.59157
278644,managed,5,151,0.53524
278645,unmanaged,37,60,1.06561
278645,managed,3,60,0.96414
278646,unmanaged,45,90,1.20587
278646,managed,46,90,1.09104
278651,unmanaged,45,95,0.69656
278651,managed,46,95,0.63023
278652,unmanaged,14,115,2.63645
278654,unmanaged,37,60,0.75288
278654,managed,3,60,0.68118
278660,unmanaged,41,38,1.12324
278660,managed,40,38,1.01628
278665,unmanaged,51,125,3.42687
278665,managed,52,125,3.10055
278666,unmanaged,10,115,0.91037
278666,managed,11,115,0.82368
278667,unmanaged,7,70,3.08698
278667,managed,8,70,2.79302
278668,unmanaged,65,94,0.78843
278668,managed,66,94,0.71335
278671,unmanaged,151,81,0.57117
278671,managed,152,81,0.51678
278674,unmanaged,29,185,0.69854
278674,managed,30,185,0.63202
278675,unmanaged,51,245,4.90549
278675,managed,52,245,4.43838
278676,unmanaged,67,40,31.3738
278676,managed,49,40,28.3863
278678,unmanaged,149,115,1.89
278680,unmanaged,51,80,7.9079
278680,managed,52,80,7.1549
278681,unmanaged,45,80,0.93966
278681,managed,46,80,0.85018
278684,unmanaged,45,70,3.21675
278684,managed,46,70,2.91045
278686,unmanaged,67,36,20.3151
278686,managed,49,36,18.3806
278689,unmanaged,44,112,20.2967
278693,unmanaged,47,91,34.903
278693,managed,48,91,31.5794
278696,unmanaged,4,166,1.18124
278696,managed,5,166,1.06876
278698,unmanaged,35,21,0.85161
278698,managed,36,21,0.77052
278703,unmanaged,35,18,4.74754
278703,managed,36,18,4.29546
278705,unmanaged,4,174,13.009
278705,managed,5,174,11.7702
278709,unmanaged,10,236,0.67545
278709,managed,11,236,0.61113
278710,unmanaged,19,79,16.0649
278710,managed,20,79,14.5351
278712,unmanaged,53,145,2.8007
278712,managed,54,145,2.53401
278714,unmanaged,65,145,0.65638
278714,managed,66,145,0.59388
278715,unmanaged,38,90,2.46223
278715,managed,39,90,2.22777
278716,unmanaged,10,115,8.1416
278716,managed,11,115,7.3664
278717,unmanaged,29,95,4.03502
278717,managed,30,95,3.65079
278718,unmanaged,10,202,4.74145
278718,managed,11,202,4.28996
278720,unmanaged,10,185,2.19448
278720,managed,11,185,1.98552
278723,unmanaged,29,115,1.48204
278723,managed,30,115,1.34091
278724,unmanaged,10,120,1.59332
278724,managed,11,120,1.4416
278732,unmanaged,53,78,2.0957
278732,managed,54,78,1.89614
278733,unmanaged,29,95,2.88735
278733,managed,30,95,2.61241
278736,unmanaged,25,35,0.70268
278736,managed,26,35,0.63577
278737,unmanaged,45,95,7.2001
278737,managed,46,95,6.5145
278738,unmanaged,29,80,0.57524
278738,managed,30,80,0.52046
278744,unmanaged,38,63,9.3731
278744,managed,39,63,8.4805
278745,unmanaged,25,25,3.28215
278745,managed,26,25,2.96961
278747,unmanaged,68,101,10.7979
278748,unmanaged,154,17,26.2581
278748,managed,155,17,23.7577
278750,unmanaged,10,100,7.0026
278750,managed,11,100,6.3358
278753,unmanaged,62,156,1.06048
278753,managed,63,156,0.9595
278755,unmanaged,65,126,0.76508
278755,managed,66,126,0.69223
278761,unmanaged,29,135,6.7712
278761,managed,30,135,6.1265
278764,unmanaged,15,100,2.31
278767,unmanaged,51,90,0.359914
278767,managed,52,90,0.325642
278768,unmanaged,51,115,1.0459
278768,managed,52,115,0.94631
278770,unmanaged,41,35,1.88498
278770,managed,40,35,1.70549
278774,unmanaged,44,131,9.7795
278776,unmanaged,10,144,1.67474
278776,managed,11,144,1.51526
278777,unmanaged,44,134,25.5615
278781,unmanaged,10,165,7.492
278781,managed,11,165,6.7786
278782,unmanaged,44,93,62.168
278783,unmanaged,29,115,3.19025
278783,managed,30,115,2.88647
278785,unmanaged,42,95,2.09566
278787,unmanaged,44,98,53.887
278789,unmanaged,41,30,2.0437
278789,managed,40,30,1.84909
278790,unmanaged,151,185,0.64399
278790,managed,152,185,0.58266
278793,unmanaged,10,112,3.89022
278793,managed,11,112,3.51978
278798,unmanaged,27,34,0.352409
278798,managed,28,34,0.318851
278809,unmanaged,29,115,0.76761
278809,managed,30,115,0.69451
278815,unmanaged,13,144,8.9621
278819,unmanaged,44,112,1.34516
278823,unmanaged,4,174,3.43872
278823,managed,5,174,3.11128
278824,unmanaged,41,28,2.38873
278824,managed,40,28,2.16127
278825,unmanaged,10,144,13.6131
278825,managed,11,144,12.3169
278829,unmanaged,35,31,2.3114
278829,managed,36,31,2.0913
278832,unmanaged,35,37,30.0467
278832,managed,36,37,27.1856
278834,unmanaged,43,95,20.3874
278835,unmanaged,29,115,1.38911
278835,managed,30,115,1.25683
278836,unmanaged,25,45,2.94355
278836,managed,26,45,2.66326
278841,unmanaged,35,35,10.0619
278841,managed,36,35,9.1038
278843,unmanaged,51,135,1.45149
278843,managed,52,135,1.31328
278845,unmanaged,51,115,4.13708
278845,managed,52,115,3.74314
278846,unmanaged,41,35,11.4602
278846,managed,40,35,10.3689
278847,unmanaged,51,95,3.52046
278847,managed,52,95,3.18523
278851,unmanaged,4,166,2.75623
278851,managed,5,166,2.49377
278853,unmanaged,10,157,4.37322
278853,managed,11,157,3.95678
278858,unmanaged,10,81,3.4047
278858,managed,11,81,3.08049
278859,unmanaged,29,145,2.28619
278859,managed,30,145,2.06849
278860,unmanaged,38,225,3.51687
278860,managed,39,225,3.18198
278862,unmanaged,43,115,7.656
278867,unmanaged,71,158,3.75554
278871,unmanaged,4,254,3.57012
278871,managed,5,254,3.23016
278887,unmanaged,44,119,1.15171
278889,unmanaged,51,90,2.04857
278889,managed,52,90,1.8535
278895,unmanaged,10,141,12.7222
278895,managed,11,141,11.5107
278896,unmanaged,10,236,11.0407
278896,managed,11,236,9.9893
278898,unmanaged,10,70,3.23922
278898,managed,11,70,2.93078
278900,unmanaged,10,100,1.16783
278900,managed,11,100,1.05662
278906,unmanaged,29,296,0.62224
278906,managed,30,296,0.56299
278908,unmanaged,45,95,1.03949
278908,managed,46,95,0.94051
278911,unmanaged,44,111,17.0329
278912,unmanaged,45,111,1.80343
278912,managed,46,111,1.63171
278923,unmanaged,29,135,2.86509
278923,managed,30,135,2.59226
278924,unmanaged,65,95,0.86172
278924,managed,66,95,0.77967
278925,unmanaged,51,125,2.52133
278925,managed,52,125,2.28124
278926,unmanaged,43,95,6.2435
278927,unmanaged,29,105,7.894
278927,managed,30,105,7.1423
278928,unmanaged,44,112,10.0923
278930,unmanaged,19,107,2.53712
278930,managed,20,107,2.29553
278931,unmanaged,137,119,17.6177
278932,unmanaged,44,122,23.4604
278934,unmanaged,13,105,4.85458
278935,unmanaged,10,90,2.46632
278935,managed,11,90,2.23147
278936,unmanaged,45,115,2.33526
278936,managed,46,115,2.11289
278937,unmanaged,38,145,3.62657
278937,managed,39,145,3.28123
278938,unmanaged,45,95,0.67178
278938,managed,46,95,0.60781
278939,unmanaged,29,90,2.28924
278939,managed,30,90,2.07125
278940,unmanaged,29,105,0.58235
278940,managed,30,105,0.52689
278941,unmanaged,10,115,0.59438
278941,managed,11,115,0.53778
278942,unmanaged,38,80,0.110169
278942,managed,39,80,0.099678
278943,unmanaged,51,145,2.92421
278943,managed,52,145,2.64576
278944,unmanaged,10,70,2.43672
278944,managed,11,70,2.20469
278953,unmanaged,35,18,0.54106
278953,managed,36,18,0.489539
278956,unmanaged,149,96,2.5215
278965,unmanaged,4,211,1.18815
278965,managed,5,211,1.07502
278969,unmanaged,4,166,6.4207
278969,managed,5,166,5.8093
278973,unmanaged,29,95,2.35732
278973,managed,30,95,2.13285
278979,unmanaged,45,90,1.22902
278979,managed,46,90,1.11199
278980,unmanaged,51,80,1.58464
278980,managed,52,80,1.43374
278982,unmanaged,10,266,1.21808
278982,managed,11,266,1.10209
278985,unmanaged,67,37,2.28886
278985,managed,49,37,2.07091
278991,unmanaged,47,103,2.21324
278991,managed,48,103,2.00249
278994,unmanaged,44,123,49.0047
278995,unmanaged,13,115,5.6252
278997,unmanaged,29,105,1.61044
278997,managed,30,105,1.45709
278999,unmanaged,10,119,1.74824
278999,managed,11,119,1.58176
279000,unmanaged,38,66,1.19647
279000,managed,39,66,1.08254
279001,unmanaged,47,150,0.9469
279001,managed,48,150,0.85674
279005,unmanaged,47,81,2.67818
279005,managed,48,81,2.42315
279012,unmanaged,4,61,0.62782
279012,managed,5,61,0.56804
279015,unmanaged,35,22,1.4
279015,managed,36,22,1.26669
279016,unmanaged,51,80,2.81125
279016,managed,52,80,2.54355
279018,unmanaged,41,35,7.1219
279018,managed,40,35,6.4437
279020,unmanaged,4,162,5.7449
279020,managed,5,162,5.1979
279025,unmanaged,47,165,1.83075
279025,managed,48,165,1.65642
279027,unmanaged,10,166,3.49647
279027,managed,11,166,3.16353
279030,unmanaged,33,48,12.6853
279030,managed,34,48,11.4774
279032,unmanaged,44,112,7.8742
279034,unmanaged,44,124,104.373
279035,unmanaged,150,43,1.90792
279035,managed,140,43,1.72624
279038,unmanaged,47,81,1.11943
279038,managed,48,81,1.01284
279040,unmanaged,35,29,1.3399
279040,managed,36,29,1.21231
279043,unmanaged,47,116,0.7393
279043,managed,48,116,0.6689
279045,unmanaged,44,111,4.42032
279046,unmanaged,4,127,0.364278
279046,managed,5,127,0.329591
279048,unmanaged,51,70,1.22774
279048,managed,52,70,1.11083
279049,unmanaged,38,165,1.32844
279049,managed,39,165,1.20194
279050,unmanaged,149,145,4.13972
279060,unmanaged,38,225,0.75735
279060,managed,39,225,0.68524
279061,unmanaged,149,145,2.05622
279064,unmanaged,43,105,4.99042
279065,unmanaged,29,100,3.339
279065,managed,30,100,3.02105
279066,unmanaged,65,120,0.92538
279066,managed,66,120,0.83726
279069,unmanaged,47,81,1.60776
279069,managed,48,81,1.45467
279070,unmanaged,4,130,2.38329
279070,managed,5,130,2.15635
279076,unmanaged,10,208,7.7563
279076,managed,11,208,7.0177
279080,unmanaged,10,246,9.6915
279080,managed,11,246,8.7686
279085,unmanaged,4,181,2.73523
279085,managed,5,181,2.47477
279089,unmanaged,29,105,0.76742
279089,managed,30,105,0.69434
279091,unmanaged,41,35,13.5088
279091,managed,40,35,12.2225
279099,unmanaged,42,95,1.1
279101,unmanaged,35,34,30.342
279101,managed,36,34,27.4528
279103,unmanaged,65,161,1.82469
279103,managed,66,161,1.65093
279106,unmanaged,41,35,0.78013
279106,managed,40,35,0.70584
279108,unmanaged,44,112,4.46979
279110,unmanaged,10,112,7.6072
279110,managed,11,112,6.8828
279111,unmanaged,134,38,10.145
279111,managed,21,38,9.1789
279114,unmanaged,137,118,3.71891
279117,unmanaged,149,95,2.43092
279118,unmanaged,1,115,0.90624
279118,managed,2,115,0.81994
279122,unmanaged,35,22,0.448214
279122,managed,36,22,0.405534
279123,unmanaged,44,112,5.3439
279124,unmanaged,35,18,99.527
279124,managed,36,18,90.049
279128,unmanaged,44,87,2.75777
279130,unmanaged,51,155,1.04036
279130,managed,52,155,0.9413
279131,unmanaged,67,29,6.2294
279131,managed,49,29,5.6362
279140,unmanaged,29,115,2.26284
279140,managed,30,115,2.04737
279142,unmanaged,68,115,1.77226
279143,unmanaged,10,125,11.5415
279143,managed,11,125,10.4425
279147,unmanaged,19,85,1.55399
279147,managed,20,85,1.40601
279155,unmanaged,13,275,2.75598
279156,unmanaged,14,115,1.24296
279157,unmanaged,35,17,26.4531
279157,managed,36,17,23.9342
279158,unmanaged,38,145,2.8058
279158,managed,39,145,2.53863
279159,unmanaged,38,66,2.36064
279159,managed,39,66,2.13585
279161,unmanaged,68,145,5.934
279163,unmanaged,29,115,0.267559
279163,managed,30,115,0.242081
279165,unmanaged,71,158,28.7891
279168,unmanaged,33,44,2.03173
279168,managed,34,44,1.83827
279170,unmanaged,38,123,1.65918
279170,managed,39,123,1.50118
279175,unmanaged,35,21,3.8434
279175,managed,36,21,3.47742
279177,unmanaged,4,166,0.70167
279177,managed,5,166,0.63485
279179,unmanaged,10,225,11.2041
279179,managed,11,225,10.1373
279183,unmanaged,10,90,0.81067
279183,managed,11,90,0.73347
279184,unmanaged,41,35,2.27821
279184,managed,40,35,2.06127
279185,unmanaged,29,95,5.5307
279185,managed,30,95,5.0041
279186,unmanaged,45,80,1.12935
279186,managed,46,80,1.02181
279187,unmanaged,4,185,0.85394
279187,managed,5,185,0.77263
279188,unmanaged,31,35,0.53661
279188,managed,32,35,0.485513
279191,unmanaged,35,35,22.8242
279191,managed,36,35,20.6508
279192,unmanaged,29,115,2.16861
279192,managed,30,115,1.96211
279194,unmanaged,33,45,4.67246
279194,managed,34,45,4.22754
279197,unmanaged,43,95,6.8882
279203,unmanaged,35,22,1.15889
279203,managed,36,22,1.04853
279206,unmanaged,29,110,0.95347
279206,managed,30,110,0.86268
279207,unmanaged,43,115,2.46419
279210,unmanaged,38,76,4.56857
279210,managed,39,76,4.13354
279219,unmanaged,45,105,4.56052
279219,managed,46,105,4.12626
279230,unmanaged,137,130,13.3447
279236,unmanaged,10,106,7.6544
279236,managed,11,106,6.9256
279241,unmanaged,29,134,4.96042
279241,managed,30,134,4.48808
279246,unmanaged,45,90,1.52344
279246,managed,46,90,1.37838
279247,unmanaged,29,105,0.78744
279247,managed,30,105,0.71246
279249,unmanaged,27,34,4.03177
279249,managed,28,34,3.64785
279254,unmanaged,41,38,10.3952
279254,managed,40,38,9.4054
279257,unmanaged,44,97,1.39918
279258,unmanaged,47,81,1.90641
279258,managed,48,81,1.72488
279261,unmanaged,29,105,0.62693
279261,managed,30,105,0.56724
279266,unmanaged,44,108,17.8521
279267,unmanaged,44,99,9.953
279274,unmanaged,47,86,8.763
279274,managed,48,86,7.9286
279280,unmanaged,45,95,12.3269
279280,managed,46,95,11.1531
279282,unmanaged,10,112,6.6622
279282,managed,11,112,6.0278
279283,unmanaged,10,106,10.5367
279283,managed,11,106,9.5333
279284,unmanaged,27,45,0.65707
279284,managed,28,45,0.5945
279287,unmanaged,45,150,4.73579
279287,managed,46,150,4.28484
279288,unmanaged,45,90,0.321187
279288,managed,46,90,0.290603
279289,unmanaged,41,35,4.44074
279289,managed,40,35,4.01788
279291,unmanaged,45,105,1.26805
279291,managed,46,105,1.1473
279294,unmanaged,35,18,44.602
279294,managed,36,18,40.3549
279302,unmanaged,19,121,11.4713
279302,managed,20,121,10.379
279307,unmanaged,4,91,1.97151
279307,managed,5,91,1.78378
279311,unmanaged,10,185,2.92423
279311,managed,11,185,2.64577
279313,unmanaged,35,21,8.7441
279313,managed,36,21,7.9115
279316,unmanaged,148,114,1.81618
279317,unmanaged,29,110,3.91049
279317,managed,30,110,3.53812
279318,unmanaged,45,105,0.92591
279318,managed,46,105,0.83774
279319,unmanaged,14,115,1.81501
279320,unmanaged,51,80,5.0951
279320,managed,52,80,4.60994
279321,unmanaged,51,125,1.20631
279321,managed,52,125,1.09144
279322,unmanaged,38,105,6.3953
279322,managed,39,105,5.7863
279330,unmanaged,41,46,11.4192
279330,managed,40,46,10.3318
279334,unmanaged,47,116,6.7943
279334,managed,48,116,6.1474
279336,unmanaged,16,86,0.567
279336,managed,17,86,0.513
279342,unmanaged,13,115,1.25444
279343,unmanaged,51,105,1.11469
279343,managed,52,105,1.00854
279344,unmanaged,10,105,3.16312
279344,managed,11,105,2.86192
279347,unmanaged,10,110,0.65878
279347,managed,11,110,0.59605
279348,unmanaged,10,100,1.22266
279348,managed,11,100,1.10624
279349,unmanaged,45,90,2.00239
279349,managed,46,90,1.81172
279350,unmanaged,149,165,5.0655
279352,unmanaged,44,126,4.03146
279354,unmanaged,25,23,6.2053
279354,managed,26,23,5.6144
279360,unmanaged,25,10,0.424093
279360,managed,26,10,0.383709
279362,unmanaged,1,115,0.93256
279362,managed,2,115,0.84375
279363,unmanaged,10,165,8.3522
279363,managed,11,165,7.5569
279364,unmanaged,51,245,8.3636
279364,managed,52,245,7.5672
279365,unmanaged,50,145,1.14737
279366,unmanaged,38,150,0.69985
279366,managed,39,150,0.63321
279368,unmanaged,150,44,2.76423
279368,managed,140,44,2.50101
279369,unmanaged,65,120,1.67998
279369,managed,66,120,1.52001
279375,unmanaged,44,87,5.03
279376,unmanaged,29,105,2.32963
279376,managed,30,105,2.1078
279380,unmanaged,19,72,20.0448
279380,managed,20,72,18.1361
279381,unmanaged,41,29,0.71216
279381,managed,40,29,0.64434
279385,unmanaged,29,90,0.64614
279385,managed,30,90,0.58462
279386,unmanaged,51,80,3.92361
279386,managed,52,80,3.54999
279391,unmanaged,10,81,0.58602
279391,managed,11,81,0.53022
279395,unmanaged,29,115,0.9844
279395,managed,30,115,0.89066
279397,unmanaged,14,95,2.31964
279399,unmanaged,45,100,2.43878
279399,managed,46,100,2.20655
279405,unmanaged,45,145,6.0417
279405,managed,46,145,5.4664
279406,unmanaged,51,95,5.2008
279406,managed,52,95,4.70554
279407,unmanaged,65,75,0.58346
279407,managed,66,75,0.5279
279409,unmanaged,29,206,2.5055
279409,managed,30,206,2.26692
279412,unmanaged,47,141,9.2073
279412,managed,48,141,8.3305
279420,unmanaged,141,40,33.3383
279420,managed,142,40,30.1637
279423,unmanaged,10,79,5.7009
279423,managed,11,79,5.158
279424,unmanaged,35,24,5.8326
279424,managed,36,24,5.2772
279436,unmanaged,13,175,3.31611
279440,unmanaged,1,175,1.27335
279440,managed,2,175,1.1521
279443,unmanaged,45,90,1.28149
279443,managed,46,90,1.15947
279449,unmanaged,19,79,0.567
279449,managed,20,79,0.513
279453,unmanaged,25,38,1.1035
279453,managed,26,38,0.99842
279456,unmanaged,44,104,11.3024
279461,unmanaged,29,275,1.66717
279461,managed,30,275,1.50842
279462,unmanaged,149,110,1.12851
279463,unmanaged,10,225,2.07923
279463,managed,11,225,1.88124
279464,unmanaged,42,105,2.92166
279470,unmanaged,10,144,1.22849
279470,managed,11,144,1.11151
279472,unmanaged,33,47,3.91278
279472,managed,34,47,3.5402
279473,unmanaged,47,86,4.63046
279473,managed,48,86,4.18954
279479,unmanaged,51,95,0.74085
279479,managed,52,95,0.6703
279481,unmanaged,44,112,1.93275
279482,unmanaged,51,80,0.75313
279482,managed,52,80,0.68142
279487,unmanaged,10,115,2.26182
279487,managed,11,115,2.04644
279496,unmanaged,38,76,1.47198
279496,managed,39,76,1.33182
279497,unmanaged,10,236,1.63802
279497,managed,11,236,1.48204
279498,unmanaged,35,22,0.94837
279498,managed,36,22,0.85807
279501,unmanaged,10,144,1.29674
279501,managed,11,144,1.17326
279502,unmanaged,25,21,7.3775
279502,managed,26,21,6.675
279503,unmanaged,38,225,1.90454
279503,managed,39,225,1.72319
279513,unmanaged,1,175,1.01957
279513,managed,2,175,0.92248
279514,unmanaged,51,105,2.27869
279514,managed,52,105,2.06171
279516,unmanaged,29,110,2.14134
279516,managed,30,110,1.93743
279522,unmanaged,45,135,3.3191
279522,managed,46,135,3.00305
279529,unmanaged,51,93,3.05949
279529,managed,52,93,2.76816
279532,unmanaged,13,115,35.6189
279533,unmanaged,135,60,5.9276
279533,managed,6,60,5.3632
279534,unmanaged,10,125,4.93483
279534,managed,11,125,4.46492
279535,unmanaged,41,35,5.347
279535,managed,40,35,4.83785
279536,unmanaged,51,90,5.1925
279536,managed,52,90,4.69804
279538,unmanaged,41,35,0.68359
279538,managed,40,35,0.6185
279541,unmanaged,25,31,1.01502
279541,managed,26,31,0.91837
279542,unmanaged,41,46,6.3673
279542,managed,40,46,5.761
279545,unmanaged,44,67,6.3293
279548,unmanaged,35,18,6.2616
279548,managed,36,18,5.6654
279549,unmanaged,4,131,0.8767
279549,managed,5,131,0.79322
279551,unmanaged,44,105,25.2447
279557,unmanaged,10,225,1.35995
279557,managed,11,225,1.23045
279558,unmanaged,13,115,1.25622
279562,unmanaged,44,97,5.3335
279565,unmanaged,71,103,10.9155
279568,unmanaged,47,97,9.1864
279568,managed,48,97,8.3116
279573,unmanaged,67,35,0.56572
279573,managed,49,35,0.51185
279574,unmanaged,1,115,0.90934
279574,managed,2,115,0.82275
279577,unmanaged,51,336,1.13119
279577,managed,52,336,1.02348
279584,unmanaged,35,17,11.5128
279584,managed,36,17,10.4165
279585,unmanaged,29,95,15.6612
279585,managed,30,95,14.1699
279588,unmanaged,148,145,2.94617
279589,unmanaged,45,115,4.34821
279589,managed,46,115,3.93416
279590,unmanaged,47,141,4.11243
279590,managed,48,141,3.72084
279594,unmanaged,29,125,1.79232
279594,managed,30,125,1.62165
279595,unmanaged,10,115,0.316857
279595,managed,11,115,0.286685
279609,unmanaged,44,142,8.1846
279616,unmanaged,41,35,0.54053
279616,managed,40,35,0.489055
279617,unmanaged,45,205,3.94272
279617,managed,46,205,3.56728
279620,unmanaged,65,110,1.05399
279620,managed,66,110,0.95362
279621,unmanaged,29,145,0.440745
279621,managed,30,145,0.398776
279622,unmanaged,38,80,5.4798
279622,managed,39,80,4.95803
279623,unmanaged,51,105,0.60078
279623,managed,52,105,0.54357
279625,unmanaged,44,119,6.0549
279629,unmanaged,44,151,3.86602
279630,unmanaged,38,95,0.55891
279630,managed,39,95,0.50569
279632,unmanaged,10,236,2.51473
279632,managed,11,236,2.27527
279633,unmanaged,25,38,1.94958
279633,managed,26,38,1.76394
279637,unmanaged,29,125,1.61034
279637,managed,30,125,1.45699
279643,unmanaged,19,92,4.20127
279643,managed,20,92,3.80121
279646,unmanaged,10,106,9.9037
279646,managed,11,106,8.9607
279650,unmanaged,44,141,2.08571
279652,unmanaged,35,42,1.09928
279652,managed,36,42,0.99461
279656,unmanaged,47,96,0.63173
279656,managed,48,96,0.57157
279670,unmanaged,19,101,12.3388
279670,managed,20,101,11.1639
279671,unmanaged,29,126,0.097091
279671,managed,30,126,0.087846
279675,unmanaged,35,24,21.4196
279675,managed,36,24,19.3799
279676,unmanaged,29,115,1.84297
279676,managed,30,115,1.66747
279677,unmanaged,45,90,1.79008
279677,managed,46,90,1.61962
279681,unmanaged,45,115,13.7922
279681,managed,46,115,12.4788
279682,unmanaged,24,105,1.72167
279684,unmanaged,41,29,22.4062
279684,managed,40,29,20.2726
279686,unmanaged,4,151,1.36015
279686,managed,5,151,1.23063
279689,unmanaged,4,88,12.8106
279689,managed,5,88,11.5908
279692,unmanaged,10,119,3.30222
279692,managed,11,119,2.98778
279701,unmanaged,44,108,1.76996
279702,unmanaged,151,81,1.91695
279702,managed,152,81,1.73441
279705,unmanaged,25,21,2.61794
279705,managed,26,21,2.36866
279706,unmanaged,44,109,7.3378
279708,unmanaged,33,44,8.1007
279708,managed,34,44,7.3293
279711,unmanaged,1,145,2.07341
279711,managed,2,145,1.87598
279712,unmanaged,149,165,4.40698
279714,unmanaged,47,80,52.958
279714,managed,48,80,47.9156
279716,unmanaged,71,133,10.2366
279721,unmanaged,137,145,19.4915
279724,unmanaged,10,166,1.13399
279724,managed,11,166,1.02601
279726,unmanaged,47,143,0.571
279726,managed,48,143,0.51663
279731,unmanaged,35,22,4.11132
279731,managed,36,22,3.71983
279734,unmanaged,25,25,0.69525
279734,managed,26,25,0.62904
279735,unmanaged,47,175,3.43417
279735,managed,48,175,3.10716
279736,unmanaged,149,95,1.00787
279737,unmanaged,10,115,0.71213
279737,managed,11,115,0.64432
279743,unmanaged,29,85,1.65334
279743,managed,30,85,1.4959
279744,unmanaged,29,80,0.54465
279744,managed,30,80,0.492787
279746,unmanaged,51,95,1.12162
279746,managed,52,95,1.01482
279749,unmanaged,47,116,1.35894
279749,managed,48,116,1.22954
279751,unmanaged,51,185,2.35944
279751,managed,52,185,2.13477
279756,unmanaged,19,76,2.97673
279756,managed,20,76,2.69327
279757,unmanaged,1,105,2.6376
279757,managed,2,105,2.38644
279770,unmanaged,41,18,3.20091
279770,managed,40,18,2.89611
279771,unmanaged,25,21,3.41921
279771,managed,26,21,3.09362
279772,unmanaged,45,245,2.77641
279772,managed,46,245,2.51203
279775,unmanaged,10,90,2.44331
279775,managed,11,90,2.21065
279779,unmanaged,51,95,0.81855
279779,managed,52,95,0.74061
279785,unmanaged,29,105,15.9648
279785,managed,30,105,14.4446
279788,unmanaged,51,84,0.81451
279788,managed,52,84,0.73695
279791,unmanaged,29,125,4.49967
279791,managed,30,125,4.07119
279800,unmanaged,4,101,4.47039
279800,managed,5,101,4.04471
279802,unmanaged,47,150,1.66502
279802,managed,48,150,1.50647
279807,unmanaged,133,55,1.73323
279807,managed,12,55,1.56819
279808,unmanaged,25,21,0.314405
279808,managed,26,21,0.284467
279809,unmanaged,13,105,2.99896
279813,unmanaged,19,92,3.14571
279813,managed,20,92,2.84617
279814,unmanaged,38,135,4.33062
279814,managed,39,135,3.91825
279815,unmanaged,44,138,8.8529
279818,unmanaged,24,115,4.97892
279824,unmanaged,41,35,0.355696
279824,managed,40,35,0.321826
279826,unmanaged,35,36,14.0412
279826,managed,36,36,12.7042
279827,unmanaged,4,163,1.08674
279827,managed,5,163,0.98326
279828,unmanaged,35,18,0.66651
279828,managed,36,18,0.60304
279831,unmanaged,45,125,0.324324
279831,managed,46,125,0.293441
279832,unmanaged,38,225,1.1455
279832,managed,39,225,1.03643
279833,unmanaged,10,225,4.46014
279833,managed,11,225,4.03543
279834,unmanaged,29,135,0.84253
279834,managed,30,135,0.76231
279840,unmanaged,47,61,2.24979
279840,managed,48,61,2.03556
279843,unmanaged,44,105,0.99758
279845,unmanaged,4,181,0.61425
279845,managed,5,181,0.55575
279846,unmanaged,41,28,0.68774
279846,managed,40,28,0.62226
279848,unmanaged,10,142,17.6143
279848,managed,11,142,15.937
279852,unmanaged,44,112,30.922
279853,unmanaged,19,76,2.55148
279853,managed,20,76,2.30852
279858,unmanaged,43,100,2.07167
279861,unmanaged,44,139,4.88114
279865,unmanaged,41,35,0.60056
279865,managed,40,35,0.54337
279867,unmanaged,4,61,0.89213
279867,managed,5,61,0.80718
279868,unmanaged,33,44,5.7697
279868,managed,34,44,5.2203
279869,unmanaged,25,14,2.34438
279869,managed,26,14,2.12115
279870,unmanaged,29,105,0.74549
279870,managed,30,105,0.67451
279871,unmanaged,45,165,0.19748
279871,managed,46,165,0.178676
279872,unmanaged,51,95,0.89707
279872,managed,52,95,0.81164
279877,unmanaged,65,145,1.17192
279877,managed,66,145,1.06032
279879,unmanaged,29,70,1.35171
279879,managed,30,70,1.22299
279884,unmanaged,35,23,2.95414
279884,managed,36,23,2.67283
279889,unmanaged,10,144,12.1107
279889,managed,11,144,10.9575
279897,unmanaged,10,119,1.18124
279897,managed,11,119,1.06876
279898,unmanaged,44,121,26.5763
279899,unmanaged,47,125,1.01168
279899,managed,48,125,0.91534
279900,unmanaged,19,85,27.263
279900,managed,20,85,24.667
279902,unmanaged,41,35,6.4205
279902,managed,40,35,5.8092
279911,unmanaged,67,38,16.1961
279911,managed,49,38,14.6538
279913,unmanaged,29,80,1.22898
279913,managed,30,80,1.11195
279914,unmanaged,45,115,2.99887
279914,managed,46,115,2.71331
279915,unmanaged,68,96,1.62877
279916,unmanaged,38,225,1.53113
279916,managed,39,225,1.38533
279917,unmanaged,53,95,1.371
279917,managed,54,95,1.24045
279926,unmanaged,51,105,0.5468
279926,managed,52,105,0.494735
279936,unmanaged,10,166,3.72747
279936,managed,11,166,3.37253
279937,unmanaged,67,29,33.5996
279937,managed,49,29,30.4001
279942,unmanaged,71,158,1.03408
279945,unmanaged,47,86,2.90152
279945,managed,48,86,2.62523
279947,unmanaged,29,90,5.5217
279947,managed,30,90,4.9959
279950,unmanaged,29,100,7.0418
279950,managed,30,100,6.3713
279951,unmanaged,14,95,1.00982
279953,unmanaged,45,83,1.16147
279953,managed,46,83,1.05087
279954,unmanaged,14,80,2.82419
279956,unmanaged,29,105,0.53305
279956,managed,30,105,0.482296
279965,unmanaged,35,21,8.9925
279965,managed,36,21,8.1362
279968,unmanaged,38,74,6.8459
279968,managed,39,74,6.1941
279971,unmanaged,38,70,1.42936
279971,managed,39,70,1.29325
279972,unmanaged,38,95,7.1178
279972,managed,39,95,6.4401
279973,unmanaged,35,35,1.92241
279973,managed,36,35,1.73936
279975,unmanaged,4,166,1.60649
279975,managed,5,166,1.45351
279983,unmanaged,38,123,2.2321
279983,managed,39,123,2.01955
279985,unmanaged,41,34,14.755
279985,managed,40,34,13.35
279987,unmanaged,29,115,0.62287
279987,managed,30,115,0.56356
279990,unmanaged,14,105,1.78112
279992,unmanaged,10,110,0.60536
279992,managed,11,110,0.54771
279993,unmanaged,29,125,12.0458
279993,managed,30,125,10.8988
279994,unmanaged,51,95,0.478863
279994,managed,52,95,0.433264
279995,unmanaged,29,145,0.58094
279995,managed,30,145,0.52562
279996,unmanaged,45,95,0.56504
279996,managed,46,95,0.51124
279997,unmanaged,35,19,2.53408
279997,managed,36,19,2.29277
279998,unmanaged,51,105,5.0601
279998,managed,52,105,4.57825
280000,unmanaged,45,95,2.46488
280000,managed,46,95,2.23017
280001,unmanaged,33,50,5.155
280001,managed,34,50,4.66417
280002,unmanaged,29,185,19.3933
280002,managed,30,185,17.5467
280005,unmanaged,35,23,8.4406
280005,managed,36,23,7.6369
280006,unmanaged,10,200,20.6222
280006,managed,11,200,18.6585
280010,unmanaged,43,115,3.00711
280011,unmanaged,44,102,2.37738
280013,unmanaged,51,90,1.57275
280013,managed,52,90,1.42299
280015,unmanaged,51,95,0.292513
280015,managed,52,95,0.264659
280028,unmanaged,35,21,14.6607
280028,managed,36,21,13.2646
280029,unmanaged,15,166,1.22139
280034,unmanaged,29,110,7.4076
280034,managed,30,110,6.7022
280035,unmanaged,1,175,1.22964
280035,managed,2,175,1.11255
280037,unmanaged,149,110,6.7869
280038,unmanaged,53,78,0.56307
280038,managed,54,78,0.50946
280039,unmanaged,43,105,6.8226
280040,unmanaged,4,275,0.62587
280040,managed,5,275,0.56627
280042,unmanaged,44,97,1.67461
280048,unmanaged,4,166,5.324
280048,managed,5,166,4.81706
280049,unmanaged,4,98,3.3856
280049,managed,5,98,3.06321
280051,unmanaged,10,236,0.99224
280051,managed,11,236,0.89776
280058,unmanaged,44,138,1.89567
280060,unmanaged,45,85,0.546
280060,managed,46,85,0.494004
280061,unmanaged,45,115,6.2894
280061,managed,46,115,5.6905
280067,unmanaged,10,225,1.25938
280067,managed,11,225,1.13946
280069,unmanaged,10,141,2.09292
280069,managed,11,141,1.89362
280070,unmanaged,156,98,7.1316
280077,unmanaged,47,171,0.93294
280077,managed,48,171,0.84411
280079,unmanaged,44,99,1.05595
280085,unmanaged,41,35,0.59225
280085,managed,40,35,0.53585
280086,unmanaged,35,35,17.553
280086,managed,36,35,15.8815
280088,unmanaged,45,185,3.21649
280088,managed,46,185,2.91021
280090,unmanaged,45,90,2.6163
280090,managed,46,90,2.36717
280094,unmanaged,47,88,4.84952
280094,managed,48,88,4.38774
280095,unmanaged,41,26,4.74071
280095,managed,40,26,4.28929
280100,unmanaged,45,90,0.330188
280100,managed,46,90,0.298746
280101,unmanaged,45,125,13.6005
280101,managed,46,125,12.3054
280109,unmanaged,10,163,0.014936
280109,managed,11,163,0.0135137
280110,unmanaged,44,111,5.3893
280112,unmanaged,10,115,1.19275
280112,managed,11,115,1.07917
280113,unmanaged,43,115,1.46629
280115,unmanaged,71,129,21.9634
280118,unmanaged,10,152,18.0983
280118,managed,11,152,16.3749
280119,unmanaged,24,115,0.57674
280120,unmanaged,71,117,1.8126
280121,unmanaged,44,104,2.0014
280122,unmanaged,37,60,1.1346
280122,managed,3,60,1.02656
280123,unmanaged,45,105,2.12564
280123,managed,46,105,1.92323
280124,unmanaged,14,125,7.6518
280125,unmanaged,50,145,2.57173
280126,unmanaged,29,115,0.77752
280126,managed,30,115,0.70349
280127,unmanaged,45,90,2.49002
280127,managed,46,90,2.25292
280130,unmanaged,45,106,3.41
280130,managed,46,106,3.08529
280131,unmanaged,35,21,0.296637
280131,managed,36,21,0.26839
280135,unmanaged,29,90,3.52787
280135,managed,30,90,3.19193
280140,unmanaged,45,125,1.29742
280140,managed,46,125,1.17387
280141,unmanaged,19,126,1.48874
280141,managed,20,126,1.34698
280142,unmanaged,1,115,4.73221
280142,managed,2,115,4.2816
280146,unmanaged,35,19,5.6472
280146,managed,36,19,5.1095
280151,unmanaged,44,122,1.08383
280152,unmanaged,29,105,11.2917
280152,managed,30,105,10.2165
280158,unmanaged,47,71,3.88611
280158,managed,48,71,3.51607
280160,unmanaged,10,105,5.4308
280160,managed,11,105,4.91362
280161,unmanaged,27,0,1.57831
280161,managed,28,0,1.42802
280163,unmanaged,29,115,4.18937
280163,managed,30,115,3.79044
280164,unmanaged,38,135,1.02484
280164,managed,39,135,0.92725
280165,unmanaged,29,125,3.22756
280165,managed,30,125,2.92022
280166,unmanaged,10,95,0.76824
280166,managed,11,95,0.69508
280167,unmanaged,29,100,1.60331
280167,managed,30,100,1.45064
280168,unmanaged,10,112,1.13399
280168,managed,11,112,1.02601
280174,unmanaged,44,98,56.96
280175,unmanaged,154,26,2.66839
280175,managed,155,26,2.4143
280176,unmanaged,10,81,0.79426
280176,managed,11,81,0.71863
280181,unmanaged,25,16,0.7111
280181,managed,26,16,0.64338
280187,unmanaged,45,115,11.9067
280187,managed,46,115,10.7729
280193,unmanaged,151,160,10.2381
280193,managed,152,160,9.2632
280195,unmanaged,148,165,5.475
280196,unmanaged,44,117,1.69456
280200,unmanaged,149,116,3.98942
280201,unmanaged,29,65,1.29574
280201,managed,30,65,1.17235
280204,unmanaged,43,125,3.68922
280206,unmanaged,65,225,1.42556
280206,managed,66,225,1.28981
280207,unmanaged,29,105,1.19174
280207,managed,30,105,1.07826
280208,unmanaged,29,90,0.46685
280208,managed,30,90,0.422395
280209,unmanaged,10,100,0.82653
280209,managed,11,100,0.74783
280211,unmanaged,156,131,2.89453
280212,unmanaged,10,196,0.69235
280212,managed,11,196,0.62642
280214,unmanaged,1,145,1.98868
280214,managed,2,145,1.79931
280220,unmanaged,24,115,3.81366
280224,unmanaged,19,81,0.87643
280224,managed,20,81,0.79298
280225,unmanaged,44,112,2.99035
280227,unmanaged,10,168,16.7832
280227,managed,11,168,15.1851
280228,unmanaged,45,185,7.1242
280228,managed,46,185,6.4458
280229,unmanaged,45,185,4.48962
280229,managed,46,185,4.06211
280231,unmanaged,45,90,3.24972
280231,managed,46,90,2.94028
280236,unmanaged,156,101,4.33605
280238,unmanaged,15,61,2.85552
280239,unmanaged,44,86,2.9042
280240,unmanaged,45,90,5.0452
280240,managed,46,90,4.56479
280242,unmanaged,4,145,1.2361
280242,managed,5,145,1.1184
280250,unmanaged,19,85,0.65624
280250,managed,20,85,0.59376
280252,unmanaged,51,255,1.75712
280252,managed,52,255,1.5898
280260,unmanaged,38,80,1.29403
280260,managed,39,80,1.17081
280262,unmanaged,4,175,7.3505
280262,managed,5,175,6.6505
280263,unmanaged,38,150,0.79746
280263,managed,39,150,0.72152
280276,unmanaged,25,21,1.59147
280276,managed,26,21,1.43992
280278,unmanaged,45,90,0.52611
280278,managed,46,90,0.476008
280279,unmanaged,29,115,0.84317
280279,managed,30,115,0.76288
280280,unmanaged,51,105,0.87282
280280,managed,52,105,0.78971
280281,unmanaged,62,96,1.16453
280281,managed,63,96,1.05364
280284,unmanaged,10,70,1.87948
280284,managed,11,70,1.70052
280287,unmanaged,10,105,2.11945
280287,managed,11,105,1.91763
280288,unmanaged,51,80,3.99369
280288,managed,52,80,3.6134
280289,unmanaged,68,145,1.68021
280290,unmanaged,1,180,1.43151
280290,managed,2,180,1.2952
280293,unmanaged,44,131,4.54891
280294,unmanaged,45,95,8.8811
280294,managed,46,95,8.0355
280297,unmanaged,15,112,10.0653
280299,unmanaged,27,18,1.44719
280299,managed,28,18,1.30938
280300,unmanaged,4,177,6.8968
280300,managed,5,177,6.24
280303,unmanaged,45,90,15.1666
280303,managed,46,90,13.7224
280304,unmanaged,29,275,1.74537
280304,managed,30,275,1.57917
280306,unmanaged,29,90,1.1839
280306,managed,30,90,1.07117
280313,unmanaged,10,106,2.03173
280313,managed,11,106,1.83827
280314,unmanaged,42,105,4.39525
280324,unmanaged,56,75,0.70874
280324,managed,57,75,0.64126
280325,unmanaged,29,126,0.350432
280325,managed,30,126,0.317063
280334,unmanaged,47,156,0.55374
280334,managed,48,156,0.50101
280337,unmanaged,41,35,11.31
280337,managed,40,35,10.233
280338,unmanaged,43,95,1.50663
280340,unmanaged,38,120,0.62893
280340,managed,39,120,0.56904
280341,unmanaged,51,95,2.63428
280341,managed,52,95,2.38344
280349,unmanaged,14,105,6.8984
280350,unmanaged,51,80,0.98512
280350,managed,52,80,0.89132
280359,unmanaged,51,80,0.83807
280359,managed,52,80,0.75827
280369,unmanaged,45,106,1.46362
280369,managed,46,106,1.32425
280374,unmanaged,25,19,10.4111
280374,managed,26,19,9.4198
280383,unmanaged,4,151,1.09
280383,managed,5,151,0.98621
280389,unmanaged,25,31,2.41566
280389,managed,26,31,2.18564
280390,unmanaged,38,80,2.59348
280390,managed,39,80,2.34652
280391,unmanaged,10,100,1.78751
280391,managed,11,100,1.6173
280392,unmanaged,33,36,3.7525
280392,managed,34,36,3.39517
280395,unmanaged,29,65,0.68618
280395,managed,30,65,0.62084
280396,unmanaged,45,90,0.69299
280396,managed,46,90,0.62701
280398,unmanaged,29,105,5.312
280398,managed,30,105,4.80614
280408,unmanaged,25,25,0.075598
280408,managed,26,25,0.0684
280410,unmanaged,19,81,0.67209
280410,managed,20,81,0.60809
280411,unmanaged,45,83,1.75754
280411,managed,46,83,1.59018
280418,unmanaged,45,91,8.1231
280418,managed,46,91,7.3496
280421,unmanaged,10,81,0.63516
280421,managed,11,81,0.57468
280423,unmanaged,35,22,0.68072
280423,managed,36,22,0.6159
280425,unmanaged,41,37,8.416
280425,managed,40,37,7.6146
280426,unmanaged,35,18,8.7683
280426,managed,36,18,7.9333
280427,unmanaged,51,95,4.03043
280427,managed,52,95,3.64664
280433,unmanaged,43,115,0.53754
280435,unmanaged,47,116,1.2691
280435,managed,48,116,1.14825
280442,unmanaged,4,172,9.8623
280442,managed,5,172,8.9232
280446,unmanaged,41,30,4.51734
280446,managed,40,30,4.08719
280452,unmanaged,51,95,0.97261
280452,managed,52,95,0.88
280453,unmanaged,1,175,1.60297
280453,managed,2,175,1.45033
280454,unmanaged,45,85,1.1176
280454,managed,46,85,1.01118
280455,unmanaged,10,125,17.776
280455,managed,11,125,16.0834
280456,unmanaged,45,90,6.1267
280456,managed,46,90,5.5433
280465,unmanaged,4,151,2.15052
280465,managed,5,151,1.94574
280468,unmanaged,29,115,0.6221
280468,managed,30,115,0.56286
280470,unmanaged,33,45,4.40472
280470,managed,34,45,3.98529
280473,unmanaged,41,28,2.28373
280473,managed,40,28,2.06627
280475,unmanaged,25,38,3.12695
280475,managed,26,38,2.82919
280476,unmanaged,148,165,7.6674
280477,unmanaged,45,135,1.08564
280477,managed,46,135,0.98226
280478,unmanaged,45,105,0.75031
280478,managed,46,105,0.67886
280479,unmanaged,51,145,4.30141
280479,managed,52,145,3.89181
280480,unmanaged,60,225,3.52926
280480,managed,61,225,3.1932
280481,unmanaged,19,111,7.0906
280481,managed,20,111,6.4154
280483,unmanaged,41,28,2.39398
280483,managed,40,28,2.16602
280485,unmanaged,35,21,3.7677
280485,managed,36,21,3.40893
280488,unmanaged,4,149,6.0393
280488,managed,5,149,5.4642
280490,unmanaged,35,22,10.6935
280490,managed,36,22,9.6753
280495,unmanaged,29,105,0.494508
280495,managed,30,105,0.447419
280498,unmanaged,31,0,4.76811
280498,managed,32,0,4.31407
280499,unmanaged,4,147,3.02358
280499,managed,5,147,2.73567
280500,unmanaged,38,66,3.81342
280500,managed,39,66,3.45029
280504,unmanaged,44,108,19.5664
280507,unmanaged,33,40,11.6691
280507,managed,34,40,10.5579
280508,unmanaged,51,105,1.94067
280508,managed,52,105,1.75587
280509,unmanaged,45,90,14.9072
280509,managed,46,90,13.4877
280510,unmanaged,33,44,1.86899
280510,managed,34,44,1.69101
280512,unmanaged,25,35,0.56758
280512,managed,26,35,0.51353
280513,unmanaged,1,65,2.1009
280513,managed,2,65,1.90085
280514,unmanaged,71,140,33.77
280519,unmanaged,45,90,3.08149
280519,managed,46,90,2.78806
280520,unmanaged,51,90,3.43158
280520,managed,52,90,3.10482
280521,unmanaged,51,245,3.73227
280521,managed,52,245,3.37688
280522,unmanaged,157,101,3.80049
280525,unmanaged,35,23,16.824
280525,managed,36,23,15.222
280537,unmanaged,151,166,4.32301
280537,managed,152,166,3.91136
280539,unmanaged,44,93,38.5324
280541,unmanaged,10,125,0.8708
280541,managed,11,125,0.78788
280542,unmanaged,10,100,7.4124
280542,managed,11,100,6.7065
280547,unmanaged,44,103,2.53289
280550,unmanaged,35,18,5.7098
280550,managed,36,18,5.1661
280551,unmanaged,71,117,1.91191
280556,unmanaged,4,93,7.785
280556,managed,5,93,7.0437
280557,unmanaged,4,151,1.52821
280557,managed,5,151,1.38269
280559,unmanaged,35,10,1.10273
280559,managed,36,10,0.99773
280569,unmanaged,44,99,1.19854
280570,unmanaged,44,131,14.7694
280571,unmanaged,44,113,11.7502
280576,unmanaged,45,125,10.1566
280576,managed,46,125,9.1895
280577,unmanaged,44,101,102.347
280582,unmanaged,10,236,4.02147
280582,managed,11,236,3.63853
280584,unmanaged,44,111,21.9353
280585,unmanaged,29,90,0.443491
280585,managed,30,90,0.40126
280586,unmanaged,137,130,17.7939
280591,unmanaged,25,20,4.81156
280591,managed,26,20,4.35339
280592,unmanaged,45,90,0.277334
280592,managed,46,90,0.250926
280594,unmanaged,45,135,0.85752
280594,managed,46,135,0.77586
280598,unmanaged,19,76,0.76374
280598,managed,20,76,0.69101
280603,unmanaged,136,0,1.53198
280603,managed,55,0,1.3861
280615,unmanaged,151,185,1.83416
280615,managed,152,185,1.6595
280616,unmanaged,65,120,1.90489
280616,managed,66,120,1.7235
280617,unmanaged,47,165,0.69569
280617,managed,48,165,0.62944
280618,unmanaged,45,115,5.3445
280618,managed,46,115,4.83554
280619,unmanaged,33,44,5.082
280619,managed,34,44,4.59804
280621,unmanaged,10,115,1.1066
280621,managed,11,115,1.00123
280623,unmanaged,38,225,0.71606
280623,managed,39,225,0.64787
280624,unmanaged,51,155,5.5238
280624,managed,52,155,4.99782
280625,unmanaged,45,70,0.65629
280625,managed,46,70,0.5938
280626,unmanaged,35,22,1.97883
280626,managed,36,22,1.7904
280627,unmanaged,45,82,8.9968
280627,managed,46,82,8.1401
280628,unmanaged,45,80,0.54535
280628,managed,46,80,0.493421
280631,unmanaged,35,20,0.85101
280631,managed,36,20,0.76998
280632,unmanaged,19,85,1.79549
280632,managed,20,85,1.62451
280634,unmanaged,45,90,0.56288
280634,managed,46,90,0.50928
280645,unmanaged,25,23,1.98737
280645,managed,26,23,1.79812
280649,unmanaged,15,175,9.8809
280652,unmanaged,4,181,3.26217
280652,managed,5,181,2.95154
280653,unmanaged,137,118,15.3114
280654,unmanaged,41,30,3.5489
280654,managed,40,30,3.21096
280659,unmanaged,47,116,0.8289
280659,managed,48,116,0.74997
280668,unmanaged,35,21,2.39829
280668,managed,36,21,2.16992
280669,unmanaged,44,124,7.8125
280672,unmanaged,35,21,2.41702
280672,managed,36,21,2.18686
280674,unmanaged,29,95,0.83772
280674,managed,30,95,0.75795
280676,unmanaged,35,23,5.7562
280676,managed,36,23,5.208
280679,unmanaged,35,24,10.726
280679,managed,36,24,9.7047
280689,unmanaged,29,115,0.275687
280689,managed,30,115,0.249436
280692,unmanaged,45,85,1.08674
280692,managed,46,85,0.98326
280693,unmanaged,65,225,1.25657
280693,managed,66,225,1.13692
280694,unmanaged,35,20,3.08049
280694,managed,36,20,2.78716
280703,unmanaged,42,100,1.83107
280704,unmanaged,35,18,2.47597
280704,managed,36,18,2.2402
280705,unmanaged,44,91,11.4812
280706,unmanaged,10,145,4.72106
280706,managed,11,145,4.27151
280708,unmanaged,45,70,9.1935
280708,managed,46,70,8.3181
280714,unmanaged,10,125,1.18124
280714,managed,11,125,1.06876
280715,unmanaged,14,90,1.44791
280716,unmanaged,45,80,0.89668
280716,managed,46,80,0.81129
280718,unmanaged,38,73,0.73482
280718,managed,39,73,0.66485
280720,unmanaged,10,112,4.16322
280720,managed,11,112,3.76678
280723,unmanaged,10,95,0.78895
280723,managed,11,95,0.71382
280728,unmanaged,25,35,2.17318
280728,managed,26,35,1.96624
280729,unmanaged,51,205,5.7691
280729,managed,52,205,5.2197
280730,unmanaged,45,95,2.74573
280730,managed,46,95,2.48427
280737,unmanaged,29,105,6.3388
280737,managed,30,105,5.7352
280738,unmanaged,4,145,1.79319
280738,managed,5,145,1.62244
280739,unmanaged,29,90,1.71743
280739,managed,30,90,1.55389
280743,unmanaged,29,115,0.277943
280743,managed,30,115,0.251477
280750,unmanaged,44,142,1.09702
280752,unmanaged,62,147,10.4498
280752,managed,63,147,9.4548
280753,unmanaged,44,103,16.8922
280758,unmanaged,41,29,6.8239
280758,managed,40,29,6.1741
280763,unmanaged,13,185,3.80188
280764,unmanaged,50,145,3.99006
280765,unmanaged,38,120,2.76617
280765,managed,39,120,2.50277
280767,unmanaged,156,131,1.10587
280769,unmanaged,41,38,8.7437
280769,managed,40,38,7.9111
280775,unmanaged,71,136,3.66204
280776,unmanaged,43,115,2.93467
280778,unmanaged,45,105,0.56314
280778,managed,46,105,0.50952
280779,unmanaged,51,105,0.52804
280779,managed,52,105,0.477756
280782,unmanaged,45,185,1.19699
280782,managed,46,185,1.08301
280784,unmanaged,4,134,10.7505
280784,managed,5,134,9.7268
280786,unmanaged,45,105,1.23842
280786,managed,46,105,1.12049
280787,unmanaged,45,90,2.55501
280787,managed,46,90,2.31172
280790,unmanaged,25,14,1.14111
280790,managed,26,14,1.03245
280791,unmanaged,35,12,0.94462
280791,managed,36,12,0.85467
280798,unmanaged,10,134,20.3969
280798,managed,11,134,18.4546
280799,unmanaged,38,225,0.85364
280799,managed,39,225,0.77236
280800,unmanaged,42,125,1.86226
280801,unmanaged,45,185,11.3617
280801,managed,46,185,10.2798
280806,unmanaged,37,55,0.84077
280806,managed,3,55,0.76071
280807,unmanaged,41,28,0.76649
280807,managed,40,28,0.69351
280808,unmanaged,19,97,1.43012
280808,managed,20,97,1.29394
280810,unmanaged,150,35,2.07875
280810,managed,140,35,1.8808
280811,unmanaged,4,125,21.7422
280811,managed,5,125,19.6718
280813,unmanaged,45,90,4.1961
280813,managed,46,90,3.79653
280817,unmanaged,43,105,1.25819
280818,unmanaged,33,45,0.92924
280818,managed,34,45,0.84076
280820,unmanaged,45,80,1.57621
280820,managed,46,80,1.42612
280821,unmanaged,65,95,1.34007
280821,managed,66,95,1.21247
280822,unmanaged,45,105,25.9429
280822,managed,46,105,23.4726
280823,unmanaged,45,135,3.44741
280823,managed,46,135,3.11913
280824,unmanaged,35,35,4.64738
280824,managed,36,35,4.20484
280825,unmanaged,4,65,4.15999
280825,managed,5,65,3.76387
280826,unmanaged,51,135,3.96996
280826,managed,52,135,3.59193
280827,unmanaged,35,19,5.5379
280827,managed,36,19,5.0106
280831,unmanaged,44,112,32.565
280833,unmanaged,38,123,0.81753
280833,managed,39,123,0.73968
280837,unmanaged,19,116,1.88998
280837,managed,20,116,1.71002
280838,unmanaged,47,114,9.9853
280838,managed,48,114,9.0345
280840,unmanaged,29,115,3.24754
280840,managed,30,115,2.9383
280841,unmanaged,157,140,8.7923
280846,unmanaged,62,156,1.49034
280846,managed,63,156,1.34843
280852,unmanaged,51,70,0.290766
280852,managed,52,70,0.263079
280853,unmanaged,19,81,0.81301
280853,managed,20,81,0.73559
280860,unmanaged,4,110,2.78665
280860,managed,5,110,2.52129
280861,unmanaged,51,95,2.35217
280861,managed,52,95,2.12819
280862,unmanaged,37,55,0.43855
280862,managed,3,55,0.39679
280866,unmanaged,38,73,3.50075
280866,managed,39,73,3.1674
280869,unmanaged,10,105,1.29378
280869,managed,11,105,1.17059
280870,unmanaged,45,185,1.47524
280870,managed,46,185,1.33476
280872,unmanaged,45,95,1.08674
280872,managed,46,95,0.98326
280875,unmanaged,150,15,2.51966
280875,managed,140,15,2.27973
280878,unmanaged,25,38,2.28052
280878,managed,26,38,2.06336
280882,unmanaged,10,136,8.7412
280882,managed,11,136,7.9088
280889,unmanaged,10,112,2.12623
280889,managed,11,112,1.92377
280896,unmanaged,4,91,0.46421
280896,managed,5,91,0.420007
280900,unmanaged,137,148,6.6879
280901,unmanaged,35,19,3.10145
280901,managed,36,19,2.80612
280903,unmanaged,4,86,1.88457
280903,managed,5,86,1.70511
280906,unmanaged,71,133,1.54049
280907,unmanaged,44,103,8.1223
280908,unmanaged,29,134,2.91103
280908,managed,30,134,2.63383
280913,unmanaged,1,136,0.59018
280913,managed,2,136,0.53398
280915,unmanaged,43,95,2.00819
280916,unmanaged,45,135,1.80185
280916,managed,46,135,1.63027
280917,unmanaged,10,105,1.41457
280917,managed,11,105,1.27987
280918,unmanaged,45,83,0.57954
280918,managed,46,83,0.52435
280924,unmanaged,44,97,14.8741
280926,unmanaged,53,165,0.80824
280926,managed,54,165,0.73127
280927,unmanaged,4,166,3.76913
280927,managed,5,166,3.41022
280928,unmanaged,1,275,1.22241
280928,managed,2,275,1.10601
280930,unmanaged,35,22,1.42863
280930,managed,36,22,1.29259
280932,unmanaged,44,102,20.6579
280935,unmanaged,38,120,1.64915
280935,managed,39,120,1.49212
280936,unmanaged,29,95,1.82349
280936,managed,30,95,1.64985
280938,unmanaged,29,85,1.72116
280938,managed,30,85,1.55727
280944,unmanaged,35,42,6.6571
280944,managed,36,42,6.0232
280952,unmanaged,45,115,2.29948
280952,managed,46,115,2.08052
280959,unmanaged,156,107,34.643
280961,unmanaged,4,166,0.75599
280961,managed,5,166,0.68401
280967,unmanaged,4,139,18.8894
280967,managed,5,139,17.0907
280968,unmanaged,35,10,3.72784
280968,managed,36,10,3.37286
280969,unmanaged,10,105,0.5971
280969,managed,11,105,0.54024
280971,unmanaged,45,115,0.67886
280971,managed,46,115,0.61422
280972,unmanaged,29,95,1.63957
280972,managed,30,95,1.48345
280973,unmanaged,19,81,0.94303
280973,managed,20,81,0.85323
280974,unmanaged,47,162,6.5527
280974,managed,48,162,5.9287
280978,unmanaged,13,115,0.53186
280979,unmanaged,29,145,0.333185
280979,managed,30,145,0.301458
280981,unmanaged,53,145,0.64278
280981,managed,54,145,0.58157
280983,unmanaged,47,109,7.8461
280983,managed,48,109,7.099
280984,unmanaged,42,90,2.05
280987,unmanaged,10,100,1.57573
280987,managed,11,100,1.42568
280989,unmanaged,44,104,1.44423
280992,unmanaged,7,70,1.18124
280992,managed,8,70,1.06876
280993,unmanaged,33,44,1.32299
280993,managed,34,44,1.19701
281048,unmanaged,10,110,7.6156
281048,managed,11,110,6.8904
281127,unmanaged,42,110,1.79426
281183,unmanaged,24,95,5.7086
281242,unmanaged,10,110,0.63847
281242,managed,11,110,0.57767
281474,unmanaged,1,175,1.49503
281474,managed,2,175,1.35267
281528,unmanaged,29,110,1.84274
281528,managed,30,110,1.66726
281580,unmanaged,29,95,1.38247
281580,managed,30,95,1.25082
281585,unmanaged,10,196,0.66447
281585,managed,11,196,0.6012
281588,unmanaged,43,85,3.75
281592,unmanaged,10,100,2.45698
281592,managed,11,100,2.22302
281593,unmanaged,56,95,0.657
281593,managed,57,95,0.59444
281599,unmanaged,29,196,1.70099
281599,managed,30,196,1.53901
281600,unmanaged,51,115,3.41955
281600,managed,52,115,3.09393
281602,unmanaged,14,136,2.43
281609,unmanaged,51,90,0.494744
281609,managed,52,90,0.447633
281611,unmanaged,45,135,0.56175
281611,managed,46,135,0.50825
281615,unmanaged,51,165,1.29736
281615,managed,52,165,1.17382
281617,unmanaged,51,165,6.8866
281617,managed,52,165,6.2308
281618,unmanaged,51,105,2.5577
281618,managed,52,105,2.31415
281622,unmanaged,14,115,9.67
281624,unmanaged,45,95,27.4746
281624,managed,46,95,24.8584
281626,unmanaged,37,0,3.12097
281626,managed,3,0,2.82378
281627,unmanaged,29,158,4.7584
281627,managed,30,158,4.30529
281636,unmanaged,1,163,1.27574
281636,managed,2,163,1.15426
281638,unmanaged,29,196,0.80324
281638,managed,30,196,0.72676
281639,unmanaged,10,126,2.62683
281639,managed,11,126,2.37669
281642,unmanaged,14,136,1.82132
281646,unmanaged,29,196,1.60641
281646,managed,30,196,1.45345
281648,unmanaged,10,146,1.25527
281648,managed,11,146,1.13574
281649,unmanaged,51,90,1.18342
281649,managed,52,90,1.07073
281650,unmanaged,1,176,0.6948
281650,managed,2,176,0.62864
281651,unmanaged,29,100,1.62664
281651,managed,30,100,1.47175
281652,unmanaged,37,0,2.98525
281652,managed,3,0,2.70098
281654,unmanaged,56,95,2.21548
281654,managed,57,95,2.00452
281656,unmanaged,51,115,3.94272
281656,managed,52,115,3.56728
281657,unmanaged,45,85,0.9035
281657,managed,46,85,0.81747
281658,unmanaged,10,115,0.77852
281658,managed,11,115,0.70439
281661,unmanaged,4,163,1.82663
281661,managed,5,163,1.65269
281662,unmanaged,10,146,5.6139
281662,managed,11,146,5.0793
281665,unmanaged,10,126,1.07099
281665,managed,11,126,0.96901
281666,unmanaged,1,236,3.07008
281666,managed,2,236,2.77774
281670,unmanaged,51,175,1.59808
281670,managed,52,175,1.44591
281671,unmanaged,51,115,1.48589
281671,managed,52,115,1.3444
281674,unmanaged,24,146,1.2161
281675,unmanaged,29,105,0.68123
281675,managed,30,105,0.61636
281683,unmanaged,10,196,3.22549
281683,managed,11,196,2.91835
281684,unmanaged,51,135,0.92796
281684,managed,52,135,0.8396
281685,unmanaged,51,82,1.78498
281685,managed,52,82,1.61501
281692,unmanaged,45,119,3.10273
281692,managed,46,119,2.80727
281693,unmanaged,45,135,6.3157
281693,managed,46,135,5.7143
281694,unmanaged,29,70,0.96863
281694,managed,30,70,0.87639
281698,unmanaged,29,146,1.44863
281698,managed,30,146,1.31069
281700,unmanaged,37,0,0.99035
281700,managed,3,0,0.89604
281705,unmanaged,51,115,2.61174
281705,managed,52,115,2.36305
281707,unmanaged,16,156,2.69323
281707,managed,17,156,2.43677
281709,unmanaged,1,276,0.66149
281709,managed,2,276,0.59851
281713,unmanaged,7,72,1.41749
281713,managed,8,72,1.28251
281715,unmanaged,45,119,1.09199
281715,managed,46,119,0.98801
281719,unmanaged,4,163,7.1175
281719,managed,5,163,6.4398
281721,unmanaged,1,276,1.46999
281721,managed,2,276,1.33001
281724,unmanaged,1,236,1.92328
281724,managed,2,236,1.74014
281729,unmanaged,45,119,5.838
281729,managed,46,119,5.282
281731,unmanaged,51,80,2.61084
281731,managed,52,80,2.36223
281736,unmanaged,51,175,2.91227
281736,managed,52,175,2.63495
281740,unmanaged,24,105,1.22
281747,unmanaged,1,163,1.93414
281747,managed,2,163,1.74997
281748,unmanaged,10,136,1.18094
281748,managed,11,136,1.06849
281750,unmanaged,14,115,8.66
281755,unmanaged,135,57,1.93198
281755,managed,6,57,1.74802
281757,unmanaged,51,80,1.84055
281757,managed,52,80,1.66529
281758,unmanaged,4,211,2.28117
281758,managed,5,211,2.06395
281765,unmanaged,43,95,2.31
281769,unmanaged,45,90,1.02636
281769,managed,46,90,0.92863
281777,unmanaged,29,115,6.9881
281777,managed,30,115,6.3226
281778,unmanaged,1,276,0.414747
281778,managed,2,276,0.375253
281779,unmanaged,10,161,1.32299
281779,managed,11,161,1.19701
281780,unmanaged,16,86,3.90072
281780,managed,17,86,3.52928
281783,unmanaged,1,163,1.08674
281783,managed,2,163,0.98326
281786,unmanaged,29,146,8.9538
281786,managed,30,146,8.1012
281793,unmanaged,14,125,2.01
281795,unmanaged,51,165,2.81121
281795,managed,52,165,2.54352
281797,unmanaged,45,119,1.10774
281797,managed,46,119,1.00226
281799,unmanaged,13,126,4.99282
281800,unmanaged,51,80,1.26524
281800,managed,52,80,1.14476
281801,unmanaged,7,72,2.24173
281801,managed,8,72,2.02827
281810,unmanaged,29,196,2.64598
281810,managed,30,196,2.39402
281819,unmanaged,13,126,1.33606
281821,unmanaged,29,95,0.88173
281821,managed,30,95,0.79777
281823,unmanaged,51,135,0.87699
281823,managed,52,135,0.79348
281824,unmanaged,1,65,0.88199
281824,managed,2,65,0.79801
281825,unmanaged,14,96,7.21
281827,unmanaged,10,136,1.28479
281827,managed,11,136,1.16245
281828,unmanaged,51,73,0.62301
281828,managed,52,73,0.56369
281833,unmanaged,29,95,1.95823
281833,managed,30,95,1.77177
281837,unmanaged,45,73,0.99197
281837,managed,46,73,0.89751
281839,unmanaged,29,185,6.5797
281839,managed,30,185,5.9532
281840,unmanaged,37,0,1.35172
281840,managed,3,0,1.223
281844,unmanaged,45,80,0.80919
281844,managed,46,80,0.73214
281848,unmanaged,45,105,1.65113
281848,managed,46,105,1.49391
281851,unmanaged,45,90,2.68363
281851,managed,46,90,2.42808
281852,unmanaged,29,125,0.98142
281852,managed,30,125,0.88797
281855,unmanaged,51,90,1.44998
281855,managed,52,90,1.31191
281857,unmanaged,13,296,3.93
281959,unmanaged,4,225,13.2879
281959,managed,5,225,12.0225
281960,unmanaged,19,121,2.43809
281960,managed,20,121,2.20593
281961,unmanaged,10,93,0.25935
281961,managed,11,93,0.234654
281962,unmanaged,4,95,0.55321
281962,managed,5,95,0.50053
281964,unmanaged,24,116,4.23288
281965,unmanaged,43,106,0.051466
281967,unmanaged,45,90,15.023
281967,managed,46,90,13.5924
281968,unmanaged,4,74,4.58371
281968,managed,5,74,4.14724
281971,unmanaged,1,186,0.0232269
281971,managed,2,186,0.0210151
281972,unmanaged,10,87,2.11538
281972,managed,11,87,1.91395
281973,unmanaged,4,147,2.85536
281973,managed,5,147,2.58347
281975,unmanaged,27,18,6.8835
281975,managed,28,18,6.2281
281977,unmanaged,4,209,0.223936
281977,managed,5,209,0.202612
281979,unmanaged,45,95,1.10067
281979,managed,46,95,0.99586
281980,unmanaged,4,71,10.8276
281980,managed,5,71,9.7966
281981,unmanaged,10,90,3.00069
281981,managed,11,90,2.71495
281982,unmanaged,4,167,15.9448
281982,managed,5,167,14.4264
281983,unmanaged,31,0,2.78681
281983,managed,32,0,2.52144
281985,unmanaged,25,10,10.9848
281985,managed,26,10,9.9388
281986,unmanaged,134,35,4.65035
281986,managed,21,35,4.20753
281987,unmanaged,16,86,2.27948
281987,managed,17,86,2.06242
281989,unmanaged,19,112,2.41441
281989,managed,20,112,2.1845
281990,unmanaged,4,99,11.3359
281990,managed,5,99,10.2564
281992,unmanaged,13,116,0.0076444
281993,unmanaged,1,145,1.00772
281993,managed,2,145,0.91176
281994,unmanaged,7,96,3.07784
281994,managed,8,96,2.78475
281997,unmanaged,4,112,2.02932
281997,managed,5,112,1.83608
281998,unmanaged,10,129,12.0167
281998,managed,11,129,10.8725
281999,unmanaged,51,70,0.089378
281999,managed,52,70,0.080867
282000,unmanaged,4,146,6.792
282000,managed,5,146,6.1453
282001,unmanaged,4,89,2.76903
282001,managed,5,89,2.50536
282002,unmanaged,10,108,0.321202
282002,managed,11,108,0.290616
282003,unmanaged,10,120,19.5104
282003,managed,11,120,17.6525
282004,unmanaged,10,149,0.377277
282004,managed,11,149,0.341352
282005,unmanaged,29,75,0.113842
282005,managed,30,75,0.103002
282006,unmanaged,4,114,0.198687
282006,managed,5,114,0.179768
282007,unmanaged,38,65,0.023638
282007,managed,39,65,0.0213871
282008,unmanaged,4,216,0.110993
282008,managed,5,216,0.100424
282009,unmanaged,19,126,0.66605
282009,managed,20,126,0.60262
282010,unmanaged,10,159,1.44958
282010,managed,11,159,1.31155
282011,unmanaged,4,68,1.29814
282011,managed,5,68,1.17453
282012,unmanaged,1,186,0.0041142
282012,managed,2,186,0.0037224
282013,unmanaged,4,154,4.8566
282013,managed,5,154,4.39415
282014,unmanaged,10,81,0.0018416
282014,managed,11,81,0.0016662
282016,unmanaged,19,90,0.52464
282016,managed,20,90,0.474682
282019,unmanaged,10,135,0.269737
282019,managed,11,135,0.244052
282020,unmanaged,4,87,6.9037
282020,managed,5,87,6.2464
282021,unmanaged,19,107,8.3716
282021,managed,20,107,7.5744
282023,unmanaged,1,121,0.168396
282023,managed,2,121,0.152361
282025,unmanaged,38,225,1.42055
282025,managed,39,225,1.28528
282026,unmanaged,41,35,21.1327
282026,managed,40,35,19.1204
282027,unmanaged,4,134,10.111
282027,managed,5,134,9.1482
282029,unmanaged,41,24,0.0178279
282029,managed,40,24,0.0161303
282031,unmanaged,41,35,6.1344
282031,managed,40,35,5.5503
282032,unmanaged,13,175,6.5722
282033,unmanaged,31,0,19.8198
282033,managed,32,0,17.9325
282034,unmanaged,4,92,0.80509
282034,managed,5,92,0.72842
282035,unmanaged,33,37,1.94495
282035,managed,34,37,1.75975
282036,unmanaged,10,193,0.63341
282036,managed,11,193,0.57309
282037,unmanaged,1,296,0.0097287
282037,managed,2,296,0.0088023
282038,unmanaged,4,147,0.55457
282038,managed,5,147,0.50176
282039,unmanaged,45,126,0.50125
282039,managed,46,126,0.453518
282040,unmanaged,13,116,0.0017791
282041,unmanaged,4,112,0.299751
282041,managed,5,112,0.271208
282043,unmanaged,45,90,5.1102
282043,managed,46,90,4.62362
282044,unmanaged,45,80,1.09088
282044,managed,46,80,0.98701
282045,unmanaged,4,150,5.8474
282045,managed,5,150,5.2906
282047,unmanaged,41,36,7.0787
282047,managed,40,36,6.4046
282048,unmanaged,14,115,0.0083776
282049,unmanaged,10,81,1.29808
282049,managed,11,81,1.17447
282053,unmanaged,10,156,3.49709
282053,managed,11,156,3.16409
282054,unmanaged,10,231,0.055587
282054,managed,11,231,0.050294
282055,unmanaged,45,101,0.028261
282055,managed,46,101,0.0255699
282056,unmanaged,14,115,0.24828
282057,unmanaged,38,66,0.5002
282057,managed,39,66,0.452569
282058,unmanaged,1,216,0.0307617
282058,managed,2,216,0.0278325
282060,unmanaged,19,90,0.0125502
282060,managed,20,90,0.0113551
282061,unmanaged,10,296,0.0379504
282061,managed,11,296,0.0343366
282064,unmanaged,45,125,0.61715
282064,managed,46,125,0.55838
282065,unmanaged,10,176,0.310182
282065,managed,11,176,0.280645
282066,unmanaged,10,95,0.233733
282066,managed,11,95,0.211476
282069,unmanaged,10,203,0.0033452
282069,managed,11,203,0.0030266
282070,unmanaged,10,121,14.4057
282070,managed,11,121,13.034
282071,unmanaged,4,95,1.15605
282071,managed,5,95,1.04596
282072,unmanaged,45,119,6.8409
282072,managed,46,119,6.1895
282074,unmanaged,33,37,3.11282
282074,managed,34,37,2.81641
282075,unmanaged,10,140,7.5943
282075,managed,11,140,6.8712
282077,unmanaged,31,0,4.45905
282077,managed,32,0,4.03445
282078,unmanaged,38,275,0.305531
282078,managed,39,275,0.276437
282079,unmanaged,4,98,11.6758
282079,managed,5,98,10.564
282080,unmanaged,4,225,0.83581
282080,managed,5,225,0.75622
282081,unmanaged,41,29,5.7842
282081,managed,40,29,5.2334
282082,unmanaged,4,136,2.73541
282082,managed,5,136,2.47493
282083,unmanaged,14,110,0.0319864
282084,unmanaged,38,76,13.3272
282084,managed,39,76,12.0581
282085,unmanaged,41,36,1.05241
282085,managed,40,36,0.9522
282087,unmanaged,19,107,8.5617
282087,managed,20,107,7.7465
282089,unmanaged,60,115,0.126052
282089,managed,61,115,0.114049
282091,unmanaged,19,92,3.23661
282091,managed,20,92,2.92841
282092,unmanaged,38,89,8.1355
282092,managed,39,89,7.3609
282094,unmanaged,41,37,7.4993
282094,managed,40,37,6.7852
282095,unmanaged,14,225,0.78003
282098,unmanaged,4,86,0.0444272
282098,managed,5,86,0.0401967
282099,unmanaged,41,31,7.458
282099,managed,40,31,6.7478
282100,unmanaged,60,95,2.65741
282100,managed,61,95,2.40437
282104,unmanaged,31,0,20.4843
282104,managed,32,0,18.5337
282105,unmanaged,41,38,26.6836
282105,managed,40,38,24.1427
282171,unmanaged,10,196,0.7581
282171,managed,11,196,0.68591
282172,unmanaged,135,56,1.09653
282172,managed,6,56,0.99212
282173,unmanaged,10,146,1.09576
282173,managed,11,146,0.99142
282174,unmanaged,1,216,0.090081
282174,managed,2,216,0.081503
282175,unmanaged,29,296,5.1962
282175,managed,30,296,4.70143
282176,unmanaged,1,106,2.2221
282176,managed,2,106,2.0105
282177,unmanaged,1,156,2.00255
282177,managed,2,156,1.81186
282178,unmanaged,1,126,0.0083387
282178,managed,2,126,0.0075447
282179,unmanaged,1,276,0.0437819
282179,managed,2,276,0.0396129
282180,unmanaged,24,121,6.8816
282181,unmanaged,14,96,0.475152
282182,unmanaged,1,156,0.197082
282182,managed,2,156,0.178315
282183,unmanaged,1,276,0.0380422
282183,managed,2,276,0.0344198
282184,unmanaged,10,114,0.99103
282184,managed,11,114,0.89667
282185,unmanaged,1,156,1.27932
282185,managed,2,156,1.1575
282186,unmanaged,7,126,3.24246
282186,managed,8,126,2.9337
282187,unmanaged,1,256,0.7144
282187,managed,2,256,0.64637
282188,unmanaged,1,126,0.0364035
282188,managed,2,126,0.032937
282189,unmanaged,29,196,1.37638
282189,managed,30,196,1.24531
282190,unmanaged,1,276,0.08529
282190,managed,2,276,0.077168
282191,unmanaged,1,296,0.492254
282191,managed,2,296,0.44538
282192,unmanaged,10,126,4.06518
282192,managed,11,126,3.67808
282193,unmanaged,51,105,8.7896
282193,managed,52,105,7.9526
282194,unmanaged,1,296,0.067475
282194,managed,2,296,0.06105
282196,unmanaged,4,276,0.0315766
282196,managed,5,276,0.0285698
282197,unmanaged,1,156,2.43509
282197,managed,2,156,2.20321
282198,unmanaged,1,176,3.53583
282198,managed,2,176,3.19914
282199,unmanaged,1,156,0.188433
282199,managed,2,156,0.17049
282200,unmanaged,4,276,0.0076465
282200,managed,5,276,0.0069184
282201,unmanaged,29,296,0.0192104
282201,managed,30,296,0.0173811
282202,unmanaged,29,276,0.61718
282202,managed,30,276,0.55841
282203,unmanaged,29,296,0.201068
282203,managed,30,296,0.181922
282204,unmanaged,1,156,6.0941
282204,managed,2,156,5.5138
282205,unmanaged,29,196,5.3151
282205,managed,30,196,4.80894
282206,unmanaged,45,96,10.6963
282206,managed,46,96,9.6778
282207,unmanaged,10,206,11.2924
282207,managed,11,206,10.2171
282208,unmanaged,29,196,27.3816
282208,managed,30,196,24.7743
282209,unmanaged,4,276,0.5301
282209,managed,5,276,0.479622
282210,unmanaged,10,114,1.74913
282210,managed,11,114,1.58257
282211,unmanaged,1,276,5.8305
282211,managed,2,276,5.2753
282212,unmanaged,4,276,0.0063499
282212,managed,5,276,0.0057452
282213,unmanaged,1,276,0.0438897
282213,managed,2,276,0.0397104
282214,unmanaged,1,136,2.31614
282214,managed,2,136,2.09559
282215,unmanaged,13,296,0.0246784
282216,unmanaged,13,296,0.0017516
282217,unmanaged,16,86,7.6461
282217,managed,17,86,6.918
282218,unmanaged,1,276,0.0189647
282218,managed,2,276,0.0171588
282219,unmanaged,1,276,0.008355
282219,managed,2,276,0.0075594
282220,unmanaged,1,216,0.162591
282220,managed,2,216,0.147109
282221,unmanaged,1,126,0.0353294
282221,managed,2,126,0.0319652
282222,unmanaged,1,176,0.52829
282222,managed,2,176,0.477984
282254,unmanaged,15,225,0.0094276
282255,unmanaged,23,121,0.127362
282256,unmanaged,24,93,16.9316
282257,unmanaged,15,95,0.252288
282258,unmanaged,13,145,1.75873
282260,unmanaged,42,105,2.06172
282264,unmanaged,43,115,1.50973
282265,unmanaged,43,106,2.62272
282267,unmanaged,42,90,1.35275
282268,unmanaged,23,61,1.62904
282269,unmanaged,15,74,0.36227
282272,unmanaged,24,100,0.96227
282273,unmanaged,13,186,4.76398
282274,unmanaged,24,87,34.3388
282275,unmanaged,14,115,1.26416
282276,unmanaged,13,126,13.2627
282278,unmanaged,15,147,12.8545
282279,unmanaged,43,165,10.5922
282280,unmanaged,13,276,11.33
282282,unmanaged,13,166,0.002674
282283,unmanaged,24,193,13.8712
282286,unmanaged,15,209,11.7831
282288,unmanaged,42,95,1.14386
282290,unmanaged,24,90,0.051214
282291,unmanaged,43,100,0.370262
282292,unmanaged,43,296,8.2708
282293,unmanaged,15,167,5.5317
282294,unmanaged,76,0,0.59628
282295,unmanaged,75,34,0.13098
282297,unmanaged,75,34,0.06544
282298,unmanaged,14,80,1.95794
282299,unmanaged,75,35,1.33706
282301,unmanaged,131,35,0.55277
282302,unmanaged,43,90,2.13869
282303,unmanaged,43,106,1.95213
282304,unmanaged,13,186,1.38402
282305,unmanaged,69,182,2.7021
282306,unmanaged,14,65,2.875
282307,unmanaged,22,86,0.118106
282308,unmanaged,24,107,11.7277
282309,unmanaged,23,112,0.0010584
282310,unmanaged,15,99,0.101423
282312,unmanaged,23,92,0.51765
282314,unmanaged,13,116,4.65256
282316,unmanaged,13,145,12.7693
282317,unmanaged,24,107,3.78
282318,unmanaged,69,96,0.0022001
282320,unmanaged,13,176,18.7432
282322,unmanaged,24,129,2.06831
282323,unmanaged,14,70,1.72216
282325,unmanaged,15,146,1.99263
282327,unmanaged,15,89,0.081441
282329,unmanaged,43,180,0.297088
282330,unmanaged,24,108,16.7855
282331,unmanaged,24,120,0.53274
282332,unmanaged,24,149,143.494
282333,unmanaged,15,147,9.2274
282334,unmanaged,43,75,4.58073
282335,unmanaged,43,90,3.57455
282336,unmanaged,15,114,6.9434
282337,unmanaged,50,65,12.3371
282338,unmanaged,23,90,1.83221
282340,unmanaged,43,96,0.0084978
282341,unmanaged,15,216,2.5233
282342,unmanaged,23,126,0.79834
282343,unmanaged,24,159,13.2052
282344,unmanaged,15,68,0.182754
282345,unmanaged,13,186,4.43758
282346,unmanaged,24,81,0.0422208
282348,unmanaged,132,38,0.424048
282351,unmanaged,15,94,9.4012
282352,unmanaged,24,81,10.502
282355,unmanaged,43,165,1.34675
282356,unmanaged,43,105,0.0098257
282357,unmanaged,42,90,0.247608
282358,unmanaged,23,90,1.06275
282359,unmanaged,43,100,0.316108
282360,unmanaged,75,35,6.4342
282362,unmanaged,75,35,0.040125
282364,unmanaged,15,95,2.35389
282365,unmanaged,13,216,4.6
282366,unmanaged,24,135,16.4659
282367,unmanaged,15,87,0.270236
282368,unmanaged,23,107,13.6891
282371,unmanaged,42,76,4.83433
282372,unmanaged,13,121,5.6107
282373,unmanaged,42,147,0.5102
282374,unmanaged,24,86,23.832
282375,unmanaged,14,155,0.388357
282376,unmanaged,13,225,5.9386
282378,unmanaged,50,225,0.0104543
282379,unmanaged,13,225,16.9714
282380,unmanaged,15,129,27.7419
282381,unmanaged,75,35,0.0315124
282382,unmanaged,15,134,10.1181
282383,unmanaged,24,145,0.217699
282385,unmanaged,75,24,0.97025
282387,unmanaged,146,60,2.47021
282388,unmanaged,43,180,0.220789
282390,unmanaged,75,35,0.258977
282391,unmanaged,43,165,4.121
282392,unmanaged,43,90,2.96456
282393,unmanaged,13,175,0.67947
282394,unmanaged,76,0,0.0033234
282395,unmanaged,24,193,1.62
282396,unmanaged,15,92,10.6023
282397,unmanaged,74,37,1.162
282398,unmanaged,24,166,4.4937
282399,unmanaged,42,101,25.9774
282400,unmanaged,76,40,2.66687
282401,unmanaged,24,193,2.1235
282402,unmanaged,13,296,16.0826
282403,unmanaged,15,147,25.2209
282404,unmanaged,24,96,41.1922
282405,unmanaged,43,90,7.7294
282406,unmanaged,50,76,3.51
282407,unmanaged,42,126,13.9353
282408,unmanaged,24,145,2.97531
282409,unmanaged,13,116,1.74039
282410,unmanaged,24,166,14.1764
282411,unmanaged,15,112,6.989
282412,unmanaged,69,182,4.70261
282414,unmanaged,42,90,0.40989
282415,unmanaged,14,90,2.42045
282416,unmanaged,42,80,0.139327
282417,unmanaged,43,175,1.76484
282418,unmanaged,75,35,0.06357
282419,unmanaged,15,150,0.093389
282421,unmanaged,13,216,7.71
282423,unmanaged,14,115,2.09918
282425,unmanaged,24,81,1.36451
282427,unmanaged,76,40,0.326474
282428,unmanaged,14,115,0.90936
282431,unmanaged,42,100,1.44743
282433,unmanaged,24,156,12.3589
282434,unmanaged,24,231,2.10823
282435,unmanaged,13,186,1.64677
282436,unmanaged,42,101,6.5562
282437,unmanaged,14,115,5.6367
282439,unmanaged,24,110,0.0093566
282440,unmanaged,50,66,2.35247
282441,unmanaged,15,145,0.0389356
282442,unmanaged,13,216,8.0314
282444,unmanaged,23,90,2.22799
282445,unmanaged,24,296,1.54829
282446,unmanaged,43,336,3.27413
282448,unmanaged,43,110,3.5518
282450,unmanaged,42,125,22.4732
282451,unmanaged,24,176,7.6706
282452,unmanaged,24,95,4.66295
282458,unmanaged,13,196,11.6686
282459,unmanaged,24,203,53.91
282460,unmanaged,24,121,2.12477
282461,unmanaged,42,100,1.24177
282462,unmanaged,15,95,0.103233
282463,unmanaged,42,70,1.04283
282464,unmanaged,42,119,6.5716
282465,unmanaged,75,37,0.212335
282467,unmanaged,74,37,1.08309
282468,unmanaged,24,140,6.1535
282473,unmanaged,76,0,0.163119
282475,unmanaged,15,159,90.865
282476,unmanaged,50,275,1.63844
282477,unmanaged,13,145,1.83609
282478,unmanaged,15,98,10.6282
282479,unmanaged,15,225,0.185703
282480,unmanaged,24,148,2.2061
282481,unmanaged,75,29,0.0263437
282482,unmanaged,15,136,2.34394
282483,unmanaged,14,110,5.977
282484,unmanaged,42,95,1.26488
282485,unmanaged,42,145,1.13472
282486,unmanaged,50,76,4.85466
282489,unmanaged,75,36,0.03364
282491,unmanaged,146,44,0.0115653
282493,unmanaged,75,50,0.0060022
282494,unmanaged,23,107,0.130348
282496,unmanaged,13,325,5.5766
282497,unmanaged,59,115,7.8025
282498,unmanaged,42,80,0.107422
282500,unmanaged,13,225,4.43416
282501,unmanaged,15,127,5.2038
282502,unmanaged,23,92,0.94498
282503,unmanaged,15,86,0.53741
282504,unmanaged,24,166,31.0442
282505,unmanaged,15,76,0.0205304
282506,unmanaged,50,89,1.23359
282509,unmanaged,75,37,0.55374
282510,unmanaged,14,225,2.24686
282513,unmanaged,24,166,0.94888
282514,unmanaged,74,60,3.01127
282515,unmanaged,24,248,54.525
282518,unmanaged,75,37,0.62764
282519,unmanaged,24,65,3.62491
282521,unmanaged,13,90,3.53468
282522,unmanaged,13,126,2.70744
282524,unmanaged,15,86,5.6519
282525,unmanaged,24,96,1.1144
282527,unmanaged,75,31,0.348474
282530,unmanaged,24,107,3.42
282531,unmanaged,59,95,0.410451
282535,unmanaged,76,0,1.03973
282536,unmanaged,75,38,0.248613
282539,unmanaged,24,97,0.210272
282644,unmanaged,24,196,0.0459831
282645,unmanaged,146,56,0.52135
282646,unmanaged,24,146,0.0250596
282647,unmanaged,15,196,1.12355
282648,unmanaged,13,216,1.80842
282649,unmanaged,13,116,10.9
282650,unmanaged,13,196,1.21
282651,unmanaged,43,276,0.156388
282652,unmanaged,13,116,3.33
282653,unmanaged,43,296,4.74233
282654,unmanaged,43,196,0.93687
282655,unmanaged,13,106,3.6274
282656,unmanaged,13,216,1.89
282657,unmanaged,13,156,0.184523
282658,unmanaged,13,126,2.66412
282659,unmanaged,13,196,16.56
282660,unmanaged,13,276,1.11661
282661,unmanaged,13,236,10.76
282662,unmanaged,24,121,3.97842
282663,unmanaged,14,96,2.52783
282664,unmanaged,13,156,1.10528
282665,unmanaged,13,276,11.2475
282666,unmanaged,13,236,4.97
282667,unmanaged,13,256,2.11
282668,unmanaged,43,126,10.03
282669,unmanaged,13,196,1.41002
282670,unmanaged,24,114,1.7923
282671,unmanaged,43,196,0.79356
282672,unmanaged,13,156,0.0010329
282673,unmanaged,24,103,10.47
282674,unmanaged,69,126,0.133845
282675,unmanaged,24,196,0.94412
282676,unmanaged,13,256,1.70924
282677,unmanaged,13,126,5.5007
282678,unmanaged,13,116,2.62
282679,unmanaged,43,196,0.109074
282680,unmanaged,43,196,0.0283091
282681,unmanaged,13,276,13.9375
282682,unmanaged,13,296,14.7445
282683,unmanaged,24,161,3.31723
282684,unmanaged,24,126,0.146747
282685,unmanaged,14,105,0.238594
282686,unmanaged,43,146,0.0104739
282687,unmanaged,13,296,10.5215
282688,unmanaged,13,116,3.16
282690,unmanaged,15,276,2.85985
282691,unmanaged,13,266,1.53
282692,unmanaged,13,156,0.94202
282693,unmanaged,13,176,0.107354
282694,unmanaged,13,296,5.17
282695,unmanaged,13,196,13.5313
282696,unmanaged,13,156,2.46235
282697,unmanaged,13,236,2.6
282698,unmanaged,15,276,2.85544
282699,unmanaged,43,126,15.06
282700,unmanaged,43,296,5.1834
282701,unmanaged,43,276,0.0144184
282702,unmanaged,13,196,8.89
282703,unmanaged,13,296,6.66
282704,unmanaged,43,296,12.397
282705,unmanaged,24,101,0.238174
282706,unmanaged,13,156,0.0021198
282707,unmanaged,43,196,0.0360031
282708,unmanaged,13,296,1.14
282709,unmanaged,24,152,9.981
282710,unmanaged,42,96,0.415916
282711,unmanaged,146,56,4.03622
282712,unmanaged,24,206,1.29046
282713,unmanaged,13,126,3.33
282714,unmanaged,43,196,0.149718
282715,unmanaged,15,196,1.5174
282716,unmanaged,15,276,1.34028
282717,unmanaged,24,114,0.00233
282718,unmanaged,13,276,7.1543
282719,unmanaged,15,149,3.71788
282720,unmanaged,15,276,3.8079
282721,unmanaged,13,276,27.2064
282722,unmanaged,13,266,10.7
282723,unmanaged,43,196,3.90418
282724,unmanaged,13,256,9.4978
282725,unmanaged,13,256,1.63
282726,unmanaged,13,156,0.182447
282727,unmanaged,13,136,0.058269
282728,unmanaged,13,296,2.28532
282729,unmanaged,13,296,5.1282
282730,unmanaged,22,86,0.115942
282731,unmanaged,13,116,5.127
282732,unmanaged,13,276,1.81388
282733,unmanaged,13,276,3.06409
282734,unmanaged,13,216,3.7803
282735,unmanaged,43,146,0.040741
282736,unmanaged,43,146,1.41125
282737,unmanaged,13,126,6.5527
282738,unmanaged,43,158,76.252
282739,unmanaged,13,176,0.0237264
282742,unmanaged,10,161,0.075505
282742,managed,11,161,0.068315
282743,unmanaged,135,56,12.2261
282743,managed,6,56,11.0619
282744,unmanaged,24,161,0.058952
282745,unmanaged,146,56,0.0358675
282776,unmanaged,45,95,1.76959
282776,managed,46,95,1.60108
282777,unmanaged,51,90,1.45921
282777,managed,52,90,1.32026
282778,unmanaged,14,125,3.6445
282779,unmanaged,14,65,0.00121
282780,unmanaged,45,90,0.91799
282780,managed,46,90,0.83057
282781,unmanaged,14,96,1.12919
282782,unmanaged,14,135,0.258037
282783,unmanaged,14,100,0.310922
282784,unmanaged,1,85,0.71077
282784,managed,2,85,0.64309
282785,unmanaged,14,96,5.7042
282786,unmanaged,14,125,2.01345
282788,unmanaged,1,100,0.58082
282788,managed,2,100,0.52552
282789,unmanaged,43,96,4.53362
282790,unmanaged,10,100,1.82438
282790,managed,11,100,1.65066
282791,unmanaged,45,75,0.51457
282791,managed,46,75,0.465575
282792,unmanaged,15,177,4.23364
282793,unmanaged,43,100,1.36798
282794,unmanaged,15,145,4.48145
282795,unmanaged,45,110,0.57334
282795,managed,46,110,0.51874
282796,unmanaged,15,145,0.403343
282800,unmanaged,14,96,2.15352
282801,unmanaged,10,111,1.2093
282801,managed,11,111,1.09415
282802,unmanaged,10,196,0.415243
282802,managed,11,196,0.375703
282803,unmanaged,10,114,0.232856
282803,managed,11,114,0.210683
282804,unmanaged,13,116,1.80198
282805,unmanaged,10,176,1.32571
282805,managed,11,176,1.19947
282806,unmanaged,10,114,1.98893
282806,managed,11,114,1.79953
282807,unmanaged,4,261,0.7209
282807,managed,5,261,0.65226
282809,unmanaged,29,146,0.070344
282809,managed,30,146,0.063645
282813,unmanaged,24,141,0.465374
282814,unmanaged,10,146,0.62768
282814,managed,11,146,0.56791
282815,unmanaged,10,141,0.428635
282815,managed,11,141,0.387819
282821,unmanaged,15,176,3.16964
282822,unmanaged,1,81,0.008504
282822,managed,2,81,0.0076943
282823,unmanaged,24,176,0.51223
282824,unmanaged,1,176,1.00173
282824,managed,2,176,0.90634
282826,unmanaged,4,176,0.60058
282826,managed,5,176,0.54339
282827,unmanaged,29,176,0.95359
282827,managed,30,176,0.86278
282829,unmanaged,1,176,1.47414
282829,managed,2,176,1.33377
282830,unmanaged,1,196,2.02581
282830,managed,2,196,1.83291
282831,unmanaged,1,176,0.83441
282831,managed,2,176,0.75496
282832,unmanaged,24,101,3.83756
282833,unmanaged,24,100,33.5817
282834,unmanaged,24,275,0.0335967
282835,unmanaged,42,95,0.188249
282836,unmanaged,43,95,7.2503
282837,unmanaged,42,145,0.58865
282838,unmanaged,14,90,7.8962
282839,unmanaged,13,225,0.0095705
282840,unmanaged,14,70,2.16685
282841,unmanaged,14,85,1.01244
282842,unmanaged,42,75,0.153958
282843,unmanaged,14,70,1.58067
282844,unmanaged,15,225,0.253424
282845,unmanaged,14,80,0.7173
282846,unmanaged,42,105,2.88367
282847,unmanaged,43,70,1.06118
282848,unmanaged,14,90,1.18299
282849,unmanaged,14,110,8.2228
282851,unmanaged,14,90,0.226179
282852,unmanaged,14,125,0.0030549
282853,unmanaged,14,95,8.5222
282854,unmanaged,14,145,10.7935
282855,unmanaged,14,95,1.79067
282856,unmanaged,42,115,5.6947
282857,unmanaged,24,100,0.34138
282858,unmanaged,14,65,5.8255
282859,unmanaged,42,90,1.67144
282860,unmanaged,42,95,0.93985
282861,unmanaged,14,90,3.09342
282862,unmanaged,14,75,2.6068
282863,unmanaged,14,95,5.0046
282864,unmanaged,14,96,1.8997
282865,unmanaged,14,65,3.06858
282866,unmanaged,14,135,10.5409
282867,unmanaged,42,105,0.054225
282868,unmanaged,14,100,2.10435
282869,unmanaged,14,65,23.842
282870,unmanaged,13,85,2.03908
282871,unmanaged,14,96,7.5215
282872,unmanaged,14,125,6.9315
282873,unmanaged,14,115,2.84288
282874,unmanaged,14,80,4.49745
282875,unmanaged,14,90,10.8186
282876,unmanaged,13,70,2.16835
282877,unmanaged,14,95,8.4165
282878,unmanaged,42,95,2.53509
282879,unmanaged,13,196,1.85
282880,unmanaged,24,110,0.067849
282881,unmanaged,42,135,3.53853
282882,unmanaged,14,95,5.288
282883,unmanaged,13,70,1.03652
282884,unmanaged,43,196,0.310937
282885,unmanaged,24,125,5.057
282886,unmanaged,14,105,6.5863
282887,unmanaged,42,95,2.66797
282888,unmanaged,14,70,2.01988
282889,unmanaged,59,115,1.2653
282890,unmanaged,76,51,1.17038
282891,unmanaged,43,116,2.60633
282892,unmanaged,14,90,1.21752
282893,unmanaged,13,100,0.53343
282894,unmanaged,14,115,6.6414
282895,unmanaged,14,115,7.5641
282896,unmanaged,14,95,2.71909
282897,unmanaged,14,135,1.48085
282898,unmanaged,14,80,5.1845
282899,unmanaged,43,96,1.23748
282900,unmanaged,43,96,4.04631
282901,unmanaged,42,95,0.55091
282902,unmanaged,43,90,7.9609
282903,unmanaged,14,145,12.3943
282904,unmanaged,43,70,1.99136
282905,unmanaged,24,100,1.53575
282906,unmanaged,14,75,3.88318
282907,unmanaged,42,75,0.086411
282908,unmanaged,15,177,1.33278
282909,unmanaged,42,95,1.64521
282910,unmanaged,43,100,0.117258
282911,unmanaged,14,90,1.37917
282913,unmanaged,15,145,2.28336
282914,unmanaged,42,110,0.0243334
282915,unmanaged,15,145,1.52568
282919,unmanaged,15,145,0.71791
282921,unmanaged,14,75,2.96514
282922,unmanaged,14,125,2.01808
282925,unmanaged,43,75,25.1936
282926,unmanaged,14,110,10.0312
282929,unmanaged,43,110,3.42068
282930,unmanaged,15,173,0.872
282933,unmanaged,14,96,0.089635
282934,unmanaged,24,111,0.028635
282937,unmanaged,24,196,0.209054
282938,unmanaged,24,114,0.63646
282939,unmanaged,13,116,2.55092
282940,unmanaged,24,146,0.077753
282942,unmanaged,24,176,0.66411
282943,unmanaged,24,114,0.61154
282944,unmanaged,43,146,3.63268
282945,unmanaged,15,261,4.90144
282947,unmanaged,13,296,0.0238322
282948,unmanaged,43,146,1.96856
282950,unmanaged,43,116,3.16566
282954,unmanaged,24,141,2.14463
282957,unmanaged,24,146,0.75896
282958,unmanaged,24,141,1.79355
282963,unmanaged,24,146,2.7437
282964,unmanaged,13,116,1.5506
282968,unmanaged,15,176,0.0693
282969,unmanaged,13,81,2.57747
282970,unmanaged,13,116,1.95328
282971,unmanaged,24,176,0.9631
282972,unmanaged,13,176,1.86624
282975,unmanaged,15,176,2.50575
282976,unmanaged,43,146,1.08944
282977,unmanaged,43,176,3.96837
282979,unmanaged,13,176,4.31505
282983,unmanaged,13,196,3.43073
282984,unmanaged,13,196,0.26128
282985,unmanaged,13,176,1.40354
282993,unmanaged,43,146,7.8056
282994,unmanaged,24,101,0.6438
282995,unmanaged,43,146,0.159703
283004,unmanaged,10,110,0.207136
283004,managed,11,110,0.187412
283005,unmanaged,38,225,1.46302
283005,managed,39,225,1.3237
283006,unmanaged,10,110,0.65266
283006,managed,11,110,0.59052
283007,unmanaged,134,35,2.96867
283007,managed,21,35,2.68599
283009,unmanaged,4,92,13.7516
283009,managed,5,92,12.4421
283010,unmanaged,41,50,3.23972
283010,managed,40,50,2.93123
283011,unmanaged,37,35,2.76915
283011,managed,3,35,2.50546
283012,unmanaged,19,73,10.5489
283012,managed,20,73,9.5444
283013,unmanaged,41,58,28.184
283013,managed,40,58,25.5003
283014,unmanaged,41,50,0.078915
283014,managed,40,50,0.0714
283015,unmanaged,31,35,4.70938
283015,managed,32,35,4.26094
283016,unmanaged,41,35,60.689
283016,managed,40,35,54.91
283017,unmanaged,7,182,0.0088205
283017,managed,8,182,0.0079806
283018,unmanaged,51,65,0.61206
283018,managed,52,65,0.55378
283019,unmanaged,1,225,0.249494
283019,managed,2,225,0.225737
283020,unmanaged,10,96,3.41804
283020,managed,11,96,3.09256
283021,unmanaged,29,175,1.35725
283021,managed,30,175,1.22801
283022,unmanaged,10,110,0.40778
283022,managed,11,110,0.36895
283023,unmanaged,4,127,0.413151
283023,managed,5,127,0.373809
283024,unmanaged,24,110,12.1049
283025,unmanaged,70,25,16.2732
283026,unmanaged,70,24,2.977
283027,unmanaged,70,24,1.91687
283028,unmanaged,70,24,4.27382
283029,unmanaged,50,110,1.38099
283030,unmanaged,50,225,1.70257
283031,unmanaged,158,23,0.87763
283032,unmanaged,24,110,0.51972
283033,unmanaged,131,35,5.5795
283034,unmanaged,42,92,0.295081
283035,unmanaged,131,50,3.37946
283037,unmanaged,70,24,1.13302
283038,unmanaged,24,90,1.88485
283040,unmanaged,42,114,30.0711
283041,unmanaged,131,50,2.17668
283042,unmanaged,15,92,3.42249
283043,unmanaged,75,50,3.28298
283044,unmanaged,24,176,3.75569
283045,unmanaged,77,35,4.96712
283046,unmanaged,42,92,15.6689
283047,unmanaged,23,73,7.8623
283048,unmanaged,158,23,14.1127
283049,unmanaged,158,23,1.80975
283050,unmanaged,75,58,5.8016
283051,unmanaged,131,50,10.4976
283052,unmanaged,75,50,6.0078
283053,unmanaged,43,325,1.19268
283054,unmanaged,76,35,1.3117
283057,unmanaged,75,35,0.06617
283058,unmanaged,69,182,0.0305769
283060,unmanaged,43,180,6.3904
283065,unmanaged,24,145,0.574
283066,unmanaged,24,166,9.8159
283067,unmanaged,24,96,0.93098
283069,unmanaged,24,166,0.0106809
283070,unmanaged,69,182,0.383549
283072,unmanaged,24,110,9.703
283073,unmanaged,75,50,2.02593
283075,unmanaged,15,127,0.35357
283076,unmanaged,24,166,9.7428
283077,unmanaged,24,166,1.92308
283078,unmanaged,24,96,5.1574
283081,unmanaged,35,43,7.3931
283081,managed,36,43,6.6891
283083,unmanaged,4,163,7.0684
283083,managed,5,163,6.3953
283085,unmanaged,4,163,6.986
283085,managed,5,163,6.3208
283086,unmanaged,4,134,1.7903
283086,managed,5,134,1.61983
283087,unmanaged,10,70,5.6276
283087,managed,11,70,5.0917
283090,unmanaged,4,163,1.01842
283090,managed,5,163,0.92144
283094,unmanaged,42,105,6.8717
283096,unmanaged,74,37,0.393709
283097,unmanaged,145,43,0.56615
283100,unmanaged,15,143,3.07087
283102,unmanaged,15,163,10.3863
283103,unmanaged,145,42,2.49532
283104,unmanaged,23,74,0.325648
283106,unmanaged,24,125,1.02771
283108,unmanaged,15,163,2.82325
283109,unmanaged,72,20,8.1838
283110,unmanaged,15,132,5.4414
283111,unmanaged,15,134,15.3641
283114,unmanaged,24,70,0.265375
283116,unmanaged,24,206,0.62396
283120,unmanaged,42,105,4.00849
283122,unmanaged,15,163,2.11014
283417,unmanaged,62,156,1.7538
283417,managed,63,156,1.5868
283420,unmanaged,29,115,0.8262
283420,managed,30,115,0.74753
283421,unmanaged,65,116,2.81929
283421,managed,66,116,2.55083
283422,unmanaged,29,65,4.11959
283422,managed,30,65,3.72731
283429,unmanaged,10,225,1.04404
283429,managed,11,225,0.94463
283430,unmanaged,29,125,4.0263
283430,managed,30,125,3.6429
283431,unmanaged,29,115,1.83701
283431,managed,30,115,1.66209
283434,unmanaged,31,0,25.6266
283434,managed,32,0,23.1864
283439,unmanaged,134,41,1.8669
283439,managed,21,41,1.68913
283441,unmanaged,4,225,4.73995
283441,managed,5,225,4.2886
283443,unmanaged,51,135,4.49454
283443,managed,52,135,4.06655
283450,unmanaged,29,115,0.51206
283450,managed,30,115,0.463297
283452,unmanaged,19,92,4.2209
283452,managed,20,92,3.81897
283455,unmanaged,41,28,21.0375
283455,managed,40,28,19.0343
283456,unmanaged,4,138,22.4555
283456,managed,5,138,20.3172
283457,unmanaged,51,105,9.223
283457,managed,52,105,8.3447
283465,unmanaged,45,95,4.5639
283465,managed,46,95,4.12931
283466,unmanaged,29,105,0.230324
283466,managed,30,105,0.208392
283486,unmanaged,10,175,0.83703
283486,managed,11,175,0.75733
283489,unmanaged,35,43,9.1351
283489,managed,36,43,8.2652
283502,unmanaged,29,95,0.479005
283502,managed,30,95,0.433393
283503,unmanaged,4,181,6.9263
283503,managed,5,181,6.2668
283504,unmanaged,45,115,17.9331
283504,managed,46,115,16.2254
283506,unmanaged,4,110,2.66031
283506,managed,5,110,2.40699
283507,unmanaged,45,90,2.86765
283507,managed,46,90,2.59458
283508,unmanaged,47,91,24.1536
283508,managed,48,91,21.8537
283509,unmanaged,4,180,2.42752
283509,managed,5,180,2.19636
283511,unmanaged,29,105,0.57819
283511,managed,30,105,0.52313
283515,unmanaged,29,115,2.03477
283515,managed,30,115,1.84101
283530,unmanaged,35,33,65.051
283530,managed,36,33,58.857
283533,unmanaged,4,131,1.29127
283533,managed,5,131,1.16831
283547,unmanaged,4,76,32.3607
283547,managed,5,76,29.2792
283548,unmanaged,29,95,1.26671
283548,managed,30,95,1.14609
283565,unmanaged,45,90,5.1453
283565,managed,46,90,4.65536
283567,unmanaged,10,231,4.10415
283567,managed,11,231,3.71334
283570,unmanaged,10,110,1.3562
283570,managed,11,110,1.22706
283571,unmanaged,41,40,19.4783
283571,managed,40,40,17.6235
283579,unmanaged,10,221,2.18074
283579,managed,11,221,1.97309
283582,unmanaged,4,114,13.4665
283582,managed,5,114,12.1842
283585,unmanaged,4,126,16.6491
283585,managed,5,126,15.0637
283589,unmanaged,45,95,7.6388
283589,managed,46,95,6.9114
283596,unmanaged,51,90,2.31791
283596,managed,52,90,2.09719
283599,unmanaged,4,235,4.24384
283599,managed,5,235,3.83973
283600,unmanaged,47,135,9.8878
283600,managed,48,135,8.9463
283604,unmanaged,29,165,3.00524
283604,managed,30,165,2.71907
283605,unmanaged,29,115,3.18149
283605,managed,30,115,2.87854
283606,unmanaged,10,115,0.62834
283606,managed,11,115,0.5685
283612,unmanaged,35,19,10.6578
283612,managed,36,19,9.643
283613,unmanaged,51,95,1.13236
283613,managed,52,95,1.02454
283616,unmanaged,47,81,2.08145
283616,managed,48,81,1.88325
283625,unmanaged,29,115,5.0554
283625,managed,30,115,4.574
283628,unmanaged,10,105,13.5979
283628,managed,11,105,12.3031
283631,unmanaged,25,19,2.0751
283631,managed,26,19,1.8775
283632,unmanaged,29,95,1.01377
283632,managed,30,95,0.91723
283635,unmanaged,4,160,20.3011
283635,managed,5,160,18.368
283639,unmanaged,45,105,2.26667
283639,managed,46,105,2.05083
283640,unmanaged,10,110,2.58419
283640,managed,11,110,2.33812
283657,unmanaged,10,110,3.09981
283657,managed,11,110,2.80464
283661,unmanaged,51,155,1.91649
283661,managed,52,155,1.73399
283663,unmanaged,38,80,2.30693
283663,managed,39,80,2.08726
283671,unmanaged,10,115,1.07828
283671,managed,11,115,0.9756
283673,unmanaged,10,165,4.47123
283673,managed,11,165,4.04546
283675,unmanaged,29,90,5.1294
283675,managed,30,90,4.64096
283680,unmanaged,29,125,8.4758
283680,managed,30,125,7.6687
283686,unmanaged,45,105,0.492829
283686,managed,46,105,0.445901
283688,unmanaged,29,105,5.4566
283688,managed,30,105,4.93703
283690,unmanaged,41,38,1.56743
283690,managed,40,38,1.41818
283692,unmanaged,10,110,15.457
283692,managed,11,110,13.9851
283695,unmanaged,29,115,11.2493
283695,managed,30,115,10.1781
283698,unmanaged,4,201,10.7117
283698,managed,5,201,9.6917
283699,unmanaged,10,180,0.83306
283699,managed,11,180,0.75373
283720,unmanaged,1,175,3.06555
283720,managed,2,175,2.77364
283728,unmanaged,4,110,1.44481
283728,managed,5,110,1.30723
283730,unmanaged,29,95,9.1861
283730,managed,30,95,8.3113
283732,unmanaged,4,160,5.0467
283732,managed,5,160,4.56616
283735,unmanaged,10,133,14.8706
283735,managed,11,133,13.4545
283736,unmanaged,29,126,2.89611
283736,managed,30,126,2.62033
283740,unmanaged,29,115,0.3513
283740,managed,30,115,0.317848
283742,unmanaged,29,115,18.4591
283742,managed,30,115,16.7014
283745,unmanaged,10,275,1.65839
283745,managed,11,275,1.50047
283746,unmanaged,45,100,3.87375
283746,managed,46,100,3.50488
283747,unmanaged,29,105,1.38302
283747,managed,30,105,1.25132
283756,unmanaged,10,172,15.3513
283756,managed,11,172,13.8895
283761,unmanaged,10,109,13.6571
283761,managed,11,109,12.3566
283765,unmanaged,19,79,12.7631
283765,managed,20,79,11.5478
283769,unmanaged,65,225,0.69471
283769,managed,66,225,0.62856
283783,unmanaged,51,105,2.80744
283783,managed,52,105,2.54011
283790,unmanaged,10,115,2.56866
283790,managed,11,115,2.32407
283791,unmanaged,41,29,38.456
283791,managed,40,29,34.7941
283793,unmanaged,45,95,2.40725
283793,managed,46,95,2.17802
283798,unmanaged,38,90,7.3845
283798,managed,39,90,6.6813
283800,unmanaged,51,100,3.11574
283800,managed,52,100,2.81905
283802,unmanaged,4,145,4.12837
283802,managed,5,145,3.73526
283809,unmanaged,19,92,1.20282
283809,managed,20,92,1.08828
283810,unmanaged,41,35,12.3194
283810,managed,40,35,11.1463
283815,unmanaged,45,125,1.40386
283815,managed,46,125,1.27018
283816,unmanaged,10,136,2.11705
283816,managed,11,136,1.91546
283819,unmanaged,29,125,5.6059
283819,managed,30,125,5.072
283821,unmanaged,10,90,0.50593
283821,managed,11,90,0.457758
283824,unmanaged,19,96,1.57307
283824,managed,20,96,1.42328
283825,unmanaged,10,196,2.35295
283825,managed,11,196,2.12889
283827,unmanaged,62,156,2.19815
283827,managed,63,156,1.98884
283828,unmanaged,51,105,0.352933
283828,managed,52,105,0.319326
283844,unmanaged,29,115,1.6659
283844,managed,30,115,1.50727
283846,unmanaged,45,155,10.2394
283846,managed,46,155,9.2644
283847,unmanaged,45,100,35.1115
283847,managed,46,100,31.7681
283848,unmanaged,45,70,1.91375
283848,managed,46,70,1.73152
283849,unmanaged,45,90,6.4009
283849,managed,46,90,5.7914
283851,unmanaged,38,61,1.72828
283851,managed,39,61,1.56371
283857,unmanaged,10,169,12.6922
283857,managed,11,169,11.4836
283858,unmanaged,35,19,19.9511
283858,managed,36,19,18.0513
283863,unmanaged,4,185,6.1569
283863,managed,5,185,5.5706
283865,unmanaged,19,92,1.41684
283865,managed,20,92,1.28192
283877,unmanaged,10,185,13.4792
283877,managed,11,185,12.1956
283879,unmanaged,29,145,3.7403
283879,managed,30,145,3.38414
283883,unmanaged,51,185,0.58778
283883,managed,52,185,0.53181
283884,unmanaged,51,90,3.55648
283884,managed,52,90,3.21782
283887,unmanaged,4,129,11.6701
283887,managed,5,129,10.5588
283889,unmanaged,29,115,4.70701
283889,managed,30,115,4.2588
283893,unmanaged,51,90,7.014
283893,managed,52,90,6.3461
283894,unmanaged,10,205,1.59367
283894,managed,11,205,1.44191
283895,unmanaged,41,35,106.106
283895,managed,40,35,96.002
283901,unmanaged,10,145,11.1886
283901,managed,11,145,10.1232
283903,unmanaged,29,80,2.02557
283903,managed,30,80,1.83269
283907,unmanaged,4,168,43.7081
283907,managed,5,168,39.5461
283911,unmanaged,4,211,1.6921
283911,managed,5,211,1.53097
283921,unmanaged,35,18,7.6964
283921,managed,36,18,6.9635
283929,unmanaged,29,185,5.5725
283929,managed,30,185,5.0419
283933,unmanaged,10,105,1.86171
283933,managed,11,105,1.68443
283938,unmanaged,51,80,0.74153
283938,managed,52,80,0.67092
283944,unmanaged,27,23,1.96201
283944,managed,28,23,1.77518
283945,unmanaged,51,95,2.74241
283945,managed,52,95,2.48127
283947,unmanaged,29,105,7.5926
283947,managed,30,105,6.8696
283953,unmanaged,10,114,45.0091
283953,managed,11,114,40.7232
283954,unmanaged,47,143,0.350112
283954,managed,48,143,0.316774
283955,unmanaged,4,67,14.0676
283955,managed,5,67,12.7281
283960,unmanaged,4,196,7.454
283960,managed,5,196,6.7442
283961,unmanaged,35,22,20.2266
283961,managed,36,22,18.3005
283965,unmanaged,150,37,76.556
283965,managed,140,37,69.266
283970,unmanaged,51,135,4.55101
283970,managed,52,135,4.11765
283971,unmanaged,45,95,12.5349
283971,managed,46,95,11.3413
283972,unmanaged,65,106,1.02065
283972,managed,66,106,0.92346
283974,unmanaged,41,41,8.641
283974,managed,40,41,7.8182
283977,unmanaged,45,80,1.33658
283977,managed,46,80,1.2093
283978,unmanaged,1,275,8.354
283978,managed,2,275,7.5585
283983,unmanaged,10,122,31.2119
283983,managed,11,122,28.2398
283987,unmanaged,10,105,8.3119
283987,managed,11,105,7.5204
283988,unmanaged,10,185,38.1978
283988,managed,11,185,34.5605
283989,unmanaged,29,225,0.53469
283989,managed,30,225,0.483778
283990,unmanaged,10,115,0.81424
283990,managed,11,115,0.73671
283992,unmanaged,4,138,8.4338
283992,managed,5,138,7.6307
283993,unmanaged,35,22,13.1766
283993,managed,36,22,11.9218
283994,unmanaged,10,167,14.247
283994,managed,11,167,12.8904
283999,unmanaged,51,95,7.6273
283999,managed,52,95,6.901
284002,unmanaged,4,73,23.7335
284002,managed,5,73,21.4735
284004,unmanaged,29,236,15.9995
284004,managed,30,236,14.476
284007,unmanaged,29,105,0.61535
284007,managed,30,105,0.55675
284008,unmanaged,45,101,2.23029
284008,managed,46,101,2.01792
284009,unmanaged,10,125,18.4076
284009,managed,11,125,16.6548
284010,unmanaged,45,105,0.69084
284010,managed,46,105,0.62506
284016,unmanaged,51,115,2.49361
284016,managed,52,115,2.25616
284027,unmanaged,45,101,24.9649
284027,managed,46,101,22.5877
284028,unmanaged,29,125,3.24726
284028,managed,30,125,2.93804
284029,unmanaged,29,95,6.989
284029,managed,30,95,6.3235
284032,unmanaged,51,115,1.70255
284032,managed,52,115,1.54043
284037,unmanaged,29,105,2.51065
284037,managed,30,105,2.27158
284038,unmanaged,45,90,23.1318
284038,managed,46,90,20.9292
284039,unmanaged,51,86,1.27471
284039,managed,52,86,1.15333
284046,unmanaged,10,119,12.987
284046,managed,11,119,11.7503
284048,unmanaged,133,47,5.2125
284048,managed,12,47,4.71617
284051,unmanaged,151,145,0.84486
284051,managed,152,145,0.76441
284053,unmanaged,51,70,2.05151
284053,managed,52,70,1.85616
284054,unmanaged,51,105,10.2161
284054,managed,52,105,9.2433
284058,unmanaged,35,17,10.345
284058,managed,36,17,9.3599
284061,unmanaged,4,147,4.2023
284061,managed,5,147,3.80215
284063,unmanaged,38,67,7.8748
284063,managed,39,67,7.1249
284064,unmanaged,150,34,67.913
284064,managed,140,34,61.446
284065,unmanaged,45,90,2.43028
284065,managed,46,90,2.19887
284074,unmanaged,45,115,3.37511
284074,managed,46,115,3.05373
284076,unmanaged,33,38,9.2359
284076,managed,34,38,8.3564
284081,unmanaged,4,121,4.43041
284081,managed,5,121,4.00853
284089,unmanaged,41,49,26.9726
284089,managed,40,49,24.4042
284091,unmanaged,10,109,35.2604
284091,managed,11,109,31.9028
284095,unmanaged,4,146,18.5253
284095,managed,5,146,16.7613
284101,unmanaged,29,105,5.7725
284101,managed,30,105,5.2228
284102,unmanaged,10,100,1.0576
284102,managed,11,100,0.9569
284103,unmanaged,41,36,9.2044
284103,managed,40,36,8.3279
284106,unmanaged,33,36,0.8912
284106,managed,34,36,0.80634
284112,unmanaged,41,55,1.98991
284112,managed,40,55,1.80043
284114,unmanaged,29,185,1.9329
284114,managed,30,185,1.74884
284116,unmanaged,29,110,3.35049
284116,managed,30,110,3.03144
284117,unmanaged,4,168,11.4254
284117,managed,5,168,10.3374
284119,unmanaged,29,196,1.27782
284119,managed,30,196,1.15615
284121,unmanaged,1,136,0.94764
284121,managed,2,136,0.8574
284123,unmanaged,1,275,2.61324
284123,managed,2,275,2.3644
284124,unmanaged,35,22,4.59462
284124,managed,36,22,4.1571
284125,unmanaged,33,45,2.4523
284125,managed,34,45,2.21878
284127,unmanaged,19,92,1.8281
284127,managed,20,92,1.65402
284137,unmanaged,29,95,4.46353
284137,managed,30,95,4.0385
284138,unmanaged,29,90,0.82902
284138,managed,30,90,0.75008
284139,unmanaged,45,84,2.52691
284139,managed,46,84,2.28629
284141,unmanaged,45,83,0.96135
284141,managed,46,83,0.86981
284142,unmanaged,67,40,3.3936
284142,managed,49,40,3.07045
284149,unmanaged,29,90,4.43883
284149,managed,30,90,4.01615
284152,unmanaged,29,296,4.17223
284152,managed,30,296,3.77493
284153,unmanaged,51,95,15.2181
284153,managed,52,95,13.769
284154,unmanaged,4,150,19.3197
284154,managed,5,150,17.4801
284160,unmanaged,19,136,1.2515
284160,managed,20,136,1.13233
284164,unmanaged,35,19,1.72687
284164,managed,36,19,1.56243
284173,unmanaged,1,136,0.80089
284173,managed,2,136,0.72463
284174,unmanaged,37,55,1.41849
284174,managed,3,55,1.28342
284180,unmanaged,29,95,9.3108
284180,managed,30,95,8.4242
284181,unmanaged,51,95,1.59302
284181,managed,52,95,1.44133
284182,unmanaged,51,95,4.92218
284182,managed,52,95,4.45348
284183,unmanaged,51,145,3.38809
284183,managed,52,145,3.06546
284189,unmanaged,10,136,10.3014
284189,managed,11,136,9.3204
284220,unmanaged,45,110,11.4876
284220,managed,46,110,10.3937
284318,unmanaged,45,145,1.29648
284318,managed,46,145,1.17302
284324,unmanaged,51,90,4.41629
284324,managed,52,90,3.99576
284327,unmanaged,45,119,79.062
284327,managed,46,119,71.534
284328,unmanaged,4,149,12.4695
284328,managed,5,149,11.2821
284333,unmanaged,1,163,31.2291
284333,managed,2,163,28.2554
284335,unmanaged,45,80,2.46767
284335,managed,46,80,2.23269
284336,unmanaged,51,95,1.69165
284336,managed,52,95,1.53057
284338,unmanaged,1,146,7.828
284338,managed,2,146,7.0826
284340,unmanaged,4,196,1.23569
284340,managed,5,196,1.11802
284345,unmanaged,51,80,0.51835
284345,managed,52,80,0.468994
284346,unmanaged,10,96,0.7385
284346,managed,11,96,0.66817
284352,unmanaged,45,80,1.11885
284352,managed,46,80,1.01231
284354,unmanaged,51,83,2.21507
284354,managed,52,83,2.00414
284355,unmanaged,4,156,0.69045
284355,managed,5,156,0.6247
284356,unmanaged,10,196,3.83863
284356,managed,11,196,3.4731
284357,unmanaged,10,196,5.4453
284357,managed,11,196,4.92677
284362,unmanaged,45,73,6.7519
284362,managed,46,73,6.1089
284364,unmanaged,10,196,3.35053
284364,managed,11,196,3.03149
284366,unmanaged,10,196,1.22981
284366,managed,11,196,1.1127
284369,unmanaged,10,196,0.719
284369,managed,11,196,0.65053
284370,unmanaged,10,158,6.7374
284370,managed,11,158,6.0959
284372,unmanaged,29,196,5.8848
284372,managed,30,196,5.3244
284375,unmanaged,4,163,3.37421
284375,managed,5,163,3.05291
284381,unmanaged,51,115,1.99512
284381,managed,52,115,1.80514
284387,unmanaged,51,100,3.08083
284387,managed,52,100,2.78747
284397,unmanaged,1,156,2.36219
284397,managed,2,156,2.13726
284401,unmanaged,10,196,1.75479
284401,managed,11,196,1.5877
284402,unmanaged,1,156,3.99748
284402,managed,2,156,3.61683
284404,unmanaged,51,90,1.22593
284404,managed,52,90,1.10919
284405,unmanaged,4,146,0.55429
284405,managed,5,146,0.50151
284413,unmanaged,25,16,10.7011
284413,managed,26,16,9.6821
284415,unmanaged,29,115,4.95185
284415,managed,30,115,4.48032
284416,unmanaged,1,166,20.2961
284416,managed,2,166,18.3634
284417,unmanaged,41,34,1.54076
284417,managed,40,34,1.39404
284418,unmanaged,41,34,25.361
284418,managed,40,34,22.946
284419,unmanaged,51,80,1.11818
284419,managed,52,80,1.0117
284420,unmanaged,19,92,0.494342
284420,managed,20,92,0.447269
284421,unmanaged,41,39,31.9496
284421,managed,40,39,28.9072
284424,unmanaged,4,147,25.1422
284424,managed,5,147,22.7481
284426,unmanaged,10,81,2.49893
284426,managed,11,81,2.26097
284427,unmanaged,133,38,13.9171
284427,managed,12,38,12.5918
284430,unmanaged,29,105,5.3512
284430,managed,30,105,4.84166
284431,unmanaged,41,35,169.524
284431,managed,40,35,153.381
284433,unmanaged,45,147,24.9715
284433,managed,46,147,22.5937
284434,unmanaged,51,155,1.61647
284434,managed,52,155,1.46254
284436,unmanaged,4,129,0.142788
284436,managed,5,129,0.129192
284437,unmanaged,1,71,20.0379
284437,managed,2,71,18.1299
284438,unmanaged,45,101,3.42569
284438,managed,46,101,3.09949
284439,unmanaged,41,28,13.5336
284439,managed,40,28,12.2449
284441,unmanaged,4,145,11.9087
284441,managed,5,145,10.7747
284442,unmanaged,29,336,3.9468
284442,managed,30,336,3.57098
284445,unmanaged,41,37,3.72122
284445,managed,40,37,3.36687
284449,unmanaged,4,159,1.05028
284449,managed,5,159,0.95027
284450,unmanaged,10,148,10.1039
284450,managed,11,148,9.1418
284451,unmanaged,45,95,10.7933
284451,managed,46,95,9.7656
284452,unmanaged,135,44,16.3512
284452,managed,6,44,14.7942
284453,unmanaged,45,80,0.267664
284453,managed,46,80,0.242177
284454,unmanaged,4,76,6.5884
284454,managed,5,76,5.961
284458,unmanaged,10,248,21.9632
284458,managed,11,248,19.8718
284459,unmanaged,41,37,24.4594
284459,managed,40,37,22.1303
284463,unmanaged,10,97,35.901
284463,managed,11,97,32.4824
284464,unmanaged,4,99,20.1916
284464,managed,5,99,18.2689
284492,unmanaged,29,276,1.10919
284492,managed,30,276,1.00357
284493,unmanaged,29,196,9.2548
284493,managed,30,196,8.3736
284494,unmanaged,29,196,9.315
284494,managed,30,196,8.428
284495,unmanaged,10,196,0.392841
284495,managed,11,196,0.355433
284496,unmanaged,29,196,23.4153
284496,managed,30,196,21.1856
284497,unmanaged,1,196,6.7152
284497,managed,2,196,6.0758
284498,unmanaged,4,149,4.13666
284498,managed,5,149,3.74275
284499,unmanaged,29,196,1.44462
284499,managed,30,196,1.30705
284500,unmanaged,1,256,1.11274
284500,managed,2,256,1.00678
284501,unmanaged,1,156,13.9061
284501,managed,2,156,12.5819
284502,unmanaged,1,116,3.21875
284502,managed,2,116,2.91225
284503,unmanaged,29,146,23.2763
284503,managed,30,146,21.0598
284504,unmanaged,29,158,51.709
284504,managed,30,158,46.7854
284505,unmanaged,10,275,7.1149
284505,managed,11,275,6.4374
284506,unmanaged,45,145,3.38231
284506,managed,46,145,3.06024
284507,unmanaged,51,90,0.270086
284507,managed,52,90,0.244368
284508,unmanaged,1,225,16.7364
284508,managed,2,225,15.1427
284509,unmanaged,45,75,0.58444
284509,managed,46,75,0.52879
284510,unmanaged,4,225,2.1621
284510,managed,5,225,1.95622
284511,unmanaged,1,166,12.8511
284511,managed,2,166,11.6274
284512,unmanaged,10,100,1.12247
284512,managed,11,100,1.01558
284513,unmanaged,45,105,6.6961
284513,managed,46,105,6.0585
284514,unmanaged,10,110,0.59917
284514,managed,11,110,0.54211
284515,unmanaged,29,196,2.5326
284515,managed,30,196,2.29144
284516,unmanaged,10,125,2.37422
284516,managed,11,125,2.14814
284517,unmanaged,4,145,0.56886
284517,managed,5,145,0.51469
284523,unmanaged,4,173,2.75493
284523,managed,5,173,2.4926
284526,unmanaged,10,146,0.80811
284526,managed,11,146,0.73116
284528,unmanaged,1,196,0.88475
284528,managed,2,196,0.8005
284530,unmanaged,29,146,6.8972
284530,managed,30,146,6.2405
284531,unmanaged,29,146,2.00696
284531,managed,30,146,1.81585
284532,unmanaged,45,114,13.7251
284532,managed,46,114,12.4182
284533,unmanaged,10,145,0.63959
284533,managed,11,145,0.57868
284534,unmanaged,10,166,3.85661
284534,managed,11,166,3.48938
284535,unmanaged,45,105,4.967
284535,managed,46,105,4.49403
284537,unmanaged,33,37,156.767
284537,managed,34,37,141.839
284540,unmanaged,4,143,12.802
284540,managed,5,143,11.583
284541,unmanaged,35,42,11.8184
284541,managed,36,42,10.693
284542,unmanaged,19,74,15.0727
284542,managed,20,74,13.6374
284543,unmanaged,10,125,19.4478
284543,managed,11,125,17.5959
284545,unmanaged,27,20,4.00633
284545,managed,28,20,3.62484
284546,unmanaged,4,132,1.90997
284546,managed,5,132,1.7281
284550,unmanaged,10,206,14.2506
284550,managed,11,206,12.8936
284552,unmanaged,45,105,3.77179
284552,managed,46,105,3.41263
284946,unmanaged,43,115,0.146863
284948,unmanaged,43,65,0.278096
284956,unmanaged,24,225,0.081329
284957,unmanaged,145,35,0.0211494
284958,unmanaged,43,125,0.222416
284959,unmanaged,43,115,0.175366
284962,unmanaged,76,0,0.90923
284967,unmanaged,131,41,0.0151866
284969,unmanaged,15,225,0.51124
284971,unmanaged,14,135,0.0233458
284979,unmanaged,43,115,0.1029
284981,unmanaged,23,92,0.96013
284984,unmanaged,75,28,1.15581
284985,unmanaged,15,138,1.34676
284986,unmanaged,14,105,0.54874
284994,unmanaged,42,95,0.0467951
284995,unmanaged,43,105,0.109836
285017,unmanaged,24,175,0.283597
285020,unmanaged,145,43,0.054469
285034,unmanaged,43,95,0.5073
285035,unmanaged,15,181,0.72694
285036,unmanaged,42,115,0.0114617
285038,unmanaged,15,110,0.005627
285039,unmanaged,42,90,0.69674
285040,unmanaged,71,91,0.8269
285041,unmanaged,15,180,0.102143
285043,unmanaged,43,105,0.08185
285047,unmanaged,43,115,0.83815
285064,unmanaged,145,33,0.063128
285067,unmanaged,15,131,0.244203
285083,unmanaged,15,76,2.33202
285084,unmanaged,43,95,0.039479
285093,unmanaged,71,86,0.159048
285097,unmanaged,24,110,1.28897
285105,unmanaged,42,90,0.62621
285107,unmanaged,24,231,0.306172
285110,unmanaged,24,110,0.142883
285111,unmanaged,75,40,1.13161
285119,unmanaged,24,221,0.63605
285122,unmanaged,15,114,0.244138
285125,unmanaged,15,126,1.0946
285129,unmanaged,42,95,0.2381
285136,unmanaged,14,90,0.090592
285139,unmanaged,15,235,1.59867
285143,unmanaged,71,135,0.40409
285147,unmanaged,43,165,1.17529
285148,unmanaged,43,115,1.34701
285149,unmanaged,24,115,0.255752
285158,unmanaged,145,19,0.367106
285159,unmanaged,14,95,0.063003
285162,unmanaged,71,81,0.246222
285171,unmanaged,43,115,0.357034
285174,unmanaged,24,105,1.73392
285177,unmanaged,70,19,0.476424
285178,unmanaged,43,95,0.476368
285181,unmanaged,15,160,1.46746
285185,unmanaged,42,105,0.064783
285186,unmanaged,24,110,0.280973
285205,unmanaged,13,180,0.205096
285207,unmanaged,24,110,0.79286
285211,unmanaged,14,155,0.053849
285215,unmanaged,50,80,0.435808
285224,unmanaged,24,115,0.074001
285226,unmanaged,24,165,0.080976
285228,unmanaged,43,90,0.27637
285233,unmanaged,43,125,0.294084
285239,unmanaged,71,165,0.0174814
285241,unmanaged,42,105,0.27127
285245,unmanaged,43,105,0.40789
285248,unmanaged,75,38,0.116819
285251,unmanaged,24,110,2.71776
285255,unmanaged,43,115,0.58837
285259,unmanaged,24,180,0.257029
285282,unmanaged,13,175,0.314884
285283,unmanaged,13,110,0.141236
285292,unmanaged,15,110,0.74661
285293,unmanaged,145,20,0.16727
285295,unmanaged,43,95,0.224087
285297,unmanaged,15,160,0.82704
285300,unmanaged,24,133,0.221892
285301,unmanaged,43,126,0.0235953
285306,unmanaged,43,115,0.194315
285309,unmanaged,43,115,0.345402
285312,unmanaged,24,275,0.134491
285313,unmanaged,42,100,0.74374
285314,unmanaged,43,105,0.07954
285323,unmanaged,24,172,1.14213
285328,unmanaged,24,109,1.89268
285333,unmanaged,23,79,0.81914
285337,unmanaged,68,225,0.21342
285354,unmanaged,14,105,0.82945
285362,unmanaged,24,115,0.53153
285363,unmanaged,75,29,0.52306
285365,unmanaged,42,95,0.21473
285370,unmanaged,50,90,0.124126
285372,unmanaged,14,100,0.225397
285374,unmanaged,15,145,0.137496
285381,unmanaged,23,92,0.0489026
285382,unmanaged,75,35,0.0401456
285388,unmanaged,42,125,0.141019
285389,unmanaged,24,136,0.308589
285392,unmanaged,43,125,0.75018
285394,unmanaged,24,90,0.21479
285397,unmanaged,23,96,0.379733
285398,unmanaged,24,196,0.2611
285400,unmanaged,159,156,1.18588
285402,unmanaged,14,105,0.084843
285419,unmanaged,43,115,0.23061
285421,unmanaged,42,155,0.451895
285422,unmanaged,42,100,1.03401
285423,unmanaged,42,70,0.0170264
285424,unmanaged,42,90,0.086054
285426,unmanaged,50,61,0.089033
285433,unmanaged,145,19,0.077957
285440,unmanaged,15,185,0.406285
285442,unmanaged,23,92,0.091245
285455,unmanaged,24,185,0.0164068
285457,unmanaged,43,145,1.06724
285461,unmanaged,14,185,0.234854
285463,unmanaged,14,90,0.241758
285467,unmanaged,15,129,0.73179
285469,unmanaged,43,115,0.140736
285473,unmanaged,14,90,0.0406437
285474,unmanaged,24,205,0.105092
285475,unmanaged,75,35,2.40257
285481,unmanaged,24,145,1.12116
285483,unmanaged,43,80,0.26534
285488,unmanaged,15,168,1.18894
285493,unmanaged,15,211,0.262055
285504,unmanaged,145,20,0.127062
285505,unmanaged,145,18,0.52445
285513,unmanaged,43,185,0.340717
285518,unmanaged,24,105,0.097018
285524,unmanaged,14,80,0.0402284
285530,unmanaged,72,23,0.078708
285531,unmanaged,14,95,0.487974
285534,unmanaged,43,105,1.16049
285540,unmanaged,24,114,0.9433
285541,unmanaged,71,143,0.462322
285543,unmanaged,15,67,0.140103
285548,unmanaged,15,196,0.341572
285549,unmanaged,145,22,0.110983
285553,unmanaged,160,37,1.44274
285556,unmanaged,132,58,0.75578
285560,unmanaged,14,135,0.109931
285562,unmanaged,42,95,0.133853
285563,unmanaged,68,106,0.73558
285565,unmanaged,75,41,0.436751
285568,unmanaged,42,80,0.053218
285569,unmanaged,13,275,0.74511
285574,unmanaged,24,122,1.64227
285578,unmanaged,24,105,0.274501
285579,unmanaged,24,185,0.98027
285580,unmanaged,43,225,0.383299
285581,unmanaged,24,115,0.312383
285583,unmanaged,15,138,0.0476622
285584,unmanaged,145,22,0.91498
285585,unmanaged,24,167,0.68337
285590,unmanaged,14,95,0.5407
285593,unmanaged,15,73,0.23416
285595,unmanaged,43,236,0.203451
285598,unmanaged,43,105,0.237255
285599,unmanaged,42,101,0.073831
285600,unmanaged,24,125,3.27572
285601,unmanaged,42,105,0.056807
285608,unmanaged,14,115,0.311474
285617,unmanaged,43,225,0.55347
285620,unmanaged,42,101,2.42258
285621,unmanaged,43,125,0.20838
285622,unmanaged,43,95,0.167833
285625,unmanaged,14,115,0.306256
285631,unmanaged,43,105,0.7224
285632,unmanaged,148,145,0.063741
285633,unmanaged,42,90,0.73085
285634,unmanaged,14,86,0.157684
285641,unmanaged,24,119,0.062659
285643,unmanaged,132,47,0.88208
285646,unmanaged,137,145,0.496708
285648,unmanaged,14,70,0.0115573
285649,unmanaged,14,105,1.24828
285654,unmanaged,145,17,0.167792
285657,unmanaged,15,147,0.60957
285659,unmanaged,50,67,1.20028
285660,unmanaged,160,34,0.79153
285661,unmanaged,42,90,0.087734
285672,unmanaged,42,115,0.254285
285674,unmanaged,24,110,1.05764
285675,unmanaged,74,38,0.392183
285680,unmanaged,15,121,0.179543
285688,unmanaged,75,49,1.28337
285690,unmanaged,24,109,1.26037
285692,unmanaged,137,137,2.23385
285695,unmanaged,15,146,0.171009
285702,unmanaged,43,105,0.59898
285703,unmanaged,24,100,0.063083
285704,unmanaged,70,38,0.445921
285705,unmanaged,75,36,0.68976
285709,unmanaged,74,36,0.0124646
285717,unmanaged,75,55,0.248417
285719,unmanaged,43,185,0.0131608
285721,unmanaged,43,110,0.61674
285722,unmanaged,15,168,0.352923
285723,unmanaged,158,23,0.49483
285725,unmanaged,43,196,0.287698
285727,unmanaged,13,136,0.0139525
285730,unmanaged,13,275,0.65153
285731,unmanaged,145,22,0.051362
285732,unmanaged,74,45,0.35445
285734,unmanaged,70,41,0.249202
285735,unmanaged,23,92,0.258763
285746,unmanaged,43,95,0.175641
285747,unmanaged,43,90,0.091845
285748,unmanaged,42,84,0.61844
285750,unmanaged,42,83,0.232108
285751,unmanaged,161,40,0.0041889
285760,unmanaged,43,90,0.195264
285763,unmanaged,43,296,0.41256
285764,unmanaged,14,95,0.65557
285765,unmanaged,15,150,1.63692
285772,unmanaged,23,136,0.176544
285789,unmanaged,13,136,0.199872
285791,unmanaged,77,55,0.096556
285797,unmanaged,43,95,0.0146956
285798,unmanaged,14,95,0.355966
285799,unmanaged,14,95,0.61154
285800,unmanaged,14,145,0.359205
285806,unmanaged,24,136,0.91596
285838,unmanaged,42,110,0.57813
285895,unmanaged,24,106,0.5935
285904,unmanaged,43,225,0.249412
285922,unmanaged,43,180,0.254002
285939,unmanaged,24,145,0.262362
285940,unmanaged,42,145,0.426463
285946,unmanaged,14,90,0.53302
285950,unmanaged,15,149,1.23997
285955,unmanaged,13,163,0.88506
285957,unmanaged,42,80,0.082365
285958,unmanaged,14,95,0.20097
285960,unmanaged,13,146,0.6384
285962,unmanaged,15,196,0.076292
285967,unmanaged,14,80,0.083977
285968,unmanaged,24,96,0.124775
285974,unmanaged,42,80,0.091604
285976,unmanaged,14,83,0.493244
285977,unmanaged,15,156,0.141924
285979,unmanaged,24,196,1.9112
285984,unmanaged,42,73,0.0224698
285986,unmanaged,24,196,0.0117727
285988,unmanaged,24,196,0.087489
285994,unmanaged,43,196,0.078879
285997,unmanaged,15,163,0.0057669
286003,unmanaged,14,115,0.61085
286009,unmanaged,14,100,0.34551
286019,unmanaged,13,156,0.060465
286023,unmanaged,24,196,0.153239
286024,unmanaged,13,156,0.105695
286026,unmanaged,14,90,0.275264
286027,unmanaged,15,146,0.024201
286039,unmanaged,43,115,1.08214
286040,unmanaged,13,126,0.111424
286041,unmanaged,13,166,1.2001
286043,unmanaged,75,34,0.0165725
286044,unmanaged,14,80,0.0328643
286045,unmanaged,23,92,0.094146
286046,unmanaged,75,39,0.68219
286049,unmanaged,15,147,1.15835
286051,unmanaged,43,96,0.288666
286052,unmanaged,24,81,0.0082938
286053,unmanaged,132,38,1.52972
286056,unmanaged,43,105,0.086518
286057,unmanaged,75,35,0.246131
286058,unmanaged,75,35,1.51336
286060,unmanaged,42,147,1.14644
286061,unmanaged,14,155,0.143323
286064,unmanaged,13,71,0.411518
286066,unmanaged,75,35,0.003985
286069,unmanaged,15,145,0.317283
286070,unmanaged,43,336,0.280799
286073,unmanaged,13,196,0.0253253
286074,unmanaged,75,37,0.108428
286079,unmanaged,15,159,0.0255884
286080,unmanaged,24,148,0.82309
286081,unmanaged,42,95,0.367588
286083,unmanaged,146,44,0.331761
286084,unmanaged,42,80,0.390837
286085,unmanaged,15,76,0.34827
286089,unmanaged,24,248,0.441663
286090,unmanaged,75,37,1.3216
286095,unmanaged,15,99,0.097325
286123,unmanaged,43,276,0.310846
286124,unmanaged,43,196,0.084731
286125,unmanaged,43,196,0.59935
286126,unmanaged,24,196,0.0076085
286127,unmanaged,43,196,0.22962
286128,unmanaged,13,196,0.447708
286129,unmanaged,15,149,0.462714
286130,unmanaged,43,196,0.354151
286131,unmanaged,13,256,0.0126714
286132,unmanaged,13,156,0.084779
286133,unmanaged,13,116,0.68199
286134,unmanaged,43,146,0.022622
286136,unmanaged,24,275,0.46203
286137,unmanaged,42,145,0.65281
286138,unmanaged,14,90,0.15434
286139,unmanaged,13,225,1.46585
286140,unmanaged,42,75,0.0496364
286141,unmanaged,15,225,0.13271
286142,unmanaged,13,166,1.66473
286143,unmanaged,24,100,0.14194
286144,unmanaged,42,105,0.273426
286145,unmanaged,24,110,0.62242
286146,unmanaged,43,196,0.238806
286147,unmanaged,24,125,0.344625
286148,unmanaged,15,145,0.0061009
286154,unmanaged,15,173,0.186803
286157,unmanaged,24,146,0.092972
286159,unmanaged,13,196,0.0254086
286161,unmanaged,43,146,0.111011
286162,unmanaged,43,146,0.078726
286163,unmanaged,42,114,0.049974
286164,unmanaged,43,325,0.0111669
286165,unmanaged,42,90,1.62792
286166,unmanaged,24,145,0.0246059
286167,unmanaged,24,145,0.52142
286168,unmanaged,24,166,0.365882
286169,unmanaged,42,105,0.58726
286171,unmanaged,74,37,6.0018
286174,unmanaged,15,143,0.59751
286175,unmanaged,145,42,0.0173256
286176,unmanaged,23,74,0.56352
286177,unmanaged,24,125,0.68867
286179,unmanaged,72,20,0.35877
286180,unmanaged,15,132,0.090692
286184,unmanaged,24,206,0.74373
286186,unmanaged,42,105,0.75892
286327,unmanaged,53,165,0.128528
286327,managed,54,165,0.116289
286329,unmanaged,47,71,2.15603
286329,managed,48,71,1.95073
286330,unmanaged,47,165,0.99915
286330,managed,48,165,0.90401
286332,unmanaged,65,225,0.452894
286332,managed,66,225,0.409769
286340,unmanaged,47,103,0.57709
286340,managed,48,103,0.52213
286344,unmanaged,47,165,1.0744
286344,managed,48,165,0.97209
286346,unmanaged,65,106,1.13635
286346,managed,66,106,1.02814
286353,unmanaged,35,19,2.73943
286353,managed,36,19,2.47857
286379,unmanaged,53,95,1.02331
286379,managed,54,95,0.92587
286382,unmanaged,19,81,3.07248
286382,managed,20,81,2.77991
286385,unmanaged,35,20,6.4298
286385,managed,36,20,5.8175
286388,unmanaged,151,161,2.68771
286388,managed,152,161,2.43178
286392,unmanaged,62,116,0.452208
286392,managed,63,116,0.409147
286397,unmanaged,47,165,1.93164
286397,managed,48,165,1.7477
286404,unmanaged,65,96,0.451601
286404,managed,66,96,0.408598
286406,unmanaged,67,39,47.2373
286406,managed,49,39,42.7393
286411,unmanaged,62,131,2.03748
286411,managed,63,131,1.84346
286413,unmanaged,47,225,3.00859
286413,managed,48,225,2.72211
286418,unmanaged,4,147,0.498879
286418,managed,5,147,0.451374
286420,unmanaged,38,165,0.7135
286420,managed,39,165,0.64556
286421,unmanaged,136,0,2.36207
286421,managed,55,0,2.13714
286422,unmanaged,38,165,0.99946
286422,managed,39,165,0.90429
286423,unmanaged,10,88,7.1871
286423,managed,11,88,6.5027
286425,unmanaged,35,22,31.5818
286425,managed,36,22,28.5744
286428,unmanaged,62,151,5.1756
286428,managed,63,151,4.68275
286434,unmanaged,35,26,12.0592
286434,managed,36,26,10.9109
286443,unmanaged,47,141,6.5655
286443,managed,48,141,5.9403
286450,unmanaged,151,161,3.60854
286450,managed,152,161,3.26492
286451,unmanaged,62,160,4.01934
286451,managed,63,160,3.6366
286455,unmanaged,10,86,2.05283
286455,managed,11,86,1.85735
286456,unmanaged,47,165,0.074401
286456,managed,48,165,0.067316
286457,unmanaged,35,35,11.7424
286457,managed,36,35,10.6243
286458,unmanaged,47,147,0.241849
286458,managed,48,147,0.218819
286461,unmanaged,35,26,4.26272
286461,managed,36,26,3.85681
286462,unmanaged,62,116,4.8278
286462,managed,63,116,4.36808
286464,unmanaged,53,133,5.5723
286464,managed,54,133,5.0417
286466,unmanaged,35,19,8.2491
286466,managed,36,19,7.4636
286470,unmanaged,53,145,0.53183
286470,managed,54,145,0.481191
286482,unmanaged,65,117,0.53405
286482,managed,66,117,0.4832
286501,unmanaged,47,125,0.87855
286501,managed,48,125,0.79489
286504,unmanaged,41,35,10.21
286504,managed,40,35,9.2378
286609,unmanaged,35,35,0.390202
286609,managed,36,35,0.353046
286617,unmanaged,47,86,0.342506
286617,managed,48,86,0.309891
286633,unmanaged,35,20,11.4006
286633,managed,36,20,10.315
286648,unmanaged,35,20,4.47441
286648,managed,36,20,4.04834
286655,unmanaged,53,145,0.068884
286655,managed,54,145,0.062325
286658,unmanaged,151,137,22.2373
286658,managed,152,137,20.1198
286659,unmanaged,25,38,4.45181
286659,managed,26,38,4.02789
286663,unmanaged,25,41,3.99562
286663,managed,26,41,3.61515
286664,unmanaged,4,147,1.9116
286664,managed,5,147,1.72957
286673,unmanaged,41,35,24.6486
286673,managed,40,35,22.3015
286674,unmanaged,41,35,19.9293
286674,managed,40,35,18.0316
286840,unmanaged,148,165,2.56128
286843,unmanaged,71,71,0.263096
286844,unmanaged,71,165,1.2088
286846,unmanaged,68,225,0.289875
286855,unmanaged,71,103,0.0167902
286859,unmanaged,71,165,0.5157
286861,unmanaged,68,106,0.170618
286868,unmanaged,145,19,0.283792
286895,unmanaged,148,95,0.91172
286898,unmanaged,23,81,2.97232
286901,unmanaged,145,20,0.0495076
286904,unmanaged,137,161,1.23062
286910,unmanaged,159,116,1.19393
286915,unmanaged,71,165,1.82622
286922,unmanaged,68,96,0.223401
286924,unmanaged,161,39,0.51567
286929,unmanaged,159,131,2.00437
286931,unmanaged,71,225,1.59583
286936,unmanaged,15,147,0.12583
286938,unmanaged,50,165,0.0185064
286939,unmanaged,162,0,3.26226
286940,unmanaged,50,165,0.209855
286941,unmanaged,24,88,3.22489
286943,unmanaged,145,22,0.374069
286946,unmanaged,159,151,0.085672
286954,unmanaged,145,26,0.88612
286963,unmanaged,71,141,3.84794
286970,unmanaged,137,161,2.86366
286971,unmanaged,159,160,1.96135
286975,unmanaged,24,86,0.65192
286976,unmanaged,71,165,1.36997
286977,unmanaged,145,35,3.80348
286978,unmanaged,71,147,0.6625
286981,unmanaged,145,26,0.088586
286982,unmanaged,159,116,1.97583
286984,unmanaged,148,133,0.68818
286990,unmanaged,148,145,1.0568
287003,unmanaged,68,117,0.160776
287024,unmanaged,71,125,0.0193173
287027,unmanaged,75,35,0.399428
287147,unmanaged,145,35,1.69926
287156,unmanaged,71,86,0.473856
287168,unmanaged,71,165,1.15101
287174,unmanaged,145,20,0.078095
287189,unmanaged,145,20,0.0028639
287197,unmanaged,148,145,9.2744
287200,unmanaged,137,137,0.432874
287201,unmanaged,70,38,0.369187
287205,unmanaged,70,41,0.248015
287206,unmanaged,15,147,0.131876
287216,unmanaged,75,35,0.308707
287217,unmanaged,75,35,1.17027
287223,unmanaged,4,100,1.12526
287223,managed,5,100,1.01811
287227,unmanaged,29,110,2.65376
287227,managed,30,110,2.40106
287228,unmanaged,10,100,1.45719
287228,managed,11,100,1.31843
287230,unmanaged,4,225,0.56785
287230,managed,5,225,0.51378
287239,unmanaged,1,275,4.42428
287239,managed,2,275,4.00299
287240,unmanaged,1,180,4.2668
287240,managed,2,180,3.86051
287241,unmanaged,1,115,2.24837
287241,managed,2,115,2.03427
287244,unmanaged,4,134,2.35022
287244,managed,5,134,2.12642
287245,unmanaged,10,225,0.466392
287245,managed,11,225,0.42198
287246,unmanaged,4,110,1.52488
287246,managed,5,110,1.37967
287247,unmanaged,29,296,1.30781
287247,managed,30,296,1.18328
287248,unmanaged,29,180,0.56406
287248,managed,30,180,0.51035
287249,unmanaged,1,145,1.13576
287249,managed,2,145,1.02761
287250,unmanaged,25,24,4.50108
287250,managed,26,24,4.07247
287251,unmanaged,163,23,2.43549
287251,managed,58,23,2.20358
287252,unmanaged,45,92,0.86561
287252,managed,46,92,0.78318
287254,unmanaged,45,92,3.10532
287254,managed,46,92,2.80963
287255,unmanaged,163,23,0.482567
287255,managed,58,23,0.436616
287256,unmanaged,10,100,1.65062
287256,managed,11,100,1.49345
287257,unmanaged,29,100,0.089529
287257,managed,30,100,0.081004
287258,unmanaged,29,100,0.0077317
287258,managed,30,100,0.0069955
287259,unmanaged,1,225,0.0409675
287259,managed,2,225,0.0370664
287260,unmanaged,10,166,0.26732
287260,managed,11,166,0.241865
287261,unmanaged,1,225,0.97106
287261,managed,2,225,0.87859
287262,unmanaged,10,166,0.100822
287262,managed,11,166,0.091221
287265,unmanaged,10,110,6.8547
287265,managed,11,110,6.202
287267,unmanaged,1,180,5.3887
287267,managed,2,180,4.87556
287271,unmanaged,1,110,5.4046
287271,managed,2,110,4.88996
287278,unmanaged,133,58,12.2422
287278,managed,12,58,11.0765
287279,unmanaged,29,225,6.1653
287279,managed,30,225,5.5782
287281,unmanaged,10,110,17.768
287281,managed,11,110,16.0761
287284,unmanaged,163,23,4.42651
287284,managed,58,23,4.005
287290,unmanaged,10,106,18.3819
287290,managed,11,106,16.6315
287291,unmanaged,29,225,1.16058
287291,managed,30,225,1.05006
287292,unmanaged,29,180,4.95826
287292,managed,30,180,4.48612
287293,unmanaged,10,145,8.4224
287293,managed,11,145,7.6204
287294,unmanaged,1,126,1.38294
287294,managed,2,126,1.25125
287295,unmanaged,29,96,4.2344
287295,managed,30,96,3.83119
287296,unmanaged,1,196,0.128291
287296,managed,2,196,0.116075
287297,unmanaged,29,325,4.33512
287297,managed,30,325,3.92232
287298,unmanaged,45,90,15.942
287298,managed,46,90,14.424
287299,unmanaged,10,145,0.7546
287299,managed,11,145,0.68275
287309,unmanaged,15,100,1.29563
287313,unmanaged,43,110,2.42635
287314,unmanaged,24,100,0.91179
287316,unmanaged,15,225,1.08591
287325,unmanaged,13,275,1.30735
287326,unmanaged,13,180,2.42435
287327,unmanaged,13,115,0.281482
287330,unmanaged,15,134,1.41214
287331,unmanaged,24,225,0.262922
287332,unmanaged,15,110,1.57204
287333,unmanaged,43,296,2.61674
287334,unmanaged,43,180,0.490888
287335,unmanaged,13,145,0.59844
287336,unmanaged,70,24,0.173396
287337,unmanaged,158,23,1.11421
287338,unmanaged,42,92,1.78072
287340,unmanaged,42,92,3.66505
287341,unmanaged,158,23,0.052225
287342,unmanaged,24,100,2.69164
287343,unmanaged,43,100,0.489634
287344,unmanaged,43,100,0.69808
287345,unmanaged,13,225,0.075679
287346,unmanaged,24,166,0.190608
287347,unmanaged,13,225,0.203067
287348,unmanaged,24,166,0.443688
287351,unmanaged,24,110,0.0332168
287353,unmanaged,13,180,2.4442
287357,unmanaged,13,110,0.69282
287364,unmanaged,132,58,1.80113
287365,unmanaged,43,225,3.29877
287367,unmanaged,24,110,2.07973
287370,unmanaged,158,23,3.69615
287376,unmanaged,24,106,1.28525
287377,unmanaged,43,225,0.90877
287378,unmanaged,43,180,1.21171
287379,unmanaged,24,145,1.58451
287380,unmanaged,13,126,0.471847
287381,unmanaged,43,96,1.55901
287382,unmanaged,13,196,0.0296787
287383,unmanaged,43,325,8.6551
287384,unmanaged,42,90,6.1605
287385,unmanaged,24,145,0.71291
359649,unmanaged,87,93,40.0373
359649,managed,88,93,36.2248
359650,unmanaged,110,35,68.271
359650,managed,111,35,61.77
359651,unmanaged,87,190,10.5143
359651,managed,88,190,9.5131
359652,unmanaged,118,105,0.72645
359652,managed,119,105,0.65727
359653,unmanaged,110,35,3.84021
359653,managed,111,35,3.47454
359654,unmanaged,87,101,0.99937
359654,managed,88,101,0.9042
359655,unmanaged,113,146,0.84381
359655,managed,114,146,0.76346
359656,unmanaged,110,35,3.91995
359656,managed,111,35,3.54668
359657,unmanaged,87,225,0.69307
359657,managed,88,225,0.62707
359658,unmanaged,106,35,36.0201
359658,managed,107,35,32.5901
359659,unmanaged,78,225,1.12209
359659,managed,79,225,1.01524
359661,unmanaged,113,95,0.54949
359661,managed,114,95,0.497168
359662,unmanaged,113,125,1.27868
359662,managed,114,125,1.15692
359663,unmanaged,87,199,0.27139
359663,managed,88,199,0.245547
359664,unmanaged,118,105,1.29297
359664,managed,119,105,1.16985
359665,unmanaged,14,125,3.25303
359667,unmanaged,87,156,0.21144
359667,managed,88,156,0.191306
359668,unmanaged,110,28,0.59425
359668,managed,111,28,0.53766
359669,unmanaged,95,115,1.16653
359669,managed,96,115,1.05545
359670,unmanaged,102,0,0.712
359670,managed,103,0,0.6442
359671,unmanaged,95,115,5.0523
359671,managed,96,115,4.57118
359675,unmanaged,110,35,4.21594
359675,managed,111,35,3.81449
359676,unmanaged,113,225,0.484518
359676,managed,114,225,0.438381
359677,unmanaged,78,226,2.44986
359677,managed,79,226,2.21657
359679,unmanaged,110,35,19.5123
359679,managed,111,35,17.6542
359680,unmanaged,87,186,0.61388
359680,managed,88,186,0.55542
359682,unmanaged,110,35,18.997
359682,managed,111,35,17.1881
359683,unmanaged,95,96,10.9416
359683,managed,96,96,9.8997
359685,unmanaged,116,75,0.80176
359685,managed,117,75,0.72541
359687,unmanaged,113,115,1.95129
359687,managed,114,115,1.76548
359689,unmanaged,110,28,1.0542
359689,managed,111,28,0.95381
359690,unmanaged,87,171,1.25316
359690,managed,88,171,1.13383
359691,unmanaged,87,186,0.55695
359691,managed,88,186,0.50391
359692,unmanaged,14,125,5.4247
359693,unmanaged,95,145,1.04968
359693,managed,96,145,0.94973
359694,unmanaged,95,146,0.89293
359694,managed,96,146,0.8079
359701,unmanaged,87,225,2.88461
359701,managed,88,225,2.60993
359709,unmanaged,104,105,1.53826
359709,managed,105,105,1.39178
359725,unmanaged,110,26,14.7786
359725,managed,111,26,13.3713
359733,unmanaged,104,165,4.5538
359733,managed,105,165,4.12017
359734,unmanaged,84,145,2.59888
359734,managed,85,145,2.35141
359745,unmanaged,13,230,7.8358
359760,unmanaged,128,105,2.59407
359760,managed,129,105,2.34706
359769,unmanaged,78,225,0.61381
359769,managed,79,225,0.55536
359774,unmanaged,104,275,3.05331
359774,managed,105,275,2.76257
359787,unmanaged,84,225,3.52921
359787,managed,85,225,3.19315
359792,unmanaged,102,0,1.02129
359792,managed,103,0,0.92404
359794,unmanaged,110,24,2.83901
359794,managed,111,24,2.56867
359804,unmanaged,113,105,26.217
359804,managed,114,105,23.7206
359807,unmanaged,78,225,0.54565
359807,managed,79,225,0.49369
359816,unmanaged,14,165,2.29781
359828,unmanaged,78,275,0.97537
359828,managed,79,275,0.8825
359829,unmanaged,78,211,4.92232
359829,managed,79,211,4.45361
359837,unmanaged,78,165,2.38853
359837,managed,79,165,2.16109
359846,unmanaged,87,134,31.6645
359846,managed,88,134,28.6493
359860,unmanaged,110,40,16.1109
359860,managed,111,40,14.5767
359862,unmanaged,113,165,1.54964
359862,managed,114,165,1.40208
359867,unmanaged,78,225,0.77271
359867,managed,79,225,0.69913
359884,unmanaged,78,90,0.7735
359884,managed,79,90,0.69984
359899,unmanaged,84,86,1.32299
359899,managed,85,86,1.19701
359903,unmanaged,110,26,3.14568
359903,managed,111,26,2.84614
359906,unmanaged,87,225,0.60451
359906,managed,88,225,0.54695
359907,unmanaged,113,165,3.40751
359907,managed,114,165,3.08304
359914,unmanaged,106,20,12.5385
359914,managed,107,20,11.3446
359917,unmanaged,87,225,1.17574
359917,managed,88,225,1.06378
359933,unmanaged,78,225,5.8597
359933,managed,79,225,5.3017
359944,unmanaged,109,40,4.71948
359944,managed,83,40,4.27008
359947,unmanaged,15,121,3.54721
359950,unmanaged,87,144,18.9464
359950,managed,88,144,17.1423
359951,unmanaged,112,35,1.91439
359951,managed,97,35,1.7321
359971,unmanaged,84,165,4.07647
359971,managed,85,165,3.6883
359981,unmanaged,95,109,12.9087
359981,managed,96,109,11.6795
359988,unmanaged,87,225,1.36756
359988,managed,88,225,1.23734
359993,unmanaged,84,226,1.2253
359993,managed,85,226,1.10862
360006,unmanaged,110,22,1.10422
360006,managed,111,22,0.99907
360012,unmanaged,87,225,10.5087
360012,managed,88,225,9.5081
360029,unmanaged,87,275,28.1518
360029,managed,88,275,25.4711
360042,unmanaged,110,19,2.66591
360042,managed,111,19,2.41205
360056,unmanaged,104,275,17.0367
360056,managed,105,275,15.4145
360064,unmanaged,87,225,4.12899
360064,managed,88,225,3.73582
360065,unmanaged,84,225,2.05534
360065,managed,85,225,1.85963
360072,unmanaged,15,151,16.5377
360095,unmanaged,110,23,1.47627
360095,managed,111,23,1.3357
360105,unmanaged,78,90,1.65202
360105,managed,79,90,1.49471
360127,unmanaged,84,275,0.81454
360127,managed,85,275,0.73698
360135,unmanaged,104,275,3.80033
360135,managed,105,275,3.43845
360165,unmanaged,113,225,0.53448
360165,managed,114,225,0.483581
360179,unmanaged,87,109,26.0898
360179,managed,88,109,23.6054
360181,unmanaged,78,225,2.4562
360181,managed,79,225,2.22231
360184,unmanaged,87,225,1.70264
360184,managed,88,225,1.54051
360220,unmanaged,87,225,5.0852
360220,managed,88,225,4.60094
360234,unmanaged,110,26,1.62361
360234,managed,111,26,1.469
360242,unmanaged,104,275,7.3727
360242,managed,105,275,6.6706
360245,unmanaged,87,173,15.1694
360245,managed,88,173,13.725
360262,unmanaged,110,24,4.66928
360262,managed,111,24,4.22466
360301,unmanaged,104,145,7.9273
360301,managed,105,145,7.1724
360302,unmanaged,87,132,3.32595
360302,managed,88,132,3.00925
360305,unmanaged,95,111,1.55712
360305,managed,96,111,1.40885
360317,unmanaged,110,28,1.7342
360317,managed,111,28,1.56907
360363,unmanaged,106,20,0.54306
360363,managed,107,20,0.49135
360367,unmanaged,110,22,9.1616
360367,managed,111,22,8.2892
360378,unmanaged,84,225,7.573
360378,managed,85,225,6.8519
360384,unmanaged,110,40,23.9312
360384,managed,111,40,21.6524
360394,unmanaged,110,26,6.4947
360394,managed,111,26,5.8763
360396,unmanaged,110,19,2.05894
360396,managed,111,19,1.86288
360404,unmanaged,15,225,1.1673
360420,unmanaged,92,130,4.82958
360420,managed,93,130,4.3697
360426,unmanaged,87,225,4.78329
360426,managed,88,225,4.32781
360427,unmanaged,84,225,2.88933
360427,managed,85,225,2.6142
360429,unmanaged,113,151,2.80694
360429,managed,114,151,2.53966
360433,unmanaged,84,145,5.6223
360433,managed,85,145,5.0869
360436,unmanaged,113,95,0.76187
360436,managed,114,95,0.68932
360450,unmanaged,78,145,2.35196
360450,managed,79,145,2.128
360460,unmanaged,87,71,0.85079
360460,managed,88,71,0.76978
360473,unmanaged,87,225,1.22849
360473,managed,88,225,1.11151
360484,unmanaged,110,24,0.81713
360484,managed,111,24,0.73932
360490,unmanaged,87,225,1.10793
360490,managed,88,225,1.00243
360514,unmanaged,104,275,6.4397
360514,managed,105,275,5.8265
360522,unmanaged,113,275,2.10573
360522,managed,114,275,1.90522
360538,unmanaged,84,325,0.1804
360538,managed,85,325,0.163222
360539,unmanaged,84,225,3.40405
360539,managed,85,225,3.07991
360546,unmanaged,113,165,6.9038
360546,managed,114,165,6.2464
360547,unmanaged,104,275,14.0027
360547,managed,105,275,12.6693
360558,unmanaged,95,146,1.34126
360558,managed,96,146,1.21354
360567,unmanaged,113,225,0.95857
360567,managed,114,225,0.86729
360568,unmanaged,113,95,2.28791
360568,managed,114,95,2.07004
360570,unmanaged,92,165,13.6288
360570,managed,93,165,12.3311
360772,unmanaged,87,161,0.77356
360772,managed,88,161,0.6999
360773,unmanaged,81,311,49.558
360773,managed,82,311,44.839
360774,unmanaged,87,145,1.96164
360774,managed,88,145,1.77485
360775,unmanaged,78,111,0.072557
360775,managed,79,111,0.065648
360776,unmanaged,78,212,0.494487
360776,managed,79,212,0.4474
360778,unmanaged,78,211,0.072186
360778,managed,79,211,0.065312
360780,unmanaged,109,40,11.6586
360780,managed,83,40,10.5485
360784,unmanaged,87,151,2.34967
360784,managed,88,151,2.12593
360786,unmanaged,95,71,0.0043549
360786,managed,96,71,0.0039402
360787,unmanaged,78,261,0.455345
360787,managed,79,261,0.411985
360788,unmanaged,87,211,1.94626
360788,managed,88,211,1.76093
360789,unmanaged,106,35,4.93771
360789,managed,107,35,4.46753
360802,unmanaged,13,225,0.0020705
360803,unmanaged,87,155,3.63525
360803,managed,88,155,3.28909
360813,unmanaged,84,225,2.65311
360813,managed,85,225,2.40048
360821,unmanaged,110,22,0.97729
360821,managed,111,22,0.88423
360822,unmanaged,78,79,12.323
360822,managed,79,79,11.1496
360840,unmanaged,87,225,4.12696
360840,managed,88,225,3.73398
360841,unmanaged,84,325,10.0335
360841,managed,85,325,9.0781
360842,unmanaged,110,22,24.6021
360842,managed,111,22,22.2594
360858,unmanaged,104,225,3.4011
360858,managed,105,225,3.07724
360874,unmanaged,84,145,3.90745
360874,managed,85,145,3.53537
360876,unmanaged,87,265,13.5568
360876,managed,88,265,12.2659
360887,unmanaged,104,145,0.473636
360887,managed,105,145,0.428535
360891,unmanaged,84,275,11.9589
360891,managed,85,275,10.8201
360892,unmanaged,84,230,6.068
360892,managed,85,230,5.4902
360900,unmanaged,104,275,9.9857
360900,managed,105,275,9.0348
360916,unmanaged,87,190,19.2858
360916,managed,88,190,17.4493
360920,unmanaged,78,225,0.391272
360920,managed,79,225,0.354014
360935,unmanaged,84,425,1.2737
360935,managed,85,425,1.15242
360936,unmanaged,84,225,3.95148
360936,managed,85,225,3.57521
360937,unmanaged,84,325,3.19764
360937,managed,85,325,2.89316
360958,unmanaged,84,225,1.10048
360958,managed,85,225,0.99569
360973,unmanaged,110,40,32.9911
360973,managed,111,40,29.8496
360982,unmanaged,84,325,1.74295
360982,managed,85,325,1.57698
360987,unmanaged,92,125,2.99568
360987,managed,93,125,2.71042
360999,unmanaged,84,225,2.84196
360999,managed,85,225,2.57134
361011,unmanaged,84,325,1.19412
361011,managed,85,325,1.08041
361025,unmanaged,87,167,40.4986
361025,managed,88,167,36.6422
361043,unmanaged,110,35,4.75177
361043,managed,111,35,4.29929
361058,unmanaged,84,275,4.4538
361058,managed,85,275,4.0297
361060,unmanaged,78,90,18.2669
361060,managed,79,90,16.5275
361241,unmanaged,15,161,29.4926
361242,unmanaged,42,311,1.24364
361243,unmanaged,15,145,0.249016
361244,unmanaged,72,14,0.205965
361247,unmanaged,24,111,2.23458
361248,unmanaged,70,28,0.018526
361249,unmanaged,42,275,1.09948
361252,unmanaged,24,212,25.3531
361254,unmanaged,24,211,0.91651
361257,unmanaged,74,40,0.202893
361260,unmanaged,50,151,17.4032
361262,unmanaged,70,29,0.0158855
361265,unmanaged,15,151,0.076051
361268,unmanaged,50,225,0.174257
361270,unmanaged,23,71,6.3561
361271,unmanaged,24,104,48.641
361272,unmanaged,24,261,0.68651
361273,unmanaged,15,211,1.15281
361274,unmanaged,15,364,5.5944
361276,unmanaged,75,35,0.071217
361304,unmanaged,13,225,7.7704
361306,unmanaged,15,155,0.0271822
361333,unmanaged,13,225,5.8576
361344,unmanaged,70,22,0.153603
361345,unmanaged,24,79,0.0085406
361357,unmanaged,23,103,11.4203
361379,unmanaged,15,225,0.095975
361381,unmanaged,15,225,3.18766
361382,unmanaged,13,226,12.4807
361383,unmanaged,13,325,0.0226685
361384,unmanaged,70,22,0.0163436
361405,unmanaged,23,71,4.59932
361412,unmanaged,43,225,65.445
361444,unmanaged,13,145,4.28636
361449,unmanaged,15,265,1.67341
361452,unmanaged,43,325,0.111025
361464,unmanaged,43,145,1.50402
361475,unmanaged,13,275,0.76088
361477,unmanaged,13,230,4.70262
361510,unmanaged,15,190,54.454
361518,unmanaged,24,225,0.9148
361547,unmanaged,43,225,2.93937
361554,unmanaged,13,425,3.82203
361555,unmanaged,13,225,0.058612
361557,unmanaged,13,325,0.366868
361594,unmanaged,13,225,11.2223
361616,unmanaged,70,40,0.92398
361643,unmanaged,69,125,42.7753
361663,unmanaged,13,225,0.0160742
361684,unmanaged,15,129,0.0154535
361692,unmanaged,13,325,0.0096291
361716,unmanaged,15,167,9.6416
361751,unmanaged,70,35,0.405244
361752,unmanaged,15,225,3.29407
361775,unmanaged,13,275,16.9175
361777,unmanaged,24,90,0.75751
361853,unmanaged,87,225,2.00736
361853,managed,88,225,1.81621
361854,unmanaged,43,111,0.50287
361857,unmanaged,15,125,0.296331
361868,unmanaged,87,225,0.343662
361868,managed,88,225,0.310937
361873,unmanaged,15,225,0.71834
361875,unmanaged,84,225,5.9254
361875,managed,85,225,5.3611
361891,unmanaged,84,145,7.2267
361891,managed,85,145,6.5385
361895,unmanaged,84,275,1.55882
361895,managed,85,275,1.41038
361898,unmanaged,78,86,1.05014
361898,managed,79,86,0.95014
361900,unmanaged,87,225,2.80857
361900,managed,88,225,2.54113
361904,unmanaged,87,225,0.73067
361904,managed,88,225,0.66109
361909,unmanaged,87,225,0.268254
361909,managed,88,225,0.24271
361930,unmanaged,104,165,2.06934
361930,managed,105,165,1.87229
361946,unmanaged,87,225,2.04267
361946,managed,88,225,1.84816
362043,unmanaged,15,225,0.479718
362044,unmanaged,15,225,4.5538
362045,unmanaged,14,75,4.40738
362046,unmanaged,24,145,29.5076
362047,unmanaged,14,196,6.8389
362048,unmanaged,43,111,8.8497
362051,unmanaged,23,165,1.28977
362061,unmanaged,15,225,0.281151
362062,unmanaged,15,225,8.6812
362063,unmanaged,15,125,0.69516
362071,unmanaged,14,116,0.65507
362082,unmanaged,14,65,1.62619
362089,unmanaged,15,225,3.7517
362094,unmanaged,15,225,1.19485
362097,unmanaged,15,225,0.53925
362103,unmanaged,22,165,8.4463
362108,unmanaged,13,225,0.463615
362129,unmanaged,23,165,4.05688
362130,unmanaged,13,225,11.2652
362132,unmanaged,13,145,0.111548
362136,unmanaged,14,196,0.82458
362139,unmanaged,13,165,2.35631
362146,unmanaged,13,275,0.192254
362159,unmanaged,24,86,4.13802
362163,unmanaged,15,225,0.90669
362164,unmanaged,14,196,8.6562
362166,unmanaged,13,225,1.03749
362168,unmanaged,14,196,10.7835
362176,unmanaged,15,225,0.172139
362177,unmanaged,14,196,5.1772
362188,unmanaged,15,225,18.6565
362194,unmanaged,14,196,3.59782
362201,unmanaged,14,196,0.82496
362212,unmanaged,14,196,1.71084
362219,unmanaged,15,225,5.9278
362233,unmanaged,15,225,2.70231
362235,unmanaged,14,75,1.61368
362243,unmanaged,13,186,0.251718
362244,unmanaged,43,165,0.81051
362246,unmanaged,15,225,2.35788
362251,unmanaged,14,196,3.12405
362258,unmanaged,15,225,0.296342
362279,unmanaged,24,110,5.07
362286,unmanaged,15,225,0.69228
362338,unmanaged,50,151,0.0014335
362406,unmanaged,84,225,4.4981
362406,managed,85,225,4.06978
362407,unmanaged,87,364,0.168397
362407,managed,88,364,0.152362
362408,unmanaged,87,129,22.3882
362408,managed,88,129,20.2563
362409,unmanaged,87,225,17.027
362409,managed,88,225,15.4056
362410,unmanaged,13,225,3.77052
362411,unmanaged,24,138,0.55768
362412,unmanaged,72,14,2.88039
362414,unmanaged,15,364,0.448236
362415,unmanaged,13,226,17.9561
362416,unmanaged,15,129,3.43727
362417,unmanaged,15,225,7.891
362539,unmanaged,110,35,1.37529
362539,managed,111,35,1.24433
362545,unmanaged,87,96,2.55262
362545,managed,88,96,2.30955
362546,unmanaged,95,94,17.2707
362546,managed,96,94,15.6262
362550,unmanaged,110,28,10.7543
362550,managed,111,28,9.7303
362557,unmanaged,113,145,0.69076
362557,managed,114,145,0.62498
362565,unmanaged,104,180,14.7852
362565,managed,105,180,13.3773
362569,unmanaged,78,90,5.5519
362569,managed,79,90,5.0233
362579,unmanaged,113,105,87.162
362579,managed,114,105,78.863
362581,unmanaged,113,225,0.493845
362581,managed,114,225,0.44682
362583,unmanaged,110,35,2.83969
362583,managed,111,35,2.56928
362588,unmanaged,106,33,37.4252
362588,managed,107,33,33.8615
362596,unmanaged,84,180,3.75152
362596,managed,85,180,3.39429
362602,unmanaged,78,105,7.1723
362602,managed,79,105,6.4893
362608,unmanaged,128,165,6.5792
362608,managed,129,165,5.9527
362609,unmanaged,128,105,9.6704
362609,managed,129,105,8.7495
362610,unmanaged,78,96,15.6798
362610,managed,79,96,14.1867
362613,unmanaged,112,35,2.43007
362613,managed,97,35,2.19867
362619,unmanaged,113,105,57.494
362619,managed,114,105,52.019
362643,unmanaged,87,225,2.23007
362643,managed,88,225,2.01772
362644,unmanaged,106,20,3.7592
362644,managed,107,20,3.40123
362664,unmanaged,78,225,1.08282
362664,managed,79,225,0.97971
362668,unmanaged,110,35,7.0668
362668,managed,111,35,6.3939
362672,unmanaged,78,275,1.21645
362672,managed,79,275,1.10061
362676,unmanaged,110,22,2.48137
362676,managed,111,22,2.24509
362681,unmanaged,84,225,11.1061
362681,managed,85,225,10.0486
362688,unmanaged,113,165,0.55621
362688,managed,114,165,0.50325
362695,unmanaged,78,91,4.5864
362695,managed,79,91,4.14967
362697,unmanaged,106,20,1.28759
362697,managed,107,20,1.16498
362699,unmanaged,84,76,1.46473
362699,managed,85,76,1.32525
362715,unmanaged,84,275,3.66272
362715,managed,85,275,3.31395
362719,unmanaged,110,22,36.5031
362719,managed,111,22,33.0272
362722,unmanaged,110,35,3.69834
362722,managed,111,35,3.34618
362755,unmanaged,110,28,3.44993
362755,managed,111,28,3.12142
362756,unmanaged,81,275,0.0376434
362756,managed,82,275,0.0340589
362760,unmanaged,110,29,13.6754
362760,managed,111,29,12.3732
362782,unmanaged,87,225,3.67158
362782,managed,88,225,3.32196
362798,unmanaged,104,325,20.164
362798,managed,105,325,18.2439
362849,unmanaged,87,225,2.95784
362849,managed,88,225,2.67618
362850,unmanaged,87,225,29.2963
362850,managed,88,225,26.5067
362863,unmanaged,87,225,5.512
362863,managed,88,225,4.98709
362864,unmanaged,87,225,2.38364
362864,managed,88,225,2.15667
362866,unmanaged,87,225,2.69826
362866,managed,88,225,2.44132
362868,unmanaged,78,110,0.75002
362868,managed,79,110,0.6786
362884,unmanaged,78,138,22.1542
362884,managed,79,138,20.0446
362885,unmanaged,102,14,36.5206
362885,managed,103,14,33.043
362886,unmanaged,113,225,2.90796
362886,managed,114,225,2.63106
362887,unmanaged,84,226,9.8027
362887,managed,85,226,8.8692
363019,unmanaged,70,35,0.322912
363025,unmanaged,15,96,0.125419
363030,unmanaged,70,28,0.147492
363037,unmanaged,50,145,0.0050802
363046,unmanaged,43,180,1.47532
363050,unmanaged,24,90,0.412064
363060,unmanaged,50,105,6.1917
363062,unmanaged,50,225,0.206655
363064,unmanaged,70,35,0.326024
363069,unmanaged,75,33,0.0058256
363077,unmanaged,13,180,0.0254041
363083,unmanaged,24,105,0.88841
363089,unmanaged,73,165,0.0242864
363090,unmanaged,73,105,0.05828
363091,unmanaged,24,96,2.20975
363094,unmanaged,131,35,0.155822
363100,unmanaged,50,105,1.89157
363128,unmanaged,15,225,0.308531
363130,unmanaged,75,20,0.0120763
363151,unmanaged,24,225,0.68955
363155,unmanaged,70,35,0.90033
363159,unmanaged,24,275,0.120108
363164,unmanaged,70,22,0.62418
363170,unmanaged,13,225,0.399557
363177,unmanaged,50,165,0.387713
363182,unmanaged,15,75,0.194282
363183,unmanaged,50,105,0.0206487
363186,unmanaged,24,91,0.469923
363188,unmanaged,75,20,0.0047479
363190,unmanaged,13,76,0.97954
363204,unmanaged,23,106,2.56836
363207,unmanaged,13,275,0.64131
363213,unmanaged,70,22,1.48964
363216,unmanaged,70,35,0.0033507
363255,unmanaged,70,28,0.067785
363256,unmanaged,42,275,0.0027192
363260,unmanaged,70,29,0.0252951
363264,unmanaged,24,104,3.17402
363283,unmanaged,23,103,0.35132
363289,unmanaged,15,225,0.292768
363306,unmanaged,43,325,1.44965
363362,unmanaged,15,225,0.0021972
363364,unmanaged,15,225,0.91683
363365,unmanaged,15,225,1.26518
363381,unmanaged,15,225,0.0176578
363383,unmanaged,24,110,0.113907
363389,unmanaged,50,151,2.94296
363400,unmanaged,24,138,0.153977
363401,unmanaged,72,14,0.79541
363402,unmanaged,50,225,0.385379
363403,unmanaged,13,226,0.72921
363534,unmanaged,95,85,5.5982
363534,managed,96,85,5.0651
363540,unmanaged,87,75,7.7241
363540,managed,88,75,6.9886
363541,unmanaged,113,105,7.6198
363541,managed,114,105,6.8943
363542,unmanaged,95,106,54.617
363542,managed,96,106,49.4164
363544,unmanaged,106,36,114.629
363544,managed,107,36,103.714
363552,unmanaged,110,35,0.188254
363552,managed,111,35,0.170328
363555,unmanaged,95,103,5.2742
363555,managed,96,103,4.77198
363556,unmanaged,164,33,11.0861
363556,managed,94,33,10.0304
363698,unmanaged,23,85,3.84215
363704,unmanaged,15,75,4.80383
363705,unmanaged,50,105,0.106814
363706,unmanaged,23,106,0.0153835
363708,unmanaged,75,36,0.49316
363717,unmanaged,70,35,1.16321
363720,unmanaged,23,103,5.5462
363721,unmanaged,144,33,2.59368
363728,unmanaged,87,225,1.1957
363728,managed,88,225,1.08184
363729,unmanaged,78,104,125.308
363729,managed,79,104,113.376
363730,unmanaged,87,225,9.5048
363730,managed,88,225,8.5997
363731,unmanaged,113,151,58.181
363731,managed,114,151,52.641
363732,unmanaged,15,225,1.04795
363733,unmanaged,24,104,0.247259
363734,unmanaged,15,225,0.69887
363735,unmanaged,50,151,3.75402
397838,unmanaged,87,144,1.32299
397838,managed,88,144,1.19701
397847,unmanaged,87,296,1.83016
397847,managed,88,296,1.65589
397849,unmanaged,84,207,19.5861
397849,managed,85,207,17.721
397858,unmanaged,84,157,4.42061
397858,managed,85,157,3.99967
397861,unmanaged,78,106,8.8436
397861,managed,79,106,8.0015
397867,unmanaged,101,31,0.66149
397867,managed,80,31,0.59851
397871,unmanaged,87,209,7.1347
397871,managed,88,209,6.4553
397873,unmanaged,84,117,2.22073
397873,managed,85,117,2.00927
397876,unmanaged,84,207,1.41749
397876,managed,85,207,1.28251
397878,unmanaged,78,159,7.9327
397878,managed,79,159,7.1773
397885,unmanaged,87,151,2.22073
397885,managed,88,151,2.00927
397909,unmanaged,87,166,2.25223
397909,managed,88,166,2.03777
397910,unmanaged,101,45,1.98476
397910,managed,80,45,1.79576
397912,unmanaged,84,177,5.5335
397912,managed,85,177,5.0065
397922,unmanaged,42,136,1.0767
397927,unmanaged,78,216,2.41498
397927,managed,79,216,2.18502
397928,unmanaged,81,185,6.3152
397928,managed,82,185,5.7139
397938,unmanaged,87,200,4.20522
397938,managed,88,200,3.80478
397949,unmanaged,87,209,5.6227
397949,managed,88,209,5.0873
397952,unmanaged,84,157,15.6921
397952,managed,85,157,14.1979
397973,unmanaged,104,107,0.95549
397973,managed,105,107,0.86451
397982,unmanaged,84,176,1.27049
397982,managed,85,176,1.14951
397986,unmanaged,84,137,13.1104
397986,managed,85,137,11.862
397997,unmanaged,84,117,1.85324
397997,managed,85,117,1.67676
397998,unmanaged,87,140,2.17348
397998,managed,88,140,1.96652
398028,unmanaged,84,296,1.56396
398028,managed,85,296,1.41503
398029,unmanaged,115,44,0.75599
398029,managed,89,44,0.68401
398030,unmanaged,84,117,1.29674
398030,managed,85,117,1.17326
398031,unmanaged,84,157,8.4799
398031,managed,85,157,7.6725
398032,unmanaged,95,95,2.31523
398032,managed,96,95,2.09477
398044,unmanaged,87,166,2.26798
398044,managed,88,166,2.05202
398046,unmanaged,43,97,5.5467
398070,unmanaged,115,46,1.75349
398070,managed,89,46,1.58651
398080,unmanaged,14,136,8.2344
398085,unmanaged,84,117,1.74575
398085,managed,85,117,1.57951
398087,unmanaged,84,157,0.69206
398087,managed,85,157,0.62616
398088,unmanaged,104,107,6.4784
398088,managed,105,107,5.8616
398095,unmanaged,87,177,0.81663
398095,managed,88,177,0.73887
398104,unmanaged,78,216,1.38024
398104,managed,79,216,1.24881
398107,unmanaged,108,0,0.68097
398107,managed,86,0,0.61613
398110,unmanaged,84,137,3.53578
398110,managed,85,137,3.19909
398111,unmanaged,78,132,1.65374
398111,managed,79,132,1.49626
398115,unmanaged,87,118,2.89798
398115,managed,88,118,2.62202
398116,unmanaged,43,97,1.3996
398118,unmanaged,84,257,1.85324
398118,managed,85,257,1.67676
398122,unmanaged,101,48,0.56175
398122,managed,80,48,0.50825
398143,unmanaged,109,26,2.25748
398143,managed,83,26,2.04252
398151,unmanaged,84,157,0.68249
398151,managed,85,157,0.61751
398152,unmanaged,81,185,2.38348
398152,managed,82,185,2.15652
398178,unmanaged,78,92,1.46474
398178,managed,79,92,1.32526
398195,unmanaged,108,0,1.4101
398195,managed,86,0,1.27582
398196,unmanaged,84,137,0.6195
398196,managed,85,137,0.5605
398200,unmanaged,84,177,6.8723
398200,managed,85,177,6.2179
398210,unmanaged,84,138,7.3313
398210,managed,85,138,6.6332
398219,unmanaged,115,58,1.08674
398219,managed,89,58,0.98326
398231,unmanaged,87,177,0.84421
398231,managed,88,177,0.76382
398234,unmanaged,13,137,2.45188
398243,unmanaged,84,237,1.27574
398243,managed,85,237,1.15426
398244,unmanaged,84,237,1.84799
398244,managed,85,237,1.67201
398278,unmanaged,84,177,3.77472
398278,managed,85,177,3.41528
398279,unmanaged,84,157,0.371894
398279,managed,85,157,0.336481
398289,unmanaged,78,231,4.01622
398289,managed,79,231,3.63378
398295,unmanaged,108,0,2.71464
398295,managed,86,0,2.45614
398302,unmanaged,104,62,1.41827
398302,managed,105,62,1.28321
398328,unmanaged,84,117,2.75623
398328,managed,85,117,2.49377
398333,unmanaged,84,177,1.14567
398333,managed,85,177,1.03657
398335,unmanaged,84,237,1.56974
398335,managed,85,237,1.42026
398343,unmanaged,87,148,1.37024
398343,managed,88,148,1.23976
398344,unmanaged,84,137,9.6714
398344,managed,85,137,8.7504
398345,unmanaged,128,171,2.55673
398345,managed,129,171,2.31327
398352,unmanaged,87,120,1.18124
398352,managed,88,120,1.06876
398353,unmanaged,81,185,4.39947
398353,managed,82,185,3.98054
398369,unmanaged,78,126,0.66149
398369,managed,79,126,0.59851
398371,unmanaged,78,203,17.6455
398371,managed,79,203,15.9652
398376,unmanaged,84,117,2.37925
398376,managed,85,117,2.15269
398377,unmanaged,87,70,4.96646
398377,managed,88,70,4.49354
398386,unmanaged,95,157,1.27629
398386,managed,96,157,1.15476
398391,unmanaged,87,77,24.5488
398391,managed,88,77,22.2112
398397,unmanaged,84,157,3.72345
398397,managed,85,157,3.36889
398414,unmanaged,84,197,1.44899
398414,managed,85,197,1.31101
398417,unmanaged,87,166,0.89774
398417,managed,88,166,0.81226
398426,unmanaged,78,123,2.64598
398426,managed,79,123,2.39402
398428,unmanaged,78,132,3.96372
398428,managed,79,132,3.58628
398432,unmanaged,104,196,0.97649
398432,managed,105,196,0.88351
398449,unmanaged,84,237,1.17676
398449,managed,85,237,1.06471
398463,unmanaged,87,118,31.8282
398463,managed,88,118,28.7974
398465,unmanaged,81,185,0.68249
398465,managed,82,185,0.61751
398466,unmanaged,78,121,4.34697
398466,managed,79,121,3.93303
398471,unmanaged,95,146,0.56554
398471,managed,96,146,0.51169
398475,unmanaged,84,156,1.95298
398475,managed,85,156,1.76702
398480,unmanaged,87,171,1.07099
398480,managed,88,171,0.96901
398494,unmanaged,104,107,1.39124
398494,managed,105,107,1.25876
398500,unmanaged,102,43,0.6195
398500,managed,103,43,0.5605
398510,unmanaged,84,177,1.91098
398510,managed,85,177,1.72902
398513,unmanaged,78,216,4.20135
398513,managed,79,216,3.80128
398517,unmanaged,87,66,13.6814
398517,managed,88,66,12.3786
398528,unmanaged,43,97,2.68
398536,unmanaged,84,237,10.845
398536,managed,85,237,9.8123
398548,unmanaged,84,176,1.07161
398548,managed,85,176,0.96957
398568,unmanaged,84,197,3.87447
398568,managed,85,197,3.50553
398572,unmanaged,87,66,11.6392
398572,managed,88,66,10.5308
398573,unmanaged,87,186,0.94499
398573,managed,88,186,0.85501
398574,unmanaged,84,177,3.87447
398574,managed,85,177,3.50553
398583,unmanaged,84,207,15.8777
398583,managed,85,207,14.3658
398584,unmanaged,87,139,2.31261
398584,managed,88,139,2.09239
398587,unmanaged,87,171,1.17006
398587,managed,88,171,1.05864
398592,unmanaged,87,137,0.61143
398592,managed,88,137,0.55321
398616,unmanaged,110,27,0.93974
398616,managed,111,27,0.85026
398619,unmanaged,78,204,0.1602
398619,managed,79,204,0.144946
398630,unmanaged,104,157,2.87043
398630,managed,105,157,2.5971
398647,unmanaged,87,207,2.91335
398647,managed,88,207,2.63593
398661,unmanaged,78,203,3.83741
398661,managed,79,203,3.472
398676,unmanaged,108,0,0.68305
398676,managed,86,0,0.61801
398682,unmanaged,87,144,1.62224
398682,managed,88,144,1.46776
398687,unmanaged,87,140,18.7108
398687,managed,88,140,16.9291
398696,unmanaged,87,148,0.70874
398696,managed,88,148,0.64126
398701,unmanaged,81,185,0.66149
398701,managed,82,185,0.59851
398706,unmanaged,81,185,1.87948
398706,managed,82,185,1.70052
398715,unmanaged,43,98,2.34
398726,unmanaged,78,123,2.51998
398726,managed,79,123,2.28002
398733,unmanaged,84,156,3.64775
398733,managed,85,156,3.3004
398738,unmanaged,87,166,2.36248
398738,managed,88,166,2.13752
398740,unmanaged,164,57,0.60375
398740,managed,94,57,0.54625
398756,unmanaged,84,297,1.02449
398756,managed,85,297,0.92694
398762,unmanaged,104,107,2.44648
398762,managed,105,107,2.21352
398778,unmanaged,113,147,3.68547
398778,managed,114,147,3.33453
398794,unmanaged,84,156,2.20918
398794,managed,85,156,1.99881
398802,unmanaged,78,216,0.95024
398802,managed,79,216,0.85976
398804,unmanaged,84,157,1.41207
398804,managed,85,157,1.27761
398813,unmanaged,164,57,7.5494
398813,managed,94,57,6.8306
398823,unmanaged,43,97,8.1843
398831,unmanaged,84,207,1.51327
398831,managed,85,207,1.36917
398842,unmanaged,84,117,1.19699
398842,managed,85,117,1.08301
398844,unmanaged,84,237,13.5875
398844,managed,85,237,12.2937
398853,unmanaged,87,166,3.02398
398853,managed,88,166,2.73602
398858,unmanaged,87,186,0.66149
398858,managed,88,186,0.59851
398865,unmanaged,84,207,2.71948
398865,managed,85,207,2.46052
398877,unmanaged,84,156,1.44173
398877,managed,85,156,1.30444
398893,unmanaged,43,97,6.0023
398895,unmanaged,84,117,0.609
398895,managed,85,117,0.551
398898,unmanaged,84,135,18.5849
398898,managed,85,135,16.8151
398902,unmanaged,78,216,1.78499
398902,managed,79,216,1.61501
398909,unmanaged,78,116,2.97148
398909,managed,79,116,2.68852
398910,unmanaged,108,0,3.42763
398910,managed,86,0,3.10124
398915,unmanaged,87,71,1.88998
398915,managed,88,71,1.71002
398931,unmanaged,84,237,1.32299
398931,managed,85,237,1.19701
398932,unmanaged,87,186,5.292
398932,managed,88,186,4.78804
398933,unmanaged,87,148,0.94499
398933,managed,88,148,0.85501
398938,unmanaged,84,137,5.8537
398938,managed,85,137,5.2963
398942,unmanaged,81,61,3.19722
398942,managed,82,61,2.89278
398944,unmanaged,84,157,5.7701
398944,managed,85,157,5.2206
398951,unmanaged,87,133,0.70874
398951,managed,88,133,0.64126
398990,unmanaged,87,151,1.79549
398990,managed,88,151,1.62451
398991,unmanaged,87,140,3.21297
398991,managed,88,140,2.90703
398994,unmanaged,84,176,1.87948
398994,managed,85,176,1.70052
398996,unmanaged,13,137,4.95346
399001,unmanaged,84,107,1.47524
399001,managed,85,107,1.33476
399005,unmanaged,84,156,0.70725
399005,managed,85,156,0.6399
399006,unmanaged,78,191,11.1562
399006,managed,79,191,10.0938
399008,unmanaged,81,185,6.5336
399008,managed,82,185,5.9114
399021,unmanaged,84,157,1.23864
399021,managed,85,157,1.12069
399035,unmanaged,84,137,11.1719
399035,managed,85,137,10.1081
399041,unmanaged,108,0,1.34232
399041,managed,86,0,1.2145
399048,unmanaged,13,96,1.78877
399057,unmanaged,87,134,0.66149
399057,managed,88,134,0.59851
399061,unmanaged,87,120,1.18124
399061,managed,88,120,1.06876
399066,unmanaged,84,156,1.78281
399066,managed,85,156,1.61305
399077,unmanaged,78,132,2.07898
399077,managed,79,132,1.88102
399078,unmanaged,84,156,5.6972
399078,managed,85,156,5.1547
399080,unmanaged,84,237,15.3332
399080,managed,85,237,13.8731
399096,unmanaged,87,133,5.67
399096,managed,88,133,5.13
399097,unmanaged,109,26,7.3369
399097,managed,83,26,6.6382
399099,unmanaged,87,177,1.45949
399099,managed,88,177,1.32051
399101,unmanaged,87,207,0.69748
399101,managed,88,207,0.63107
399111,unmanaged,84,207,1.25264
399111,managed,85,207,1.13336
399121,unmanaged,92,137,5.8327
399121,managed,93,137,5.2773
399129,unmanaged,84,157,1.03783
399129,managed,85,157,0.93901
399138,unmanaged,98,197,1.55924
399138,managed,99,197,1.41076
399163,unmanaged,84,237,2.28898
399163,managed,85,237,2.07102
399171,unmanaged,108,0,0.58107
399171,managed,86,0,0.52574
399189,unmanaged,108,0,1.62033
399189,managed,86,0,1.46603
399235,unmanaged,87,151,2.40973
399235,managed,88,151,2.18027
399242,unmanaged,84,176,1.62304
399242,managed,85,176,1.46849
399264,unmanaged,104,196,5.8367
399264,managed,105,196,5.2809
399269,unmanaged,78,216,0.59325
399269,managed,79,216,0.53675
399285,unmanaged,43,97,5.8521
399297,unmanaged,43,97,6.2509
399300,unmanaged,101,45,7.5809
399300,managed,80,45,6.8591
399329,unmanaged,98,157,1.8246
399329,managed,99,157,1.65086
399340,unmanaged,43,97,1.22
399343,unmanaged,108,0,1.99393
399343,managed,86,0,1.80407
399387,unmanaged,87,69,0.87149
399387,managed,88,69,0.78851
399388,unmanaged,84,267,1.50674
399388,managed,85,267,1.36326
399390,unmanaged,87,161,1.90048
399390,managed,88,161,1.71952
399396,unmanaged,108,0,9.3784
399396,managed,86,0,8.4854
399403,unmanaged,84,137,0.61425
399403,managed,85,137,0.55575
399411,unmanaged,87,104,8.0077
399411,managed,88,104,7.2452
399415,unmanaged,78,203,1.46424
399415,managed,79,203,1.32482
399423,unmanaged,87,70,3.69072
399423,managed,88,70,3.33928
399426,unmanaged,43,97,7.935
399430,unmanaged,78,123,1.84274
399430,managed,79,123,1.66726
399454,unmanaged,84,117,7.5074
399454,managed,85,117,6.7926
399459,unmanaged,78,216,11.2118
399459,managed,79,216,10.1442
399464,unmanaged,108,0,0.97537
399464,managed,86,0,0.88249
399471,unmanaged,87,70,1.00274
399471,managed,88,70,0.90726
399477,unmanaged,78,216,2.88223
399477,managed,79,216,2.60777
399481,unmanaged,13,137,9.0461
399482,unmanaged,84,177,5.2762
399482,managed,85,177,4.77379
399490,unmanaged,87,157,1.74824
399490,managed,88,157,1.58176
399505,unmanaged,87,151,12.7101
399505,managed,88,151,11.4999
399506,unmanaged,87,159,2.87435
399506,managed,88,159,2.60065
399508,unmanaged,78,216,1.22849
399508,managed,79,216,1.11151
399519,unmanaged,87,87,0.55125
399519,managed,88,87,0.498754
399521,unmanaged,87,70,3.08173
399521,managed,88,70,2.78827
399526,unmanaged,72,56,1.16
399530,unmanaged,108,0,7.9388
399530,managed,86,0,7.1828
399532,unmanaged,78,216,0.66149
399532,managed,79,216,0.59851
399535,unmanaged,84,137,5.0715
399535,managed,85,137,4.58854
399536,unmanaged,13,107,3.67
399548,unmanaged,84,217,8.8972
399548,managed,85,217,8.0499
399568,unmanaged,84,177,19.4022
399568,managed,85,177,17.5547
399577,unmanaged,78,121,1.88998
399577,managed,79,121,1.71002
399580,unmanaged,104,157,1.8159
399580,managed,105,157,1.64298
399585,unmanaged,13,137,2.4
399597,unmanaged,84,217,11.3189
399597,managed,85,217,10.2411
399598,unmanaged,78,121,2.31523
399598,managed,79,121,2.09477
399610,unmanaged,84,117,1.97923
399610,managed,85,117,1.79077
399618,unmanaged,115,58,1.46474
399618,managed,89,58,1.32526
399653,unmanaged,87,151,0.80324
399653,managed,88,151,0.72676
399655,unmanaged,113,97,3.3267
399655,managed,114,97,3.00992
399658,unmanaged,13,137,1.11576
399668,unmanaged,84,237,0.88724
399668,managed,85,237,0.80276
399672,unmanaged,87,151,0.61425
399672,managed,88,151,0.55575
399684,unmanaged,84,197,0.54444
399684,managed,85,197,0.492594
399685,unmanaged,95,95,27.2
399685,managed,96,95,24.61
399692,unmanaged,87,87,0.71924
399692,managed,88,87,0.65076
399694,unmanaged,108,0,5.4974
399694,managed,86,0,4.97393
399701,unmanaged,84,217,0.85574
399701,managed,85,217,0.77426
399716,unmanaged,87,70,6.0112
399716,managed,88,70,5.4388
399720,unmanaged,87,140,0.99224
399720,managed,88,140,0.89776
399722,unmanaged,13,137,1.411
399723,unmanaged,104,107,1.67999
399723,managed,105,107,1.52001
399727,unmanaged,87,66,11.5184
399727,managed,88,66,10.4216
399731,unmanaged,87,87,3.72747
399731,managed,88,87,3.37253
399739,unmanaged,104,157,0.398001
399739,managed,105,157,0.360102
399740,unmanaged,78,92,8.9984
399740,managed,79,92,8.1416
399747,unmanaged,87,200,5.6752
399747,managed,88,200,5.1348
399751,unmanaged,78,203,1.33874
399751,managed,79,203,1.21126
399752,unmanaged,43,97,8.8682
399753,unmanaged,43,98,1.17
399754,unmanaged,87,154,1.41749
399754,managed,88,154,1.28251
399771,unmanaged,78,154,2.14501
399771,managed,79,154,1.94075
399773,unmanaged,109,26,4.26297
399773,managed,83,26,3.85703
399783,unmanaged,87,76,11.576
399783,managed,88,76,10.4737
399795,unmanaged,98,197,1.49099
399795,managed,99,197,1.34901
399806,unmanaged,84,207,4.61703
399806,managed,85,207,4.17738
399808,unmanaged,108,0,10.0099
399808,managed,86,0,9.0567
399811,unmanaged,87,159,3.30747
399811,managed,88,159,2.99253
399818,unmanaged,84,157,1.14974
399818,managed,85,157,1.04026
399819,unmanaged,84,156,9.3784
399819,managed,85,156,8.4853
399822,unmanaged,108,0,0.7373
399822,managed,86,0,0.66709
399828,unmanaged,113,73,15.9389
399828,managed,114,73,14.4211
399831,unmanaged,84,257,6.027
399831,managed,85,257,5.453
399837,unmanaged,78,159,4.14747
399837,managed,79,159,3.75253
399838,unmanaged,81,185,2.97588
399838,managed,82,185,2.69251
399844,unmanaged,87,200,2.74048
399844,managed,88,200,2.47952
399854,unmanaged,108,0,0.55526
399854,managed,86,0,0.50239
399855,unmanaged,87,77,7.2974
399855,managed,88,77,6.6026
399865,unmanaged,87,166,3.35472
399865,managed,88,166,3.03528
399887,unmanaged,84,237,2.35723
399887,managed,85,237,2.13277
399897,unmanaged,43,97,3.29236
399904,unmanaged,115,46,1.70099
399904,managed,89,46,1.53901
399908,unmanaged,101,35,2.90848
399908,managed,80,35,2.63152
399909,unmanaged,84,177,1.5142
399909,managed,85,177,1.37002
399911,unmanaged,78,216,0.73499
399911,managed,79,216,0.66501
399926,unmanaged,104,126,0.0377691
399926,managed,105,126,0.0341727
399932,unmanaged,78,216,0.67724
399932,managed,79,216,0.61276
399944,unmanaged,104,86,0.54163
399944,managed,105,86,0.490054
399946,unmanaged,87,166,2.59873
399946,managed,88,166,2.35127
399948,unmanaged,78,132,4.77221
399948,managed,79,132,4.31779
399950,unmanaged,84,237,3.45972
399950,managed,85,237,3.13028
399951,unmanaged,106,57,0.62475
399951,managed,107,57,0.56526
399989,unmanaged,87,151,2.88568
399989,managed,88,151,2.6109
399995,unmanaged,87,139,0.54075
399995,managed,88,139,0.489254
399996,unmanaged,84,177,2.07898
399996,managed,85,177,1.88102
399997,unmanaged,84,107,2.67748
399997,managed,85,107,2.42252
400001,unmanaged,84,157,1.9404
400001,managed,85,157,1.75563
400009,unmanaged,87,153,2.03173
400009,managed,88,153,1.83827
400019,unmanaged,84,207,26.4545
400019,managed,85,207,23.9354
400023,unmanaged,84,237,10.0012
400023,managed,85,237,9.0488
400025,unmanaged,87,66,0.59325
400025,managed,88,66,0.53675
400029,unmanaged,104,157,5.7331
400029,managed,105,157,5.1872
400032,unmanaged,113,73,1.96348
400032,managed,114,73,1.77652
400039,unmanaged,102,56,0.61425
400039,managed,103,56,0.55575
400040,unmanaged,110,27,1.91623
400040,managed,111,27,1.73377
400047,unmanaged,87,87,2.55148
400047,managed,88,87,2.30852
400057,unmanaged,84,138,2.27376
400057,managed,85,138,2.05725
400059,unmanaged,84,137,6.1664
400059,managed,85,137,5.5792
400062,unmanaged,84,257,2.12623
400062,managed,85,257,1.92377
400066,unmanaged,87,151,2.78773
400066,managed,88,151,2.52227
400076,unmanaged,87,157,0.464651
400076,managed,88,157,0.420405
400093,unmanaged,77,0,1.4872
400104,unmanaged,87,87,0.85574
400104,managed,88,87,0.77426
400110,unmanaged,87,144,3.44922
400110,managed,88,144,3.12078
400112,unmanaged,104,97,5.1221
400112,managed,105,97,4.63432
400118,unmanaged,84,207,1.92148
400118,managed,85,207,1.73852
400123,unmanaged,84,217,0.65624
400123,managed,85,217,0.59376
400129,unmanaged,87,70,1.84274
400129,managed,88,70,1.66726
400136,unmanaged,84,157,1.8537
400136,managed,85,157,1.67719
400147,unmanaged,87,189,0.89249
400147,managed,88,189,0.80751
400173,unmanaged,84,137,1.67144
400173,managed,85,137,1.51228
400177,unmanaged,87,133,0.567
400177,managed,88,133,0.513
400193,unmanaged,13,137,3.61
400206,unmanaged,87,186,2.12623
400206,managed,88,186,1.92377
400207,unmanaged,84,177,0.70874
400207,managed,85,177,0.64126
400211,unmanaged,87,166,2.03173
400211,managed,88,166,1.83827
400213,unmanaged,84,177,2.13748
400213,managed,85,177,1.93394
400219,unmanaged,84,207,0.567
400219,managed,85,207,0.513
400231,unmanaged,78,216,2.25955
400231,managed,79,216,2.04439
400239,unmanaged,78,192,6.9457
400239,managed,79,192,6.2843
400242,unmanaged,87,117,0.454605
400242,managed,88,117,0.411316
400248,unmanaged,78,216,1.38074
400248,managed,79,216,1.24926
400252,unmanaged,104,126,4.22753
400252,managed,105,126,3.82497
400269,unmanaged,84,207,1.29303
400269,managed,85,207,1.16991
400271,unmanaged,84,117,7.4549
400271,managed,85,117,6.7451
400275,unmanaged,84,137,3.51747
400275,managed,85,137,3.18253
400278,unmanaged,87,69,0.76124
400278,managed,88,69,0.68876
400323,unmanaged,87,151,5.8957
400323,managed,88,151,5.3343
400333,unmanaged,84,177,11.6602
400333,managed,85,177,10.5498
400336,unmanaged,87,118,2.38348
400336,managed,88,118,2.15652
400337,unmanaged,87,209,1.27574
400337,managed,88,209,1.15426
400342,unmanaged,78,216,7.8172
400342,managed,79,216,7.0728
400346,unmanaged,104,107,1.19174
400346,managed,105,107,1.07826
400349,unmanaged,98,146,3.77997
400349,managed,99,146,3.42003
400356,unmanaged,84,237,0.5565
400356,managed,85,237,0.5035
400364,unmanaged,87,189,3.94272
400364,managed,88,189,3.56728
400367,unmanaged,78,204,3.06598
400367,managed,79,204,2.77402
400381,unmanaged,87,127,2.35855
400381,managed,88,127,2.13396
400391,unmanaged,95,72,11.4141
400391,managed,96,72,10.3272
400392,unmanaged,108,0,0.56192
400392,managed,86,0,0.50841
400400,unmanaged,13,137,1.30383
400431,unmanaged,78,216,7.3237
400431,managed,79,216,6.6263
400432,unmanaged,84,237,0.78749
400432,managed,85,237,0.71251
400433,unmanaged,87,133,1.13399
400433,managed,88,133,1.02601
400434,unmanaged,87,166,2.36248
400434,managed,88,166,2.13752
400449,unmanaged,101,35,0.75599
400449,managed,80,35,0.68401
400463,unmanaged,87,117,3.47372
400463,managed,88,117,3.14295
400501,unmanaged,78,137,0.92176
400501,managed,79,137,0.83398
400503,unmanaged,87,160,1.09191
400503,managed,88,160,0.98794
400560,unmanaged,78,137,3.99517
400560,managed,79,137,3.61474
400589,unmanaged,87,160,3.187
400589,managed,88,160,2.88353
400671,unmanaged,78,137,1.68837
400671,managed,79,137,1.5276
400723,unmanaged,87,160,21.2265
400723,managed,88,160,19.2052
400726,unmanaged,87,148,3.96263
400726,managed,88,148,3.5853
401097,unmanaged,78,78,2.45027
401097,managed,79,78,2.21695
401099,unmanaged,87,162,1.52807
401099,managed,88,162,1.38256
401106,unmanaged,87,153,0.49595
401106,managed,88,153,0.448724
401108,unmanaged,104,97,6.9318
401108,managed,105,97,6.2717
401128,unmanaged,115,58,1.92781
401128,managed,89,58,1.74424
401130,unmanaged,87,162,0.0423413
401130,managed,88,162,0.0383095
401138,unmanaged,115,52,5.3712
401138,managed,89,52,4.85975
401140,unmanaged,104,97,2.09036
401140,managed,105,97,1.89131
401142,unmanaged,87,162,0.174571
401142,managed,88,162,0.157948
401155,unmanaged,95,91,30.4542
401155,managed,96,91,27.5542
401160,unmanaged,84,297,0.061971
401160,managed,85,297,0.05607
401192,unmanaged,101,48,11.9852
401192,managed,80,48,10.844
401195,unmanaged,87,134,9.1643
401195,managed,88,134,8.2917
401209,unmanaged,78,236,0.05205
401209,managed,79,236,0.0470938
401217,unmanaged,84,297,0.0419118
401217,managed,85,297,0.0379208
401236,unmanaged,87,148,0.69591
401236,managed,88,148,0.62965
401243,unmanaged,78,78,14.7312
401243,managed,79,78,13.3284
401245,unmanaged,87,87,1.62177
401245,managed,88,87,1.46734
401254,unmanaged,87,76,6.4031
401254,managed,88,76,5.7934
401288,unmanaged,87,134,1.11875
401288,managed,88,134,1.01222
401291,unmanaged,84,267,0.0415816
401291,managed,85,267,0.0376221
401304,unmanaged,87,76,6.9367
401304,managed,88,76,6.2761
401306,unmanaged,115,44,12.9163
401306,managed,89,44,11.6864
401313,unmanaged,78,127,0.0169756
401313,managed,79,127,0.0153591
401325,unmanaged,23,72,0.0011069
401331,unmanaged,78,236,1.35322
401331,managed,79,236,1.22436
401336,unmanaged,102,57,1.98847
401336,managed,103,57,1.79912
401337,unmanaged,115,52,1.35106
401337,managed,89,52,1.2224
401343,unmanaged,78,127,0.0275946
401343,managed,79,127,0.024967
401353,unmanaged,84,297,0.059289
401353,managed,85,297,0.053644
401365,unmanaged,78,78,7.4258
401365,managed,79,78,6.7187
401372,unmanaged,113,73,6.6198
401372,managed,114,73,5.9895
401403,unmanaged,87,76,6.1358
401403,managed,88,76,5.5515
401405,unmanaged,84,257,0.052937
401405,managed,85,257,0.0478962
401407,unmanaged,115,52,8.7682
401407,managed,89,52,7.9333
401426,unmanaged,95,80,0.071205
401426,managed,96,80,0.064424
401427,unmanaged,115,52,6.9069
401427,managed,89,52,6.2492
401429,unmanaged,87,70,2.03937
401429,managed,88,70,1.84518
401445,unmanaged,87,148,0.45071
401445,managed,88,148,0.407792
401453,unmanaged,84,297,0.0183915
401453,managed,85,297,0.0166402
401469,unmanaged,87,178,0.129714
401469,managed,88,178,0.117362
401471,unmanaged,118,67,2.21895
401471,managed,119,67,2.00766
401487,unmanaged,87,87,0.9158
401487,managed,88,87,0.8286
401492,unmanaged,87,134,0.68967
401492,managed,88,134,0.624
401505,unmanaged,115,46,16.0841
401505,managed,89,46,14.5525
401512,unmanaged,84,96,1.98362
401512,managed,85,96,1.79473
401515,unmanaged,84,96,0.86776
401515,managed,85,96,0.78513
401558,unmanaged,78,98,0.105725
401558,managed,79,98,0.095657
401565,unmanaged,87,162,2.88536
401565,managed,88,162,2.61061
401575,unmanaged,95,72,2.2364
401575,managed,96,72,2.02344
401577,unmanaged,95,80,0.242181
401577,managed,96,80,0.21912
401579,unmanaged,78,229,0.282399
401579,managed,79,229,0.255508
401580,unmanaged,78,229,0.146463
401580,managed,79,229,0.132516
401588,unmanaged,102,43,3.02468
401588,managed,103,43,2.73666
401593,unmanaged,87,148,0.0410023
401593,managed,88,148,0.0370979
401607,unmanaged,115,44,2.6139
401607,managed,89,44,2.365
401608,unmanaged,84,297,1.47014
401608,managed,85,297,1.33015
401624,unmanaged,87,148,3.03958
401624,managed,88,148,2.75014
401627,unmanaged,78,204,26.5332
401627,managed,79,204,24.0066
401658,unmanaged,104,97,1.02076
401658,managed,105,97,0.92356
401661,unmanaged,78,126,11.757
401661,managed,79,126,10.6375
401711,unmanaged,84,257,0.6434
401711,managed,85,257,0.58213
401715,unmanaged,104,97,1.45277
401715,managed,105,97,1.31443
401721,unmanaged,101,48,6.2819
401721,managed,80,48,5.6837
401732,unmanaged,115,46,24.7366
401732,managed,89,46,22.3811
401739,unmanaged,87,178,0.0083967
401739,managed,88,178,0.0075971
401741,unmanaged,87,70,1.1928
401741,managed,88,70,1.07922
401745,unmanaged,78,236,6.0783
401745,managed,79,236,5.4995
401746,unmanaged,78,236,1.05988
401746,managed,79,236,0.95896
401751,unmanaged,84,257,0.129879
401751,managed,85,257,0.117512
401756,unmanaged,87,87,12.5212
401756,managed,88,87,11.3289
401762,unmanaged,15,113,0.268989
401796,unmanaged,87,87,3.66594
401796,managed,88,87,3.31686
401798,unmanaged,78,78,0.64196
401798,managed,79,78,0.58083
401810,unmanaged,15,113,10.7056
401819,unmanaged,87,70,1.73857
401819,managed,88,70,1.57302
401820,unmanaged,84,297,0.0278821
401820,managed,85,297,0.0252271
402609,unmanaged,24,78,0.282774
402616,unmanaged,15,162,1.32937
402625,unmanaged,15,153,0.135327
402627,unmanaged,15,153,0.90058
402628,unmanaged,43,97,0.82651
402635,unmanaged,77,0,0.223561
402650,unmanaged,24,160,4.68
402662,unmanaged,146,58,0.0479461
402666,unmanaged,15,162,2.70935
402678,unmanaged,146,52,0.56903
402680,unmanaged,43,97,0.0283345
402682,unmanaged,15,162,3.47748
402708,unmanaged,13,257,6.39
402714,unmanaged,13,297,1.90196
402727,unmanaged,24,160,2.79
402740,unmanaged,15,162,17.1371
402759,unmanaged,15,148,4.43
402770,unmanaged,15,76,0.028069
402790,unmanaged,15,134,3.44827
402810,unmanaged,24,236,2.67086
402821,unmanaged,13,297,2.30426
402850,unmanaged,15,148,6.2344
402859,unmanaged,24,78,0.130414
402861,unmanaged,15,87,0.0208957
402876,unmanaged,15,76,0.133574
402886,unmanaged,15,178,5.04
402893,unmanaged,15,148,16.2
402932,unmanaged,15,134,1.91934
402937,unmanaged,13,267,2.4208
402955,unmanaged,15,76,0.064412
402961,unmanaged,146,44,2.57728
402974,unmanaged,24,127,9.8677
402989,unmanaged,132,45,0.0485955
402992,unmanaged,23,72,4.13889
403002,unmanaged,24,236,18.9324
403011,unmanaged,72,57,1.98786
403012,unmanaged,146,52,0.0065402
403021,unmanaged,24,127,4.44744
403040,unmanaged,13,297,3.62707
403060,unmanaged,24,78,0.025428
403070,unmanaged,50,73,0.260671
403103,unmanaged,42,79,1.98
403125,unmanaged,15,76,0.0127233
403128,unmanaged,13,257,9.1992
403133,unmanaged,146,52,0.0384585
403163,unmanaged,23,80,5.177
403164,unmanaged,146,52,0.223888
403167,unmanaged,15,70,0.065454
403189,unmanaged,15,148,1.0315
403196,unmanaged,15,148,17.7723
403201,unmanaged,13,297,4.56608
403215,unmanaged,15,120,0.193013
403228,unmanaged,15,178,41.9629
403231,unmanaged,14,67,0.053395
403245,unmanaged,42,79,5.4
403257,unmanaged,13,257,1.87141
403258,unmanaged,15,87,0.275596
403263,unmanaged,15,134,0.126338
403282,unmanaged,146,46,0.163342
403295,unmanaged,13,96,0.095587
403298,unmanaged,13,96,0.98712
403335,unmanaged,24,106,0.0121033
403366,unmanaged,24,98,8.5986
403367,unmanaged,24,160,5.1235
403378,unmanaged,15,150,2.86
403380,unmanaged,15,162,0.33403
403398,unmanaged,23,72,3.18016
403401,unmanaged,23,80,2.72712
403407,unmanaged,24,229,2.27362
403408,unmanaged,24,229,9.438
403417,unmanaged,72,43,0.0486632
403427,unmanaged,15,148,3.2019
403455,unmanaged,146,44,4.0211
403456,unmanaged,15,150,16.56
403458,unmanaged,13,297,20.987
403472,unmanaged,13,257,2.89
403482,unmanaged,15,148,23.9738
403490,unmanaged,24,204,0.285272
403499,unmanaged,15,73,4.58315
403538,unmanaged,43,97,0.0356787
403542,unmanaged,24,126,1.18553
403618,unmanaged,13,257,34.5
403622,unmanaged,43,97,0.122806
403632,unmanaged,132,48,0.67674
403648,unmanaged,146,46,0.0223399
403655,unmanaged,15,178,2.39401
403658,unmanaged,15,70,0.067982
403663,unmanaged,24,236,5.4621
403664,unmanaged,24,236,3.21116
403671,unmanaged,13,257,7.2826
403679,unmanaged,15,87,0.189869
403690,unmanaged,15,113,1.17101
403745,unmanaged,15,87,0.0371927
403751,unmanaged,24,78,0.0372188
403759,unmanaged,42,79,17.73
403778,unmanaged,15,113,9.3401
403796,unmanaged,15,70,0.0384082
403797,unmanaged,13,297,2.52689
404234,unmanaged,42,136,1.55308
404235,unmanaged,24,121,1.27318
404239,unmanaged,84,166,2.91774
404239,managed,85,166,2.63991
404241,unmanaged,87,296,0.61252
404241,managed,88,296,0.5542
404243,unmanaged,13,296,0.0346034
404247,unmanaged,84,166,0.99111
404247,managed,85,166,0.89674
404248,unmanaged,78,166,0.383453
404248,managed,79,166,0.34694
404251,unmanaged,78,166,0.183827
404251,managed,79,166,0.166322
404252,unmanaged,15,296,0.428221
404254,unmanaged,24,115,7.5806
404256,unmanaged,84,166,0.295363
404256,managed,85,166,0.267238
404259,unmanaged,78,124,1.54882
404259,managed,79,124,1.40134
404261,unmanaged,43,136,0.49976
404262,unmanaged,42,121,0.141763
404264,unmanaged,78,124,0.076352
404264,managed,79,124,0.069081
404265,unmanaged,84,166,0.07675
404265,managed,85,166,0.069442
404267,unmanaged,15,296,2.33488
404280,unmanaged,78,124,0.207701
404280,managed,79,124,0.187923
404281,unmanaged,42,136,3.54561
404283,unmanaged,84,166,2.45377
404283,managed,85,166,2.22011
404285,unmanaged,78,166,0.50688
404285,managed,79,166,0.458616
404287,unmanaged,78,166,0.223113
404287,managed,79,166,0.201868
404290,unmanaged,78,124,3.57161
404290,managed,79,124,3.23151
404291,unmanaged,78,166,0.51746
404291,managed,79,166,0.468185
404384,unmanaged,42,136,4.72698
404385,unmanaged,24,121,1.63104
404389,unmanaged,15,216,1.34286
404391,unmanaged,13,166,2.25868
404393,unmanaged,15,296,0.51919
404394,unmanaged,24,126,0.0274033
404396,unmanaged,13,296,1.68225
404400,unmanaged,43,126,0.73189
404401,unmanaged,13,166,2.70266
404402,unmanaged,24,166,0.85721
404405,unmanaged,24,166,1.01074
404406,unmanaged,15,111,2.19181
404408,unmanaged,15,296,1.83861
404410,unmanaged,42,191,3.3775
404411,unmanaged,13,296,2.91647
404412,unmanaged,24,115,0.17881
404413,unmanaged,24,115,0.0113678
404416,unmanaged,13,166,2.94412
404417,unmanaged,24,124,2.57651
404419,unmanaged,24,124,1.18984
404422,unmanaged,24,121,4.5063
404424,unmanaged,43,136,1.57404
404425,unmanaged,42,121,3.00834
404430,unmanaged,24,124,0.93457
404431,unmanaged,13,166,1.25381
404433,unmanaged,15,296,3.49943
404448,unmanaged,24,166,1.50878
404449,unmanaged,24,124,0.68438
404450,unmanaged,42,136,0.360778
404452,unmanaged,13,166,7.0131
404455,unmanaged,24,166,1.94128
404457,unmanaged,24,166,1.50376
404461,unmanaged,24,124,2.98648
404462,unmanaged,15,296,0.408791
404463,unmanaged,43,76,1.92769
404464,unmanaged,24,166,0.266085
404634,unmanaged,84,217,2.76405
404634,managed,85,217,2.50085
404636,unmanaged,87,137,0.9408
404636,managed,88,137,0.85122
404637,unmanaged,84,157,1.89332
404637,managed,85,157,1.71304
404641,unmanaged,87,296,1.02213
404641,managed,88,296,0.9248
404647,unmanaged,87,117,14.8861
404647,managed,88,117,13.4686
404660,unmanaged,78,91,6.5651
404660,managed,79,91,5.9399
404663,unmanaged,87,156,2.45662
404663,managed,88,156,2.22269
404666,unmanaged,108,0,0.480902
404666,managed,86,0,0.435109
404671,unmanaged,78,132,4.26582
404671,managed,79,132,3.85961
404679,unmanaged,84,157,13.3181
404679,managed,85,157,12.0499
404684,unmanaged,84,157,4.67739
404684,managed,85,157,4.23199
404689,unmanaged,106,57,1.68491
404689,managed,107,57,1.52447
404692,unmanaged,78,166,0.472863
404692,managed,79,166,0.427835
404693,unmanaged,84,177,0.98231
404693,managed,85,177,0.88877
404695,unmanaged,87,171,9.714
404695,managed,88,171,8.789
404701,unmanaged,108,0,123.522
404701,managed,86,0,111.76
404706,unmanaged,78,132,1.32824
404706,managed,79,132,1.20176
404714,unmanaged,78,135,2.30889
404714,managed,79,135,2.08904
404715,unmanaged,87,144,10.7366
404715,managed,88,144,9.7142
404717,unmanaged,95,157,1.47801
404717,managed,96,157,1.33727
404721,unmanaged,98,157,2.79975
404721,managed,99,157,2.53315
404722,unmanaged,78,91,3.62772
404722,managed,79,91,3.28227
404732,unmanaged,104,86,2.26623
404732,managed,105,86,2.05043
404736,unmanaged,104,62,3.87014
404736,managed,105,62,3.50161
404742,unmanaged,104,86,0.8969
404742,managed,105,86,0.81149
404747,unmanaged,78,148,4.61389
404747,managed,79,148,4.17454
404752,unmanaged,108,0,2.43208
404752,managed,86,0,2.20049
404754,unmanaged,84,127,8.1997
404754,managed,85,127,7.4189
404756,unmanaged,84,177,26.8347
404756,managed,85,177,24.2794
404763,unmanaged,87,148,16.5033
404763,managed,88,148,14.9318
404764,unmanaged,81,106,4.83491
404764,managed,82,106,4.37452
404765,unmanaged,84,177,6.1235
404765,managed,85,177,5.5404
404771,unmanaged,98,146,0.65505
404771,managed,99,146,0.59267
404780,unmanaged,81,126,3.19601
404780,managed,82,126,2.89168
404786,unmanaged,84,157,29.0171
404786,managed,85,157,26.254
404789,unmanaged,84,197,7.6
404789,managed,85,197,6.8763
404791,unmanaged,87,171,1.8487
404791,managed,88,171,1.67266
404792,unmanaged,108,0,3.15619
404792,managed,86,0,2.85565
404794,unmanaged,78,106,1.19188
404794,managed,79,106,1.07838
404798,unmanaged,102,56,0.65381
404798,managed,103,56,0.59156
404802,unmanaged,84,157,4.04572
404802,managed,85,157,3.66047
404804,unmanaged,87,176,2.47638
404804,managed,88,176,2.24057
404806,unmanaged,87,161,2.73077
404806,managed,88,161,2.47073
404808,unmanaged,104,86,1.03387
404808,managed,105,86,0.93542
404813,unmanaged,87,186,2.76238
404813,managed,88,186,2.49934
404817,unmanaged,78,91,1.01817
404817,managed,79,91,0.92122
404820,unmanaged,84,157,2.48026
404820,managed,85,157,2.24409
404821,unmanaged,78,63,2.72978
404821,managed,79,63,2.46985
404822,unmanaged,84,177,0.86528
404822,managed,85,177,0.78289
404839,unmanaged,104,86,1.33767
404839,managed,105,86,1.21029
404841,unmanaged,87,120,9.5668
404841,managed,88,120,8.6558
404844,unmanaged,84,156,3.17338
404844,managed,85,156,2.8712
404845,unmanaged,87,140,2.62045
404845,managed,88,140,2.37092
404850,unmanaged,98,157,4.08605
404850,managed,99,157,3.69696
404851,unmanaged,87,157,1.93833
404851,managed,88,157,1.75375
404857,unmanaged,84,157,7.3348
404857,managed,85,157,6.6364
404858,unmanaged,108,0,3.47758
404858,managed,86,0,3.14644
404859,unmanaged,84,137,1.52359
404859,managed,85,137,1.37851
404865,unmanaged,104,117,1.13994
404865,managed,105,117,1.03139
404867,unmanaged,78,141,0.83987
404867,managed,79,141,0.7599
404868,unmanaged,87,127,4.33605
404868,managed,88,127,3.92316
404874,unmanaged,104,86,1.15952
404874,managed,105,86,1.04911
404876,unmanaged,87,117,14.1106
404876,managed,88,117,12.767
404877,unmanaged,87,133,29.4697
404877,managed,88,133,26.6635
404878,unmanaged,87,161,1.02307
404878,managed,88,161,0.92565
404880,unmanaged,87,296,2.12648
404880,managed,88,296,1.92399
404886,unmanaged,104,218,5.2725
404886,managed,105,218,4.7704
404887,unmanaged,78,112,1.57491
404887,managed,79,112,1.42494
404888,unmanaged,104,86,5.8198
404888,managed,105,86,5.2657
404890,unmanaged,108,0,82.243
404890,managed,86,0,74.412
404900,unmanaged,104,218,1.58866
404900,managed,105,218,1.43739
404902,unmanaged,106,57,0.89229
404902,managed,107,57,0.80732
404904,unmanaged,98,157,4.22102
404904,managed,99,157,3.81908
404905,unmanaged,87,127,4.5426
404905,managed,88,127,4.11004
404907,unmanaged,87,120,0.58573
404907,managed,88,120,0.52996
404912,unmanaged,78,112,0.92576
404912,managed,79,112,0.83761
404913,unmanaged,78,148,2.75637
404913,managed,79,148,2.4939
404916,unmanaged,87,144,1.60137
404916,managed,88,144,1.44888
404917,unmanaged,104,86,1.535
404917,managed,105,86,1.38884
404921,unmanaged,104,117,5.6709
404921,managed,105,117,5.1309
404929,unmanaged,108,0,3.33035
404929,managed,86,0,3.01323
404930,unmanaged,108,0,3.6071
404930,managed,86,0,3.26362
404931,unmanaged,104,86,0.57688
404931,managed,105,86,0.52195
404933,unmanaged,84,296,1.08115
404933,managed,85,296,0.9782
404939,unmanaged,84,156,7.0384
404939,managed,85,156,6.3682
404943,unmanaged,87,153,0.52935
404943,managed,88,153,0.478941
404947,unmanaged,87,144,15.9059
404947,managed,88,144,14.3913
404948,unmanaged,87,153,1.15976
404948,managed,88,153,1.04932
404951,unmanaged,84,157,2.61217
404951,managed,85,157,2.36343
404956,unmanaged,104,86,1.07194
404956,managed,105,86,0.96987
404960,unmanaged,87,296,1.09186
404960,managed,88,296,0.98789
404974,unmanaged,87,153,3.0868
404974,managed,88,153,2.79287
404990,unmanaged,104,86,1.5892
404990,managed,105,86,1.43788
404991,unmanaged,87,134,2.87026
404991,managed,88,134,2.59694
404993,unmanaged,87,157,2.29833
404993,managed,88,157,2.07948
404997,unmanaged,84,296,2.02804
404997,managed,85,296,1.83492
404999,unmanaged,87,144,2.04718
404999,managed,88,144,1.85225
405000,unmanaged,78,112,0.70926
405000,managed,79,112,0.64173
405006,unmanaged,78,112,4.37615
405006,managed,79,112,3.95944
405008,unmanaged,87,127,10.0376
405008,managed,88,127,9.0818
405070,unmanaged,87,153,21.8303
405070,managed,88,153,19.7516
405072,unmanaged,108,0,75.869
405072,managed,86,0,68.645
405084,unmanaged,87,162,0.69796
405084,managed,88,162,0.6315
405089,unmanaged,87,76,9.5201
405089,managed,88,76,8.6136
405112,unmanaged,101,45,2.74504
405112,managed,80,45,2.48365
405118,unmanaged,108,0,36.0194
405118,managed,86,0,32.5896
405134,unmanaged,87,120,49.4541
405134,managed,88,120,44.745
405146,unmanaged,78,106,6.0123
405146,managed,79,106,5.4398
405186,unmanaged,102,43,1.13306
405186,managed,103,43,1.02517
405217,unmanaged,87,216,1.73705
405217,managed,88,216,1.57164
405218,unmanaged,78,126,0.66187
405218,managed,79,126,0.59884
405219,unmanaged,104,126,4.13981
405219,managed,105,126,3.7456
405221,unmanaged,84,296,0.289549
405221,managed,85,296,0.261977
405222,unmanaged,78,115,14.4683
405222,managed,79,115,13.0906
405224,unmanaged,78,121,0.296533
405224,managed,79,121,0.268296
405229,unmanaged,87,296,10.4259
405229,managed,88,296,9.4331
405330,unmanaged,13,217,0.165109
405332,unmanaged,15,137,0.17798
405333,unmanaged,13,157,0.35364
405337,unmanaged,15,296,0.8436
405344,unmanaged,15,117,0.75331
405357,unmanaged,24,91,1.13502
405360,unmanaged,15,156,0.270694
405364,unmanaged,77,0,0.164766
405369,unmanaged,24,132,0.0445719
405377,unmanaged,13,157,0.76198
405382,unmanaged,13,157,0.236509
405387,unmanaged,75,57,0.52062
405390,unmanaged,24,166,0.259614
405391,unmanaged,13,177,0.0189241
405399,unmanaged,77,0,7.238
405405,unmanaged,24,132,0.88
405415,unmanaged,15,144,0.66152
405417,unmanaged,23,157,0.155629
405422,unmanaged,22,157,0.147099
405434,unmanaged,43,86,0.12974
405439,unmanaged,43,62,0.19727
405445,unmanaged,43,86,0.032727
405450,unmanaged,24,148,0.481569
405455,unmanaged,77,0,0.58743
405457,unmanaged,13,127,0.35134
405460,unmanaged,13,177,0.59592
405467,unmanaged,15,148,1.32485
405468,unmanaged,42,106,0.072574
405469,unmanaged,13,177,0.0260121
405475,unmanaged,22,146,0.0222841
405484,unmanaged,42,126,0.423764
405492,unmanaged,13,157,0.75615
405495,unmanaged,13,197,0.003687
405497,unmanaged,15,171,0.0042828
405498,unmanaged,77,0,0.208487
405500,unmanaged,24,106,0.402362
405504,unmanaged,72,56,0.204631
405508,unmanaged,13,157,0.273806
405512,unmanaged,15,176,0.0132226
405514,unmanaged,15,161,0.088501
405517,unmanaged,43,86,0.0059447
405522,unmanaged,15,186,0.0482783
405526,unmanaged,24,91,0.170616
405529,unmanaged,13,157,0.102019
405530,unmanaged,24,63,0.290372
405531,unmanaged,13,177,0.133222
405548,unmanaged,43,86,0.210209
405550,unmanaged,15,120,0.317361
405553,unmanaged,13,156,0.0379567
405554,unmanaged,15,140,0.30863
405559,unmanaged,22,157,0.0269932
405560,unmanaged,15,157,0.0393027
405568,unmanaged,13,157,0.058833
405569,unmanaged,77,0,0.0061595
405570,unmanaged,13,137,0.167898
405577,unmanaged,43,117,0.368671
405580,unmanaged,24,141,0.286253
405581,unmanaged,15,127,0.60681
405587,unmanaged,43,86,0.230185
405589,unmanaged,15,117,1.13909
405590,unmanaged,15,133,0.296717
405591,unmanaged,15,161,0.291271
405593,unmanaged,15,296,0.089487
405599,unmanaged,43,218,0.241437
405601,unmanaged,24,112,0.55015
405602,unmanaged,43,86,0.080043
405604,unmanaged,77,0,4.49759
405615,unmanaged,43,218,0.0077885
405619,unmanaged,22,157,0.94717
405620,unmanaged,15,127,0.156932
405622,unmanaged,15,120,0.054307
405627,unmanaged,24,112,0.266633
405628,unmanaged,24,148,0.327987
405631,unmanaged,15,144,0.0097559
405632,unmanaged,43,86,0.89495
405636,unmanaged,43,117,0.7282
405644,unmanaged,77,0,0.356836
405645,unmanaged,77,0,0.69594
405646,unmanaged,43,86,0.0402608
405649,unmanaged,13,296,0.67511
405655,unmanaged,13,156,0.369532
405659,unmanaged,15,153,0.0217128
405663,unmanaged,15,144,0.392824
405664,unmanaged,15,153,0.310922
405667,unmanaged,13,157,0.422344
405672,unmanaged,43,86,0.220418
405676,unmanaged,15,296,0.4636
405690,unmanaged,15,153,0.51033
405708,unmanaged,43,86,0.52616
405709,unmanaged,15,134,0.0462672
405711,unmanaged,15,157,0.222187
405715,unmanaged,13,296,0.128019
405717,unmanaged,15,144,0.24057
405718,unmanaged,24,112,0.0071441
405724,unmanaged,24,112,0.303669
405726,unmanaged,15,127,1.06958
405792,unmanaged,15,153,1.55757
405807,unmanaged,15,162,0.0234532
405813,unmanaged,15,76,0.018258
405838,unmanaged,132,45,0.272717
405844,unmanaged,77,0,0.62618
405861,unmanaged,15,120,0.202101
405874,unmanaged,24,106,0.7295
405918,unmanaged,72,43,0.381667
405950,unmanaged,15,216,0.21627
405951,unmanaged,24,126,0.209167
405952,unmanaged,43,126,0.325666
405954,unmanaged,13,296,0.084171
405955,unmanaged,24,115,3.1357
405957,unmanaged,24,121,0.075912
405962,unmanaged,15,296,0.080571
405981,unmanaged,84,217,0.478734
405981,managed,85,217,0.433148
406011,unmanaged,87,69,3.04099
406011,managed,88,69,2.75142
406101,unmanaged,87,176,0.495946
406101,managed,88,176,0.44872
406115,unmanaged,87,176,3.23018
406115,managed,88,176,2.92259
406137,unmanaged,87,71,2.32462
406137,managed,88,71,2.10327
406352,unmanaged,13,217,1.36947
406382,unmanaged,15,69,0.459212
406473,unmanaged,15,176,0.575
406487,unmanaged,15,176,0.210176
406509,unmanaged,15,71,1.87827
