BLOCK,GROUP
13124,forest
13379,forest
13520,forest
13647,forest
13816,forest
14049,forest
14956,forest
15556,forest
15573,forest
15609,forest
15627,forest
16249,forest
16250,forest
16255,forest
16269,forest
16305,forest
16311,forest
16313,forest
16338,forest
16351,forest
16352,forest
16356,forest
16362,forest
16366,forest
16369,forest
16370,forest
16373,forest
16377,forest
16379,forest
16384,forest
16386,forest
16387,forest
16397,forest
16406,forest
16407,forest
16418,forest
16422,forest
16425,forest
16432,forest
16445,forest
16450,forest
16459,forest
16508,forest
16510,forest
16517,forest
16519,forest
16918,forest
30535,forest
30541,forest
30549,forest
30566,forest
30569,forest
30571,forest
30578,forest
30579,forest
30581,forest
30582,forest
30586,forest
30587,forest
30594,forest
30597,forest
30598,forest
30599,forest
30600,forest
30612,forest
30618,forest
30620,forest
30630,forest
30633,forest
30634,forest
30639,forest
30643,forest
30652,forest
30658,forest
30662,forest
30671,forest
30673,forest
30677,forest
30682,forest
30696,forest
30700,forest
30702,forest
30703,forest
30706,forest
30720,forest
30721,forest
30729,forest
30730,forest
30732,forest
30734,forest
30736,forest
30740,forest
30743,forest
30744,forest
30745,forest
30746,forest
30747,forest
30748,forest
30750,forest
30755,forest
30757,forest
30770,forest
30774,forest
30788,forest
30795,forest
30799,forest
30805,forest
30813,forest
30819,forest
30824,forest
30825,forest
30827,forest
30831,forest
30832,forest
30833,forest
30834,forest
30838,forest
30840,forest
30841,forest
30845,forest
30854,forest
30857,forest
30879,forest
30883,forest
30891,forest
30893,forest
30907,forest
30912,forest
30915,forest
30924,forest
30927,forest
30932,forest
30933,forest
30938,forest
30946,forest
30947,forest
30949,forest
30950,forest
30952,forest
30955,forest
30956,forest
30958,forest
30969,forest
30975,forest
30979,forest
30980,forest
30981,forest
30982,forest
30983,forest
30988,forest
30989,forest
30992,forest
30996,forest
30999,forest
31002,forest
31003,forest
31016,forest
31017,forest
31023,forest
31030,forest
31035,forest
31036,forest
31038,forest
31046,forest
31047,forest
31050,forest
31052,forest
31053,forest
31055,forest
31058,forest
31066,forest
31067,forest
31072,forest
31073,forest
31076,forest
31082,forest
31097,forest
31098,forest
31108,forest
31110,forest
31120,forest
31123,forest
31124,forest
31127,forest
31131,forest
31132,forest
31133,forest
31140,forest
31141,forest
31147,forest
31166,forest
31174,forest
31175,forest
31182,forest
31183,forest
31187,forest
31200,forest
31204,forest
31205,forest
31207,forest
31208,forest
31210,forest
31212,forest
31220,forest
31223,forest
31224,forest
31227,forest
31229,forest
31240,forest
31247,forest
31253,forest
31254,forest
31260,forest
31261,forest
31263,forest
31264,forest
31267,forest
31268,forest
31269,forest
31271,forest
31276,forest
31277,forest
31281,forest
31286,forest
31293,forest
31296,forest
31304,forest
31306,forest
31308,forest
31312,forest
31317,forest
31321,forest
31323,forest
31324,forest
31326,forest
31338,forest
31351,forest
31355,forest
31359,forest
31360,forest
31374,forest
31380,forest
31385,forest
31386,forest
31392,forest
31393,forest
31395,forest
31397,forest
31401,forest
31405,forest
31407,forest
31409,forest
31410,forest
31411,forest
31418,forest
31428,forest
31436,forest
31440,forest
31447,forest
31448,forest
31459,forest
31463,forest
31468,forest
31469,forest
31474,forest
31485,forest
31488,forest
31495,forest
31504,forest
31506,forest
31507,forest
31517,forest
31519,forest
31521,forest
31523,forest
31536,forest
31538,forest
31540,forest
31543,forest
31565,forest
31569,forest
31578,forest
31582,forest
31584,forest
31587,forest
31596,forest
31597,forest
31606,forest
31618,forest
31620,forest
31623,forest
31624,forest
31625,forest
31634,forest
31636,forest
31637,forest
31638,forest
31659,forest
31670,forest
31677,forest
31678,forest
31679,forest
31682,forest
31687,forest
31689,forest
31692,forest
31698,forest
31702,forest
31704,forest
31711,forest
31729,forest
31736,forest
31742,forest
31744,forest
31751,forest
31754,forest
31758,forest
31765,forest
31768,forest
31771,forest
31778,forest
31792,forest
31795,forest
31798,forest
31806,forest
31811,forest
31813,forest
31819,forest
31831,forest
31833,forest
31848,forest
31849,forest
31857,forest
31858,forest
31862,forest
31863,forest
31865,forest
31868,forest
31871,forest
31872,forest
31873,forest
31876,forest
31883,forest
31892,forest
31902,forest
31915,forest
31916,forest
31918,forest
31922,forest
31925,forest
31926,forest
31929,forest
31930,forest
31932,forest
31937,forest
31942,forest
31947,forest
31952,forest
31955,forest
31956,forest
31962,forest
31966,forest
31969,forest
31973,forest
31979,forest
31982,forest
31988,forest
31994,forest
31996,forest
31997,forest
31999,forest
32001,forest
32004,forest
32011,forest
32013,forest
32016,forest
32020,forest
32023,forest
32025,forest
32026,forest
32027,forest
32028,forest
32029,forest
32039,forest
32053,forest
32054,forest
32055,forest
32056,forest
32060,forest
32069,forest
32071,forest
32073,forest
32086,forest
32104,forest
32105,forest
32110,forest
32111,forest
32115,forest
32125,forest
32127,forest
32129,forest
32131,forest
32135,forest
32138,forest
32141,forest
32142,forest
32143,forest
32151,forest
32156,forest
32159,forest
32165,forest
32167,forest
32168,forest
32170,forest
32171,forest
32173,forest
32174,forest
32179,forest
32182,forest
32185,forest
32186,forest
32190,forest
32191,forest
32192,forest
32204,forest
32207,forest
32209,forest
32210,forest
32211,forest
32225,forest
32226,forest
32231,forest
32234,forest
32240,forest
32251,forest
32263,forest
32272,forest
32277,forest
32279,forest
32281,forest
32288,forest
32290,forest
32301,forest
32304,forest
32305,forest
32306,forest
32314,forest
32315,forest
32374,forest
32378,forest
32379,forest
32384,forest
32386,forest
32387,forest
32392,forest
32397,forest
32399,forest
32400,forest
32401,forest
32408,forest
32409,forest
32420,forest
32424,forest
32427,forest
32432,forest
32433,forest
32441,forest
32460,forest
32472,forest
32479,forest
32494,forest
32495,forest
32500,forest
32501,forest
32505,forest
32506,forest
32512,forest
32519,forest
32520,forest
32521,forest
32526,forest
32528,forest
32539,forest
32551,forest
32563,forest
32568,forest
32573,forest
32578,forest
32581,forest
32583,forest
32585,forest
32591,forest
32598,forest
32606,forest
32615,forest
32623,forest
32632,forest
32634,forest
32635,forest
32638,forest
32648,forest
32650,forest
32655,forest
32667,forest
32674,forest
32675,forest
32676,forest
32677,forest
32683,forest
32686,forest
32687,forest
32691,forest
32696,forest
32697,forest
32738,forest
32747,forest
32749,forest
32750,forest
32760,forest
32762,forest
32764,forest
32772,forest
32777,forest
32778,forest
32780,forest
32781,forest
32785,forest
32800,forest
32802,forest
32803,forest
32826,forest
32835,forest
32840,forest
32853,forest
32856,forest
32859,forest
32864,forest
32868,forest
32880,forest
32892,forest
32897,forest
32899,forest
32915,forest
32920,forest
32927,forest
32957,forest
32958,forest
32960,forest
32966,forest
32968,forest
32970,forest
32975,forest
32978,forest
32988,forest
32990,forest
33003,forest
33007,forest
33009,forest
33010,forest
33011,forest
33020,forest
33024,forest
33031,forest
33032,forest
33046,forest
33066,forest
33068,forest
33070,forest
33075,forest
33083,forest
33088,forest
33096,forest
33103,forest
33113,forest
33127,forest
33132,forest
33137,forest
33146,forest
33156,forest
33171,forest
33174,forest
33180,forest
33188,forest
33191,forest
33198,forest
33206,forest
33209,forest
33216,forest
33233,forest
33240,forest
33241,forest
33245,forest
33264,forest
33266,forest
33273,forest
33286,forest
33290,forest
33295,forest
33305,forest
33309,forest
33310,forest
33320,forest
33321,forest
33327,forest
33328,forest
33334,forest
33338,forest
33348,forest
33441,forest
33442,forest
33443,forest
33445,forest
33446,forest
33447,forest
33448,forest
33449,forest
33450,forest
33451,forest
33452,forest
33453,forest
33454,forest
33455,forest
33456,forest
33457,forest
33458,forest
33459,forest
33460,forest
33462,forest
33463,forest
33464,forest
33465,forest
33466,forest
33467,forest
33468,forest
33469,forest
33470,forest
33471,forest
33472,forest
33473,forest
33474,forest
33475,forest
33476,forest
33477,forest
33478,forest
33479,forest
33480,forest
33481,forest
33482,forest
33483,forest
33484,forest
33511,forest
33520,forest
33522,forest
33525,forest
33538,forest
33540,forest
33552,forest
33553,forest
33556,forest
33560,forest
33563,forest
33569,forest
33574,forest
33578,forest
33579,forest
33582,forest
33584,forest
33587,forest
33589,forest
33597,forest
33599,forest
33601,forest
33606,forest
33607,forest
33611,forest
33612,forest
33614,forest
33616,forest
33627,forest
33630,forest
33631,forest
33632,forest
33633,forest
33638,forest
33641,forest
33645,forest
33647,forest
33671,forest
33684,forest
33685,forest
33688,forest
33692,forest
33693,forest
33695,forest
33700,forest
33705,forest
33707,forest
33713,forest
33715,forest
33730,forest
33736,forest
33740,forest
33743,forest
33746,forest
33751,forest
33753,forest
33754,forest
33757,forest
33763,forest
33771,forest
33774,forest
33778,forest
33783,forest
33789,forest
33790,forest
33791,forest
33796,forest
33799,forest
33803,forest
33805,forest
33809,forest
33816,forest
33818,forest
33830,forest
33831,forest
33838,forest
33843,forest
33845,forest
33846,forest
33854,forest
33855,forest
33864,forest
33866,forest
33880,forest
33903,forest
33904,forest
33905,forest
33906,forest
33907,forest
33911,forest
33912,forest
33914,forest
33916,forest
33918,forest
33929,forest
33934,forest
33937,forest
33939,forest
33944,forest
33948,forest
33961,forest
33968,forest
33979,forest
33981,forest
33985,forest
33987,forest
33994,forest
33998,forest
34000,forest
34008,forest
34010,forest
34012,forest
34017,forest
34018,forest
34029,forest
34030,forest
34031,forest
34034,forest
34037,forest
34053,forest
34057,forest
34058,forest
34063,forest
34067,forest
34069,forest
34071,forest
34076,forest
34080,forest
34085,forest
34088,forest
34094,forest
34098,forest
34104,forest
34119,forest
34127,forest
34137,forest
34138,forest
34140,forest
34143,forest
34147,forest
34148,forest
34150,forest
34156,forest
34158,forest
34169,forest
34172,forest
34173,forest
34182,forest
34184,forest
34204,forest
34211,forest
34215,forest
34219,forest
34224,forest
34232,forest
34235,forest
34236,forest
34239,forest
34241,forest
34250,forest
34261,forest
34268,forest
34274,forest
34281,forest
34289,forest
34290,forest
34291,forest
34299,forest
34303,forest
34305,forest
34309,forest
34318,forest
34320,forest
34334,forest
34335,forest
34342,forest
34348,forest
34350,forest
34354,forest
34355,forest
34367,forest
34369,forest
34379,forest
34381,forest
34397,forest
34398,forest
34421,forest
34422,forest
34423,forest
34424,forest
34425,forest
34429,forest
34430,forest
34450,forest
34452,forest
34460,forest
34468,forest
34500,forest
34510,forest
34548,forest
34556,forest
34587,forest
34589,forest
34597,forest
34599,forest
34602,forest
34614,forest
34616,forest
34619,forest
34620,forest
34621,forest
34622,forest
34632,forest
34638,forest
34649,forest
34651,forest
34656,forest
34657,forest
34658,forest
34676,forest
34687,forest
34690,forest
34695,forest
34698,forest
34713,forest
34715,forest
34725,forest
34734,forest
34787,forest
34843,forest
34866,forest
34873,forest
34875,forest
34883,forest
34891,forest
34923,forest
34933,forest
34972,forest
34980,forest
35011,forest
35013,forest
35021,forest
35023,forest
35026,forest
35038,forest
35040,forest
35043,forest
35044,forest
35045,forest
35046,forest
35056,forest
35057,forest
35063,forest
35075,forest
35077,forest
35082,forest
35083,forest
35084,forest
35097,forest
35099,forest
35106,forest
35107,forest
35119,forest
35123,forest
35127,forest
35131,forest
35147,forest
35149,forest
35159,forest
35168,forest
35281,forest
35294,forest
35295,forest
35296,forest
35297,forest
35298,forest
35299,forest
35300,forest
35301,forest
35302,forest
35304,forest
35305,forest
35306,forest
35308,forest
35309,forest
35310,forest
35311,forest
35312,forest
35313,forest
35315,forest
35316,forest
35317,forest
35318,forest
35319,forest
35321,forest
35323,forest
35324,forest
35325,forest
35327,forest
35329,forest
35330,forest
35333,forest
35334,forest
35335,forest
35336,forest
35338,forest
35339,forest
35340,forest
35341,forest
35342,forest
35344,forest
35345,forest
35347,forest
35348,forest
35350,forest
35351,forest
35355,forest
35356,forest
35357,forest
35359,forest
35360,forest
35361,forest
35362,forest
35363,forest
35366,forest
35367,forest
35368,forest
35369,forest
35370,forest
35371,forest
35373,forest
35375,forest
35378,forest
35379,forest
35381,forest
35382,forest
35383,forest
35384,forest
35388,forest
35389,forest
35390,forest
35391,forest
35392,forest
35393,forest
35394,forest
35395,forest
35396,forest
35398,forest
35399,forest
35400,forest
35402,forest
35403,forest
35404,forest
35405,forest
35406,forest
35407,forest
35410,forest
35411,forest
35412,forest
35413,forest
35415,forest
35417,forest
35418,forest
35419,forest
35421,forest
35423,forest
35424,forest
35427,forest
35428,forest
35429,forest
35430,forest
35432,forest
35434,forest
35435,forest
35436,forest
35438,forest
35439,forest
35441,forest
35442,forest
35444,forest
35445,forest
35449,forest
35450,forest
35451,forest
35453,forest
35454,forest
35455,forest
35456,forest
35457,forest
35460,forest
35461,forest
35462,forest
35463,forest
35464,forest
35465,forest
35467,forest
35469,forest
35472,forest
35473,forest
35475,forest
35476,forest
35477,forest
35478,forest
202332,forest
202333,forest
202334,forest
202335,forest
202336,forest
202337,forest
202338,forest
202339,forest
202340,forest
202341,forest
202342,forest
202343,forest
202344,forest
202345,forest
202346,forest
202347,forest
202348,forest
202349,forest
202350,forest
202351,forest
202352,forest
202353,forest
202354,forest
202355,forest
202356,forest
202357,forest
202358,forest
202359,forest
202360,forest
202361,forest
202362,forest
202363,forest
202364,forest
202365,forest
202366,forest
202367,forest
202368,forest
202369,forest
202370,forest
202371,forest
202372,forest
202373,forest
202374,forest
202375,forest
202376,forest
202377,forest
202378,forest
202379,forest
202380,forest
202381,forest
202382,forest
202383,forest
202384,forest
202385,forest
202386,forest
202387,forest
202388,forest
202389,forest
202390,forest
202391,forest
202392,forest
202393,forest
202394,forest
202395,forest
202396,forest
202397,forest
202398,forest
202399,forest
202400,forest
202401,forest
202402,forest
202403,forest
202404,forest
202405,forest
202406,forest
202407,forest
202408,forest
202409,forest
202410,forest
202411,forest
202412,forest
202413,forest
202414,forest
202415,forest
202416,forest
202417,forest
202418,forest
202419,forest
202420,forest
202421,forest
202422,forest
202423,forest
202424,forest
202425,forest
202426,forest
202427,forest
202428,forest
202429,forest
202430,forest
202431,forest
202432,forest
202433,forest
202434,forest
202435,forest
202436,forest
202437,forest
202438,forest
202439,forest
202440,forest
202441,forest
202442,forest
202443,forest
202444,forest
202445,forest
202446,forest
202447,forest
202448,forest
202449,forest
202450,forest
202451,forest
202452,forest
202453,forest
202454,forest
202455,forest
202456,forest
202457,forest
202458,forest
202459,forest
202460,forest
202461,forest
202462,forest
202463,forest
202464,forest
202465,forest
202466,forest
202467,forest
202468,forest
202469,forest
202470,forest
202471,forest
202472,forest
202473,forest
202474,forest
202475,forest
202476,forest
202477,forest
202478,forest
202479,forest
202480,forest
202481,forest
202482,forest
202483,forest
202484,forest
202485,forest
202486,forest
202487,forest
202488,forest
202489,forest
202490,forest
202491,forest
202492,forest
202493,forest
202494,forest
202495,forest
202496,forest
202497,forest
202499,forest
202500,forest
202501,forest
202502,forest
202504,forest
202505,forest
202506,forest
202507,forest
202512,forest
202513,forest
202514,forest
202517,forest
202518,forest
202519,forest
202520,forest
202521,forest
202522,forest
202524,forest
202525,forest
202526,forest
202527,forest
202528,forest
202529,forest
202530,forest
202531,forest
202532,forest
202534,forest
202535,forest
202536,forest
202537,forest
202538,forest
202539,forest
202540,forest
202541,forest
202542,forest
202543,forest
202544,forest
202545,forest
202546,forest
202547,forest
202548,forest
202549,forest
202550,forest
202551,forest
202552,forest
202553,forest
202555,forest
202556,forest
202557,forest
202558,forest
202559,forest
202560,forest
202562,forest
202563,forest
202564,forest
202566,forest
202567,forest
202569,forest
202570,forest
202571,forest
202572,forest
202573,forest
202577,forest
202578,forest
202579,forest
202580,forest
202581,forest
202582,forest
202583,forest
202584,forest
202586,forest
202587,forest
202588,forest
202589,forest
202590,forest
202591,forest
202592,forest
202593,forest
202594,forest
202595,forest
202596,forest
202597,forest
202598,forest
202599,forest
202600,forest
202601,forest
202602,forest
202603,forest
202607,forest
202608,forest
202609,forest
202610,forest
202611,forest
202613,forest
202614,forest
202615,forest
202616,forest
202617,forest
202618,forest
202619,forest
202621,forest
202622,forest
202623,forest
202626,forest
202627,forest
202628,forest
202629,forest
202631,forest
202632,forest
202633,forest
202634,forest
202635,forest
202636,forest
202637,forest
202638,forest
202639,forest
202640,forest
202641,forest
202642,forest
202643,forest
202644,forest
202645,forest
202646,forest
202647,forest
202648,forest
202649,forest
202650,forest
202651,forest
202652,forest
202653,forest
202654,forest
202656,forest
202658,forest
202659,forest
202660,forest
202661,forest
202662,forest
202663,forest
202664,forest
202666,forest
202667,forest
202668,forest
202669,forest
202670,forest
202671,forest
202672,forest
202673,forest
202674,forest
202675,forest
202676,forest
202677,forest
202678,forest
202679,forest
202680,forest
202681,forest
202682,forest
202683,forest
202684,forest
202685,forest
202686,forest
202687,forest
202688,forest
202689,forest
202690,forest
202691,forest
202693,forest
202694,forest
202695,forest
202696,forest
202697,forest
202698,forest
202699,forest
202700,forest
202701,forest
202702,forest
202703,forest
202704,forest
202705,forest
202706,forest
202708,forest
202709,forest
202711,forest
202712,forest
202713,forest
202714,forest
202715,forest
202719,forest
202720,forest
202721,forest
202722,forest
202723,forest
202724,forest
202725,forest
202727,forest
202728,forest
202729,forest
202730,forest
202731,forest
202732,forest
202734,forest
202735,forest
202736,forest
202737,forest
202738,forest
202739,forest
202740,forest
202741,forest
202743,forest
202745,forest
202746,forest
202747,forest
202748,forest
202749,forest
202750,forest
202751,forest
202752,forest
202753,forest
202754,forest
202756,forest
202757,forest
202758,forest
202760,forest
202761,forest
202762,forest
202763,forest
202764,forest
202765,forest
202767,forest
202768,forest
202769,forest
202770,forest
202771,forest
202772,forest
202773,forest
202776,forest
202777,forest
202778,forest
202779,forest
202781,forest
202782,forest
202783,forest
202786,forest
202787,forest
202788,forest
202789,forest
202791,forest
202792,forest
202793,forest
202794,forest
202795,forest
202796,forest
202797,forest
202798,forest
202800,forest
202801,forest
202802,forest
202803,forest
202804,forest
202805,forest
202806,forest
202807,forest
202811,forest
202812,forest
202813,forest
202815,forest
202816,forest
202817,forest
202818,forest
202819,forest
202820,forest
202821,forest
202822,forest
202823,forest
202824,forest
202825,forest
202826,forest
202827,forest
202829,forest
202831,forest
202832,forest
202833,forest
202834,forest
202835,forest
202836,forest
202837,forest
202839,forest
202840,forest
202841,forest
202842,forest
202843,forest
202844,forest
202845,forest
202846,forest
202847,forest
202848,forest
202849,forest
202851,forest
202852,forest
202853,forest
202854,forest
202857,forest
202859,forest
202860,forest
202861,forest
202863,forest
202864,forest
202865,forest
202866,forest
202867,forest
202868,forest
202870,forest
202874,forest
202875,forest
202877,forest
202879,forest
202880,forest
202881,forest
202882,forest
202883,forest
202884,forest
202885,forest
202886,forest
202887,forest
202888,forest
202889,forest
202890,forest
202891,forest
202892,forest
202893,forest
202894,forest
202895,forest
202896,forest
202897,forest
202898,forest
202899,forest
202900,forest
202902,forest
202903,forest
202905,forest
202906,forest
202907,forest
202909,forest
202910,forest
202911,forest
202912,forest
202913,forest
202916,forest
202917,forest
202918,forest
202919,forest
202921,forest
202922,forest
202923,forest
202924,forest
202925,forest
202926,forest
202927,forest
202928,forest
202929,forest
202930,forest
202931,forest
202932,forest
202933,forest
202934,forest
202935,forest
202936,forest
202937,forest
202938,forest
202939,forest
202940,forest
202941,forest
202943,forest
202944,forest
202945,forest
202948,forest
202949,forest
202950,forest
202951,forest
202952,forest
202953,forest
202955,forest
202956,forest
202957,forest
202959,forest
202960,forest
202962,forest
202963,forest
202964,forest
202965,forest
202966,forest
202967,forest
202968,forest
202969,forest
202970,forest
202973,forest
202974,forest
202975,forest
202976,forest
202977,forest
202979,forest
202980,forest
202981,forest
202982,forest
202983,forest
202984,forest
202985,forest
202986,forest
202988,forest
202990,forest
202991,forest
202992,forest
202993,forest
202994,forest
202995,forest
202996,forest
202999,forest
203001,forest
203002,forest
203003,forest
203005,forest
203006,forest
203007,forest
203008,forest
203009,forest
203010,forest
203011,forest
203013,forest
203014,forest
203015,forest
203016,forest
203017,forest
203018,forest
203019,forest
203020,forest
203021,forest
203022,forest
203023,forest
203024,forest
203025,forest
203026,forest
203027,forest
203028,forest
203029,forest
203030,forest
203031,forest
203032,forest
203033,forest
203034,forest
203035,forest
203036,forest
203037,forest
203039,forest
203040,forest
203042,forest
203043,forest
203044,forest
203045,forest
203046,forest
203047,forest
203048,forest
203049,forest
203050,forest
203051,forest
203052,forest
203053,forest
203054,forest
203055,forest
203058,forest
203059,forest
203060,forest
203061,forest
203063,forest
203064,forest
203065,forest
203066,forest
203067,forest
203068,forest
203070,forest
203071,forest
203073,forest
203074,forest
203075,forest
203076,forest
203077,forest
203079,forest
203080,forest
203082,forest
203083,forest
203084,forest
203085,forest
203086,forest
203087,forest
203088,forest
203089,forest
203090,forest
203091,forest
203093,forest
203094,forest
203095,forest
203096,forest
203097,forest
203098,forest
203099,forest
203100,forest
203101,forest
203102,forest
203104,forest
203105,forest
203106,forest
203107,forest
203108,forest
203109,forest
203110,forest
203111,forest
203112,forest
203113,forest
203114,forest
203115,forest
203116,forest
203117,forest
203118,forest
203119,forest
203120,forest
203121,forest
203123,forest
203124,forest
203126,forest
203127,forest
203128,forest
203129,forest
203130,forest
203131,forest
203133,forest
203134,forest
203135,forest
203136,forest
203137,forest
203138,forest
203140,forest
203141,forest
203142,forest
203143,forest
203144,forest
203145,forest
203146,forest
203149,forest
203150,forest
203151,forest
203152,forest
203153,forest
203154,forest
203157,forest
203158,forest
203159,forest
203160,forest
203161,forest
203162,forest
203163,forest
203164,forest
203166,forest
203167,forest
203168,forest
203169,forest
203170,forest
203171,forest
203172,forest
203173,forest
203174,forest
203176,forest
203177,forest
203178,forest
203181,forest
203182,forest
203184,forest
203185,forest
203187,forest
203189,forest
203191,forest
203194,forest
203195,forest
203196,forest
203197,forest
203198,forest
203200,forest
203201,forest
203202,forest
203203,forest
203204,forest
203205,forest
203206,forest
203207,forest
203208,forest
203209,forest
203210,forest
203213,forest
203214,forest
203215,forest
203217,forest
203219,forest
203220,forest
203221,forest
203222,forest
203224,forest
203227,forest
203229,forest
203230,forest
203231,forest
203233,forest
203234,forest
203236,forest
203237,forest
203238,forest
203239,forest
203240,forest
203243,forest
203244,forest
203245,forest
203246,forest
203247,forest
203248,forest
203249,forest
203250,forest
203252,forest
203253,forest
203254,forest
203255,forest
203256,forest
203257,forest
203258,forest
203259,forest
203260,forest
203261,forest
203262,forest
203264,forest
203265,forest
203267,forest
203268,forest
203271,forest
203272,forest
203273,forest
203274,forest
203275,forest
203277,forest
203278,forest
203279,forest
203281,forest
203284,forest
203286,forest
203287,forest
203290,forest
203291,forest
203292,forest
203295,forest
203298,forest
203300,forest
203301,forest
203302,forest
203303,forest
203305,forest
203307,forest
203309,forest
203311,forest
203312,forest
203315,forest
203317,forest
203318,forest
203319,forest
203320,forest
203323,forest
203324,forest
203325,forest
203326,forest
203327,forest
203330,forest
203331,forest
203332,forest
203334,forest
203337,forest
203338,forest
203340,forest
203341,forest
203342,forest
203344,forest
203347,forest
203351,forest
203352,forest
203354,forest
203355,forest
203356,forest
203357,forest
203359,forest
203363,forest
203367,forest
203368,forest
203371,forest
203372,forest
203373,forest
203375,forest
203376,forest
203377,forest
203378,forest
203382,forest
203383,forest
203384,forest
203386,forest
203388,forest
203389,forest
203391,forest
203392,forest
203393,forest
203395,forest
203396,forest
203397,forest
203399,forest
203401,forest
203402,forest
203403,forest
203404,forest
203406,forest
203409,forest
203411,forest
203412,forest
203413,forest
203414,forest
203416,forest
203419,forest
203420,forest
203422,forest
203423,forest
203426,forest
203427,forest
203428,forest
203429,forest
203431,forest
203432,forest
203433,forest
203435,forest
203436,forest
203439,forest
203440,forest
203443,forest
203444,forest
203450,forest
203452,forest
203454,forest
203455,forest
203456,forest
203457,forest
203459,forest
203460,forest
203461,forest
203462,forest
203464,forest
203465,forest
203466,forest
203467,forest
203470,forest
203473,forest
203474,forest
203475,forest
203476,forest
203477,forest
203478,forest
203480,forest
203481,forest
203482,forest
203483,forest
203485,forest
203487,forest
203489,forest
203494,forest
203495,forest
203496,forest
203497,forest
203498,forest
203500,forest
203501,forest
203504,forest
203506,forest
203507,forest
203508,forest
203509,forest
203511,forest
203516,forest
203517,forest
203518,forest
203520,forest
203522,forest
203523,forest
203527,forest
203528,forest
203529,forest
203530,forest
203531,forest
203532,forest
203533,forest
203535,forest
203536,forest
203538,forest
203540,forest
203542,forest
203544,forest
203547,forest
203552,forest
203553,forest
203554,forest
203556,forest
203557,forest
203558,forest
203560,forest
203561,forest
203562,forest
203563,forest
203564,forest
203682,forest
203683,forest
203684,forest
203685,forest
203686,forest
203687,forest
203688,forest
203689,forest
203690,forest
203691,forest
203692,forest
203693,forest
203694,forest
203695,forest
203696,forest
203697,forest
203699,forest
203701,forest
203702,forest
203703,forest
203704,forest
203706,forest
203708,forest
203710,forest
203712,forest
203716,forest
203717,forest
203719,forest
203720,forest
203721,forest
203722,forest
203723,forest
203725,forest
203726,forest
203729,forest
203730,forest
203731,forest
203732,forest
203734,forest
203737,forest
203738,forest
203740,forest
203742,forest
203744,forest
203745,forest
203746,forest
203747,forest
203749,forest
203750,forest
203752,forest
203754,forest
203755,forest
203756,forest
203760,forest
203762,forest
203763,forest
203764,forest
203766,forest
203768,forest
203769,forest
203772,forest
203773,forest
203774,forest
203775,forest
203776,forest
203778,forest
203779,forest
203780,forest
203783,forest
203784,forest
203790,forest
203791,forest
203793,forest
203794,forest
203795,forest
203796,forest
203801,forest
203802,forest
203803,forest
203804,forest
203807,forest
203808,forest
203812,forest
203814,forest
203815,forest
203816,forest
203817,forest
203820,forest
203822,forest
203825,forest
203827,forest
203828,forest
203829,forest
203830,forest
203832,forest
203835,forest
203836,forest
203837,forest
203838,forest
203839,forest
203840,forest
203841,forest
203842,forest
203843,forest
203844,forest
203845,forest
203846,forest
203847,forest
203848,forest
203849,forest
203853,forest
203854,forest
203855,forest
203857,forest
203858,forest
203859,forest
203861,forest
203862,forest
203863,forest
203864,forest
203867,forest
203868,forest
203869,forest
203870,forest
203871,forest
203872,forest
203874,forest
203877,forest
203878,forest
203879,forest
203881,forest
203882,forest
203883,forest
203884,forest
203885,forest
203886,forest
203888,forest
203889,forest
203890,forest
203891,forest
203895,forest
203896,forest
203897,forest
203899,forest
203900,forest
203901,forest
203902,forest
203903,forest
203904,forest
203905,forest
203906,forest
203907,forest
203908,forest
203909,forest
203910,forest
203911,forest
203912,forest
203913,forest
203956,forest
203957,forest
203958,forest
203959,forest
203960,forest
203961,forest
203962,forest
203963,forest
203964,forest
203965,forest
203966,forest
203967,forest
203968,forest
203969,forest
203970,forest
203971,forest
203973,forest
203974,forest
203975,forest
203976,forest
203977,forest
203978,forest
203980,forest
203981,forest
203982,forest
203983,forest
203984,forest
203985,forest
203986,forest
203988,forest
203991,forest
203993,forest
203994,forest
203995,forest
203998,forest
204000,forest
204005,forest
204006,forest
204007,forest
204009,forest
204014,forest
204015,forest
204017,forest
204019,forest
204020,forest
204023,forest
204026,forest
204027,forest
204028,forest
204029,forest
204031,forest
204033,forest
204034,forest
204035,forest
204036,forest
204037,forest
204039,forest
204044,forest
204045,forest
204046,forest
204048,forest
204053,forest
204054,forest
204055,forest
204057,forest
204059,forest
204060,forest
204061,forest
204063,forest
204066,forest
204068,forest
204070,forest
204071,forest
204073,forest
204075,forest
204077,forest
204078,forest
204079,forest
204082,forest
204083,forest
204086,forest
204089,forest
204090,forest
204091,forest
204092,forest
204093,forest
204097,forest
204098,forest
204101,forest
204102,forest
204103,forest
204104,forest
204106,forest
204108,forest
204109,forest
204110,forest
204115,forest
204116,forest
204117,forest
204118,forest
204120,forest
204122,forest
204123,forest
204125,forest
204127,forest
204132,forest
204133,forest
204134,forest
204135,forest
204136,forest
204137,forest
204147,forest
204149,forest
204150,forest
204151,forest
204153,forest
204155,forest
204156,forest
204157,forest
204158,forest
204159,forest
204166,forest
204169,forest
204171,forest
204172,forest
204173,forest
204177,forest
204179,forest
204180,forest
204182,forest
204187,forest
204189,forest
204190,forest
204191,forest
204193,forest
204194,forest
204195,forest
204197,forest
204198,forest
204199,forest
204201,forest
204203,forest
204207,forest
204208,forest
204209,forest
204213,forest
204214,forest
204216,forest
204217,forest
204218,forest
204219,forest
204220,forest
204223,forest
204224,forest
204226,forest
204229,forest
204232,forest
204233,forest
204234,forest
204235,forest
204236,forest
204237,forest
204238,forest
204241,forest
204242,forest
204243,forest
204245,forest
204246,forest
204247,forest
204249,forest
204251,forest
204259,forest
204261,forest
204264,forest
204265,forest
204266,forest
204268,forest
204270,forest
204272,forest
204273,forest
204275,forest
204278,forest
204279,forest
204280,forest
204281,forest
204282,forest
204283,forest
204285,forest
204288,forest
204289,forest
204290,forest
204292,forest
204293,forest
204294,forest
204295,forest
204296,forest
204299,forest
204300,forest
204301,forest
204302,forest
204306,forest
204307,forest
204308,forest
204310,forest
204311,forest
204312,forest
204313,forest
204314,forest
204315,forest
204316,forest
204318,forest
204320,forest
204322,forest
204324,forest
204403,forest
204404,forest
204405,forest
204406,forest
204407,forest
204408,forest
204409,forest
204410,forest
204411,forest
204413,forest
204414,forest
204415,forest
204416,forest
204417,forest
204418,forest
204419,forest
204420,forest
204421,forest
204422,forest
204424,forest
204425,forest
204428,forest
204430,forest
204433,forest
204434,forest
204438,forest
204441,forest
204443,forest
204444,forest
204448,forest
204450,forest
204454,forest
204456,forest
204457,forest
204458,forest
204460,forest
204461,forest
204462,forest
204466,forest
204467,forest
204468,forest
204471,forest
204478,forest
204479,forest
204481,forest
204484,forest
204510,forest
204511,forest
204512,forest
204513,forest
204514,forest
204515,forest
204516,forest
204517,forest
204518,forest
204519,forest
204520,forest
204521,forest
204522,forest
204523,forest
204524,forest
204525,forest
204526,forest
204527,forest
204528,forest
204530,forest
204531,forest
204532,forest
204533,forest
204534,forest
204535,forest
204536,forest
204537,forest
204538,forest
204539,forest
204540,forest
204541,forest
204542,forest
204543,forest
204544,forest
204545,forest
204546,forest
204547,forest
204548,forest
204549,forest
204550,forest
204551,forest
204552,forest
204553,forest
204555,forest
204556,forest
204558,forest
204559,forest
204560,forest
204562,forest
204563,forest
204564,forest
204565,forest
204566,forest
204567,forest
204568,forest
204572,forest
204573,forest
204574,forest
204580,forest
204582,forest
204586,forest
204587,forest
204588,forest
204591,forest
204592,forest
204594,forest
204595,forest
204596,forest
204597,forest
204598,forest
204601,forest
204602,forest
204604,forest
204608,forest
204609,forest
204611,forest
204612,forest
204614,forest
204615,forest
204617,forest
204618,forest
204619,forest
204623,forest
204625,forest
204626,forest
204628,forest
204630,forest
204633,forest
204634,forest
204635,forest
204637,forest
204638,forest
204641,forest
204642,forest
204643,forest
204645,forest
204648,forest
204649,forest
204651,forest
204652,forest
204655,forest
204657,forest
204658,forest
204660,forest
204661,forest
204663,forest
204664,forest
204667,forest
204668,forest
204669,forest
204672,forest
204673,forest
204675,forest
204676,forest
204679,forest
204689,forest
204690,forest
204691,forest
204692,forest
204693,forest
204694,forest
204695,forest
204696,forest
204697,forest
204699,forest
204701,forest
204703,forest
204709,forest
204712,forest
204714,forest
204716,forest
204717,forest
204721,forest
204722,forest
204724,forest
204727,forest
204732,forest
204733,forest
204734,forest
204797,forest
204798,forest
204799,forest
204800,forest
204801,forest
204802,forest
204803,forest
204804,forest
204805,forest
204806,forest
204807,forest
204808,forest
204809,forest
204810,forest
204811,forest
204812,forest
204813,forest
204814,forest
204815,forest
204816,forest
204817,forest
204818,forest
204819,forest
204820,forest
204821,forest
204822,forest
204823,forest
204824,forest
204825,forest
204826,forest
204827,forest
204828,forest
204829,forest
204830,forest
204831,forest
204832,forest
204833,forest
204834,forest
204835,forest
204836,forest
204837,forest
204838,forest
204839,forest
204840,forest
204841,forest
204842,forest
204843,forest
204844,forest
204845,forest
204847,forest
204848,forest
204849,forest
204850,forest
204851,forest
204852,forest
204853,forest
204855,forest
204856,forest
204858,forest
204859,forest
204860,forest
204861,forest
204862,forest
204863,forest
204865,forest
204866,forest
204867,forest
204868,forest
204869,forest
204870,forest
204871,forest
204872,forest
204873,forest
204874,forest
204875,forest
204876,forest
204877,forest
204878,forest
204879,forest
204880,forest
204881,forest
204882,forest
204883,forest
204884,forest
204885,forest
204886,forest
204887,forest
204888,forest
204889,forest
204890,forest
204891,forest
204892,forest
204893,forest
204894,forest
204895,forest
204896,forest
204897,forest
204898,forest
204899,forest
204900,forest
204901,forest
204903,forest
204904,forest
204905,forest
204906,forest
204907,forest
204908,forest
204909,forest
204910,forest
204911,forest
204912,forest
204913,forest
204914,forest
204915,forest
204916,forest
204917,forest
204918,forest
204919,forest
204921,forest
204922,forest
204923,forest
204924,forest
204925,forest
204926,forest
204927,forest
204928,forest
204930,forest
204931,forest
204932,forest
204933,forest
204934,forest
204935,forest
204936,forest
204937,forest
204938,forest
204939,forest
204941,forest
204942,forest
204943,forest
204944,forest
204947,forest
204951,forest
204952,forest
204953,forest
204954,forest
204955,forest
204958,forest
204960,forest
204962,forest
204964,forest
204967,forest
204969,forest
204970,forest
204971,forest
204972,forest
204975,forest
204976,forest
204977,forest
204978,forest
204979,forest
204980,forest
204981,forest
204982,forest
204983,forest
204986,forest
204988,forest
204992,forest
204993,forest
204994,forest
204995,forest
204997,forest
204998,forest
204999,forest
205000,forest
205001,forest
205002,forest
205003,forest
205004,forest
205005,forest
205006,forest
205007,forest
205008,forest
205009,forest
205010,forest
205011,forest
205012,forest
205013,forest
205014,forest
205015,forest
205016,forest
205017,forest
205018,forest
205019,forest
205020,forest
205021,forest
205022,forest
205023,forest
205024,forest
205025,forest
205026,forest
205028,forest
205029,forest
205030,forest
205031,forest
205032,forest
205033,forest
205034,forest
205035,forest
205036,forest
205037,forest
205038,forest
205039,forest
205040,forest
205042,forest
205043,forest
205044,forest
205045,forest
205046,forest
205047,forest
205048,forest
205050,forest
205051,forest
205052,forest
205054,forest
205055,forest
205056,forest
205057,forest
205058,forest
205059,forest
205061,forest
205062,forest
205063,forest
205064,forest
205065,forest
205066,forest
205067,forest
205068,forest
205069,forest
205070,forest
205071,forest
205072,forest
205073,forest
205074,forest
205075,forest
205076,forest
205077,forest
205078,forest
205079,forest
205080,forest
205081,forest
205082,forest
205083,forest
205084,forest
205085,forest
205086,forest
205087,forest
205088,forest
205089,forest
205090,forest
205091,forest
205092,forest
205093,forest
205094,forest
205095,forest
205096,forest
205097,forest
205098,forest
205099,forest
205100,forest
205102,forest
205103,forest
205104,forest
205105,forest
205106,forest
205107,forest
205108,forest
205109,forest
205110,forest
205111,forest
205112,forest
205113,forest
205114,forest
205115,forest
205116,forest
205117,forest
205118,forest
205119,forest
205120,forest
205122,forest
205123,forest
205124,forest
205125,forest
205126,forest
205127,forest
205128,forest
205129,forest
205130,forest
205132,forest
205133,forest
205134,forest
205135,forest
205136,forest
205137,forest
205138,forest
205139,forest
205140,forest
205141,forest
205142,forest
205144,forest
205145,forest
205146,forest
205147,forest
205150,forest
205151,forest
205155,forest
205156,forest
205157,forest
205158,forest
205159,forest
205162,forest
205164,forest
205166,forest
205168,forest
205171,forest
205173,forest
205174,forest
205175,forest
205176,forest
205179,forest
205180,forest
205181,forest
205182,forest
205183,forest
205184,forest
205185,forest
205186,forest
205187,forest
205189,forest
205191,forest
205192,forest
205193,forest
205195,forest
205196,forest
205201,forest
205202,forest
205203,forest
205204,forest
205205,forest
205206,forest
205207,forest
205208,forest
205209,forest
205210,forest
205211,forest
205212,forest
205213,forest
205214,forest
205215,forest
205216,forest
205217,forest
205218,forest
205219,forest
205220,forest
205221,forest
205222,forest
205223,forest
205224,forest
205225,forest
205226,forest
205227,forest
205228,forest
205229,forest
205230,forest
205231,forest
205232,forest
205233,forest
205236,forest
205237,forest
205238,forest
205239,forest
205240,forest
205241,forest
205242,forest
205243,forest
205244,forest
205245,forest
205246,forest
205247,forest
205248,forest
205249,forest
205250,forest
205251,forest
205252,forest
205253,forest
205254,forest
205255,forest
205256,forest
205257,forest
205258,forest
205260,forest
205261,forest
205262,forest
205263,forest
205264,forest
205265,forest
205266,forest
205267,forest
205268,forest
205269,forest
205270,forest
205271,forest
205272,forest
205273,forest
205274,forest
205275,forest
205276,forest
205277,forest
205278,forest
205279,forest
205280,forest
205281,forest
205282,forest
205283,forest
205284,forest
205285,forest
205286,forest
205287,forest
205288,forest
205289,forest
205290,forest
205293,forest
205294,forest
205295,forest
205296,forest
205297,forest
205298,forest
205299,forest
205300,forest
205301,forest
205302,forest
205303,forest
205304,forest
205305,forest
205306,forest
205307,forest
205308,forest
205309,forest
205310,forest
205311,forest
205312,forest
205313,forest
205314,forest
205315,forest
268067,forest
268068,forest
268069,forest
268070,forest
268071,forest
268072,forest
268073,forest
268074,forest
268075,forest
268076,forest
268077,forest
268078,forest
268079,forest
268080,forest
268081,forest
268082,forest
268083,forest
268084,forest
268085,forest
268086,forest
268087,forest
268088,forest
268089,forest
268090,forest
268091,forest
268092,forest
268093,forest
268094,forest
268095,forest
268096,forest
268097,forest
268098,forest
268099,forest
268100,forest
268101,forest
268102,forest
268103,forest
268104,forest
268105,forest
268106,forest
268107,forest
268108,forest
268109,forest
268110,forest
268111,forest
268112,forest
268113,forest
268114,forest
268115,forest
268116,forest
268117,forest
268118,forest
268119,forest
268120,forest
268121,forest
268122,forest
268123,forest
268124,forest
268125,forest
268126,forest
268127,forest
268128,forest
268129,forest
268130,forest
268131,forest
268132,forest
268133,forest
268134,forest
268135,forest
268136,forest
268137,forest
268138,forest
268139,forest
268140,forest
268141,forest
268142,forest
268143,forest
268144,forest
268145,forest
268146,forest
268147,forest
268148,forest
268149,forest
268150,forest
268151,forest
268152,forest
268153,forest
268154,forest
268155,forest
268156,forest
268157,forest
268158,forest
268159,forest
268160,forest
268161,forest
268162,forest
268163,forest
268164,forest
268165,forest
268166,forest
268167,forest
268168,forest
268169,forest
268170,forest
268171,forest
268172,forest
268173,forest
268174,forest
268175,forest
268176,forest
268177,forest
268178,forest
268179,forest
268180,forest
268181,forest
268182,forest
268183,forest
268184,forest
268185,forest
268186,forest
268187,forest
268188,forest
268189,forest
268190,forest
268191,forest
268192,forest
268193,forest
268194,forest
268195,forest
268196,forest
268197,forest
268198,forest
268199,forest
268200,forest
268201,forest
268202,forest
268203,forest
268204,forest
268205,forest
268206,forest
268207,forest
268208,forest
268209,forest
268210,forest
268211,forest
268212,forest
268213,forest
268214,forest
268215,forest
268216,forest
268217,forest
268218,forest
268219,forest
268220,forest
268221,forest
268222,forest
268223,forest
268224,forest
268225,forest
268226,forest
268227,forest
268228,forest
268229,forest
268230,forest
268231,forest
268232,forest
268233,forest
268234,forest
268235,forest
268236,forest
268237,forest
268238,forest
268239,forest
268240,forest
268241,forest
268242,forest
268243,forest
268244,forest
268245,forest
268246,forest
268247,forest
268248,forest
268249,forest
268250,forest
268251,forest
268252,forest
268253,forest
268254,forest
268255,forest
268256,forest
268257,forest
268258,forest
268259,forest
268260,forest
268261,forest
268262,forest
268263,forest
268264,forest
268265,forest
268266,forest
268267,forest
268268,forest
268269,forest
268270,forest
268271,forest
268272,forest
268273,forest
268274,forest
268275,forest
268276,forest
268277,forest
268278,forest
268279,forest
268280,forest
268281,forest
268282,forest
268283,forest
268284,forest
268285,forest
268286,forest
268287,forest
268288,forest
268289,forest
268290,forest
268291,forest
268292,forest
268293,forest
268294,forest
268295,forest
268296,forest
268297,forest
268298,forest
268299,forest
268300,forest
268301,forest
268302,forest
268303,forest
268304,forest
268305,forest
268306,forest
268307,forest
268308,forest
268309,forest
268310,forest
268311,forest
268312,forest
268313,forest
268314,forest
268315,forest
268316,forest
268317,forest
268318,forest
268319,forest
268320,forest
268321,forest
268322,forest
268323,forest
268324,forest
268325,forest
268326,forest
268327,forest
268328,forest
268329,forest
268330,forest
268331,forest
268332,forest
268333,forest
268334,forest
268335,forest
268336,forest
268337,forest
268338,forest
268339,forest
268340,forest
268341,forest
268342,forest
268343,forest
268344,forest
268345,forest
268346,forest
268347,forest
268348,forest
268349,forest
268350,forest
268351,forest
268352,forest
268353,forest
268354,forest
268355,forest
268356,forest
268357,forest
268358,forest
268359,forest
268360,forest
268361,forest
268362,forest
268363,forest
268364,forest
268365,forest
268366,forest
268367,forest
268368,forest
268369,forest
268370,forest
268371,forest
268372,forest
268373,forest
268374,forest
268375,forest
268376,forest
268377,forest
268378,forest
268379,forest
268380,forest
268381,forest
268382,forest
268383,forest
268384,forest
268385,forest
268386,forest
268387,forest
268388,forest
268389,forest
268390,forest
268391,forest
268392,forest
268393,forest
268394,forest
268395,forest
268396,forest
268397,forest
268398,forest
268399,forest
268400,forest
268401,forest
268402,forest
268403,forest
268404,forest
268405,forest
268406,forest
268407,forest
268408,forest
268409,forest
268410,forest
268411,forest
268412,forest
268413,forest
268414,forest
268415,forest
268416,forest
268417,forest
268418,forest
268419,forest
268420,forest
268421,forest
268422,forest
268423,forest
268424,forest
268425,forest
268426,forest
268427,forest
268428,forest
268429,forest
268430,forest
268431,forest
268432,forest
268433,forest
268434,forest
268435,forest
268436,forest
268437,forest
268438,forest
268439,forest
268440,forest
268441,forest
268442,forest
268443,forest
268444,forest
268445,forest
268446,forest
268447,forest
268448,forest
268449,forest
268450,forest
268451,forest
268452,forest
268453,forest
268454,forest
268455,forest
268456,forest
268457,forest
268458,forest
268459,forest
268460,forest
268461,forest
268462,forest
268463,forest
268464,forest
268465,forest
268466,forest
268467,forest
268468,forest
268469,forest
268470,forest
268471,forest
268472,forest
268473,forest
268474,forest
268475,forest
268477,forest
268479,forest
268480,forest
268481,forest
268483,forest
268484,forest
268491,forest
268492,forest
268493,forest
268494,forest
268495,forest
268496,forest
268497,forest
268499,forest
268501,forest
268502,forest
268503,forest
268504,forest
268507,forest
268513,forest
268515,forest
268516,forest
268518,forest
268519,forest
268520,forest
268521,forest
268525,forest
268526,forest
268529,forest
268530,forest
268531,forest
268532,forest
268533,forest
268534,forest
268535,forest
268536,forest
268538,forest
268540,forest
268542,forest
268545,forest
268547,forest
268549,forest
268550,forest
268552,forest
268554,forest
268555,forest
268556,forest
268557,forest
268558,forest
268559,forest
268560,forest
268561,forest
268562,forest
268564,forest
268565,forest
268568,forest
268572,forest
268574,forest
268575,forest
268576,forest
268577,forest
268578,forest
268579,forest
268580,forest
268581,forest
268582,forest
268583,forest
268584,forest
268585,forest
268588,forest
268590,forest
268591,forest
268592,forest
268593,forest
268594,forest
268598,forest
268601,forest
268604,forest
268605,forest
268606,forest
268608,forest
268609,forest
268611,forest
268612,forest
268613,forest
268614,forest
268616,forest
268617,forest
268618,forest
268619,forest
268622,forest
268625,forest
268627,forest
268628,forest
268630,forest
268631,forest
268634,forest
268635,forest
268636,forest
268637,forest
268640,forest
268641,forest
268643,forest
268645,forest
268646,forest
268648,forest
268649,forest
268650,forest
268656,forest
268657,forest
268658,forest
268660,forest
268662,forest
268663,forest
268664,forest
268665,forest
268667,forest
268668,forest
268669,forest
268671,forest
268672,forest
268673,forest
268674,forest
268675,forest
268676,forest
268678,forest
268679,forest
268681,forest
268682,forest
268683,forest
268684,forest
268685,forest
268688,forest
268690,forest
268691,forest
268692,forest
268693,forest
268696,forest
268697,forest
268698,forest
268699,forest
268700,forest
268701,forest
268702,forest
268704,forest
268706,forest
268707,forest
268708,forest
268709,forest
268711,forest
268717,forest
268718,forest
268719,forest
268723,forest
268725,forest
268726,forest
269767,forest
269768,forest
269771,forest
269781,forest
269782,forest
269784,forest
269789,forest
269795,forest
269796,forest
269797,forest
269798,forest
269800,forest
269801,forest
269814,forest
269821,forest
269822,forest
269828,forest
269841,forest
269844,forest
269845,forest
269847,forest
269853,forest
269854,forest
269858,forest
269861,forest
269864,forest
269865,forest
269866,forest
269868,forest
269869,forest
269871,forest
269875,forest
269885,forest
269891,forest
269894,forest
269912,forest
269915,forest
269916,forest
269918,forest
269922,forest
269923,forest
269925,forest
269926,forest
269927,forest
269928,forest
269933,forest
269936,forest
269940,forest
269942,forest
269943,forest
269944,forest
269945,forest
269950,forest
269951,forest
269961,forest
269965,forest
269968,forest
269979,forest
269980,forest
269984,forest
269985,forest
269986,forest
269987,forest
269991,forest
270001,forest
270004,forest
270005,forest
270009,forest
270010,forest
270012,forest
270013,forest
270014,forest
270016,forest
270017,forest
270020,forest
270023,forest
270026,forest
270027,forest
270032,forest
270046,forest
270051,forest
270054,forest
270059,forest
270063,forest
270067,forest
270070,forest
270076,forest
270078,forest
270079,forest
270087,forest
270088,forest
270090,forest
270094,forest
270095,forest
270102,forest
270115,forest
270117,forest
270118,forest
270120,forest
270122,forest
270123,forest
270125,forest
270130,forest
270131,forest
270133,forest
270136,forest
270141,forest
270142,forest
270156,forest
270159,forest
270161,forest
270162,forest
270164,forest
270166,forest
270167,forest
270168,forest
270169,forest
270174,forest
270179,forest
270184,forest
270185,forest
270187,forest
270192,forest
270197,forest
270198,forest
270200,forest
270202,forest
270205,forest
270206,forest
270207,forest
270212,forest
270219,forest
270223,forest
270224,forest
270234,forest
270239,forest
270240,forest
270241,forest
270243,forest
270244,forest
270246,forest
270247,forest
270249,forest
270252,forest
270254,forest
270256,forest
270258,forest
270263,forest
270264,forest
270272,forest
270273,forest
270276,forest
270289,forest
270291,forest
270293,forest
270295,forest
270297,forest
270299,forest
270312,forest
270318,forest
270322,forest
270324,forest
270326,forest
270335,forest
270344,forest
270351,forest
270354,forest
270364,forest
270365,forest
270366,forest
270369,forest
270375,forest
270377,forest
270379,forest
270381,forest
270387,forest
270392,forest
270393,forest
270395,forest
270396,forest
270409,forest
270411,forest
270424,forest
270439,forest
270440,forest
270445,forest
270452,forest
270459,forest
270460,forest
270465,forest
270466,forest
270471,forest
270472,forest
270476,forest
270477,forest
270483,forest
270484,forest
270496,forest
270500,forest
270501,forest
270503,forest
270512,forest
270514,forest
270523,forest
270527,forest
270531,forest
270536,forest
270541,forest
270542,forest
270545,forest
270546,forest
270549,forest
270550,forest
270556,forest
270562,forest
270563,forest
270567,forest
270571,forest
270575,forest
270576,forest
270577,forest
270580,forest
270581,forest
270588,forest
270594,forest
270602,forest
270607,forest
270609,forest
270610,forest
270611,forest
270614,forest
270617,forest
270624,forest
270627,forest
270630,forest
270644,forest
270645,forest
270647,forest
270655,forest
270656,forest
270659,forest
270660,forest
270662,forest
270665,forest
270671,forest
270675,forest
270677,forest
270683,forest
270686,forest
270688,forest
270695,forest
270698,forest
270701,forest
270703,forest
270714,forest
270715,forest
270723,forest
270728,forest
270733,forest
270734,forest
270736,forest
270743,forest
270744,forest
270772,forest
270776,forest
270777,forest
270793,forest
270794,forest
270803,forest
270810,forest
270815,forest
270822,forest
270828,forest
270829,forest
270830,forest
270831,forest
270832,forest
270840,forest
270842,forest
270854,forest
270857,forest
270859,forest
270866,forest
270868,forest
270872,forest
270873,forest
270875,forest
270877,forest
270881,forest
270882,forest
270883,forest
270893,forest
270902,forest
270906,forest
270907,forest
270912,forest
270914,forest
270917,forest
270920,forest
270921,forest
270925,forest
270932,forest
270934,forest
270935,forest
270940,forest
270942,forest
270946,forest
270948,forest
270949,forest
270957,forest
270958,forest
270965,forest
270968,forest
270971,forest
270975,forest
270976,forest
270979,forest
270983,forest
270985,forest
270991,forest
270993,forest
270996,forest
271003,forest
271011,forest
271013,forest
271015,forest
271025,forest
271027,forest
271029,forest
271030,forest
271036,forest
271041,forest
271043,forest
271046,forest
271047,forest
271051,forest
271052,forest
271055,forest
271058,forest
271059,forest
271060,forest
271062,forest
271063,forest
271067,forest
271070,forest
271102,forest
271103,forest
271106,forest
271116,forest
271128,forest
271137,forest
271143,forest
271148,forest
271150,forest
271152,forest
271153,forest
271163,forest
271168,forest
271169,forest
271170,forest
271171,forest
271180,forest
271188,forest
271191,forest
271196,forest
271199,forest
271200,forest
271205,forest
271208,forest
271222,forest
271223,forest
271224,forest
271226,forest
271231,forest
271248,forest
271250,forest
271252,forest
271254,forest
271256,forest
271257,forest
271259,forest
271264,forest
271270,forest
271271,forest
271276,forest
271277,forest
271278,forest
271279,forest
271280,forest
271286,forest
271287,forest
271289,forest
271296,forest
271301,forest
271309,forest
271315,forest
271319,forest
271324,forest
271330,forest
271336,forest
271337,forest
271339,forest
271343,forest
271348,forest
271349,forest
271353,forest
271360,forest
271363,forest
271366,forest
271371,forest
271383,forest
271384,forest
271389,forest
271397,forest
271398,forest
271399,forest
271405,forest
271406,forest
271409,forest
271411,forest
271412,forest
271414,forest
271415,forest
271419,forest
271422,forest
271423,forest
271424,forest
271433,forest
271434,forest
271435,forest
271437,forest
271444,forest
271446,forest
271459,forest
271462,forest
271469,forest
271470,forest
271471,forest
271476,forest
271478,forest
271481,forest
271483,forest
271485,forest
271486,forest
271487,forest
271488,forest
271495,forest
271496,forest
271498,forest
271500,forest
271502,forest
271510,forest
271511,forest
271515,forest
271517,forest
271520,forest
271522,forest
271528,forest
271533,forest
271538,forest
271539,forest
271545,forest
271549,forest
271550,forest
271557,forest
271566,forest
271569,forest
271576,forest
271577,forest
271582,forest
271584,forest
271585,forest
271593,forest
271595,forest
271596,forest
271597,forest
271600,forest
271609,forest
271623,forest
271627,forest
271643,forest
271645,forest
271646,forest
271647,forest
271665,forest
271672,forest
271681,forest
271683,forest
271684,forest
271686,forest
271697,forest
271700,forest
271701,forest
271702,forest
271710,forest
271712,forest
271713,forest
271714,forest
271715,forest
271725,forest
271726,forest
271727,forest
271729,forest
271737,forest
271739,forest
271740,forest
271745,forest
271750,forest
271752,forest
271754,forest
271755,forest
271757,forest
271764,forest
271767,forest
271770,forest
271774,forest
271781,forest
271786,forest
271795,forest
272010,forest
272011,forest
272012,forest
272013,forest
272014,forest
272015,forest
272016,forest
272017,forest
272018,forest
272019,forest
272020,forest
272021,forest
272022,forest
272023,forest
272024,forest
272025,forest
272026,forest
272027,forest
272028,forest
272029,forest
272030,forest
272031,forest
272032,forest
272033,forest
272034,forest
272035,forest
272036,forest
272038,forest
272039,forest
272040,forest
272041,forest
272043,forest
272044,forest
272045,forest
272046,forest
272047,forest
272048,forest
272049,forest
272050,forest
272051,forest
272052,forest
272053,forest
272054,forest
272055,forest
272056,forest
272057,forest
272058,forest
272059,forest
272060,forest
272066,forest
272068,forest
272069,forest
272070,forest
272071,forest
272073,forest
272074,forest
272075,forest
272076,forest
272077,forest
272078,forest
272079,forest
272080,forest
272081,forest
272083,forest
272084,forest
272087,forest
272089,forest
272090,forest
272092,forest
272094,forest
272095,forest
272096,forest
272097,forest
272098,forest
272099,forest
272101,forest
272103,forest
272104,forest
272105,forest
272109,forest
272110,forest
272112,forest
272113,forest
272114,forest
272120,forest
272123,forest
272124,forest
272126,forest
272130,forest
272131,forest
272132,forest
272134,forest
272252,forest
272258,forest
272259,forest
272260,forest
272261,forest
272266,forest
272267,forest
272268,forest
272269,forest
272271,forest
272273,forest
272278,forest
272282,forest
272283,forest
272286,forest
272287,forest
272288,forest
272289,forest
272290,forest
272293,forest
272294,forest
272298,forest
272300,forest
272302,forest
272305,forest
272313,forest
272314,forest
272316,forest
272324,forest
272326,forest
272329,forest
272332,forest
272333,forest
272338,forest
272339,forest
272345,forest
272350,forest
272351,forest
272353,forest
272354,forest
272355,forest
272360,forest
272364,forest
272365,forest
272366,forest
272368,forest
272369,forest
272370,forest
272373,forest
272375,forest
272378,forest
272379,forest
272381,forest
272382,forest
272383,forest
272384,forest
272385,forest
272386,forest
272388,forest
272389,forest
272391,forest
272393,forest
272394,forest
272395,forest
272397,forest
272398,forest
272399,forest
272401,forest
272403,forest
272404,forest
272406,forest
272407,forest
272408,forest
272409,forest
272411,forest
272412,forest
272413,forest
272415,forest
272416,forest
272417,forest
272419,forest
272422,forest
272423,forest
272424,forest
272425,forest
272426,forest
272431,forest
272432,forest
272433,forest
272434,forest
272435,forest
272436,forest
272439,forest
272440,forest
272442,forest
272445,forest
272446,forest
272447,forest
272448,forest
272450,forest
272452,forest
272454,forest
272455,forest
272456,forest
272458,forest
272460,forest
272461,forest
272463,forest
272464,forest
272467,forest
272468,forest
272469,forest
272470,forest
272472,forest
272473,forest
272474,forest
272477,forest
272479,forest
272481,forest
272482,forest
272488,forest
272490,forest
272491,forest
272503,forest
272504,forest
272505,forest
272507,forest
272509,forest
272512,forest
272516,forest
272517,forest
272520,forest
272528,forest
272530,forest
272533,forest
272536,forest
272538,forest
272539,forest
272540,forest
272542,forest
272543,forest
272545,forest
272546,forest
272547,forest
272549,forest
272550,forest
272551,forest
272553,forest
272557,forest
272559,forest
272561,forest
272563,forest
272566,forest
272567,forest
272570,forest
272572,forest
272573,forest
272577,forest
272578,forest
272579,forest
272583,forest
272588,forest
272589,forest
272591,forest
272592,forest
272594,forest
272595,forest
272601,forest
272602,forest
272603,forest
272615,forest
272619,forest
272620,forest
272621,forest
272622,forest
272623,forest
272625,forest
272628,forest
272666,forest
272667,forest
272668,forest
272669,forest
272670,forest
272671,forest
272672,forest
272673,forest
272674,forest
272675,forest
272676,forest
272678,forest
272679,forest
272680,forest
272681,forest
272682,forest
272683,forest
272684,forest
272685,forest
272686,forest
272687,forest
272688,forest
272689,forest
272690,forest
272691,forest
272692,forest
272693,forest
272694,forest
272695,forest
272696,forest
272697,forest
272698,forest
272699,forest
272700,forest
272701,forest
272702,forest
272703,forest
272704,forest
272705,forest
272706,forest
272707,forest
272708,forest
272709,forest
272711,forest
272712,forest
272713,forest
272714,forest
272715,forest
272716,forest
272717,forest
272718,forest
272719,forest
272720,forest
272722,forest
272723,forest
272724,forest
272725,forest
272726,forest
272727,forest
272728,forest
272729,forest
272730,forest
272731,forest
272732,forest
272733,forest
272734,forest
272735,forest
272736,forest
272737,forest
272738,forest
272739,forest
272740,forest
272741,forest
272742,forest
272743,forest
272744,forest
272745,forest
272746,forest
272747,forest
272748,forest
272749,forest
272750,forest
272751,forest
272752,forest
272753,forest
272754,forest
272755,forest
272762,forest
272764,forest
272765,forest
272769,forest
272770,forest
272771,forest
272772,forest
272773,forest
272774,forest
272776,forest
272778,forest
272781,forest
272782,forest
272783,forest
272786,forest
272787,forest
272789,forest
272790,forest
272791,forest
272792,forest
272793,forest
272794,forest
272795,forest
272796,forest
272797,forest
272798,forest
272799,forest
272801,forest
272802,forest
272803,forest
272806,forest
272808,forest
272809,forest
272811,forest
272813,forest
272816,forest
272819,forest
272822,forest
272824,forest
272826,forest
272828,forest
272830,forest
272832,forest
272833,forest
272834,forest
272836,forest
272839,forest
272841,forest
272842,forest
272843,forest
272844,forest
272846,forest
272847,forest
272848,forest
272850,forest
272851,forest
272852,forest
272853,forest
272854,forest
272855,forest
272864,forest
272867,forest
272868,forest
272869,forest
272870,forest
272871,forest
272876,forest
272877,forest
272878,forest
272879,forest
272880,forest
272883,forest
272887,forest
272888,forest
272889,forest
272891,forest
272892,forest
272895,forest
272898,forest
272901,forest
272903,forest
272904,forest
272906,forest
272908,forest
272909,forest
272910,forest
272912,forest
272913,forest
272915,forest
273168,forest
273169,forest
273172,forest
273177,forest
273178,forest
273181,forest
273184,forest
273186,forest
273188,forest
273193,forest
273194,forest
273195,forest
273196,forest
273199,forest
273201,forest
273202,forest
273204,forest
273212,forest
273213,forest
273216,forest
273218,forest
273222,forest
273223,forest
273225,forest
273226,forest
273227,forest
273231,forest
273232,forest
273233,forest
273234,forest
273235,forest
273237,forest
273243,forest
273244,forest
273245,forest
273249,forest
273252,forest
273254,forest
273255,forest
273258,forest
273261,forest
273262,forest
273263,forest
273268,forest
273273,forest
273274,forest
273275,forest
273276,forest
273287,forest
273288,forest
273290,forest
273298,forest
273299,forest
273306,forest
273309,forest
273312,forest
273316,forest
273317,forest
273322,forest
273324,forest
273325,forest
273328,forest
273329,forest
273330,forest
273332,forest
273333,forest
273335,forest
273349,forest
273350,forest
273352,forest
273353,forest
273355,forest
273356,forest
273357,forest
273358,forest
273360,forest
273366,forest
273370,forest
273371,forest
273372,forest
273375,forest
273376,forest
273377,forest
273379,forest
273381,forest
273382,forest
273385,forest
273387,forest
273389,forest
273392,forest
273396,forest
273397,forest
273399,forest
273401,forest
273402,forest
273403,forest
273405,forest
273406,forest
273407,forest
273408,forest
273411,forest
273412,forest
273415,forest
273416,forest
273418,forest
273420,forest
273422,forest
273424,forest
273425,forest
273427,forest
273428,forest
273429,forest
273430,forest
273433,forest
273435,forest
273438,forest
273439,forest
273441,forest
273442,forest
273444,forest
273445,forest
273446,forest
273447,forest
273449,forest
273450,forest
273451,forest
273453,forest
273454,forest
273456,forest
273457,forest
273460,forest
273462,forest
273464,forest
273465,forest
273466,forest
273468,forest
273472,forest
273473,forest
273474,forest
273476,forest
273478,forest
273479,forest
273487,forest
273488,forest
273489,forest
273490,forest
273492,forest
273493,forest
273494,forest
273495,forest
273496,forest
273497,forest
273499,forest
273501,forest
273502,forest
273503,forest
273506,forest
273508,forest
273509,forest
273512,forest
273514,forest
273517,forest
273518,forest
273519,forest
273520,forest
273521,forest
273523,forest
273525,forest
273527,forest
273529,forest
273533,forest
273536,forest
273537,forest
273541,forest
273544,forest
273546,forest
273552,forest
273554,forest
273556,forest
273557,forest
273560,forest
273561,forest
273562,forest
273566,forest
273568,forest
273571,forest
273573,forest
273574,forest
273576,forest
273578,forest
273581,forest
273584,forest
273586,forest
273588,forest
273596,forest
273598,forest
273601,forest
273602,forest
273605,forest
273607,forest
273611,forest
273622,forest
273624,forest
273625,forest
273628,forest
273629,forest
273630,forest
273631,forest
273635,forest
273637,forest
273639,forest
273640,forest
273641,forest
273644,forest
273650,forest
273652,forest
273655,forest
273657,forest
273659,forest
273661,forest
273671,forest
273674,forest
273675,forest
273677,forest
273678,forest
273680,forest
273682,forest
273687,forest
273688,forest
273689,forest
273691,forest
273692,forest
273693,forest
273695,forest
273696,forest
273699,forest
273700,forest
273701,forest
273703,forest
273704,forest
273705,forest
273709,forest
273716,forest
273718,forest
273722,forest
273724,forest
273725,forest
273726,forest
273728,forest
273729,forest
273730,forest
273733,forest
273735,forest
273737,forest
273739,forest
273740,forest
273742,forest
273744,forest
273745,forest
273747,forest
273748,forest
273749,forest
273751,forest
273752,forest
273753,forest
273755,forest
273758,forest
273759,forest
273761,forest
273762,forest
273764,forest
273765,forest
273770,forest
273771,forest
273776,forest
273782,forest
273783,forest
273785,forest
273786,forest
273788,forest
273789,forest
273791,forest
273792,forest
273793,forest
273801,forest
273802,forest
273803,forest
273806,forest
273807,forest
273809,forest
273811,forest
273820,forest
273832,forest
273833,forest
273840,forest
273841,forest
273842,forest
273844,forest
273845,forest
273847,forest
273849,forest
273852,forest
273854,forest
273855,forest
273859,forest
274040,forest
274041,forest
274042,forest
274043,forest
274044,forest
274045,forest
274046,forest
274047,forest
274048,forest
274049,forest
274050,forest
274051,forest
274052,forest
274053,forest
274054,forest
274055,forest
274056,forest
274057,forest
274058,forest
274059,forest
274060,forest
274061,forest
274062,forest
274063,forest
274064,forest
274065,forest
274067,forest
274077,forest
274083,forest
274088,forest
274095,forest
274096,forest
274099,forest
274103,forest
274105,forest
274106,forest
274107,forest
274108,forest
274109,forest
274110,forest
274111,forest
274112,forest
274113,forest
274114,forest
274115,forest
274116,forest
274117,forest
274118,forest
274119,forest
274120,forest
274121,forest
274122,forest
274123,forest
274124,forest
274125,forest
274126,forest
274127,forest
274128,forest
274129,forest
274130,forest
274131,forest
274132,forest
274133,forest
274134,forest
274135,forest
274136,forest
274137,forest
274138,forest
274139,forest
274140,forest
274141,forest
274142,forest
274143,forest
274144,forest
274151,forest
274155,forest
274156,forest
274162,forest
274163,forest
274164,forest
274170,forest
274171,forest
274172,forest
274178,forest
274179,forest
274181,forest
274182,forest
274183,forest
274194,forest
274195,forest
274196,forest
274197,forest
274198,forest
274200,forest
274204,forest
274206,forest
274290,forest
274309,forest
274343,forest
274350,forest
274352,forest
274354,forest
274372,forest
274413,forest
274496,forest
274497,forest
274500,forest
274552,forest
274553,forest
274554,forest
274555,forest
274556,forest
274557,forest
274558,forest
274559,forest
274560,forest
274561,forest
274562,forest
274563,forest
274564,forest
274565,forest
274566,forest
274567,forest
274568,forest
274569,forest
274570,forest
274571,forest
274572,forest
274573,forest
274574,forest
274575,forest
274576,forest
274577,forest
274578,forest
274579,forest
274580,forest
274581,forest
274582,forest
274583,forest
274584,forest
274585,forest
274586,forest
274587,forest
274588,forest
274589,forest
274590,forest
274591,forest
274592,forest
274593,forest
274594,forest
274595,forest
274596,forest
274597,forest
274598,forest
274599,forest
274600,forest
274601,forest
274602,forest
274603,forest
274604,forest
274605,forest
274606,forest
274607,forest
274608,forest
274609,forest
274610,forest
274611,forest
274612,forest
274613,forest
274614,forest
274615,forest
274616,forest
274617,forest
274618,forest
274619,forest
274620,forest
274621,forest
274622,forest
274623,forest
274624,forest
274625,forest
274626,forest
274627,forest
274628,forest
274629,forest
274630,forest
274631,forest
274632,forest
274633,forest
274634,forest
274635,forest
274636,forest
274638,forest
274639,forest
274640,forest
274641,forest
274642,forest
274643,forest
274644,forest
274645,forest
274646,forest
274647,forest
274648,forest
274649,forest
274650,forest
274651,forest
274652,forest
274653,forest
274654,forest
274655,forest
274656,forest
274657,forest
274658,forest
274659,forest
274660,forest
274661,forest
274662,forest
274663,forest
274664,forest
274665,forest
274666,forest
274667,forest
274668,forest
274669,forest
274671,forest
274672,forest
274673,forest
274674,forest
274675,forest
274678,forest
274679,forest
274680,forest
274681,forest
274682,forest
274683,forest
274684,forest
274686,forest
274687,forest
274688,forest
274690,forest
274691,forest
274692,forest
274693,forest
274694,forest
274695,forest
274802,forest
274803,forest
274804,forest
274807,forest
274808,forest
274811,forest
274815,forest
274817,forest
274822,forest
274825,forest
274827,forest
274828,forest
274830,forest
274831,forest
274832,forest
274833,forest
274834,forest
274835,forest
274836,forest
274837,forest
274840,forest
274841,forest
274844,forest
274845,forest
274850,forest
274852,forest
274853,forest
274856,forest
274857,forest
274859,forest
274861,forest
274863,forest
274864,forest
274865,forest
274866,forest
274868,forest
274871,forest
274872,forest
274874,forest
274875,forest
274876,forest
274877,forest
274878,forest
274881,forest
274882,forest
274884,forest
274886,forest
274887,forest
274888,forest
274889,forest
274891,forest
274892,forest
274893,forest
274894,forest
274895,forest
274896,forest
274898,forest
274900,forest
274901,forest
274902,forest
274903,forest
274904,forest
274905,forest
274908,forest
274910,forest
274911,forest
274914,forest
274915,forest
274921,forest
274922,forest
274923,forest
274924,forest
274925,forest
274926,forest
274927,forest
274928,forest
274929,forest
274930,forest
274931,forest
274932,forest
274933,forest
274934,forest
274935,forest
274936,forest
274937,forest
274938,forest
274939,forest
274940,forest
274941,forest
274942,forest
274944,forest
274947,forest
274948,forest
274949,forest
274950,forest
274951,forest
274952,forest
274953,forest
274954,forest
274955,forest
274956,forest
274961,forest
274962,forest
274963,forest
274964,forest
274965,forest
274966,forest
274967,forest
274968,forest
274969,forest
274970,forest
274971,forest
274972,forest
274974,forest
274975,forest
274976,forest
274977,forest
274978,forest
274979,forest
274980,forest
274981,forest
274982,forest
274983,forest
274984,forest
274985,forest
274987,forest
274988,forest
274989,forest
274990,forest
274991,forest
274993,forest
274994,forest
274995,forest
274996,forest
274997,forest
274998,forest
274999,forest
275000,forest
275001,forest
275002,forest
275003,forest
275004,forest
275005,forest
275008,forest
275009,forest
275010,forest
275011,forest
275012,forest
275013,forest
275014,forest
275015,forest
275016,forest
275017,forest
275018,forest
275019,forest
275020,forest
275021,forest
275022,forest
275024,forest
275025,forest
275026,forest
275027,forest
275028,forest
275029,forest
275030,forest
275031,forest
275032,forest
275033,forest
275034,forest
275035,forest
275036,forest
275037,forest
275038,forest
275039,forest
275040,forest
275041,forest
275042,forest
275043,forest
275044,forest
275045,forest
275046,forest
275047,forest
275048,forest
275049,forest
275050,forest
275051,forest
275052,forest
275053,forest
275054,forest
275055,forest
275056,forest
275057,forest
275058,forest
275059,forest
275060,forest
275061,forest
275062,forest
275063,forest
275064,forest
275065,forest
275066,forest
275067,forest
275068,forest
275069,forest
275070,forest
275071,forest
275072,forest
275073,forest
275074,forest
275075,forest
275076,forest
275077,forest
275078,forest
275079,forest
275080,forest
275081,forest
275082,forest
275083,forest
275084,forest
275085,forest
275086,forest
275087,forest
275088,forest
275089,forest
275090,forest
275091,forest
275092,forest
275093,forest
275094,forest
275095,forest
275096,forest
275097,forest
275098,forest
275099,forest
275100,forest
275101,forest
275102,forest
275103,forest
275104,forest
275105,forest
275106,forest
275107,forest
275108,forest
275109,forest
275110,forest
275111,forest
275113,forest
275114,forest
275115,forest
275116,forest
275117,forest
275118,forest
275119,forest
275122,forest
275123,forest
275124,forest
275125,forest
275126,forest
275127,forest
275128,forest
275129,forest
275130,forest
275131,forest
275132,forest
275133,forest
275134,forest
275135,forest
275136,forest
275137,forest
275138,forest
275139,forest
275140,forest
275141,forest
275142,forest
275143,forest
275144,forest
275145,forest
275147,forest
275148,forest
275149,forest
275150,forest
275151,forest
275154,forest
275155,forest
275156,forest
275157,forest
275159,forest
275160,forest
275161,forest
275163,forest
275164,forest
275165,forest
275167,forest
275168,forest
275169,forest
275170,forest
275171,forest
275173,forest
275297,forest
275298,forest
275299,forest
275301,forest
275303,forest
275304,forest
275307,forest
275308,forest
275311,forest
275313,forest
275315,forest
275323,forest
275325,forest
275326,forest
275330,forest
275332,forest
275337,forest
275342,forest
275343,forest
275345,forest
275346,forest
275347,forest
275348,forest
275349,forest
275352,forest
275353,forest
275354,forest
275356,forest
275358,forest
275359,forest
275360,forest
275361,forest
275365,forest
275366,forest
275369,forest
275372,forest
275374,forest
275379,forest
275381,forest
275382,forest
275385,forest
275386,forest
275387,forest
275390,forest
275391,forest
275393,forest
275395,forest
275398,forest
275400,forest
275401,forest
275402,forest
275404,forest
275406,forest
275407,forest
275409,forest
275411,forest
275412,forest
275413,forest
275416,forest
275418,forest
275419,forest
275420,forest
275421,forest
275424,forest
275425,forest
275426,forest
275427,forest
275429,forest
275436,forest
275437,forest
275440,forest
275442,forest
275443,forest
275444,forest
275445,forest
275446,forest
275449,forest
275450,forest
275451,forest
275454,forest
275455,forest
275456,forest
275458,forest
275461,forest
275463,forest
275464,forest
275465,forest
275466,forest
275467,forest
275468,forest
275469,forest
275471,forest
275474,forest
275477,forest
275479,forest
275480,forest
275483,forest
275484,forest
275485,forest
275490,forest
275496,forest
275497,forest
275498,forest
275499,forest
275500,forest
275501,forest
275502,forest
275503,forest
275504,forest
275505,forest
275506,forest
275507,forest
275508,forest
275509,forest
275510,forest
275511,forest
275512,forest
275514,forest
275516,forest
275517,forest
275518,forest
275519,forest
275522,forest
275525,forest
275526,forest
275528,forest
275529,forest
275530,forest
275531,forest
275532,forest
275533,forest
275535,forest
275536,forest
275544,forest
275545,forest
275546,forest
275549,forest
275550,forest
275551,forest
275552,forest
275553,forest
275554,forest
275555,forest
275556,forest
275557,forest
275559,forest
275560,forest
275561,forest
275562,forest
275563,forest
275564,forest
275566,forest
275567,forest
275568,forest
275569,forest
275570,forest
275571,forest
275572,forest
275573,forest
275574,forest
275575,forest
275576,forest
275577,forest
275579,forest
275580,forest
275581,forest
275582,forest
275584,forest
275585,forest
275586,forest
275587,forest
275588,forest
275589,forest
275590,forest
275592,forest
275595,forest
275596,forest
275597,forest
275598,forest
275599,forest
275600,forest
275602,forest
275603,forest
275604,forest
275605,forest
275606,forest
275607,forest
275608,forest
275609,forest
275610,forest
275613,forest
275615,forest
275620,forest
275624,forest
275625,forest
275626,forest
275627,forest
275628,forest
275629,forest
275630,forest
275631,forest
275632,forest
275633,forest
275634,forest
275635,forest
275636,forest
275637,forest
275638,forest
275639,forest
275640,forest
275641,forest
275642,forest
275643,forest
275644,forest
275645,forest
275646,forest
275656,forest
275674,forest
275680,forest
275682,forest
275741,forest
275745,forest
275748,forest
275749,forest
275754,forest
275757,forest
275764,forest
275779,forest
275791,forest
275804,forest
275806,forest
275808,forest
275812,forest
275819,forest
275838,forest
275840,forest
275843,forest
275846,forest
275850,forest
275851,forest
275869,forest
275881,forest
275887,forest
275893,forest
275899,forest
275904,forest
275905,forest
275928,forest
275932,forest
275946,forest
275954,forest
275966,forest
275984,forest
275988,forest
276000,forest
276007,forest
276011,forest
276020,forest
276060,forest
276064,forest
276075,forest
276079,forest
276095,forest
276097,forest
276104,forest
276106,forest
276109,forest
276112,forest
276119,forest
276181,forest
276184,forest
276192,forest
276195,forest
276200,forest
276201,forest
276210,forest
276217,forest
276219,forest
276228,forest
276239,forest
276247,forest
276254,forest
276264,forest
276265,forest
276266,forest
276267,forest
276268,forest
276269,forest
276270,forest
276271,forest
276272,forest
276273,forest
276284,forest
276285,forest
276286,forest
276287,forest
276288,forest
276289,forest
276290,forest
276291,forest
276292,forest
276293,forest
276294,forest
276295,forest
276296,forest
276297,forest
276298,forest
276299,forest
276300,forest
276301,forest
276314,forest
276315,forest
276316,forest
276319,forest
276320,forest
276325,forest
276326,forest
276328,forest
276331,forest
276332,forest
276334,forest
276335,forest
276336,forest
276337,forest
276340,forest
276344,forest
276346,forest
276348,forest
276350,forest
276353,forest
276355,forest
276356,forest
276357,forest
276359,forest
276361,forest
276363,forest
276364,forest
276365,forest
276366,forest
276373,forest
276377,forest
276380,forest
276381,forest
276384,forest
276385,forest
276386,forest
276388,forest
276392,forest
276394,forest
276395,forest
276396,forest
276398,forest
276399,forest
276400,forest
276401,forest
276402,forest
276404,forest
276405,forest
276407,forest
276409,forest
276410,forest
276412,forest
276416,forest
276417,forest
276418,forest
276419,forest
276421,forest
276422,forest
276423,forest
276424,forest
276425,forest
276426,forest
276427,forest
276428,forest
276429,forest
276430,forest
276431,forest
276432,forest
276433,forest
276434,forest
276435,forest
276436,forest
276437,forest
276448,forest
276473,forest
276475,forest
276540,forest
276544,forest
276547,forest
276548,forest
276553,forest
276556,forest
276563,forest
276578,forest
276592,forest
276605,forest
276607,forest
276609,forest
276613,forest
276620,forest
276639,forest
276641,forest
276644,forest
276647,forest
276651,forest
276652,forest
276671,forest
276683,forest
276689,forest
276695,forest
276701,forest
276706,forest
276707,forest
276730,forest
276735,forest
276749,forest
276757,forest
276769,forest
276787,forest
276791,forest
276803,forest
276810,forest
276814,forest
276823,forest
276864,forest
276868,forest
276879,forest
276883,forest
276899,forest
276901,forest
276908,forest
276910,forest
276913,forest
276916,forest
276923,forest
276990,forest
276993,forest
276999,forest
277003,forest
277015,forest
277017,forest
277018,forest
277022,forest
277024,forest
277026,forest
277027,forest
277032,forest
277034,forest
277040,forest
277042,forest
277047,forest
277050,forest
277052,forest
277054,forest
277060,forest
277069,forest
277093,forest
277094,forest
277096,forest
277101,forest
277103,forest
277105,forest
277106,forest
277115,forest
277120,forest
277121,forest
277122,forest
277123,forest
277124,forest
277125,forest
277126,forest
277127,forest
277128,forest
277129,forest
277150,forest
277151,forest
277152,forest
277153,forest
277154,forest
277155,forest
277156,forest
277157,forest
277158,forest
277159,forest
277160,forest
277161,forest
277162,forest
277163,forest
277164,forest
277165,forest
277166,forest
277167,forest
277182,forest
277183,forest
277184,forest
277187,forest
277189,forest
277194,forest
277195,forest
277197,forest
277200,forest
277201,forest
277203,forest
277204,forest
277205,forest
277206,forest
277209,forest
277213,forest
277215,forest
277217,forest
277219,forest
277222,forest
277224,forest
277225,forest
277226,forest
277228,forest
277230,forest
277232,forest
277233,forest
277234,forest
277235,forest
277242,forest
277246,forest
277249,forest
277250,forest
277253,forest
277254,forest
277255,forest
277257,forest
277261,forest
277263,forest
277264,forest
277265,forest
277266,forest
277268,forest
277269,forest
277270,forest
277271,forest
277272,forest
277273,forest
277274,forest
277276,forest
277277,forest
277279,forest
277281,forest
277282,forest
277283,forest
277284,forest
277286,forest
278434,forest
278435,forest
278436,forest
278438,forest
278440,forest
278443,forest
278447,forest
278448,forest
278449,forest
278450,forest
278451,forest
278452,forest
278453,forest
278455,forest
278460,forest
278463,forest
278464,forest
278466,forest
278467,forest
278478,forest
278481,forest
278483,forest
278493,forest
278499,forest
278500,forest
278503,forest
278509,forest
278512,forest
278513,forest
278514,forest
278516,forest
278517,forest
278520,forest
278523,forest
278528,forest
278529,forest
278530,forest
278531,forest
278533,forest
278535,forest
278536,forest
278548,forest
278552,forest
278554,forest
278555,forest
278557,forest
278560,forest
278561,forest
278562,forest
278565,forest
278566,forest
278569,forest
278572,forest
278574,forest
278577,forest
278584,forest
278588,forest
278590,forest
278591,forest
278592,forest
278595,forest
278599,forest
278603,forest
278607,forest
278609,forest
278618,forest
278621,forest
278622,forest
278623,forest
278627,forest
278632,forest
278644,forest
278645,forest
278646,forest
278651,forest
278652,forest
278654,forest
278660,forest
278665,forest
278666,forest
278667,forest
278668,forest
278671,forest
278674,forest
278675,forest
278676,forest
278678,forest
278680,forest
278681,forest
278684,forest
278686,forest
278689,forest
278693,forest
278696,forest
278698,forest
278703,forest
278705,forest
278709,forest
278710,forest
278712,forest
278714,forest
278715,forest
278716,forest
278717,forest
278718,forest
278720,forest
278723,forest
278724,forest
278732,forest
278733,forest
278736,forest
278737,forest
278738,forest
278744,forest
278745,forest
278747,forest
278748,forest
278750,forest
278753,forest
278755,forest
278761,forest
278764,forest
278767,forest
278768,forest
278770,forest
278774,forest
278776,forest
278777,forest
278781,forest
278782,forest
278783,forest
278785,forest
278787,forest
278789,forest
278790,forest
278793,forest
278798,forest
278809,forest
278815,forest
278819,forest
278823,forest
278824,forest
278825,forest
278829,forest
278832,forest
278834,forest
278835,forest
278836,forest
278841,forest
278843,forest
278845,forest
278846,forest
278847,forest
278851,forest
278853,forest
278858,forest
278859,forest
278860,forest
278862,forest
278867,forest
278871,forest
278887,forest
278889,forest
278895,forest
278896,forest
278898,forest
278900,forest
278906,forest
278908,forest
278911,forest
278912,forest
278923,forest
278924,forest
278925,forest
278926,forest
278927,forest
278928,forest
278930,forest
278931,forest
278932,forest
278934,forest
278935,forest
278936,forest
278937,forest
278938,forest
278939,forest
278940,forest
278941,forest
278942,forest
278943,forest
278944,forest
278953,forest
278956,forest
278965,forest
278969,forest
278973,forest
278979,forest
278980,forest
278982,forest
278985,forest
278991,forest
278994,forest
278995,forest
278997,forest
278999,forest
279000,forest
279001,forest
279005,forest
279012,forest
279015,forest
279016,forest
279018,forest
279020,forest
279025,forest
279027,forest
279030,forest
279032,forest
279034,forest
279035,forest
279038,forest
279040,forest
279043,forest
279045,forest
279046,forest
279048,forest
279049,forest
279050,forest
279060,forest
279061,forest
279064,forest
279065,forest
279066,forest
279069,forest
279070,forest
279076,forest
279080,forest
279085,forest
279089,forest
279091,forest
279099,forest
279101,forest
279103,forest
279106,forest
279108,forest
279110,forest
279111,forest
279114,forest
279117,forest
279118,forest
279122,forest
279123,forest
279124,forest
279128,forest
279130,forest
279131,forest
279140,forest
279142,forest
279143,forest
279147,forest
279155,forest
279156,forest
279157,forest
279158,forest
279159,forest
279161,forest
279163,forest
279165,forest
279168,forest
279170,forest
279175,forest
279177,forest
279179,forest
279183,forest
279184,forest
279185,forest
279186,forest
279187,forest
279188,forest
279191,forest
279192,forest
279194,forest
279197,forest
279203,forest
279206,forest
279207,forest
279210,forest
279219,forest
279230,forest
279236,forest
279241,forest
279246,forest
279247,forest
279249,forest
279254,forest
279257,forest
279258,forest
279261,forest
279266,forest
279267,forest
279274,forest
279280,forest
279282,forest
279283,forest
279284,forest
279287,forest
279288,forest
279289,forest
279291,forest
279294,forest
279302,forest
279307,forest
279311,forest
279313,forest
279316,forest
279317,forest
279318,forest
279319,forest
279320,forest
279321,forest
279322,forest
279330,forest
279334,forest
279336,forest
279342,forest
279343,forest
279344,forest
279347,forest
279348,forest
279349,forest
279350,forest
279352,forest
279354,forest
279360,forest
279362,forest
279363,forest
279364,forest
279365,forest
279366,forest
279368,forest
279369,forest
279375,forest
279376,forest
279380,forest
279381,forest
279385,forest
279386,forest
279391,forest
279395,forest
279397,forest
279399,forest
279405,forest
279406,forest
279407,forest
279409,forest
279412,forest
279420,forest
279423,forest
279424,forest
279436,forest
279440,forest
279443,forest
279449,forest
279453,forest
279456,forest
279461,forest
279462,forest
279463,forest
279464,forest
279470,forest
279472,forest
279473,forest
279479,forest
279481,forest
279482,forest
279487,forest
279496,forest
279497,forest
279498,forest
279501,forest
279502,forest
279503,forest
279513,forest
279514,forest
279516,forest
279522,forest
279529,forest
279532,forest
279533,forest
279534,forest
279535,forest
279536,forest
279538,forest
279541,forest
279542,forest
279545,forest
279548,forest
279549,forest
279551,forest
279557,forest
279558,forest
279562,forest
279565,forest
279568,forest
279573,forest
279574,forest
279577,forest
279584,forest
279585,forest
279588,forest
279589,forest
279590,forest
279594,forest
279595,forest
279609,forest
279616,forest
279617,forest
279620,forest
279621,forest
279622,forest
279623,forest
279625,forest
279629,forest
279630,forest
279632,forest
279633,forest
279637,forest
279643,forest
279646,forest
279650,forest
279652,forest
279656,forest
279670,forest
279671,forest
279675,forest
279676,forest
279677,forest
279681,forest
279682,forest
279684,forest
279686,forest
279689,forest
279692,forest
279701,forest
279702,forest
279705,forest
279706,forest
279708,forest
279711,forest
279712,forest
279714,forest
279716,forest
279721,forest
279724,forest
279726,forest
279731,forest
279734,forest
279735,forest
279736,forest
279737,forest
279743,forest
279744,forest
279746,forest
279749,forest
279751,forest
279756,forest
279757,forest
279770,forest
279771,forest
279772,forest
279775,forest
279779,forest
279785,forest
279788,forest
279791,forest
279800,forest
279802,forest
279807,forest
279808,forest
279809,forest
279813,forest
279814,forest
279815,forest
279818,forest
279824,forest
279826,forest
279827,forest
279828,forest
279831,forest
279832,forest
279833,forest
279834,forest
279840,forest
279843,forest
279845,forest
279846,forest
279848,forest
279852,forest
279853,forest
279858,forest
279861,forest
279865,forest
279867,forest
279868,forest
279869,forest
279870,forest
279871,forest
279872,forest
279877,forest
279879,forest
279884,forest
279889,forest
279897,forest
279898,forest
279899,forest
279900,forest
279902,forest
279911,forest
279913,forest
279914,forest
279915,forest
279916,forest
279917,forest
279926,forest
279936,forest
279937,forest
279942,forest
279945,forest
279947,forest
279950,forest
279951,forest
279953,forest
279954,forest
279956,forest
279965,forest
279968,forest
279971,forest
279972,forest
279973,forest
279975,forest
279983,forest
279985,forest
279987,forest
279990,forest
279992,forest
279993,forest
279994,forest
279995,forest
279996,forest
279997,forest
279998,forest
280000,forest
280001,forest
280002,forest
280005,forest
280006,forest
280010,forest
280011,forest
280013,forest
280015,forest
280028,forest
280029,forest
280034,forest
280035,forest
280037,forest
280038,forest
280039,forest
280040,forest
280042,forest
280048,forest
280049,forest
280051,forest
280058,forest
280060,forest
280061,forest
280067,forest
280069,forest
280070,forest
280077,forest
280079,forest
280085,forest
280086,forest
280088,forest
280090,forest
280094,forest
280095,forest
280100,forest
280101,forest
280109,forest
280110,forest
280112,forest
280113,forest
280115,forest
280118,forest
280119,forest
280120,forest
280121,forest
280122,forest
280123,forest
280124,forest
280125,forest
280126,forest
280127,forest
280130,forest
280131,forest
280135,forest
280140,forest
280141,forest
280142,forest
280146,forest
280151,forest
280152,forest
280158,forest
280160,forest
280161,forest
280163,forest
280164,forest
280165,forest
280166,forest
280167,forest
280168,forest
280174,forest
280175,forest
280176,forest
280181,forest
280187,forest
280193,forest
280195,forest
280196,forest
280200,forest
280201,forest
280204,forest
280206,forest
280207,forest
280208,forest
280209,forest
280211,forest
280212,forest
280214,forest
280220,forest
280224,forest
280225,forest
280227,forest
280228,forest
280229,forest
280231,forest
280236,forest
280238,forest
280239,forest
280240,forest
280242,forest
280250,forest
280252,forest
280260,forest
280262,forest
280263,forest
280276,forest
280278,forest
280279,forest
280280,forest
280281,forest
280284,forest
280287,forest
280288,forest
280289,forest
280290,forest
280293,forest
280294,forest
280297,forest
280299,forest
280300,forest
280303,forest
280304,forest
280306,forest
280313,forest
280314,forest
280324,forest
280325,forest
280334,forest
280337,forest
280338,forest
280340,forest
280341,forest
280349,forest
280350,forest
280359,forest
280369,forest
280374,forest
280383,forest
280389,forest
280390,forest
280391,forest
280392,forest
280395,forest
280396,forest
280398,forest
280408,forest
280410,forest
280411,forest
280418,forest
280421,forest
280423,forest
280425,forest
280426,forest
280427,forest
280433,forest
280435,forest
280442,forest
280446,forest
280452,forest
280453,forest
280454,forest
280455,forest
280456,forest
280465,forest
280468,forest
280470,forest
280473,forest
280475,forest
280476,forest
280477,forest
280478,forest
280479,forest
280480,forest
280481,forest
280483,forest
280485,forest
280488,forest
280490,forest
280495,forest
280498,forest
280499,forest
280500,forest
280504,forest
280507,forest
280508,forest
280509,forest
280510,forest
280512,forest
280513,forest
280514,forest
280519,forest
280520,forest
280521,forest
280522,forest
280525,forest
280537,forest
280539,forest
280541,forest
280542,forest
280547,forest
280550,forest
280551,forest
280556,forest
280557,forest
280559,forest
280569,forest
280570,forest
280571,forest
280576,forest
280577,forest
280582,forest
280584,forest
280585,forest
280586,forest
280591,forest
280592,forest
280594,forest
280598,forest
280603,forest
280615,forest
280616,forest
280617,forest
280618,forest
280619,forest
280621,forest
280623,forest
280624,forest
280625,forest
280626,forest
280627,forest
280628,forest
280631,forest
280632,forest
280634,forest
280645,forest
280649,forest
280652,forest
280653,forest
280654,forest
280659,forest
280668,forest
280669,forest
280672,forest
280674,forest
280676,forest
280679,forest
280689,forest
280692,forest
280693,forest
280694,forest
280703,forest
280704,forest
280705,forest
280706,forest
280708,forest
280714,forest
280715,forest
280716,forest
280718,forest
280720,forest
280723,forest
280728,forest
280729,forest
280730,forest
280737,forest
280738,forest
280739,forest
280743,forest
280750,forest
280752,forest
280753,forest
280758,forest
280763,forest
280764,forest
280765,forest
280767,forest
280769,forest
280775,forest
280776,forest
280778,forest
280779,forest
280782,forest
280784,forest
280786,forest
280787,forest
280790,forest
280791,forest
280798,forest
280799,forest
280800,forest
280801,forest
280806,forest
280807,forest
280808,forest
280810,forest
280811,forest
280813,forest
280817,forest
280818,forest
280820,forest
280821,forest
280822,forest
280823,forest
280824,forest
280825,forest
280826,forest
280827,forest
280831,forest
280833,forest
280837,forest
280838,forest
280840,forest
280841,forest
280846,forest
280852,forest
280853,forest
280860,forest
280861,forest
280862,forest
280866,forest
280869,forest
280870,forest
280872,forest
280875,forest
280878,forest
280882,forest
280889,forest
280896,forest
280900,forest
280901,forest
280903,forest
280906,forest
280907,forest
280908,forest
280913,forest
280915,forest
280916,forest
280917,forest
280918,forest
280924,forest
280926,forest
280927,forest
280928,forest
280930,forest
280932,forest
280935,forest
280936,forest
280938,forest
280944,forest
280952,forest
280959,forest
280961,forest
280967,forest
280968,forest
280969,forest
280971,forest
280972,forest
280973,forest
280974,forest
280978,forest
280979,forest
280981,forest
280983,forest
280984,forest
280987,forest
280989,forest
280992,forest
280993,forest
281048,forest
281127,forest
281183,forest
281242,forest
281474,forest
281528,forest
281580,forest
281585,forest
281588,forest
281592,forest
281593,forest
281599,forest
281600,forest
281602,forest
281609,forest
281611,forest
281615,forest
281617,forest
281618,forest
281622,forest
281624,forest
281626,forest
281627,forest
281636,forest
281638,forest
281639,forest
281642,forest
281646,forest
281648,forest
281649,forest
281650,forest
281651,forest
281652,forest
281654,forest
281656,forest
281657,forest
281658,forest
281661,forest
281662,forest
281665,forest
281666,forest
281670,forest
281671,forest
281674,forest
281675,forest
281683,forest
281684,forest
281685,forest
281692,forest
281693,forest
281694,forest
281698,forest
281700,forest
281705,forest
281707,forest
281709,forest
281713,forest
281715,forest
281719,forest
281721,forest
281724,forest
281729,forest
281731,forest
281736,forest
281740,forest
281747,forest
281748,forest
281750,forest
281755,forest
281757,forest
281758,forest
281765,forest
281769,forest
281777,forest
281778,forest
281779,forest
281780,forest
281783,forest
281786,forest
281793,forest
281795,forest
281797,forest
281799,forest
281800,forest
281801,forest
281810,forest
281819,forest
281821,forest
281823,forest
281824,forest
281825,forest
281827,forest
281828,forest
281833,forest
281837,forest
281839,forest
281840,forest
281844,forest
281848,forest
281851,forest
281852,forest
281855,forest
281857,forest
281959,forest
281960,forest
281961,forest
281962,forest
281964,forest
281965,forest
281967,forest
281968,forest
281971,forest
281972,forest
281973,forest
281975,forest
281977,forest
281979,forest
281980,forest
281981,forest
281982,forest
281983,forest
281985,forest
281986,forest
281987,forest
281989,forest
281990,forest
281992,forest
281993,forest
281994,forest
281997,forest
281998,forest
281999,forest
282000,forest
282001,forest
282002,forest
282003,forest
282004,forest
282005,forest
282006,forest
282007,forest
282008,forest
282009,forest
282010,forest
282011,forest
282012,forest
282013,forest
282014,forest
282016,forest
282019,forest
282020,forest
282021,forest
282023,forest
282025,forest
282026,forest
282027,forest
282029,forest
282031,forest
282032,forest
282033,forest
282034,forest
282035,forest
282036,forest
282037,forest
282038,forest
282039,forest
282040,forest
282041,forest
282043,forest
282044,forest
282045,forest
282047,forest
282048,forest
282049,forest
282053,forest
282054,forest
282055,forest
282056,forest
282057,forest
282058,forest
282060,forest
282061,forest
282064,forest
282065,forest
282066,forest
282069,forest
282070,forest
282071,forest
282072,forest
282074,forest
282075,forest
282077,forest
282078,forest
282079,forest
282080,forest
282081,forest
282082,forest
282083,forest
282084,forest
282085,forest
282087,forest
282089,forest
282091,forest
282092,forest
282094,forest
282095,forest
282098,forest
282099,forest
282100,forest
282104,forest
282105,forest
282171,forest
282172,forest
282173,forest
282174,forest
282175,forest
282176,forest
282177,forest
282178,forest
282179,forest
282180,forest
282181,forest
282182,forest
282183,forest
282184,forest
282185,forest
282186,forest
282187,forest
282188,forest
282189,forest
282190,forest
282191,forest
282192,forest
282193,forest
282194,forest
282196,forest
282197,forest
282198,forest
282199,forest
282200,forest
282201,forest
282202,forest
282203,forest
282204,forest
282205,forest
282206,forest
282207,forest
282208,forest
282209,forest
282210,forest
282211,forest
282212,forest
282213,forest
282214,forest
282215,forest
282216,forest
282217,forest
282218,forest
282219,forest
282220,forest
282221,forest
282222,forest
282254,forest
282255,forest
282256,forest
282257,forest
282258,forest
282260,forest
282264,forest
282265,forest
282267,forest
282268,forest
282269,forest
282272,forest
282273,forest
282274,forest
282275,forest
282276,forest
282278,forest
282279,forest
282280,forest
282282,forest
282283,forest
282286,forest
282288,forest
282290,forest
282291,forest
282292,forest
282293,forest
282294,forest
282295,forest
282297,forest
282298,forest
282299,forest
282301,forest
282302,forest
282303,forest
282304,forest
282305,forest
282306,forest
282307,forest
282308,forest
282309,forest
282310,forest
282312,forest
282314,forest
282316,forest
282317,forest
282318,forest
282320,forest
282322,forest
282323,forest
282325,forest
282327,forest
282329,forest
282330,forest
282331,forest
282332,forest
282333,forest
282334,forest
282335,forest
282336,forest
282337,forest
282338,forest
282340,forest
282341,forest
282342,forest
282343,forest
282344,forest
282345,forest
282346,forest
282348,forest
282351,forest
282352,forest
282355,forest
282356,forest
282357,forest
282358,forest
282359,forest
282360,forest
282362,forest
282364,forest
282365,forest
282366,forest
282367,forest
282368,forest
282371,forest
282372,forest
282373,forest
282374,forest
282375,forest
282376,forest
282378,forest
282379,forest
282380,forest
282381,forest
282382,forest
282383,forest
282385,forest
282387,forest
282388,forest
282390,forest
282391,forest
282392,forest
282393,forest
282394,forest
282395,forest
282396,forest
282397,forest
282398,forest
282399,forest
282400,forest
282401,forest
282402,forest
282403,forest
282404,forest
282405,forest
282406,forest
282407,forest
282408,forest
282409,forest
282410,forest
282411,forest
282412,forest
282414,forest
282415,forest
282416,forest
282417,forest
282418,forest
282419,forest
282421,forest
282423,forest
282425,forest
282427,forest
282428,forest
282431,forest
282433,forest
282434,forest
282435,forest
282436,forest
282437,forest
282439,forest
282440,forest
282441,forest
282442,forest
282444,forest
282445,forest
282446,forest
282448,forest
282450,forest
282451,forest
282452,forest
282458,forest
282459,forest
282460,forest
282461,forest
282462,forest
282463,forest
282464,forest
282465,forest
282467,forest
282468,forest
282473,forest
282475,forest
282476,forest
282477,forest
282478,forest
282479,forest
282480,forest
282481,forest
282482,forest
282483,forest
282484,forest
282485,forest
282486,forest
282489,forest
282491,forest
282493,forest
282494,forest
282496,forest
282497,forest
282498,forest
282500,forest
282501,forest
282502,forest
282503,forest
282504,forest
282505,forest
282506,forest
282509,forest
282510,forest
282513,forest
282514,forest
282515,forest
282518,forest
282519,forest
282521,forest
282522,forest
282524,forest
282525,forest
282527,forest
282530,forest
282531,forest
282535,forest
282536,forest
282539,forest
282644,forest
282645,forest
282646,forest
282647,forest
282648,forest
282649,forest
282650,forest
282651,forest
282652,forest
282653,forest
282654,forest
282655,forest
282656,forest
282657,forest
282658,forest
282659,forest
282660,forest
282661,forest
282662,forest
282663,forest
282664,forest
282665,forest
282666,forest
282667,forest
282668,forest
282669,forest
282670,forest
282671,forest
282672,forest
282673,forest
282674,forest
282675,forest
282676,forest
282677,forest
282678,forest
282679,forest
282680,forest
282681,forest
282682,forest
282683,forest
282684,forest
282685,forest
282686,forest
282687,forest
282688,forest
282690,forest
282691,forest
282692,forest
282693,forest
282694,forest
282695,forest
282696,forest
282697,forest
282698,forest
282699,forest
282700,forest
282701,forest
282702,forest
282703,forest
282704,forest
282705,forest
282706,forest
282707,forest
282708,forest
282709,forest
282710,forest
282711,forest
282712,forest
282713,forest
282714,forest
282715,forest
282716,forest
282717,forest
282718,forest
282719,forest
282720,forest
282721,forest
282722,forest
282723,forest
282724,forest
282725,forest
282726,forest
282727,forest
282728,forest
282729,forest
282730,forest
282731,forest
282732,forest
282733,forest
282734,forest
282735,forest
282736,forest
282737,forest
282738,forest
282739,forest
282742,forest
282743,forest
282744,forest
282745,forest
282776,forest
282777,forest
282778,forest
282779,forest
282780,forest
282781,forest
282782,forest
282783,forest
282784,forest
282785,forest
282786,forest
282788,forest
282789,forest
282790,forest
282791,forest
282792,forest
282793,forest
282794,forest
282795,forest
282796,forest
282800,forest
282801,forest
282802,forest
282803,forest
282804,forest
282805,forest
282806,forest
282807,forest
282809,forest
282813,forest
282814,forest
282815,forest
282821,forest
282822,forest
282823,forest
282824,forest
282826,forest
282827,forest
282829,forest
282830,forest
282831,forest
282832,forest
282833,forest
282834,forest
282835,forest
282836,forest
282837,forest
282838,forest
282839,forest
282840,forest
282841,forest
282842,forest
282843,forest
282844,forest
282845,forest
282846,forest
282847,forest
282848,forest
282849,forest
282851,forest
282852,forest
282853,forest
282854,forest
282855,forest
282856,forest
282857,forest
282858,forest
282859,forest
282860,forest
282861,forest
282862,forest
282863,forest
282864,forest
282865,forest
282866,forest
282867,forest
282868,forest
282869,forest
282870,forest
282871,forest
282872,forest
282873,forest
282874,forest
282875,forest
282876,forest
282877,forest
282878,forest
282879,forest
282880,forest
282881,forest
282882,forest
282883,forest
282884,forest
282885,forest
282886,forest
282887,forest
282888,forest
282889,forest
282890,forest
282891,forest
282892,forest
282893,forest
282894,forest
282895,forest
282896,forest
282897,forest
282898,forest
282899,forest
282900,forest
282901,forest
282902,forest
282903,forest
282904,forest
282905,forest
282906,forest
282907,forest
282908,forest
282909,forest
282910,forest
282911,forest
282913,forest
282914,forest
282915,forest
282919,forest
282921,forest
282922,forest
282925,forest
282926,forest
282929,forest
282930,forest
282933,forest
282934,forest
282937,forest
282938,forest
282939,forest
282940,forest
282942,forest
282943,forest
282944,forest
282945,forest
282947,forest
282948,forest
282950,forest
282954,forest
282957,forest
282958,forest
282963,forest
282964,forest
282968,forest
282969,forest
282970,forest
282971,forest
282972,forest
282975,forest
282976,forest
282977,forest
282979,forest
282983,forest
282984,forest
282985,forest
282993,forest
282994,forest
282995,forest
283004,forest
283005,forest
283006,forest
283007,forest
283009,forest
283010,forest
283011,forest
283012,forest
283013,forest
283014,forest
283015,forest
283016,forest
283017,forest
283018,forest
283019,forest
283020,forest
283021,forest
283022,forest
283023,forest
283024,forest
283025,forest
283026,forest
283027,forest
283028,forest
283029,forest
283030,forest
283031,forest
283032,forest
283033,forest
283034,forest
283035,forest
283037,forest
283038,forest
283040,forest
283041,forest
283042,forest
283043,forest
283044,forest
283045,forest
283046,forest
283047,forest
283048,forest
283049,forest
283050,forest
283051,forest
283052,forest
283053,forest
283054,forest
283057,forest
283058,forest
283060,forest
283065,forest
283066,forest
283067,forest
283069,forest
283070,forest
283072,forest
283073,forest
283075,forest
283076,forest
283077,forest
283078,forest
283081,forest
283083,forest
283085,forest
283086,forest
283087,forest
283090,forest
283094,forest
283096,forest
283097,forest
283100,forest
283102,forest
283103,forest
283104,forest
283106,forest
283108,forest
283109,forest
283110,forest
283111,forest
283114,forest
283116,forest
283120,forest
283122,forest
283417,forest
283420,forest
283421,forest
283422,forest
283429,forest
283430,forest
283431,forest
283434,forest
283439,forest
283441,forest
283443,forest
283450,forest
283452,forest
283455,forest
283456,forest
283457,forest
283465,forest
283466,forest
283486,forest
283489,forest
283502,forest
283503,forest
283504,forest
283506,forest
283507,forest
283508,forest
283509,forest
283511,forest
283515,forest
283530,forest
283533,forest
283547,forest
283548,forest
283565,forest
283567,forest
283570,forest
283571,forest
283579,forest
283582,forest
283585,forest
283589,forest
283596,forest
283599,forest
283600,forest
283604,forest
283605,forest
283606,forest
283612,forest
283613,forest
283616,forest
283625,forest
283628,forest
283631,forest
283632,forest
283635,forest
283639,forest
283640,forest
283657,forest
283661,forest
283663,forest
283671,forest
283673,forest
283675,forest
283680,forest
283686,forest
283688,forest
283690,forest
283692,forest
283695,forest
283698,forest
283699,forest
283720,forest
283728,forest
283730,forest
283732,forest
283735,forest
283736,forest
283740,forest
283742,forest
283745,forest
283746,forest
283747,forest
283756,forest
283761,forest
283765,forest
283769,forest
283783,forest
283790,forest
283791,forest
283793,forest
283798,forest
283800,forest
283802,forest
283809,forest
283810,forest
283815,forest
283816,forest
283819,forest
283821,forest
283824,forest
283825,forest
283827,forest
283828,forest
283844,forest
283846,forest
283847,forest
283848,forest
283849,forest
283851,forest
283857,forest
283858,forest
283863,forest
283865,forest
283877,forest
283879,forest
283883,forest
283884,forest
283887,forest
283889,forest
283893,forest
283894,forest
283895,forest
283901,forest
283903,forest
283907,forest
283911,forest
283921,forest
283929,forest
283933,forest
283938,forest
283944,forest
283945,forest
283947,forest
283953,forest
283954,forest
283955,forest
283960,forest
283961,forest
283965,forest
283970,forest
283971,forest
283972,forest
283974,forest
283977,forest
283978,forest
283983,forest
283987,forest
283988,forest
283989,forest
283990,forest
283992,forest
283993,forest
283994,forest
283999,forest
284002,forest
284004,forest
284007,forest
284008,forest
284009,forest
284010,forest
284016,forest
284027,forest
284028,forest
284029,forest
284032,forest
284037,forest
284038,forest
284039,forest
284046,forest
284048,forest
284051,forest
284053,forest
284054,forest
284058,forest
284061,forest
284063,forest
284064,forest
284065,forest
284074,forest
284076,forest
284081,forest
284089,forest
284091,forest
284095,forest
284101,forest
284102,forest
284103,forest
284106,forest
284112,forest
284114,forest
284116,forest
284117,forest
284119,forest
284121,forest
284123,forest
284124,forest
284125,forest
284127,forest
284137,forest
284138,forest
284139,forest
284141,forest
284142,forest
284149,forest
284152,forest
284153,forest
284154,forest
284160,forest
284164,forest
284173,forest
284174,forest
284180,forest
284181,forest
284182,forest
284183,forest
284189,forest
284220,forest
284318,forest
284324,forest
284327,forest
284328,forest
284333,forest
284335,forest
284336,forest
284338,forest
284340,forest
284345,forest
284346,forest
284352,forest
284354,forest
284355,forest
284356,forest
284357,forest
284362,forest
284364,forest
284366,forest
284369,forest
284370,forest
284372,forest
284375,forest
284381,forest
284387,forest
284397,forest
284401,forest
284402,forest
284404,forest
284405,forest
284413,forest
284415,forest
284416,forest
284417,forest
284418,forest
284419,forest
284420,forest
284421,forest
284424,forest
284426,forest
284427,forest
284430,forest
284431,forest
284433,forest
284434,forest
284436,forest
284437,forest
284438,forest
284439,forest
284441,forest
284442,forest
284445,forest
284449,forest
284450,forest
284451,forest
284452,forest
284453,forest
284454,forest
284458,forest
284459,forest
284463,forest
284464,forest
284492,forest
284493,forest
284494,forest
284495,forest
284496,forest
284497,forest
284498,forest
284499,forest
284500,forest
284501,forest
284502,forest
284503,forest
284504,forest
284505,forest
284506,forest
284507,forest
284508,forest
284509,forest
284510,forest
284511,forest
284512,forest
284513,forest
284514,forest
284515,forest
284516,forest
284517,forest
284523,forest
284526,forest
284528,forest
284530,forest
284531,forest
284532,forest
284533,forest
284534,forest
284535,forest
284537,forest
284540,forest
284541,forest
284542,forest
284543,forest
284545,forest
284546,forest
284550,forest
284552,forest
284946,forest
284948,forest
284956,forest
284957,forest
284958,forest
284959,forest
284962,forest
284967,forest
284969,forest
284971,forest
284979,forest
284981,forest
284984,forest
284985,forest
284986,forest
284994,forest
284995,forest
285017,forest
285020,forest
285034,forest
285035,forest
285036,forest
285038,forest
285039,forest
285040,forest
285041,forest
285043,forest
285047,forest
285064,forest
285067,forest
285083,forest
285084,forest
285093,forest
285097,forest
285105,forest
285107,forest
285110,forest
285111,forest
285119,forest
285122,forest
285125,forest
285129,forest
285136,forest
285139,forest
285143,forest
285147,forest
285148,forest
285149,forest
285158,forest
285159,forest
285162,forest
285171,forest
285174,forest
285177,forest
285178,forest
285181,forest
285185,forest
285186,forest
285205,forest
285207,forest
285211,forest
285215,forest
285224,forest
285226,forest
285228,forest
285233,forest
285239,forest
285241,forest
285245,forest
285248,forest
285251,forest
285255,forest
285259,forest
285282,forest
285283,forest
285292,forest
285293,forest
285295,forest
285297,forest
285300,forest
285301,forest
285306,forest
285309,forest
285312,forest
285313,forest
285314,forest
285323,forest
285328,forest
285333,forest
285337,forest
285354,forest
285362,forest
285363,forest
285365,forest
285370,forest
285372,forest
285374,forest
285381,forest
285382,forest
285388,forest
285389,forest
285392,forest
285394,forest
285397,forest
285398,forest
285400,forest
285402,forest
285419,forest
285421,forest
285422,forest
285423,forest
285424,forest
285426,forest
285433,forest
285440,forest
285442,forest
285455,forest
285457,forest
285461,forest
285463,forest
285467,forest
285469,forest
285473,forest
285474,forest
285475,forest
285481,forest
285483,forest
285488,forest
285493,forest
285504,forest
285505,forest
285513,forest
285518,forest
285524,forest
285530,forest
285531,forest
285534,forest
285540,forest
285541,forest
285543,forest
285548,forest
285549,forest
285553,forest
285556,forest
285560,forest
285562,forest
285563,forest
285565,forest
285568,forest
285569,forest
285574,forest
285578,forest
285579,forest
285580,forest
285581,forest
285583,forest
285584,forest
285585,forest
285590,forest
285593,forest
285595,forest
285598,forest
285599,forest
285600,forest
285601,forest
285608,forest
285617,forest
285620,forest
285621,forest
285622,forest
285625,forest
285631,forest
285632,forest
285633,forest
285634,forest
285641,forest
285643,forest
285646,forest
285648,forest
285649,forest
285654,forest
285657,forest
285659,forest
285660,forest
285661,forest
285672,forest
285674,forest
285675,forest
285680,forest
285688,forest
285690,forest
285692,forest
285695,forest
285702,forest
285703,forest
285704,forest
285705,forest
285709,forest
285717,forest
285719,forest
285721,forest
285722,forest
285723,forest
285725,forest
285727,forest
285730,forest
285731,forest
285732,forest
285734,forest
285735,forest
285746,forest
285747,forest
285748,forest
285750,forest
285751,forest
285760,forest
285763,forest
285764,forest
285765,forest
285772,forest
285789,forest
285791,forest
285797,forest
285798,forest
285799,forest
285800,forest
285806,forest
285838,forest
285895,forest
285904,forest
285922,forest
285939,forest
285940,forest
285946,forest
285950,forest
285955,forest
285957,forest
285958,forest
285960,forest
285962,forest
285967,forest
285968,forest
285974,forest
285976,forest
285977,forest
285979,forest
285984,forest
285986,forest
285988,forest
285994,forest
285997,forest
286003,forest
286009,forest
286019,forest
286023,forest
286024,forest
286026,forest
286027,forest
286039,forest
286040,forest
286041,forest
286043,forest
286044,forest
286045,forest
286046,forest
286049,forest
286051,forest
286052,forest
286053,forest
286056,forest
286057,forest
286058,forest
286060,forest
286061,forest
286064,forest
286066,forest
286069,forest
286070,forest
286073,forest
286074,forest
286079,forest
286080,forest
286081,forest
286083,forest
286084,forest
286085,forest
286089,forest
286090,forest
286095,forest
286123,forest
286124,forest
286125,forest
286126,forest
286127,forest
286128,forest
286129,forest
286130,forest
286131,forest
286132,forest
286133,forest
286134,forest
286136,forest
286137,forest
286138,forest
286139,forest
286140,forest
286141,forest
286142,forest
286143,forest
286144,forest
286145,forest
286146,forest
286147,forest
286148,forest
286154,forest
286157,forest
286159,forest
286161,forest
286162,forest
286163,forest
286164,forest
286165,forest
286166,forest
286167,forest
286168,forest
286169,forest
286171,forest
286174,forest
286175,forest
286176,forest
286177,forest
286179,forest
286180,forest
286184,forest
286186,forest
286327,forest
286329,forest
286330,forest
286332,forest
286340,forest
286344,forest
286346,forest
286353,forest
286379,forest
286382,forest
286385,forest
286388,forest
286392,forest
286397,forest
286404,forest
286406,forest
286411,forest
286413,forest
286418,forest
286420,forest
286421,forest
286422,forest
286423,forest
286425,forest
286428,forest
286434,forest
286443,forest
286450,forest
286451,forest
286455,forest
286456,forest
286457,forest
286458,forest
286461,forest
286462,forest
286464,forest
286466,forest
286470,forest
286482,forest
286501,forest
286504,forest
286609,forest
286617,forest
286633,forest
286648,forest
286655,forest
286658,forest
286659,forest
286663,forest
286664,forest
286673,forest
286674,forest
286840,forest
286843,forest
286844,forest
286846,forest
286855,forest
286859,forest
286861,forest
286868,forest
286895,forest
286898,forest
286901,forest
286904,forest
286910,forest
286915,forest
286922,forest
286924,forest
286929,forest
286931,forest
286936,forest
286938,forest
286939,forest
286940,forest
286941,forest
286943,forest
286946,forest
286954,forest
286963,forest
286970,forest
286971,forest
286975,forest
286976,forest
286977,forest
286978,forest
286981,forest
286982,forest
286984,forest
286990,forest
287003,forest
287024,forest
287027,forest
287147,forest
287156,forest
287168,forest
287174,forest
287189,forest
287197,forest
287200,forest
287201,forest
287205,forest
287206,forest
287216,forest
287217,forest
287223,forest
287227,forest
287228,forest
287230,forest
287239,forest
287240,forest
287241,forest
287244,forest
287245,forest
287246,forest
287247,forest
287248,forest
287249,forest
287250,forest
287251,forest
287252,forest
287254,forest
287255,forest
287256,forest
287257,forest
287258,forest
287259,forest
287260,forest
287261,forest
287262,forest
287265,forest
287267,forest
287271,forest
287278,forest
287279,forest
287281,forest
287284,forest
287290,forest
287291,forest
287292,forest
287293,forest
287294,forest
287295,forest
287296,forest
287297,forest
287298,forest
287299,forest
287309,forest
287313,forest
287314,forest
287316,forest
287325,forest
287326,forest
287327,forest
287330,forest
287331,forest
287332,forest
287333,forest
287334,forest
287335,forest
287336,forest
287337,forest
287338,forest
287340,forest
287341,forest
287342,forest
287343,forest
287344,forest
287345,forest
287346,forest
287347,forest
287348,forest
287351,forest
287353,forest
287357,forest
287364,forest
287365,forest
287367,forest
287370,forest
287376,forest
287377,forest
287378,forest
287379,forest
287380,forest
287381,forest
287382,forest
287383,forest
287384,forest
287385,forest
359649,forest
359650,forest
359651,forest
359652,forest
359653,forest
359654,forest
359655,forest
359656,forest
359657,forest
359658,forest
359659,forest
359661,forest
359662,forest
359663,forest
359664,forest
359665,forest
359667,forest
359668,forest
359669,forest
359670,forest
359671,forest
359675,forest
359676,forest
359677,forest
359679,forest
359680,forest
359682,forest
359683,forest
359685,forest
359687,forest
359689,forest
359690,forest
359691,forest
359692,forest
359693,forest
359694,forest
359701,forest
359709,forest
359725,forest
359733,forest
359734,forest
359745,forest
359760,forest
359769,forest
359774,forest
359787,forest
359792,forest
359794,forest
359804,forest
359807,forest
359816,forest
359828,forest
359829,forest
359837,forest
359846,forest
359860,forest
359862,forest
359867,forest
359884,forest
359899,forest
359903,forest
359906,forest
359907,forest
359914,forest
359917,forest
359933,forest
359944,forest
359947,forest
359950,forest
359951,forest
359971,forest
359981,forest
359988,forest
359993,forest
360006,forest
360012,forest
360029,forest
360042,forest
360056,forest
360064,forest
360065,forest
360072,forest
360095,forest
360105,forest
360127,forest
360135,forest
360165,forest
360179,forest
360181,forest
360184,forest
360220,forest
360234,forest
360242,forest
360245,forest
360262,forest
360301,forest
360302,forest
360305,forest
360317,forest
360363,forest
360367,forest
360378,forest
360384,forest
360394,forest
360396,forest
360404,forest
360420,forest
360426,forest
360427,forest
360429,forest
360433,forest
360436,forest
360450,forest
360460,forest
360473,forest
360484,forest
360490,forest
360514,forest
360522,forest
360538,forest
360539,forest
360546,forest
360547,forest
360558,forest
360567,forest
360568,forest
360570,forest
360772,forest
360773,forest
360774,forest
360775,forest
360776,forest
360778,forest
360780,forest
360784,forest
360786,forest
360787,forest
360788,forest
360789,forest
360802,forest
360803,forest
360813,forest
360821,forest
360822,forest
360840,forest
360841,forest
360842,forest
360858,forest
360874,forest
360876,forest
360887,forest
360891,forest
360892,forest
360900,forest
360916,forest
360920,forest
360935,forest
360936,forest
360937,forest
360958,forest
360973,forest
360982,forest
360987,forest
360999,forest
361011,forest
361025,forest
361043,forest
361058,forest
361060,forest
361241,forest
361242,forest
361243,forest
361244,forest
361247,forest
361248,forest
361249,forest
361252,forest
361254,forest
361257,forest
361260,forest
361262,forest
361265,forest
361268,forest
361270,forest
361271,forest
361272,forest
361273,forest
361274,forest
361276,forest
361304,forest
361306,forest
361333,forest
361344,forest
361345,forest
361357,forest
361379,forest
361381,forest
361382,forest
361383,forest
361384,forest
361405,forest
361412,forest
361444,forest
361449,forest
361452,forest
361464,forest
361475,forest
361477,forest
361510,forest
361518,forest
361547,forest
361554,forest
361555,forest
361557,forest
361594,forest
361616,forest
361643,forest
361663,forest
361684,forest
361692,forest
361716,forest
361751,forest
361752,forest
361775,forest
361777,forest
361853,forest
361854,forest
361857,forest
361868,forest
361873,forest
361875,forest
361891,forest
361895,forest
361898,forest
361900,forest
361904,forest
361909,forest
361930,forest
361946,forest
362043,forest
362044,forest
362045,forest
362046,forest
362047,forest
362048,forest
362051,forest
362061,forest
362062,forest
362063,forest
362071,forest
362082,forest
362089,forest
362094,forest
362097,forest
362103,forest
362108,forest
362129,forest
362130,forest
362132,forest
362136,forest
362139,forest
362146,forest
362159,forest
362163,forest
362164,forest
362166,forest
362168,forest
362176,forest
362177,forest
362188,forest
362194,forest
362201,forest
362212,forest
362219,forest
362233,forest
362235,forest
362243,forest
362244,forest
362246,forest
362251,forest
362258,forest
362279,forest
362286,forest
362338,forest
362406,forest
362407,forest
362408,forest
362409,forest
362410,forest
362411,forest
362412,forest
362414,forest
362415,forest
362416,forest
362417,forest
362539,forest
362545,forest
362546,forest
362550,forest
362557,forest
362565,forest
362569,forest
362579,forest
362581,forest
362583,forest
362588,forest
362596,forest
362602,forest
362608,forest
362609,forest
362610,forest
362613,forest
362619,forest
362643,forest
362644,forest
362664,forest
362668,forest
362672,forest
362676,forest
362681,forest
362688,forest
362695,forest
362697,forest
362699,forest
362715,forest
362719,forest
362722,forest
362755,forest
362756,forest
362760,forest
362782,forest
362798,forest
362849,forest
362850,forest
362863,forest
362864,forest
362866,forest
362868,forest
362884,forest
362885,forest
362886,forest
362887,forest
363019,forest
363025,forest
363030,forest
363037,forest
363046,forest
363050,forest
363060,forest
363062,forest
363064,forest
363069,forest
363077,forest
363083,forest
363089,forest
363090,forest
363091,forest
363094,forest
363100,forest
363128,forest
363130,forest
363151,forest
363155,forest
363159,forest
363164,forest
363170,forest
363177,forest
363182,forest
363183,forest
363186,forest
363188,forest
363190,forest
363204,forest
363207,forest
363213,forest
363216,forest
363255,forest
363256,forest
363260,forest
363264,forest
363283,forest
363289,forest
363306,forest
363362,forest
363364,forest
363365,forest
363381,forest
363383,forest
363389,forest
363400,forest
363401,forest
363402,forest
363403,forest
363534,forest
363540,forest
363541,forest
363542,forest
363544,forest
363552,forest
363555,forest
363556,forest
363698,forest
363704,forest
363705,forest
363706,forest
363708,forest
363717,forest
363720,forest
363721,forest
363728,forest
363729,forest
363730,forest
363731,forest
363732,forest
363733,forest
363734,forest
363735,forest
397838,forest
397847,forest
397849,forest
397858,forest
397861,forest
397867,forest
397871,forest
397873,forest
397876,forest
397878,forest
397885,forest
397909,forest
397910,forest
397912,forest
397922,forest
397927,forest
397928,forest
397938,forest
397949,forest
397952,forest
397973,forest
397982,forest
397986,forest
397997,forest
397998,forest
398028,forest
398029,forest
398030,forest
398031,forest
398032,forest
398044,forest
398046,forest
398070,forest
398080,forest
398085,forest
398087,forest
398088,forest
398095,forest
398104,forest
398107,forest
398110,forest
398111,forest
398115,forest
398116,forest
398118,forest
398122,forest
398143,forest
398151,forest
398152,forest
398178,forest
398195,forest
398196,forest
398200,forest
398210,forest
398219,forest
398231,forest
398234,forest
398243,forest
398244,forest
398278,forest
398279,forest
398289,forest
398295,forest
398302,forest
398328,forest
398333,forest
398335,forest
398343,forest
398344,forest
398345,forest
398352,forest
398353,forest
398369,forest
398371,forest
398376,forest
398377,forest
398386,forest
398391,forest
398397,forest
398414,forest
398417,forest
398426,forest
398428,forest
398432,forest
398449,forest
398463,forest
398465,forest
398466,forest
398471,forest
398475,forest
398480,forest
398494,forest
398500,forest
398510,forest
398513,forest
398517,forest
398528,forest
398536,forest
398548,forest
398568,forest
398572,forest
398573,forest
398574,forest
398583,forest
398584,forest
398587,forest
398592,forest
398616,forest
398619,forest
398630,forest
398647,forest
398661,forest
398676,forest
398682,forest
398687,forest
398696,forest
398701,forest
398706,forest
398715,forest
398726,forest
398733,forest
398738,forest
398740,forest
398756,forest
398762,forest
398778,forest
398794,forest
398802,forest
398804,forest
398813,forest
398823,forest
398831,forest
398842,forest
398844,forest
398853,forest
398858,forest
398865,forest
398877,forest
398893,forest
398895,forest
398898,forest
398902,forest
398909,forest
398910,forest
398915,forest
398931,forest
398932,forest
398933,forest
398938,forest
398942,forest
398944,forest
398951,forest
398990,forest
398991,forest
398994,forest
398996,forest
399001,forest
399005,forest
399006,forest
399008,forest
399021,forest
399035,forest
399041,forest
399048,forest
399057,forest
399061,forest
399066,forest
399077,forest
399078,forest
399080,forest
399096,forest
399097,forest
399099,forest
399101,forest
399111,forest
399121,forest
399129,forest
399138,forest
399163,forest
399171,forest
399189,forest
399235,forest
399242,forest
399264,forest
399269,forest
399285,forest
399297,forest
399300,forest
399329,forest
399340,forest
399343,forest
399387,forest
399388,forest
399390,forest
399396,forest
399403,forest
399411,forest
399415,forest
399423,forest
399426,forest
399430,forest
399454,forest
399459,forest
399464,forest
399471,forest
399477,forest
399481,forest
399482,forest
399490,forest
399505,forest
399506,forest
399508,forest
399519,forest
399521,forest
399526,forest
399530,forest
399532,forest
399535,forest
399536,forest
399548,forest
399568,forest
399577,forest
399580,forest
399585,forest
399597,forest
399598,forest
399610,forest
399618,forest
399653,forest
399655,forest
399658,forest
399668,forest
399672,forest
399684,forest
399685,forest
399692,forest
399694,forest
399701,forest
399716,forest
399720,forest
399722,forest
399723,forest
399727,forest
399731,forest
399739,forest
399740,forest
399747,forest
399751,forest
399752,forest
399753,forest
399754,forest
399771,forest
399773,forest
399783,forest
399795,forest
399806,forest
399808,forest
399811,forest
399818,forest
399819,forest
399822,forest
399828,forest
399831,forest
399837,forest
399838,forest
399844,forest
399854,forest
399855,forest
399865,forest
399887,forest
399897,forest
399904,forest
399908,forest
399909,forest
399911,forest
399926,forest
399932,forest
399944,forest
399946,forest
399948,forest
399950,forest
399951,forest
399989,forest
399995,forest
399996,forest
399997,forest
400001,forest
400009,forest
400019,forest
400023,forest
400025,forest
400029,forest
400032,forest
400039,forest
400040,forest
400047,forest
400057,forest
400059,forest
400062,forest
400066,forest
400076,forest
400093,forest
400104,forest
400110,forest
400112,forest
400118,forest
400123,forest
400129,forest
400136,forest
400147,forest
400173,forest
400177,forest
400193,forest
400206,forest
400207,forest
400211,forest
400213,forest
400219,forest
400231,forest
400239,forest
400242,forest
400248,forest
400252,forest
400269,forest
400271,forest
400275,forest
400278,forest
400323,forest
400333,forest
400336,forest
400337,forest
400342,forest
400346,forest
400349,forest
400356,forest
400364,forest
400367,forest
400381,forest
400391,forest
400392,forest
400400,forest
400431,forest
400432,forest
400433,forest
400434,forest
400449,forest
400463,forest
400501,forest
400503,forest
400560,forest
400589,forest
400671,forest
400723,forest
400726,forest
401097,forest
401099,forest
401106,forest
401108,forest
401128,forest
401130,forest
401138,forest
401140,forest
401142,forest
401155,forest
401160,forest
401192,forest
401195,forest
401209,forest
401217,forest
401236,forest
401243,forest
401245,forest
401254,forest
401288,forest
401291,forest
401304,forest
401306,forest
401313,forest
401325,forest
401331,forest
401336,forest
401337,forest
401343,forest
401353,forest
401365,forest
401372,forest
401403,forest
401405,forest
401407,forest
401426,forest
401427,forest
401429,forest
401445,forest
401453,forest
401469,forest
401471,forest
401487,forest
401492,forest
401505,forest
401512,forest
401515,forest
401558,forest
401565,forest
401575,forest
401577,forest
401579,forest
401580,forest
401588,forest
401593,forest
401607,forest
401608,forest
401624,forest
401627,forest
401658,forest
401661,forest
401711,forest
401715,forest
401721,forest
401732,forest
401739,forest
401741,forest
401745,forest
401746,forest
401751,forest
401756,forest
401762,forest
401796,forest
401798,forest
401810,forest
401819,forest
401820,forest
402609,forest
402616,forest
402625,forest
402627,forest
402628,forest
402635,forest
402650,forest
402662,forest
402666,forest
402678,forest
402680,forest
402682,forest
402708,forest
402714,forest
402727,forest
402740,forest
402759,forest
402770,forest
402790,forest
402810,forest
402821,forest
402850,forest
402859,forest
402861,forest
402876,forest
402886,forest
402893,forest
402932,forest
402937,forest
402955,forest
402961,forest
402974,forest
402989,forest
402992,forest
403002,forest
403011,forest
403012,forest
403021,forest
403040,forest
403060,forest
403070,forest
403103,forest
403125,forest
403128,forest
403133,forest
403163,forest
403164,forest
403167,forest
403189,forest
403196,forest
403201,forest
403215,forest
403228,forest
403231,forest
403245,forest
403257,forest
403258,forest
403263,forest
403282,forest
403295,forest
403298,forest
403335,forest
403366,forest
403367,forest
403378,forest
403380,forest
403398,forest
403401,forest
403407,forest
403408,forest
403417,forest
403427,forest
403455,forest
403456,forest
403458,forest
403472,forest
403482,forest
403490,forest
403499,forest
403538,forest
403542,forest
403618,forest
403622,forest
403632,forest
403648,forest
403655,forest
403658,forest
403663,forest
403664,forest
403671,forest
403679,forest
403690,forest
403745,forest
403751,forest
403759,forest
403778,forest
403796,forest
403797,forest
404234,forest
404235,forest
404239,forest
404241,forest
404243,forest
404247,forest
404248,forest
404251,forest
404252,forest
404254,forest
404256,forest
404259,forest
404261,forest
404262,forest
404264,forest
404265,forest
404267,forest
404280,forest
404281,forest
404283,forest
404285,forest
404287,forest
404290,forest
404291,forest
404384,forest
404385,forest
404389,forest
404391,forest
404393,forest
404394,forest
404396,forest
404400,forest
404401,forest
404402,forest
404405,forest
404406,forest
404408,forest
404410,forest
404411,forest
404412,forest
404413,forest
404416,forest
404417,forest
404419,forest
404422,forest
404424,forest
404425,forest
404430,forest
404431,forest
404433,forest
404448,forest
404449,forest
404450,forest
404452,forest
404455,forest
404457,forest
404461,forest
404462,forest
404463,forest
404464,forest
404634,forest
404636,forest
404637,forest
404641,forest
404647,forest
404660,forest
404663,forest
404666,forest
404671,forest
404679,forest
404684,forest
404689,forest
404692,forest
404693,forest
404695,forest
404701,forest
404706,forest
404714,forest
404715,forest
404717,forest
404721,forest
404722,forest
404732,forest
404736,forest
404742,forest
404747,forest
404752,forest
404754,forest
404756,forest
404763,forest
404764,forest
404765,forest
404771,forest
404780,forest
404786,forest
404789,forest
404791,forest
404792,forest
404794,forest
404798,forest
404802,forest
404804,forest
404806,forest
404808,forest
404813,forest
404817,forest
404820,forest
404821,forest
404822,forest
404839,forest
404841,forest
404844,forest
404845,forest
404850,forest
404851,forest
404857,forest
404858,forest
404859,forest
404865,forest
404867,forest
404868,forest
404874,forest
404876,forest
404877,forest
404878,forest
404880,forest
404886,forest
404887,forest
404888,forest
404890,forest
404900,forest
404902,forest
404904,forest
404905,forest
404907,forest
404912,forest
404913,forest
404916,forest
404917,forest
404921,forest
404929,forest
404930,forest
404931,forest
404933,forest
404939,forest
404943,forest
404947,forest
404948,forest
404951,forest
404956,forest
404960,forest
404974,forest
404990,forest
404991,forest
404993,forest
404997,forest
404999,forest
405000,forest
405006,forest
405008,forest
405070,forest
405072,forest
405084,forest
405089,forest
405112,forest
405118,forest
405134,forest
405146,forest
405186,forest
405217,forest
405218,forest
405219,forest
405221,forest
405222,forest
405224,forest
405229,forest
405330,forest
405332,forest
405333,forest
405337,forest
405344,forest
405357,forest
405360,forest
405364,forest
405369,forest
405377,forest
405382,forest
405387,forest
405390,forest
405391,forest
405399,forest
405405,forest
405415,forest
405417,forest
405422,forest
405434,forest
405439,forest
405445,forest
405450,forest
405455,forest
405457,forest
405460,forest
405467,forest
405468,forest
405469,forest
405475,forest
405484,forest
405492,forest
405495,forest
405497,forest
405498,forest
405500,forest
405504,forest
405508,forest
405512,forest
405514,forest
405517,forest
405522,forest
405526,forest
405529,forest
405530,forest
405531,forest
405548,forest
405550,forest
405553,forest
405554,forest
405559,forest
405560,forest
405568,forest
405569,forest
405570,forest
405577,forest
405580,forest
405581,forest
405587,forest
405589,forest
405590,forest
405591,forest
405593,forest
405599,forest
405601,forest
405602,forest
405604,forest
405615,forest
405619,forest
405620,forest
405622,forest
405627,forest
405628,forest
405631,forest
405632,forest
405636,forest
405644,forest
405645,forest
405646,forest
405649,forest
405655,forest
405659,forest
405663,forest
405664,forest
405667,forest
405672,forest
405676,forest
405690,forest
405708,forest
405709,forest
405711,forest
405715,forest
405717,forest
405718,forest
405724,forest
405726,forest
405792,forest
405807,forest
405813,forest
405838,forest
405844,forest
405861,forest
405874,forest
405918,forest
405950,forest
405951,forest
405952,forest
405954,forest
405955,forest
405957,forest
405962,forest
405981,forest
406011,forest
406101,forest
406115,forest
406137,forest
406352,forest
406382,forest
406473,forest
406487,forest
406509,forest
