BLOCK1,BLOCK2,DISTANCE,LENGTH
-9999,13379,0.000,485.956
-9999,13520,0.000,357.941
-9999,13647,0.000,300.502
-9999,13816,0.000,258.640
-9999,14049,0.000,662.780
-9999,14956,0.000,1896.537
-9999,15556,0.000,757.001
-9999,15573,0.000,296.480
-9999,15609,0.000,574.366
-9999,16249,0.000,559.692
-9999,16250,0.000,431.694
-9999,16255,0.000,778.682
-9999,16269,0.000,150.402
-9999,16305,0.000,382.592
-9999,16311,0.000,112.840
-9999,16338,0.000,2532.644
-9999,16351,0.000,1516.862
-9999,16352,0.000,11500.665
-9999,16356,0.000,228.761
-9999,16362,0.000,358.743
-9999,16366,0.000,2049.725
-9999,16369,0.000,242.006
-9999,16370,0.000,537.749
-9999,16373,0.000,1907.747
-9999,16377,0.000,176.041
-9999,16379,0.000,552.582
-9999,16384,0.000,101.850
-9999,16386,0.000,891.757
-9999,16387,0.000,860.701
-9999,16397,0.000,255.344
-9999,16407,0.000,1023.545
-9999,16418,0.000,74.206
-9999,16422,0.000,1158.187
-9999,16425,0.000,1606.060
-9999,16432,0.000,796.652
-9999,16445,0.000,713.410
-9999,16450,0.000,7024.801
-9999,16459,0.000,1185.586
-9999,16508,0.000,771.230
-9999,16510,0.000,312.217
-9999,16517,0.000,688.648
-9999,16918,0.000,14047.190
-9999,30541,0.000,1304.840
-9999,30549,0.000,210.969
-9999,30571,0.000,475.004
-9999,30581,0.000,610.818
-9999,30587,0.000,698.750
-9999,30597,0.000,240.000
-9999,30599,0.000,3140.544
-9999,30612,0.000,892.670
-9999,30630,0.000,320.216
-9999,30633,0.000,1367.231
-9999,30639,0.000,106.956
-9999,30652,0.000,13.726
-9999,30658,0.000,600.432
-9999,30673,0.000,202.550
-9999,30677,0.000,416.043
-9999,30682,0.000,838.859
-9999,30700,0.000,1317.472
-9999,30702,0.000,525.294
-9999,30703,0.000,550.259
-9999,30706,0.000,173.815
-9999,30720,0.000,1040.945
-9999,30729,0.000,279.889
-9999,30734,0.000,626.579
-9999,30740,0.000,597.803
-9999,30745,0.000,1163.502
-9999,30746,0.000,1171.849
-9999,30747,0.000,57.150
-9999,30748,0.000,685.858
-9999,30750,0.000,801.609
-9999,30755,0.000,5916.521
-9999,30774,0.000,635.395
-9999,30805,0.000,209.331
-9999,30824,0.000,1241.669
-9999,30827,0.000,24.384
-9999,30831,0.000,52.467
-9999,30834,0.000,406.655
-9999,30838,0.000,160.117
-9999,30841,0.000,860.663
-9999,30845,0.000,865.886
-9999,30854,0.000,52.848
-9999,30891,0.000,852.043
-9999,30893,0.000,1078.898
-9999,30907,0.000,56.803
-9999,30912,0.000,238.019
-9999,30933,0.000,949.770
-9999,30946,0.000,1473.906
-9999,30947,0.000,538.972
-9999,30949,0.000,704.800
-9999,30956,0.000,326.186
-9999,30958,0.000,1232.798
-9999,30975,0.000,450.329
-9999,30979,0.000,91.250
-9999,30980,0.000,556.787
-9999,30982,0.000,341.463
-9999,30983,0.000,1658.871
-9999,30988,0.000,266.462
-9999,30992,0.000,1639.174
-9999,31002,0.000,98.864
-9999,31003,0.000,1436.490
-9999,31017,0.000,3573.172
-9999,31023,0.000,715.020
-9999,31030,0.000,58.577
-9999,31035,0.000,391.453
-9999,31038,0.000,397.063
-9999,31046,0.000,1173.021
-9999,31050,0.000,1230.814
-9999,31053,0.000,279.361
-9999,31066,0.000,246.031
-9999,31072,0.000,179.082
-9999,31076,0.000,503.185
-9999,31098,0.000,584.302
-9999,31110,0.000,1795.523
-9999,31120,0.000,3415.790
-9999,31123,0.000,26.983
-9999,31124,0.000,1025.306
-9999,31141,0.000,761.079
-9999,31175,0.000,1694.508
-9999,31182,0.000,1312.878
-9999,31187,0.000,377.566
-9999,31204,0.000,729.128
-9999,31205,0.000,970.454
-9999,31208,0.000,393.901
-9999,31210,0.000,554.359
-9999,31220,0.000,142.892
-9999,31227,0.000,571.382
-9999,31229,0.000,1834.590
-9999,31240,0.000,2532.633
-9999,31253,0.000,1628.689
-9999,31254,0.000,698.240
-9999,31261,0.000,243.073
-9999,31264,0.000,1474.661
-9999,31267,0.000,180.017
-9999,31268,0.000,172.939
-9999,31271,0.000,294.987
-9999,31281,0.000,921.748
-9999,31286,0.000,121.953
-9999,31293,0.000,593.646
-9999,31296,0.000,258.313
-9999,31304,0.000,253.128
-9999,31306,0.000,3392.122
-9999,31308,0.000,160.592
-9999,31312,0.000,90.896
-9999,31324,0.000,311.481
-9999,31326,0.000,613.746
-9999,31351,0.000,152.969
-9999,31359,0.000,557.038
-9999,31380,0.000,211.055
-9999,31386,0.000,529.768
-9999,31393,0.000,240.701
-9999,31397,0.000,145.791
-9999,31409,0.000,423.397
-9999,31410,0.000,224.292
-9999,31418,0.000,2412.743
-9999,31428,0.000,205.106
-9999,31436,0.000,1470.000
-9999,31440,0.000,342.267
-9999,31459,0.000,61.310
-9999,31463,0.000,0.000
-9999,31468,0.000,30.000
-9999,31504,0.000,900.634
-9999,31506,0.000,788.250
-9999,31507,0.000,300.000
-9999,31517,0.000,625.674
-9999,31523,0.000,60.476
-9999,31536,0.000,576.438
-9999,31565,0.000,1622.567
-9999,31569,0.000,953.075
-9999,31578,0.000,191.495
-9999,31584,0.000,1737.910
-9999,31587,0.000,170.561
-9999,31597,0.000,1594.936
-9999,31606,0.000,996.624
-9999,31620,0.000,1573.985
-9999,31623,0.000,370.540
-9999,31624,0.000,90.571
-9999,31634,0.000,741.227
-9999,31638,0.000,305.247
-9999,31678,0.000,888.787
-9999,31687,0.000,273.346
-9999,31689,0.000,734.915
-9999,31692,0.000,408.087
-9999,31702,0.000,255.539
-9999,31711,0.000,622.706
-9999,31729,0.000,182.806
-9999,31736,0.000,339.446
-9999,31742,0.000,580.890
-9999,31751,0.000,492.802
-9999,31754,0.000,590.178
-9999,31758,0.000,321.389
-9999,31765,0.000,123.335
-9999,31768,0.000,720.251
-9999,31771,0.000,729.323
-9999,31792,0.000,970.287
-9999,31795,0.000,834.650
-9999,31811,0.000,6512.535
-9999,31833,0.000,425.889
-9999,31848,0.000,111.422
-9999,31849,0.000,630.000
-9999,31857,0.000,309.190
-9999,31862,0.000,663.665
-9999,31863,0.000,405.831
-9999,31865,0.000,230.224
-9999,31868,0.000,718.261
-9999,31871,0.000,138.838
-9999,31872,0.000,540.103
-9999,31873,0.000,75.270
-9999,31883,0.000,448.696
-9999,31892,0.000,1063.222
-9999,31902,0.000,177.510
-9999,31915,0.000,301.203
-9999,31916,0.000,113.402
-9999,31918,0.000,556.557
-9999,31922,0.000,1236.395
-9999,31925,0.000,790.526
-9999,31929,0.000,1860.000
-9999,31942,0.000,46.316
-9999,31952,0.000,478.864
-9999,31962,0.000,476.637
-9999,31979,0.000,2021.188
-9999,31982,0.000,1899.322
-9999,32011,0.000,138.569
-9999,32013,0.000,1698.934
-9999,32020,0.000,254.894
-9999,32023,0.000,297.975
-9999,32026,0.000,1049.185
-9999,32028,0.000,453.455
-9999,32054,0.000,632.081
-9999,32055,0.000,455.556
-9999,32069,0.000,685.034
-9999,32110,0.000,2659.387
-9999,32125,0.000,887.774
-9999,32129,0.000,1619.089
-9999,32131,0.000,155.147
-9999,32138,0.000,550.599
-9999,32141,0.000,550.106
-9999,32142,0.000,123.149
-9999,32143,0.000,1055.735
-9999,32151,0.000,861.778
-9999,32165,0.000,912.485
-9999,32168,0.000,51.078
-9999,32171,0.000,446.743
-9999,32173,0.000,179.118
-9999,32174,0.000,6251.323
-9999,32182,0.000,52.123
-9999,32185,0.000,90.549
-9999,32190,0.000,41.165
-9999,32204,0.000,1721.119
-9999,32207,0.000,1742.831
-9999,32209,0.000,295.438
-9999,32211,0.000,143.386
-9999,32234,0.000,924.938
-9999,32251,0.000,865.114
-9999,32263,0.000,406.710
-9999,32272,0.000,693.952
-9999,32288,0.000,411.126
-9999,32290,0.000,369.366
-9999,32304,0.000,598.112
-9999,32374,0.000,0.000
-9999,32378,0.000,318.260
-9999,32379,0.000,293.256
-9999,32384,0.000,2522.419
-9999,32386,0.000,621.506
-9999,32387,0.000,2009.338
-9999,32399,0.000,312.511
-9999,32400,0.000,213.890
-9999,32401,0.000,30.000
-9999,32408,0.000,0.012
-9999,32424,0.000,736.005
-9999,32427,0.000,329.823
-9999,32433,0.000,180.000
-9999,32441,0.000,378.027
-9999,32460,0.000,2315.952
-9999,32472,0.000,270.987
-9999,32495,0.000,425.356
-9999,32500,0.000,4.271
-9999,32505,0.000,386.907
-9999,32519,0.000,4251.334
-9999,32521,0.000,107.583
-9999,32528,0.000,41.645
-9999,32551,0.000,510.000
-9999,32568,0.000,3386.154
-9999,32578,0.000,811.338
-9999,32581,0.000,329.214
-9999,32583,0.000,627.215
-9999,32606,0.000,188.079
-9999,32623,0.000,1417.950
-9999,32634,0.000,802.692
-9999,32674,0.000,1679.455
-9999,32675,0.000,2520.484
-9999,32686,0.000,320.158
-9999,32687,0.000,135.910
-9999,32696,0.000,228.941
-9999,32697,0.000,2234.659
-9999,32738,0.000,543.482
-9999,32749,0.000,1328.927
-9999,32750,0.000,175.377
-9999,32760,0.000,317.317
-9999,32762,0.000,254.107
-9999,32764,0.000,650.392
-9999,32778,0.000,129.982
-9999,32780,0.000,1.535
-9999,32800,0.000,7.163
-9999,32803,0.000,334.134
-9999,32840,0.000,575.210
-9999,32853,0.000,723.465
-9999,32864,0.000,1719.792
-9999,32892,0.000,161.179
-9999,32897,0.000,332.609
-9999,32899,0.000,432.996
-9999,32915,0.000,62.718
-9999,32927,0.000,635.477
-9999,32958,0.000,34.253
-9999,32960,0.000,84.897
-9999,32966,0.000,125.367
-9999,32968,0.000,361.687
-9999,32975,0.000,631.163
-9999,32988,0.000,147.431
-9999,33009,0.000,0.000
-9999,33011,0.000,300.750
-9999,33024,0.000,45.508
-9999,33032,0.000,2324.123
-9999,33066,0.000,0.000
-9999,33068,0.000,463.225
-9999,33075,0.000,315.870
-9999,33088,0.000,35.823
-9999,33103,0.000,83.576
-9999,33127,0.000,52.530
-9999,33171,0.000,254.048
-9999,33174,0.000,100.101
-9999,33188,0.000,155.217
-9999,33206,0.000,264.718
-9999,33233,0.000,170.955
-9999,33240,0.000,379.609
-9999,33245,0.000,2847.620
-9999,33286,0.000,724.358
-9999,33290,0.000,399.531
-9999,33305,0.000,2043.064
-9999,33327,0.000,1895.754
-9999,33328,0.000,412.019
-9999,33338,0.000,173.645
-9999,33441,0.000,625.404
-9999,33442,0.000,1103.067
-9999,33443,0.000,871.580
-9999,33445,0.000,1279.741
-9999,33446,0.000,1272.605
-9999,33447,0.000,107.197
-9999,33448,0.000,480.504
-9999,33449,0.000,263.728
-9999,33450,0.000,552.803
-9999,33452,0.000,26.839
-9999,33453,0.000,737.663
-9999,33454,0.000,474.177
-9999,33455,0.000,920.570
-9999,33456,0.000,1137.156
-9999,33457,0.000,2348.349
-9999,33458,0.000,1600.675
-9999,33459,0.000,813.950
-9999,33460,0.000,208.082
-9999,33462,0.000,968.559
-9999,33463,0.000,508.096
-9999,33464,0.000,21.130
-9999,33465,0.000,611.275
-9999,33466,0.000,179.310
-9999,33467,0.000,1325.402
-9999,33468,0.000,401.668
-9999,33469,0.000,603.123
-9999,33470,0.000,1241.854
-9999,33471,0.000,26.476
-9999,33472,0.000,479.918
-9999,33473,0.000,1098.526
-9999,33474,0.000,732.560
-9999,33475,0.000,170.298
-9999,33477,0.000,634.793
-9999,33478,0.000,4.804
-9999,33479,0.000,3241.593
-9999,33480,0.000,134.360
-9999,33481,0.000,100.806
-9999,33482,0.000,275.646
-9999,33511,0.000,1909.984
-9999,33522,0.000,692.926
-9999,33538,0.000,2201.484
-9999,33540,0.000,29.442
-9999,33552,0.000,878.256
-9999,33553,0.000,3445.535
-9999,33560,0.000,642.207
-9999,33563,0.000,376.607
-9999,33569,0.000,144.863
-9999,33578,0.000,967.311
-9999,33579,0.000,261.415
-9999,33582,0.000,18.789
-9999,33584,0.000,679.829
-9999,33587,0.000,359.838
-9999,33597,0.000,2212.595
-9999,33601,0.000,60.000
-9999,33607,0.000,3384.780
-9999,33611,0.000,702.286
-9999,33627,0.000,1060.142
-9999,33630,0.000,169.429
-9999,33633,0.000,1.204
-9999,33638,0.000,358.650
-9999,33641,0.000,515.416
-9999,33645,0.000,69.300
-9999,33647,0.000,450.000
-9999,33671,0.000,657.659
-9999,33684,0.000,413.231
-9999,33688,0.000,113.056
-9999,33692,0.000,0.000
-9999,33693,0.000,986.881
-9999,33707,0.000,457.098
-9999,33713,0.000,4426.324
-9999,33715,0.000,484.127
-9999,33736,0.000,483.462
-9999,33740,0.000,1299.816
-9999,33743,0.000,1458.622
-9999,33746,0.000,687.992
-9999,33753,0.000,617.060
-9999,33754,0.000,182.831
-9999,33763,0.000,7112.995
-9999,33771,0.000,158.436
-9999,33774,0.000,3455.840
-9999,33778,0.000,2715.294
-9999,33783,0.000,90.000
-9999,33789,0.000,487.507
-9999,33790,0.000,194.540
-9999,33791,0.000,128.169
-9999,33796,0.000,3.587
-9999,33799,0.000,1032.589
-9999,33803,0.000,354.655
-9999,33809,0.000,195.594
-9999,33816,0.000,708.590
-9999,33818,0.000,895.687
-9999,33830,0.000,101.154
-9999,33831,0.000,1524.084
-9999,33843,0.000,260.773
-9999,33854,0.000,958.792
-9999,33855,0.000,685.154
-9999,33864,0.000,870.000
-9999,33866,0.000,444.240
-9999,33880,0.000,890.025
-9999,33903,0.000,378.275
-9999,33904,0.000,601.016
-9999,33905,0.000,515.934
-9999,33906,0.000,362.960
-9999,33907,0.000,99.306
-9999,33911,0.000,12896.670
-9999,33912,0.000,3153.583
-9999,33914,0.000,113.274
-9999,33916,0.000,20.234
-9999,33918,0.000,9.087
-9999,33934,0.000,22.625
-9999,33937,0.000,168.202
-9999,33939,0.000,41.750
-9999,33961,0.000,25.239
-9999,33979,0.000,34.449
-9999,33981,0.000,11.795
-9999,33987,0.000,135.770
-9999,34030,0.000,68.361
-9999,34053,0.000,21.476
-9999,34057,0.000,69.573
-9999,34058,0.000,10.835
-9999,34063,0.000,79.295
-9999,34071,0.000,17.933
-9999,34076,0.000,6.332
-9999,34080,0.000,22.282
-9999,34119,0.000,185.839
-9999,34138,0.000,35.802
-9999,34147,0.000,1.475
-9999,34148,0.000,185.717
-9999,34172,0.000,163.752
-9999,34182,0.000,30.165
-9999,34184,0.000,67.257
-9999,34211,0.000,20.113
-9999,34224,0.000,21.207
-9999,34235,0.000,142.683
-9999,34236,0.000,31.788
-9999,34250,0.000,182.155
-9999,34261,0.000,7.923
-9999,34268,0.000,109.522
-9999,34274,0.000,81.683
-9999,34289,0.000,65.778
-9999,34299,0.000,28.457
-9999,34303,0.000,3.845
-9999,34320,0.000,144.405
-9999,34335,0.000,142.920
-9999,34348,0.000,27.928
-9999,34367,0.000,60.430
-9999,34369,0.000,3.039
-9999,34397,0.000,207.042
-9999,34398,0.000,104.017
-9999,34421,0.000,20.408
-9999,34423,0.000,23.074
-9999,34425,0.000,28.777
-9999,34429,0.000,151.310
-9999,34430,0.000,24.925
-9999,34450,0.000,648.043
-9999,34452,0.000,307.810
-9999,34460,0.000,24.855
-9999,34468,0.000,6.339
-9999,34500,0.000,185.201
-9999,34510,0.000,70.253
-9999,34556,0.000,1162.737
-9999,34587,0.000,80.055
-9999,34589,0.000,25.841
-9999,34597,0.000,458.862
-9999,34599,0.000,202.037
-9999,34602,0.000,260.959
-9999,34614,0.000,30.121
-9999,34619,0.000,333.478
-9999,34621,0.000,112.048
-9999,34622,0.000,1655.447
-9999,34638,0.000,1069.930
-9999,34649,0.000,366.819
-9999,34651,0.000,387.011
-9999,34656,0.000,478.278
-9999,34657,0.000,770.904
-9999,34658,0.000,599.777
-9999,34676,0.000,255.208
-9999,34690,0.000,10.632
-9999,34695,0.000,133.729
-9999,34698,0.000,389.462
-9999,34713,0.000,21.531
-9999,34715,0.000,26.710
-9999,34725,0.000,5084.042
-9999,34734,0.000,860.911
-9999,34787,0.000,448.522
-9999,34843,0.000,28.782
-9999,34866,0.000,396.536
-9999,34873,0.000,10.971
-9999,34875,0.000,221.482
-9999,34883,0.000,978.154
-9999,34891,0.000,574.845
-9999,34923,0.000,253.511
-9999,34933,0.000,66.287
-9999,34972,0.000,351.683
-9999,34980,0.000,245.069
-9999,35011,0.000,557.002
-9999,35013,0.000,53.258
-9999,35021,0.000,102.115
-9999,35023,0.000,96.969
-9999,35026,0.000,18.364
-9999,35038,0.000,418.239
-9999,35040,0.000,157.120
-9999,35043,0.000,784.890
-9999,35044,0.000,462.030
-9999,35045,0.000,316.913
-9999,35046,0.000,1102.798
-9999,35056,0.000,315.430
-9999,35057,0.000,104.291
-9999,35063,0.000,265.535
-9999,35075,0.000,118.271
-9999,35077,0.000,395.750
-9999,35082,0.000,16.245
-9999,35083,0.000,144.136
-9999,35084,0.000,40.858
-9999,35097,0.000,571.802
-9999,35106,0.000,638.215
-9999,35107,0.000,90.383
-9999,35119,0.000,443.289
-9999,35123,0.000,392.567
-9999,35147,0.000,146.851
-9999,35149,0.000,80.671
-9999,35159,0.000,330.378
-9999,35168,0.000,107.521
-9999,35281,0.000,327.616
-9999,35294,0.000,1281.600
-9999,35297,0.000,411.631
-9999,35299,0.000,351.115
-9999,35301,0.000,0.000
-9999,35302,0.000,510.823
-9999,35304,0.000,51.838
-9999,35308,0.000,27.946
-9999,35311,0.000,91.591
-9999,35313,0.000,568.618
-9999,35315,0.000,1.178
-9999,35317,0.000,245.198
-9999,35330,0.000,575.402
-9999,35333,0.000,670.876
-9999,35334,0.000,0.000
-9999,35335,0.000,426.125
-9999,35336,0.000,537.244
-9999,35338,0.000,408.169
-9999,35339,0.000,12.939
-9999,35341,0.000,33.857
-9999,35342,0.000,134.941
-9999,35344,0.000,400.274
-9999,35347,0.000,256.055
-9999,35348,0.000,3498.737
-9999,35350,0.000,313.838
-9999,35351,0.000,435.873
-9999,35355,0.000,4073.677
-9999,35357,0.000,7.507
-9999,35360,0.000,1428.933
-9999,35362,0.000,797.867
-9999,35363,0.000,1110.822
-9999,35369,0.000,46.180
-9999,35378,0.000,3752.408
-9999,35379,0.000,543.790
-9999,35381,0.000,395.365
-9999,35382,0.000,2323.116
-9999,35383,0.000,443.603
-9999,35384,0.000,541.744
-9999,35388,0.000,185.462
-9999,35391,0.000,114.692
-9999,35396,0.000,202.153
-9999,35405,0.000,80.185
-9999,35407,0.000,93.818
-9999,35411,0.000,19.283
-9999,35427,0.000,196.849
-9999,35429,0.000,99.193
-9999,35430,0.000,286.256
-9999,35435,0.000,2.161
-9999,35438,0.000,90.847
-9999,35442,0.000,128.336
-9999,35444,0.000,439.794
-9999,35445,0.000,19.893
-9999,35456,0.000,270.406
-9999,35457,0.000,303.024
-9999,35472,0.000,329.096
-9999,35473,0.000,48.984
-9999,35475,0.000,193.630
-9999,35476,0.000,148.051
-9999,35477,0.000,60.510
-9999,202333,0.000,570.000
-9999,202334,0.000,70.000
-9999,202335,0.000,330.491
-9999,202336,0.000,262.097
-9999,202339,0.000,560.000
-9999,202340,0.000,182.507
-9999,202341,0.000,328.357
-9999,202342,0.000,254.769
-9999,202345,0.000,246.545
-9999,202348,0.000,150.000
-9999,202349,0.000,1172.856
-9999,202350,0.000,220.000
-9999,202357,0.000,935.117
-9999,202363,0.000,370.000
-9999,202367,0.000,319.344
-9999,202370,0.000,450.000
-9999,202379,0.000,455.111
-9999,202386,0.000,348.983
-9999,202389,0.000,1614.332
-9999,202392,0.000,644.757
-9999,202393,0.000,319.736
-9999,202398,0.000,237.644
-9999,202400,0.000,244.837
-9999,202403,0.000,345.182
-9999,202408,0.000,90.000
-9999,202411,0.000,159.999
-9999,202413,0.000,0.000
-9999,202422,0.000,351.254
-9999,202424,0.000,70.114
-9999,202425,0.000,360.000
-9999,202430,0.000,804.905
-9999,202431,0.000,90.000
-9999,202434,0.000,359.392
-9999,202442,0.000,540.791
-9999,202444,0.000,110.000
-9999,202445,0.000,326.575
-9999,202448,0.000,56.074
-9999,202451,0.000,364.416
-9999,202454,0.000,708.126
-9999,202457,0.000,374.177
-9999,202460,0.000,280.722
-9999,202461,0.000,300.000
-9999,202462,0.000,110.000
-9999,202463,0.000,90.000
-9999,202464,0.000,1624.031
-9999,202468,0.000,416.255
-9999,202469,0.000,46.036
-9999,202470,0.000,93.828
-9999,202472,0.000,520.000
-9999,202473,0.000,881.790
-9999,202474,0.000,140.000
-9999,202475,0.000,486.427
-9999,202479,0.000,80.000
-9999,202480,0.000,180.000
-9999,202481,0.000,205.825
-9999,202483,0.000,242.749
-9999,202485,0.000,768.126
-9999,202487,0.000,55.848
-9999,202489,0.000,398.551
-9999,202497,0.000,481.353
-9999,202500,0.000,178.849
-9999,202501,0.000,309.990
-9999,202507,0.000,279.211
-9999,202512,0.000,386.231
-9999,202518,0.000,132.792
-9999,202524,0.000,257.500
-9999,202527,0.000,60.000
-9999,202528,0.000,241.219
-9999,202529,0.000,562.327
-9999,202532,0.000,213.621
-9999,202534,0.000,110.486
-9999,202535,0.000,360.689
-9999,202536,0.000,170.000
-9999,202541,0.000,79.650
-9999,202552,0.000,324.806
-9999,202555,0.000,673.865
-9999,202556,0.000,202.505
-9999,202567,0.000,1251.568
-9999,202569,0.000,327.423
-9999,202571,0.000,510.000
-9999,202572,0.000,59.808
-9999,202581,0.000,88.078
-9999,202582,0.000,10.000
-9999,202583,0.000,454.455
-9999,202587,0.000,448.877
-9999,202588,0.000,516.482
-9999,202589,0.000,210.631
-9999,202594,0.000,357.776
-9999,202600,0.000,2000.000
-9999,202603,0.000,299.356
-9999,202607,0.000,899.988
-9999,202608,0.000,844.108
-9999,202610,0.000,215.078
-9999,202616,0.000,49.768
-9999,202618,0.000,416.962
-9999,202627,0.000,0.000
-9999,202631,0.000,814.328
-9999,202632,0.000,204.811
-9999,202635,0.000,491.199
-9999,202636,0.000,343.478
-9999,202639,0.000,553.136
-9999,202641,0.000,236.583
-9999,202644,0.000,240.000
-9999,202645,0.000,233.473
-9999,202648,0.000,339.206
-9999,202653,0.000,730.000
-9999,202656,0.000,780.413
-9999,202659,0.000,470.000
-9999,202672,0.000,1472.586
-9999,202674,0.000,338.294
-9999,202677,0.000,140.000
-9999,202678,0.000,250.000
-9999,202688,0.000,109.850
-9999,202690,0.000,1149.567
-9999,202691,0.000,183.777
-9999,202694,0.000,402.405
-9999,202696,0.000,42.004
-9999,202697,0.000,76.323
-9999,202705,0.000,142.361
-9999,202709,0.000,2481.864
-9999,202723,0.000,442.313
-9999,202724,0.000,278.124
-9999,202727,0.000,628.787
-9999,202728,0.000,490.066
-9999,202756,0.000,380.000
-9999,202757,0.000,212.396
-9999,202760,0.000,330.000
-9999,202764,0.000,950.000
-9999,202768,0.000,210.000
-9999,202776,0.000,930.000
-9999,202777,0.000,733.557
-9999,202778,0.000,664.915
-9999,202787,0.000,720.000
-9999,202792,0.000,374.470
-9999,202793,0.000,340.000
-9999,202795,0.000,90.000
-9999,202804,0.000,619.657
-9999,202805,0.000,1099.035
-9999,202806,0.000,522.937
-9999,202811,0.000,406.810
-9999,202816,0.000,66.439
-9999,202818,0.000,1682.415
-9999,202821,0.000,256.563
-9999,202822,0.000,269.475
-9999,202824,0.000,286.235
-9999,202834,0.000,197.431
-9999,202837,0.000,403.197
-9999,202845,0.000,336.088
-9999,202848,0.000,430.247
-9999,202851,0.000,954.891
-9999,202863,0.000,748.435
-9999,202875,0.000,39.529
-9999,202884,0.000,30.000
-9999,202888,0.000,1124.790
-9999,202890,0.000,357.131
-9999,202891,0.000,1440.000
-9999,202893,0.000,129.420
-9999,202897,0.000,137.175
-9999,202899,0.000,408.767
-9999,202902,0.000,0.000
-9999,202911,0.000,325.365
-9999,202917,0.000,27.878
-9999,202918,0.000,153.088
-9999,202919,0.000,115.424
-9999,202922,0.000,361.490
-9999,202928,0.000,324.943
-9999,202931,0.000,152.225
-9999,202933,0.000,40.000
-9999,202935,0.000,70.000
-9999,202948,0.000,510.113
-9999,202950,0.000,165.171
-9999,202969,0.000,357.554
-9999,202976,0.000,298.743
-9999,202982,0.000,17.998
-9999,202988,0.000,4.805
-9999,202991,0.000,85.365
-9999,202992,0.000,480.899
-9999,202993,0.000,609.961
-9999,203006,0.000,0.000
-9999,203007,0.000,48.935
-9999,203008,0.000,586.713
-9999,203009,0.000,391.703
-9999,203015,0.000,341.266
-9999,203017,0.000,229.809
-9999,203018,0.000,750.000
-9999,203025,0.000,420.000
-9999,203027,0.000,270.000
-9999,203030,0.000,458.200
-9999,203035,0.000,60.000
-9999,203044,0.000,239.266
-9999,203051,0.000,293.101
-9999,203055,0.000,1066.963
-9999,203060,0.000,19.147
-9999,203076,0.000,185.343
-9999,203084,0.000,870.487
-9999,203088,0.000,4330.340
-9999,203093,0.000,330.759
-9999,203101,0.000,740.000
-9999,203105,0.000,30.231
-9999,203109,0.000,305.878
-9999,203111,0.000,550.008
-9999,203113,0.000,521.563
-9999,203119,0.000,149.482
-9999,203120,0.000,46.452
-9999,203126,0.000,510.958
-9999,203127,0.000,522.291
-9999,203129,0.000,540.000
-9999,203131,0.000,637.470
-9999,203136,0.000,20.000
-9999,203137,0.000,1379.770
-9999,203138,0.000,718.998
-9999,203152,0.000,20.932
-9999,203153,0.000,315.274
-9999,203157,0.000,500.000
-9999,203163,0.000,509.823
-9999,203164,0.000,338.238
-9999,203166,0.000,420.000
-9999,203173,0.000,634.745
-9999,203178,0.000,480.000
-9999,203184,0.000,159.586
-9999,203200,0.000,392.081
-9999,203203,0.000,292.664
-9999,203206,0.000,352.164
-9999,203220,0.000,488.566
-9999,203221,0.000,377.998
-9999,203237,0.000,215.404
-9999,203239,0.000,1325.588
-9999,203240,0.000,510.175
-9999,203244,0.000,377.381
-9999,203248,0.000,1112.072
-9999,203253,0.000,885.618
-9999,203254,0.000,807.717
-9999,203258,0.000,0.000
-9999,203265,0.000,0.000
-9999,203267,0.000,266.220
-9999,203281,0.000,85.246
-9999,203286,0.000,0.000
-9999,203291,0.000,662.105
-9999,203292,0.000,136.533
-9999,203295,0.000,109.651
-9999,203298,0.000,2173.542
-9999,203303,0.000,312.350
-9999,203312,0.000,8977.609
-9999,203315,0.000,2007.659
-9999,203319,0.000,215.476
-9999,203337,0.000,530.000
-9999,203338,0.000,702.930
-9999,203340,0.000,269.675
-9999,203355,0.000,1878.371
-9999,203356,0.000,190.000
-9999,203367,0.000,10.000
-9999,203368,0.000,690.175
-9999,203383,0.000,2533.552
-9999,203386,0.000,1252.757
-9999,203389,0.000,375.837
-9999,203395,0.000,1149.478
-9999,203396,0.000,1657.483
-9999,203402,0.000,630.000
-9999,203404,0.000,240.000
-9999,203420,0.000,898.870
-9999,203423,0.000,507.089
-9999,203426,0.000,1329.129
-9999,203432,0.000,2092.586
-9999,203439,0.000,740.874
-9999,203440,0.000,1109.784
-9999,203450,0.000,703.469
-9999,203452,0.000,2730.000
-9999,203454,0.000,42.083
-9999,203483,0.000,2238.150
-9999,203487,0.000,478.948
-9999,203489,0.000,770.000
-9999,203498,0.000,0.000
-9999,203504,0.000,8689.114
-9999,203508,0.000,513.734
-9999,203533,0.000,2145.775
-9999,203536,0.000,160.089
-9999,203544,0.000,80.000
-9999,203547,0.000,250.000
-9999,203558,0.000,420.000
-9999,203684,0.000,384.125
-9999,203688,0.000,97.131
-9999,203690,0.000,487.195
-9999,203691,0.000,78.983
-9999,203695,0.000,476.540
-9999,203701,0.000,44.550
-9999,203706,0.000,0.000
-9999,203708,0.000,2499.902
-9999,203712,0.000,130.000
-9999,203719,0.000,345.049
-9999,203740,0.000,1608.875
-9999,203746,0.000,69.467
-9999,203747,0.000,20.954
-9999,203752,0.000,10791.020
-9999,203754,0.000,0.000
-9999,203760,0.000,636.549
-9999,203773,0.000,0.000
-9999,203776,0.000,0.000
-9999,203778,0.000,205.433
-9999,203779,0.000,3739.419
-9999,203801,0.000,0.130
-9999,203802,0.000,416.660
-9999,203812,0.000,187.802
-9999,203815,0.000,9.805
-9999,203830,0.000,6.704
-9999,203838,0.000,0.000
-9999,203842,0.000,98.603
-9999,203844,0.000,5094.378
-9999,203845,0.000,0.000
-9999,203847,0.000,1120.000
-9999,203849,0.000,1349.180
-9999,203853,0.000,6.447
-9999,203858,0.000,392.293
-9999,203863,0.000,519.274
-9999,203869,0.000,0.000
-9999,203885,0.000,912.176
-9999,203886,0.000,801.013
-9999,203890,0.000,1160.000
-9999,203895,0.000,0.000
-9999,203899,0.000,54.801
-9999,203906,0.000,2093.162
-9999,203908,0.000,19.215
-9999,203910,0.000,2509.015
-9999,203912,0.000,1600.263
-9999,203957,0.000,117.963
-9999,203959,0.000,1748.352
-9999,203962,0.000,130.140
-9999,203964,0.000,242.873
-9999,203973,0.000,192.905
-9999,203975,0.000,146.591
-9999,203976,0.000,174.137
-9999,203977,0.000,292.238
-9999,203991,0.000,95.069
-9999,203998,0.000,0.120
-9999,204000,0.000,0.145
-9999,204017,0.000,527.182
-9999,204044,0.000,1529.442
-9999,204055,0.000,23.442
-9999,204059,0.000,183.020
-9999,204063,0.000,595.842
-9999,204066,0.000,0.000
-9999,204075,0.000,1690.260
-9999,204083,0.000,4073.980
-9999,204089,0.000,0.001
-9999,204098,0.000,107.211
-9999,204101,0.000,228.622
-9999,204117,0.000,6.614
-9999,204120,0.000,0.000
-9999,204123,0.000,4.441
-9999,204133,0.000,136.906
-9999,204134,0.000,77.599
-9999,204136,0.000,779.428
-9999,204147,0.000,16.373
-9999,204149,0.000,405.793
-9999,204156,0.000,119.843
-9999,204179,0.000,0.000
-9999,204191,0.000,0.000
-9999,204197,0.000,1166.015
-9999,204203,0.000,0.468
-9999,204208,0.000,7.157
-9999,204213,0.000,57.223
-9999,204214,0.000,290.090
-9999,204224,0.000,77.959
-9999,204234,0.000,98.600
-9999,204237,0.000,249.746
-9999,204242,0.000,0.000
-9999,204243,0.000,0.018
-9999,204261,0.000,422.184
-9999,204280,0.000,248.673
-9999,204296,0.000,2286.948
-9999,204306,0.000,0.070
-9999,204310,0.000,75.205
-9999,204404,0.000,123.618
-9999,204405,0.000,412.547
-9999,204406,0.000,0.000
-9999,204407,0.000,75.626
-9999,204408,0.000,260.646
-9999,204409,0.000,90.569
-9999,204411,0.000,495.893
-9999,204414,0.000,0.008
-9999,204415,0.000,601.854
-9999,204416,0.000,98.557
-9999,204417,0.000,188.985
-9999,204418,0.000,288.840
-9999,204419,0.000,294.012
-9999,204420,0.000,759.179
-9999,204421,0.000,991.887
-9999,204422,0.000,39.487
-9999,204430,0.000,145.565
-9999,204433,0.000,4.994
-9999,204443,0.000,568.886
-9999,204448,0.000,360.450
-9999,204457,0.000,353.794
-9999,204460,0.000,330.548
-9999,204461,0.000,43.101
-9999,204462,0.000,504.555
-9999,204466,0.000,420.774
-9999,204467,0.000,0.000
-9999,204511,0.000,1631.396
-9999,204512,0.000,448.314
-9999,204513,0.000,183.300
-9999,204514,0.000,650.575
-9999,204515,0.000,323.350
-9999,204516,0.000,662.528
-9999,204517,0.000,371.609
-9999,204518,0.000,11.670
-9999,204519,0.000,289.948
-9999,204520,0.000,2054.688
-9999,204521,0.000,487.886
-9999,204522,0.000,389.431
-9999,204523,0.000,1481.601
-9999,204524,0.000,2427.562
-9999,204526,0.000,491.883
-9999,204528,0.000,535.468
-9999,204530,0.000,1538.567
-9999,204531,0.000,358.748
-9999,204532,0.000,851.085
-9999,204533,0.000,376.517
-9999,204534,0.000,478.474
-9999,204535,0.000,302.209
-9999,204536,0.000,1036.763
-9999,204537,0.000,1412.890
-9999,204538,0.000,89.666
-9999,204539,0.000,2299.498
-9999,204540,0.000,367.756
-9999,204541,0.000,439.290
-9999,204542,0.000,448.416
-9999,204543,0.000,378.560
-9999,204546,0.000,1426.438
-9999,204547,0.000,1350.460
-9999,204548,0.000,2164.586
-9999,204549,0.000,305.594
-9999,204550,0.000,231.994
-9999,204551,0.000,3812.737
-9999,204552,0.000,1642.200
-9999,204553,0.000,759.946
-9999,204555,0.000,1200.286
-9999,204556,0.000,58.397
-9999,204559,0.000,366.302
-9999,204560,0.000,267.595
-9999,204562,0.000,1430.094
-9999,204563,0.000,1464.590
-9999,204564,0.000,815.676
-9999,204565,0.000,857.454
-9999,204566,0.000,84.175
-9999,204567,0.000,199.469
-9999,204568,0.000,720.000
-9999,204572,0.000,1917.997
-9999,204573,0.000,406.474
-9999,204574,0.000,61.225
-9999,204580,0.000,196.503
-9999,204582,0.000,423.148
-9999,204586,0.000,360.000
-9999,204587,0.000,689.237
-9999,204588,0.000,31.693
-9999,204591,0.000,109.889
-9999,204592,0.000,510.127
-9999,204594,0.000,500.297
-9999,204595,0.000,424.783
-9999,204596,0.000,0.000
-9999,204597,0.000,184.754
-9999,204598,0.000,591.053
-9999,204601,0.000,6541.152
-9999,204602,0.000,613.145
-9999,204604,0.000,91.862
-9999,204611,0.000,100.000
-9999,204612,0.000,385.802
-9999,204614,0.000,20.067
-9999,204615,0.000,3578.273
-9999,204617,0.000,550.035
-9999,204618,0.000,2049.523
-9999,204619,0.000,756.923
-9999,204623,0.000,853.350
-9999,204625,0.000,647.513
-9999,204626,0.000,39.389
-9999,204628,0.000,734.596
-9999,204630,0.000,425.839
-9999,204634,0.000,221.448
-9999,204635,0.000,451.073
-9999,204637,0.000,207.347
-9999,204638,0.000,696.118
-9999,204641,0.000,3223.461
-9999,204642,0.000,79.129
-9999,204649,0.000,1557.074
-9999,204651,0.000,10.000
-9999,204657,0.000,602.910
-9999,204658,0.000,537.357
-9999,204660,0.000,559.405
-9999,204661,0.000,1551.473
-9999,204663,0.000,118.925
-9999,204664,0.000,2274.667
-9999,204667,0.000,121.087
-9999,204668,0.000,1035.909
-9999,204669,0.000,294.249
-9999,204672,0.000,121.532
-9999,204673,0.000,994.292
-9999,204675,0.000,36.246
-9999,204676,0.000,217.743
-9999,204679,0.000,1266.623
-9999,204689,0.000,97.082
-9999,204690,0.000,1835.136
-9999,204691,0.000,264.111
-9999,204692,0.000,138.863
-9999,204693,0.000,296.598
-9999,204694,0.000,243.145
-9999,204695,0.000,283.832
-9999,204696,0.000,247.037
-9999,204697,0.000,43.237
-9999,204699,0.000,694.046
-9999,204701,0.000,816.710
-9999,204703,0.000,40.000
-9999,204709,0.000,247.610
-9999,204712,0.000,0.051
-9999,204714,0.000,132.586
-9999,204716,0.000,164.796
-9999,204717,0.000,106.546
-9999,204721,0.000,0.000
-9999,204724,0.000,240.000
-9999,204727,0.000,30.000
-9999,204733,0.000,18.585
-9999,204734,0.000,427.503
-9999,204798,0.000,328.366
-9999,204801,0.000,18.342
-9999,204802,0.000,315.666
-9999,204805,0.000,160.037
-9999,204808,0.000,1760.484
-9999,204809,0.000,1432.875
-9999,204810,0.000,124.475
-9999,204811,0.000,857.928
-9999,204812,0.000,670.000
-9999,204816,0.000,0.000
-9999,204817,0.000,850.363
-9999,204819,0.000,161.075
-9999,204820,0.000,210.058
-9999,204821,0.000,228.534
-9999,204822,0.000,177.664
-9999,204824,0.000,1195.217
-9999,204825,0.000,219.484
-9999,204826,0.000,1482.711
-9999,204828,0.000,39.752
-9999,204829,0.000,973.963
-9999,204832,0.000,2093.292
-9999,204834,0.000,430.000
-9999,204835,0.000,211.346
-9999,204837,0.000,302.665
-9999,204838,0.000,150.357
-9999,204839,0.000,115.042
-9999,204840,0.000,514.948
-9999,204842,0.000,2712.982
-9999,204843,0.000,130.000
-9999,204848,0.000,2642.529
-9999,204851,0.000,86.849
-9999,204852,0.000,456.107
-9999,204855,0.000,550.137
-9999,204858,0.000,852.712
-9999,204862,0.000,40.000
-9999,204865,0.000,2944.416
-9999,204867,0.000,339.337
-9999,204868,0.000,130.000
-9999,204871,0.000,286.613
-9999,204872,0.000,170.746
-9999,204875,0.000,765.367
-9999,204877,0.000,908.561
-9999,204878,0.000,247.727
-9999,204880,0.000,240.000
-9999,204881,0.000,787.342
-9999,204882,0.000,697.078
-9999,204883,0.000,4916.459
-9999,204886,0.000,233.356
-9999,204887,0.000,198.045
-9999,204889,0.000,649.301
-9999,204894,0.000,625.100
-9999,204895,0.000,1155.365
-9999,204896,0.000,398.860
-9999,204897,0.000,122.594
-9999,204899,0.000,322.521
-9999,204904,0.000,607.702
-9999,204907,0.000,120.682
-9999,204908,0.000,1205.903
-9999,204909,0.000,90.000
-9999,204910,0.000,235.947
-9999,204911,0.000,2511.850
-9999,204913,0.000,359.772
-9999,204915,0.000,656.210
-9999,204916,0.000,539.746
-9999,204917,0.000,1143.138
-9999,204919,0.000,1659.404
-9999,204922,0.000,181.294
-9999,204925,0.000,242.366
-9999,204926,0.000,393.776
-9999,204927,0.000,327.914
-9999,204930,0.000,86.189
-9999,204933,0.000,1082.530
-9999,204935,0.000,1270.453
-9999,204937,0.000,57.926
-9999,204938,0.000,431.292
-9999,204939,0.000,1300.942
-9999,204941,0.000,2940.267
-9999,204942,0.000,2939.893
-9999,204944,0.000,44.125
-9999,204953,0.000,301.395
-9999,204954,0.000,5376.624
-9999,204962,0.000,589.181
-9999,204964,0.000,29.348
-9999,204971,0.000,1772.979
-9999,204975,0.000,1226.213
-9999,204976,0.000,16.026
-9999,204977,0.000,0.000
-9999,204978,0.000,29.710
-9999,204980,0.000,541.329
-9999,204981,0.000,851.883
-9999,204982,0.000,152.633
-9999,204986,0.000,1586.442
-9999,205003,0.000,41.996
-9999,205004,0.000,30.132
-9999,205005,0.000,14.451
-9999,205006,0.000,23.342
-9999,205011,0.000,18.979
-9999,205012,0.000,44.171
-9999,205014,0.000,48.925
-9999,205015,0.000,142.916
-9999,205017,0.000,16.864
-9999,205020,0.000,20.516
-9999,205021,0.000,31.233
-9999,205023,0.000,8.151
-9999,205024,0.000,25.078
-9999,205030,0.000,5.944
-9999,205032,0.000,24.959
-9999,205033,0.000,39.643
-9999,205034,0.000,61.195
-9999,205037,0.000,199.096
-9999,205043,0.000,115.859
-9999,205054,0.000,33.895
-9999,205061,0.000,21.398
-9999,205063,0.000,60.746
-9999,205067,0.000,70.000
-9999,205071,0.000,3.368
-9999,205074,0.000,68.723
-9999,205075,0.000,50.147
-9999,205078,0.000,24.976
-9999,205080,0.000,88.183
-9999,205081,0.000,9.864
-9999,205084,0.000,21.823
-9999,205087,0.000,23.574
-9999,205092,0.000,131.557
-9999,205097,0.000,54.127
-9999,205103,0.000,32.298
-9999,205107,0.000,134.238
-9999,205110,0.000,54.053
-9999,205111,0.000,70.649
-9999,205116,0.000,92.552
-9999,205117,0.000,29.415
-9999,205118,0.000,20.149
-9999,205120,0.000,150.969
-9999,205127,0.000,27.644
-9999,205128,0.000,20.000
-9999,205129,0.000,35.293
-9999,205132,0.000,57.818
-9999,205133,0.000,20.080
-9999,205136,0.000,27.470
-9999,205138,0.000,229.495
-9999,205141,0.000,18.708
-9999,205142,0.000,107.169
-9999,205145,0.000,49.343
-9999,205157,0.000,36.652
-9999,205166,0.000,20.431
-9999,205179,0.000,39.010
-9999,205185,0.000,79.009
-9999,205191,0.000,60.996
-9999,205201,0.000,638.424
-9999,205202,0.000,54.464
-9999,205205,0.000,253.242
-9999,205206,0.000,512.207
-9999,205207,0.000,492.552
-9999,205209,0.000,829.589
-9999,205211,0.000,170.000
-9999,205213,0.000,10.000
-9999,205217,0.000,2244.149
-9999,205222,0.000,144.182
-9999,205224,0.000,250.000
-9999,205236,0.000,2137.216
-9999,205237,0.000,354.760
-9999,205238,0.000,1780.201
-9999,205239,0.000,3.153
-9999,205242,0.000,31.721
-9999,205243,0.000,1275.727
-9999,205245,0.000,2229.880
-9999,205246,0.000,28.897
-9999,205249,0.000,688.177
-9999,205252,0.000,881.241
-9999,205253,0.000,1682.182
-9999,205255,0.000,799.085
-9999,205256,0.000,11878.492
-9999,205263,0.000,196.294
-9999,205264,0.000,226.102
-9999,205274,0.000,104.227
-9999,205279,0.000,27.960
-9999,205293,0.000,308.509
-9999,205294,0.000,102.672
-9999,205296,0.000,59.438
-9999,205300,0.000,21.779
-9999,205302,0.000,186.511
-9999,205303,0.000,100.915
-9999,205309,0.000,40.541
-9999,205312,0.000,120.453
-9999,205313,0.000,261.111
-9999,268069,0.000,431.454
-9999,268071,0.000,210.000
-9999,268072,0.000,985.556
-9999,268073,0.000,836.049
-9999,268077,0.000,522.762
-9999,268078,0.000,105.967
-9999,268080,0.000,530.879
-9999,268082,0.000,266.924
-9999,268083,0.000,608.453
-9999,268085,0.000,141.322
-9999,268089,0.000,240.000
-9999,268090,0.000,56.018
-9999,268096,0.000,240.339
-9999,268097,0.000,3610.000
-9999,268103,0.000,943.466
-9999,268104,0.000,517.313
-9999,268109,0.000,90.000
-9999,268111,0.000,4259.431
-9999,268115,0.000,659.970
-9999,268116,0.000,249.712
-9999,268117,0.000,610.000
-9999,268120,0.000,1040.000
-9999,268125,0.000,600.000
-9999,268127,0.000,50.000
-9999,268129,0.000,1412.339
-9999,268145,0.000,578.724
-9999,268149,0.000,255.772
-9999,268159,0.000,761.698
-9999,268160,0.000,592.177
-9999,268164,0.000,170.000
-9999,268168,0.000,880.000
-9999,268170,0.000,50.000
-9999,268173,0.000,36.495
-9999,268174,0.000,273.964
-9999,268180,0.000,780.000
-9999,268181,0.000,617.007
-9999,268182,0.000,747.397
-9999,268185,0.000,327.551
-9999,268187,0.000,768.307
-9999,268188,0.000,690.000
-9999,268190,0.000,357.329
-9999,268193,0.000,384.332
-9999,268194,0.000,10.000
-9999,268196,0.000,427.132
-9999,268198,0.000,86.483
-9999,268200,0.000,354.523
-9999,268201,0.000,90.274
-9999,268206,0.000,350.000
-9999,268208,0.000,173.048
-9999,268209,0.000,94.308
-9999,268214,0.000,240.000
-9999,268215,0.000,50.000
-9999,268216,0.000,515.632
-9999,268217,0.000,681.793
-9999,268218,0.000,918.221
-9999,268221,0.000,850.000
-9999,268222,0.000,539.916
-9999,268225,0.000,14.142
-9999,268226,0.000,970.000
-9999,268229,0.000,270.000
-9999,268230,0.000,944.041
-9999,268231,0.000,1842.169
-9999,268232,0.000,1250.000
-9999,268233,0.000,535.643
-9999,268235,0.000,304.672
-9999,268237,0.000,110.000
-9999,268239,0.000,140.000
-9999,268243,0.000,166.815
-9999,268252,0.000,1503.163
-9999,268259,0.000,1063.773
-9999,268261,0.000,479.510
-9999,268262,0.000,210.000
-9999,268272,0.000,817.714
-9999,268277,0.000,589.408
-9999,268278,0.000,1244.096
-9999,268283,0.000,852.121
-9999,268284,0.000,369.548
-9999,268285,0.000,216.086
-9999,268289,0.000,1623.415
-9999,268291,0.000,210.000
-9999,268292,0.000,876.735
-9999,268295,0.000,50.000
-9999,268296,0.000,1940.000
-9999,268299,0.000,427.625
-9999,268303,0.000,830.000
-9999,268306,0.000,0.000
-9999,268308,0.000,243.115
-9999,268313,0.000,332.173
-9999,268314,0.000,296.209
-9999,268317,0.000,514.717
-9999,268318,0.000,74.225
-9999,268320,0.000,126.553
-9999,268321,0.000,319.919
-9999,268323,0.000,750.000
-9999,268325,0.000,545.414
-9999,268326,0.000,611.130
-9999,268327,0.000,290.000
-9999,268328,0.000,167.390
-9999,268329,0.000,654.568
-9999,268335,0.000,747.183
-9999,268337,0.000,765.692
-9999,268342,0.000,49.104
-9999,268345,0.000,900.616
-9999,268346,0.000,22.361
-9999,268361,0.000,325.867
-9999,268367,0.000,390.535
-9999,268369,0.000,809.331
-9999,268372,0.000,368.623
-9999,268379,0.000,830.713
-9999,268386,0.000,150.730
-9999,268389,0.000,715.590
-9999,268391,0.000,834.224
-9999,268400,0.000,875.494
-9999,268404,0.000,148.028
-9999,268405,0.000,456.507
-9999,268413,0.000,439.719
-9999,268414,0.000,280.760
-9999,268418,0.000,512.945
-9999,268419,0.000,227.628
-9999,268429,0.000,60.000
-9999,268430,0.000,602.649
-9999,268432,0.000,290.000
-9999,268433,0.000,212.287
-9999,268437,0.000,510.000
-9999,268443,0.000,790.800
-9999,268445,0.000,797.473
-9999,268446,0.000,823.073
-9999,268448,0.000,314.051
-9999,268451,0.000,315.445
-9999,268459,0.000,256.441
-9999,268462,0.000,10.000
-9999,268464,0.000,93.315
-9999,268465,0.000,2390.209
-9999,268473,0.000,180.000
-9999,268477,0.000,210.114
-9999,268491,0.000,253.636
-9999,268492,0.000,390.000
-9999,268493,0.000,661.707
-9999,268494,0.000,435.107
-9999,268496,0.000,490.000
-9999,268501,0.000,450.742
-9999,268503,0.000,450.000
-9999,268525,0.000,370.000
-9999,268529,0.000,230.000
-9999,268531,0.000,363.056
-9999,268532,0.000,1580.000
-9999,268533,0.000,445.037
-9999,268535,0.000,237.052
-9999,268536,0.000,930.389
-9999,268538,0.000,210.000
-9999,268542,0.000,20.000
-9999,268545,0.000,270.000
-9999,268549,0.000,616.754
-9999,268555,0.000,415.641
-9999,268556,0.000,511.938
-9999,268558,0.000,866.161
-9999,268559,0.000,461.070
-9999,268561,0.000,350.000
-9999,268562,0.000,270.000
-9999,268568,0.000,60.000
-9999,268572,0.000,617.600
-9999,268577,0.000,374.557
-9999,268578,0.000,110.000
-9999,268581,0.000,633.818
-9999,268584,0.000,479.783
-9999,268585,0.000,238.393
-9999,268588,0.000,658.944
-9999,268592,0.000,665.905
-9999,268601,0.000,427.056
-9999,268612,0.000,180.000
-9999,268614,0.000,1086.942
-9999,268616,0.000,1455.236
-9999,268627,0.000,2238.140
-9999,268630,0.000,55.630
-9999,268635,0.000,593.048
-9999,268637,0.000,950.041
-9999,268641,0.000,245.182
-9999,268643,0.000,750.000
-9999,268646,0.000,1120.000
-9999,268648,0.000,423.063
-9999,268649,0.000,112.886
-9999,268656,0.000,840.000
-9999,268662,0.000,110.406
-9999,268667,0.000,637.511
-9999,268674,0.000,1534.406
-9999,268676,0.000,116.453
-9999,268688,0.000,565.523
-9999,268692,0.000,210.000
-9999,268693,0.000,500.000
-9999,268698,0.000,1033.456
-9999,268702,0.000,16.179
-9999,268704,0.000,1487.147
-9999,268708,0.000,120.000
-9999,268711,0.000,361.360
-9999,268717,0.000,490.000
-9999,268719,0.000,282.737
-9999,269767,0.000,10.000
-9999,269768,0.000,896.661
-9999,269795,0.000,731.750
-9999,269796,0.000,363.920
-9999,269797,0.000,119.219
-9999,269821,0.000,260.000
-9999,269822,0.000,680.000
-9999,269841,0.000,1560.000
-9999,269861,0.000,90.000
-9999,269868,0.000,730.000
-9999,269875,0.000,761.889
-9999,269894,0.000,1242.565
-9999,269912,0.000,440.872
-9999,269928,0.000,215.616
-9999,269936,0.000,6.422
-9999,269944,0.000,239.601
-9999,269968,0.000,160.000
-9999,269984,0.000,314.473
-9999,269991,0.000,94.180
-9999,270009,0.000,290.000
-9999,270017,0.000,360.000
-9999,270027,0.000,135.379
-9999,270054,0.000,690.000
-9999,270087,0.000,162.399
-9999,270090,0.000,124.742
-9999,270136,0.000,500.745
-9999,270141,0.000,410.000
-9999,270156,0.000,425.375
-9999,270159,0.000,410.000
-9999,270168,0.000,414.371
-9999,270174,0.000,1814.579
-9999,270184,0.000,579.283
-9999,270185,0.000,750.000
-9999,270207,0.000,800.000
-9999,270243,0.000,512.888
-9999,270249,0.000,382.108
-9999,270254,0.000,740.000
-9999,270256,0.000,640.000
-9999,270273,0.000,440.000
-9999,270289,0.000,277.765
-9999,270291,0.000,86.461
-9999,270297,0.000,490.000
-9999,270299,0.000,30.325
-9999,270312,0.000,120.000
-9999,270318,0.000,97.713
-9999,270364,0.000,840.000
-9999,270379,0.000,310.000
-9999,270445,0.000,337.963
-9999,270459,0.000,902.273
-9999,270465,0.000,1120.000
-9999,270466,0.000,360.000
-9999,270472,0.000,34.279
-9999,270477,0.000,340.000
-9999,270483,0.000,7.640
-9999,270500,0.000,480.000
-9999,270523,0.000,280.000
-9999,270541,0.000,1031.887
-9999,270549,0.000,483.521
-9999,270556,0.000,202.888
-9999,270562,0.000,1530.000
-9999,270610,0.000,649.100
-9999,270614,0.000,2334.189
-9999,270647,0.000,600.000
-9999,270656,0.000,248.284
-9999,270659,0.000,703.174
-9999,270675,0.000,680.000
-9999,270698,0.000,1290.000
-9999,270703,0.000,30.000
-9999,270714,0.000,190.000
-9999,270715,0.000,303.113
-9999,270734,0.000,315.466
-9999,270736,0.000,1110.000
-9999,270776,0.000,207.405
-9999,270793,0.000,340.000
-9999,270815,0.000,99.589
-9999,270842,0.000,121.840
-9999,270859,0.000,233.171
-9999,270875,0.000,698.996
-9999,270893,0.000,1010.963
-9999,270906,0.000,129.571
-9999,270912,0.000,898.633
-9999,270914,0.000,1571.418
-9999,270921,0.000,230.000
-9999,270940,0.000,1040.000
-9999,270948,0.000,780.000
-9999,270971,0.000,140.000
-9999,270976,0.000,390.000
-9999,271013,0.000,644.844
-9999,271025,0.000,30.000
-9999,271027,0.000,0.000
-9999,271029,0.000,240.000
-9999,271036,0.000,2466.808
-9999,271059,0.000,392.372
-9999,271062,0.000,384.139
-9999,271102,0.000,600.003
-9999,271106,0.000,40.000
-9999,271116,0.000,30.000
-9999,271152,0.000,270.000
-9999,271170,0.000,860.000
-9999,271200,0.000,150.000
-9999,271205,0.000,750.000
-9999,271208,0.000,2430.000
-9999,271223,0.000,120.000
-9999,271270,0.000,152.557
-9999,271277,0.000,430.000
-9999,271278,0.000,80.000
-9999,271279,0.000,270.000
-9999,271280,0.000,370.188
-9999,271286,0.000,1320.192
-9999,271296,0.000,360.000
-9999,271315,0.000,90.000
-9999,271319,0.000,929.216
-9999,271349,0.000,1510.571
-9999,271360,0.000,1120.000
-9999,271363,0.000,430.000
-9999,271371,0.000,40.000
-9999,271383,0.000,290.000
-9999,271384,0.000,640.000
-9999,271399,0.000,15.259
-9999,271405,0.000,720.000
-9999,271409,0.000,1037.478
-9999,271411,0.000,754.911
-9999,271433,0.000,100.000
-9999,271459,0.000,840.000
-9999,271471,0.000,770.000
-9999,271487,0.000,259.883
-9999,271498,0.000,410.000
-9999,271517,0.000,1789.298
-9999,271528,0.000,90.000
-9999,271545,0.000,428.753
-9999,271549,0.000,446.224
-9999,271585,0.000,230.358
-9999,271623,0.000,78.236
-9999,271627,0.000,5043.439
-9999,271665,0.000,208.591
-9999,271725,0.000,1019.919
-9999,271745,0.000,710.000
-9999,271757,0.000,615.341
-9999,271774,0.000,254.116
-9999,271781,0.000,3030.000
-9999,272013,0.000,0.000
-9999,272014,0.000,981.331
-9999,272015,0.000,51.683
-9999,272017,0.000,772.002
-9999,272021,0.000,0.005
-9999,272027,0.000,345.769
-9999,272028,0.000,738.791
-9999,272029,0.000,532.031
-9999,272030,0.000,53.298
-9999,272032,0.000,116.943
-9999,272034,0.000,250.000
-9999,272036,0.000,3.149
-9999,272038,0.000,9.068
-9999,272040,0.000,407.791
-9999,272041,0.000,248.149
-9999,272043,0.000,125.000
-9999,272044,0.000,202.070
-9999,272046,0.000,0.000
-9999,272049,0.000,0.000
-9999,272050,0.000,852.322
-9999,272051,0.000,30.000
-9999,272055,0.000,240.000
-9999,272058,0.000,169.759
-9999,272070,0.000,246.200
-9999,272071,0.000,418.085
-9999,272080,0.000,72.418
-9999,272081,0.000,0.000
-9999,272084,0.000,862.705
-9999,272087,0.000,370.003
-9999,272096,0.000,250.000
-9999,272099,0.000,89.876
-9999,272104,0.000,1022.718
-9999,272109,0.000,16.107
-9999,272120,0.000,1108.827
-9999,272124,0.000,7.185
-9999,272126,0.000,632.930
-9999,272259,0.000,4760.704
-9999,272269,0.000,471.689
-9999,272282,0.000,782.924
-9999,272286,0.000,274.665
-9999,272293,0.000,321.472
-9999,272300,0.000,242.914
-9999,272302,0.000,163.663
-9999,272314,0.000,0.000
-9999,272324,0.000,558.997
-9999,272338,0.000,33.171
-9999,272345,0.000,248.677
-9999,272354,0.000,0.000
-9999,272355,0.000,13.911
-9999,272366,0.000,361.373
-9999,272370,0.000,707.671
-9999,272373,0.000,377.907
-9999,272379,0.000,130.000
-9999,272393,0.000,488.059
-9999,272397,0.000,401.854
-9999,272401,0.000,224.844
-9999,272406,0.000,372.981
-9999,272419,0.000,342.606
-9999,272425,0.000,20.445
-9999,272431,0.000,1470.000
-9999,272432,0.000,121.698
-9999,272439,0.000,2779.097
-9999,272442,0.000,850.000
-9999,272447,0.000,8.898
-9999,272448,0.000,54.591
-9999,272455,0.000,0.000
-9999,272460,0.000,217.991
-9999,272467,0.000,23.365
-9999,272477,0.000,377.480
-9999,272482,0.000,320.000
-9999,272488,0.000,510.000
-9999,272503,0.000,590.000
-9999,272507,0.000,883.237
-9999,272509,0.000,578.391
-9999,272512,0.000,534.139
-9999,272533,0.000,1828.735
-9999,272540,0.000,237.842
-9999,272542,0.000,200.000
-9999,272553,0.000,39.249
-9999,272566,0.000,179.051
-9999,272567,0.000,40.000
-9999,272579,0.000,577.861
-9999,272589,0.000,94.417
-9999,272602,0.000,1440.000
-9999,272621,0.000,13.053
-9999,272622,0.000,255.585
-9999,272625,0.000,237.547
-9999,272628,0.000,240.000
-9999,272671,0.000,257.622
-9999,272674,0.000,137.922
-9999,272675,0.000,4.131
-9999,272676,0.000,154.538
-9999,272679,0.000,249.966
-9999,272683,0.000,117.073
-9999,272688,0.000,60.504
-9999,272692,0.000,233.598
-9999,272693,0.000,402.177
-9999,272696,0.000,687.342
-9999,272697,0.000,419.378
-9999,272704,0.000,455.105
-9999,272707,0.000,96.316
-9999,272708,0.000,30.000
-9999,272713,0.000,19.369
-9999,272719,0.000,196.851
-9999,272720,0.000,44.019
-9999,272725,0.000,131.243
-9999,272727,0.000,148.034
-9999,272728,0.000,636.826
-9999,272729,0.000,18.054
-9999,272733,0.000,191.528
-9999,272737,0.000,284.171
-9999,272738,0.000,53.304
-9999,272739,0.000,9.206
-9999,272741,0.000,197.648
-9999,272742,0.000,0.000
-9999,272773,0.000,9.142
-9999,272797,0.000,2.121
-9999,272802,0.000,9.379
-9999,272808,0.000,17.858
-9999,272811,0.000,147.031
-9999,272853,0.000,0.165
-9999,272901,0.000,63.569
-9999,273168,0.000,50.000
-9999,273169,0.000,1275.126
-9999,273172,0.000,30.271
-9999,273177,0.000,270.000
-9999,273181,0.000,75.496
-9999,273196,0.000,25.807
-9999,273201,0.000,395.139
-9999,273202,0.000,659.798
-9999,273222,0.000,3361.975
-9999,273227,0.000,57.411
-9999,273231,0.000,33.322
-9999,273232,0.000,374.208
-9999,273237,0.000,521.222
-9999,273244,0.000,134.336
-9999,273258,0.000,160.205
-9999,273261,0.000,538.555
-9999,273262,0.000,516.996
-9999,273268,0.000,688.424
-9999,273290,0.000,231.112
-9999,273306,0.000,383.803
-9999,273322,0.000,166.383
-9999,273330,0.000,272.154
-9999,273332,0.000,62.987
-9999,273333,0.000,83.038
-9999,273349,0.000,107.705
-9999,273358,0.000,12.996
-9999,273360,0.000,526.089
-9999,273371,0.000,856.143
-9999,273372,0.000,28.627
-9999,273375,0.000,207.161
-9999,273385,0.000,372.329
-9999,273387,0.000,163.453
-9999,273389,0.000,2.093
-9999,273401,0.000,490.005
-9999,273408,0.000,360.000
-9999,273420,0.000,704.428
-9999,273427,0.000,52.136
-9999,273428,0.000,356.164
-9999,273435,0.000,135.156
-9999,273438,0.000,526.763
-9999,273441,0.000,689.730
-9999,273444,0.000,60.000
-9999,273446,0.000,17.019
-9999,273449,0.000,222.382
-9999,273456,0.000,40.000
-9999,273465,0.000,515.690
-9999,273466,0.000,360.000
-9999,273468,0.000,187.394
-9999,273478,0.000,293.760
-9999,273488,0.000,255.027
-9999,273489,0.000,998.100
-9999,273492,0.000,30.000
-9999,273495,0.000,336.358
-9999,273497,0.000,72.825
-9999,273499,0.000,547.254
-9999,273502,0.000,4.361
-9999,273506,0.000,18.274
-9999,273508,0.000,70.903
-9999,273519,0.000,921.102
-9999,273521,0.000,75.409
-9999,273523,0.000,360.000
-9999,273536,0.000,1.166
-9999,273546,0.000,684.431
-9999,273552,0.000,503.881
-9999,273560,0.000,378.783
-9999,273574,0.000,11.190
-9999,273576,0.000,420.113
-9999,273578,0.000,2.520
-9999,273588,0.000,125.621
-9999,273601,0.000,70.000
-9999,273605,0.000,720.500
-9999,273607,0.000,758.070
-9999,273611,0.000,111.132
-9999,273631,0.000,835.248
-9999,273635,0.000,150.000
-9999,273637,0.000,535.098
-9999,273639,0.000,249.577
-9999,273641,0.000,337.016
-9999,273644,0.000,139.964
-9999,273661,0.000,191.240
-9999,273674,0.000,167.041
-9999,273678,0.000,42.241
-9999,273680,0.000,967.536
-9999,273682,0.000,0.000
-9999,273692,0.000,150.000
-9999,273693,0.000,34.144
-9999,273709,0.000,330.055
-9999,273716,0.000,239.946
-9999,273725,0.000,37.922
-9999,273735,0.000,38.988
-9999,273765,0.000,164.068
-9999,273783,0.000,240.000
-9999,273785,0.000,1410.000
-9999,273786,0.000,2.159
-9999,273791,0.000,207.728
-9999,273803,0.000,272.206
-9999,273806,0.000,6.910
-9999,273809,0.000,125.419
-9999,273811,0.000,373.261
-9999,273833,0.000,7.883
-9999,273841,0.000,455.813
-9999,273842,0.000,312.186
-9999,273844,0.000,144.336
-9999,273849,0.000,1593.738
-9999,273852,0.000,147.250
-9999,273854,0.000,36.698
-9999,273855,0.000,42.722
-9999,274040,0.000,255.763
-9999,274044,0.000,257.667
-9999,274045,0.000,39.530
-9999,274046,0.000,1066.664
-9999,274049,0.000,62.492
-9999,274052,0.000,91.560
-9999,274055,0.000,13.967
-9999,274061,0.000,71.589
-9999,274063,0.000,1299.895
-9999,274064,0.000,382.966
-9999,274065,0.000,120.112
-9999,274067,0.000,358.240
-9999,274088,0.000,991.623
-9999,274099,0.000,946.235
-9999,274103,0.000,94.260
-9999,274105,0.000,188.599
-9999,274106,0.000,719.096
-9999,274107,0.000,439.131
-9999,274108,0.000,490.048
-9999,274110,0.000,104.691
-9999,274112,0.000,92.719
-9999,274113,0.000,430.429
-9999,274114,0.000,1109.447
-9999,274115,0.000,283.729
-9999,274116,0.000,783.025
-9999,274117,0.000,100.858
-9999,274118,0.000,644.208
-9999,274119,0.000,960.797
-9999,274120,0.000,1711.357
-9999,274121,0.000,502.701
-9999,274122,0.000,531.704
-9999,274123,0.000,354.495
-9999,274125,0.000,626.783
-9999,274126,0.000,0.000
-9999,274128,0.000,641.556
-9999,274129,0.000,165.799
-9999,274130,0.000,363.629
-9999,274131,0.000,44.779
-9999,274132,0.000,60.000
-9999,274133,0.000,497.323
-9999,274135,0.000,101.455
-9999,274137,0.000,404.304
-9999,274138,0.000,236.797
-9999,274139,0.000,4.728
-9999,274140,0.000,580.883
-9999,274141,0.000,644.170
-9999,274142,0.000,254.876
-9999,274143,0.000,545.135
-9999,274155,0.000,217.680
-9999,274162,0.000,94.263
-9999,274170,0.000,402.976
-9999,274172,0.000,2.024
-9999,274178,0.000,263.421
-9999,274179,0.000,252.814
-9999,274181,0.000,60.000
-9999,274182,0.000,125.858
-9999,274183,0.000,89.744
-9999,274194,0.000,128.294
-9999,274195,0.000,0.000
-9999,274196,0.000,35.993
-9999,274197,0.000,901.070
-9999,274198,0.000,201.585
-9999,274204,0.000,142.968
-9999,274206,0.000,25.240
-9999,274309,0.000,4848.376
-9999,274343,0.000,157.001
-9999,274350,0.000,3255.164
-9999,274497,0.000,207.922
-9999,274552,0.000,1386.916
-9999,274557,0.000,231.885
-9999,274558,0.000,892.066
-9999,274559,0.000,3525.333
-9999,274562,0.000,474.358
-9999,274563,0.000,7.330
-9999,274564,0.000,211.539
-9999,274565,0.000,697.904
-9999,274567,0.000,20.000
-9999,274570,0.000,139.267
-9999,274571,0.000,438.476
-9999,274572,0.000,805.000
-9999,274575,0.000,1041.084
-9999,274576,0.000,104.985
-9999,274578,0.000,58.607
-9999,274580,0.000,141.295
-9999,274581,0.000,346.586
-9999,274584,0.000,727.285
-9999,274588,0.000,591.152
-9999,274589,0.000,1320.000
-9999,274590,0.000,621.625
-9999,274591,0.000,230.000
-9999,274592,0.000,300.832
-9999,274593,0.000,1448.631
-9999,274595,0.000,197.984
-9999,274598,0.000,0.000
-9999,274600,0.000,182.517
-9999,274601,0.000,917.182
-9999,274602,0.000,522.249
-9999,274603,0.000,38.826
-9999,274606,0.000,1062.867
-9999,274617,0.000,402.475
-9999,274618,0.000,557.285
-9999,274625,0.000,293.777
-9999,274627,0.000,43.636
-9999,274628,0.000,0.000
-9999,274638,0.000,274.850
-9999,274639,0.000,770.221
-9999,274640,0.000,429.388
-9999,274641,0.000,289.768
-9999,274643,0.000,680.509
-9999,274644,0.000,320.000
-9999,274645,0.000,579.913
-9999,274646,0.000,129.447
-9999,274652,0.000,213.363
-9999,274653,0.000,902.071
-9999,274654,0.000,1719.702
-9999,274656,0.000,1881.823
-9999,274657,0.000,734.298
-9999,274659,0.000,55.589
-9999,274660,0.000,27.527
-9999,274663,0.000,886.007
-9999,274665,0.000,502.995
-9999,274673,0.000,400.000
-9999,274675,0.000,838.028
-9999,274680,0.000,20.138
-9999,274681,0.000,412.229
-9999,274687,0.000,1740.826
-9999,274694,0.000,0.000
-9999,274695,0.000,763.763
-9999,274802,0.000,90.000
-9999,274804,0.000,480.614
-9999,274807,0.000,449.150
-9999,274808,0.000,180.000
-9999,274811,0.000,20.000
-9999,274815,0.000,730.484
-9999,274817,0.000,226.585
-9999,274822,0.000,697.917
-9999,274825,0.000,181.274
-9999,274828,0.000,1291.396
-9999,274833,0.000,223.088
-9999,274834,0.000,266.371
-9999,274835,0.000,251.838
-9999,274837,0.000,785.872
-9999,274864,0.000,284.151
-9999,274865,0.000,881.521
-9999,274868,0.000,188.566
-9999,274871,0.000,70.000
-9999,274874,0.000,254.730
-9999,274876,0.000,342.280
-9999,274882,0.000,331.045
-9999,274888,0.000,401.378
-9999,274889,0.000,238.431
-9999,274891,0.000,591.196
-9999,274893,0.000,232.080
-9999,274895,0.000,175.437
-9999,274896,0.000,668.520
-9999,274900,0.000,1031.876
-9999,274905,0.000,1450.000
-9999,274908,0.000,354.151
-9999,274910,0.000,238.305
-9999,274911,0.000,294.433
-9999,274915,0.000,490.000
-9999,274924,0.000,888.378
-9999,274926,0.000,641.199
-9999,274929,0.000,1191.199
-9999,274932,0.000,0.000
-9999,274937,0.000,591.835
-9999,274938,0.000,204.744
-9999,274940,0.000,97.214
-9999,274942,0.000,1064.462
-9999,274944,0.000,490.000
-9999,274947,0.000,1.372
-9999,274951,0.000,2.046
-9999,274952,0.000,578.157
-9999,274962,0.000,116.470
-9999,274963,0.000,864.724
-9999,274964,0.000,217.985
-9999,274969,0.000,329.728
-9999,274974,0.000,565.201
-9999,274975,0.000,2227.864
-9999,274976,0.000,1550.000
-9999,274978,0.000,299.061
-9999,274979,0.000,968.685
-9999,274981,0.000,9741.727
-9999,274982,0.000,741.233
-9999,274983,0.000,589.887
-9999,274984,0.000,99.074
-9999,274985,0.000,188.114
-9999,274987,0.000,76.310
-9999,274990,0.000,256.588
-9999,274991,0.000,2422.959
-9999,274993,0.000,252.789
-9999,274994,0.000,171.386
-9999,274995,0.000,616.495
-9999,274997,0.000,1800.000
-9999,275000,0.000,296.739
-9999,275001,0.000,98.416
-9999,275002,0.000,176.021
-9999,275003,0.000,1022.956
-9999,275005,0.000,355.466
-9999,275008,0.000,3987.168
-9999,275015,0.000,18.115
-9999,275016,0.000,30.638
-9999,275019,0.000,36.105
-9999,275026,0.000,28.461
-9999,275027,0.000,20.017
-9999,275033,0.000,25.656
-9999,275034,0.000,40.733
-9999,275038,0.000,53.481
-9999,275040,0.000,47.268
-9999,275042,0.000,15.878
-9999,275043,0.000,198.572
-9999,275046,0.000,28.944
-9999,275048,0.000,21.763
-9999,275050,0.000,33.009
-9999,275052,0.000,2.020
-9999,275055,0.000,48.377
-9999,275059,0.000,20.654
-9999,275060,0.000,31.745
-9999,275061,0.000,313.964
-9999,275063,0.000,23.524
-9999,275065,0.000,72.122
-9999,275066,0.000,22.979
-9999,275067,0.000,318.816
-9999,275069,0.000,324.398
-9999,275075,0.000,22.688
-9999,275081,0.000,25.767
-9999,275093,0.000,40.689
-9999,275100,0.000,40.643
-9999,275102,0.000,24.615
-9999,275114,0.000,294.292
-9999,275118,0.000,112.307
-9999,275122,0.000,20.553
-9999,275128,0.000,118.936
-9999,275129,0.000,211.934
-9999,275132,0.000,84.626
-9999,275133,0.000,95.702
-9999,275135,0.000,4.411
-9999,275136,0.000,120.283
-9999,275141,0.000,29.761
-9999,275151,0.000,21.972
-9999,275156,0.000,19.862
-9999,275164,0.000,105.397
-9999,275173,0.000,76.237
-9999,275299,0.000,28.416
-9999,275301,0.000,0.432
-9999,275303,0.000,9.179
-9999,275304,0.000,60.350
-9999,275307,0.000,129.831
-9999,275311,0.000,49.196
-9999,275315,0.000,112.369
-9999,275323,0.000,161.388
-9999,275326,0.000,23.415
-9999,275330,0.000,127.042
-9999,275332,0.000,30.473
-9999,275345,0.000,32.042
-9999,275346,0.000,44.736
-9999,275347,0.000,28.604
-9999,275348,0.000,23.271
-9999,275356,0.000,86.912
-9999,275358,0.000,459.672
-9999,275369,0.000,15.819
-9999,275387,0.000,40.724
-9999,275391,0.000,25.706
-9999,275395,0.000,25.903
-9999,275400,0.000,73.308
-9999,275401,0.000,74.914
-9999,275402,0.000,20.685
-9999,275406,0.000,116.422
-9999,275407,0.000,97.323
-9999,275409,0.000,331.149
-9999,275412,0.000,38.081
-9999,275416,0.000,20.945
-9999,275421,0.000,27.720
-9999,275424,0.000,39.691
-9999,275427,0.000,93.940
-9999,275437,0.000,23.929
-9999,275444,0.000,20.005
-9999,275445,0.000,35.462
-9999,275446,0.000,134.856
-9999,275449,0.000,44.465
-9999,275455,0.000,185.045
-9999,275458,0.000,131.480
-9999,275463,0.000,32.998
-9999,275471,0.000,79.410
-9999,275474,0.000,28.225
-9999,275477,0.000,54.558
-9999,275479,0.000,51.695
-9999,275480,0.000,16.844
-9999,275484,0.000,132.643
-9999,275490,0.000,74.322
-9999,275499,0.000,26.070
-9999,275501,0.000,163.154
-9999,275514,0.000,20.927
-9999,275519,0.000,91.891
-9999,275545,0.000,35.032
-9999,275546,0.000,69.320
-9999,275549,0.000,62.021
-9999,275552,0.000,26.700
-9999,275556,0.000,30.768
-9999,275560,0.000,56.053
-9999,275563,0.000,27.777
-9999,275566,0.000,219.558
-9999,275568,0.000,43.281
-9999,275570,0.000,84.139
-9999,275571,0.000,217.176
-9999,275575,0.000,2.463
-9999,275584,0.000,10.645
-9999,275585,0.000,46.969
-9999,275588,0.000,22.250
-9999,275590,0.000,157.364
-9999,275592,0.000,22.601
-9999,275595,0.000,30.693
-9999,275596,0.000,3.505
-9999,275603,0.000,49.305
-9999,275604,0.000,48.660
-9999,275605,0.000,0.014
-9999,275606,0.000,159.561
-9999,275610,0.000,7.372
-9999,275625,0.000,1675.715
-9999,275626,0.000,220.351
-9999,275627,0.000,87.403
-9999,275628,0.000,380.481
-9999,275630,0.000,51.701
-9999,275631,0.000,180.000
-9999,275632,0.000,233.183
-9999,275633,0.000,76.547
-9999,275635,0.000,55.689
-9999,275636,0.000,239.857
-9999,275637,0.000,163.146
-9999,275639,0.000,339.904
-9999,275640,0.000,142.815
-9999,275642,0.000,166.670
-9999,275644,0.000,14.472
-9999,275646,0.000,52.587
-9999,275656,0.000,683.092
-9999,275674,0.000,313.627
-9999,275680,0.000,528.967
-9999,275682,0.000,182.937
-9999,275741,0.000,1316.247
-9999,275748,0.000,320.000
-9999,275754,0.000,2295.494
-9999,275757,0.000,287.960
-9999,275804,0.000,54.792
-9999,275806,0.000,587.855
-9999,275808,0.000,3776.346
-9999,275812,0.000,747.037
-9999,275840,0.000,7.008
-9999,275846,0.000,36.446
-9999,275850,0.000,1281.632
-9999,275881,0.000,350.000
-9999,275899,0.000,120.000
-9999,275905,0.000,530.000
-9999,275928,0.000,1303.083
-9999,275946,0.000,94.906
-9999,275966,0.000,707.469
-9999,275988,0.000,2.624
-9999,276011,0.000,510.000
-9999,276020,0.000,790.000
-9999,276060,0.000,3.266
-9999,276064,0.000,718.818
-9999,276095,0.000,204.108
-9999,276192,0.000,56.239
-9999,276195,0.000,4.338
-9999,276219,0.000,8.846
-9999,276239,0.000,529.997
-9999,276254,0.000,5.864
-9999,276264,0.000,27.826
-9999,276269,0.000,170.194
-9999,276270,0.000,232.344
-9999,276272,0.000,47.966
-9999,276273,0.000,78.610
-9999,276285,0.000,2246.909
-9999,276286,0.000,758.704
-9999,276288,0.000,36.875
-9999,276293,0.000,494.539
-9999,276296,0.000,1285.593
-9999,276297,0.000,52.860
-9999,276299,0.000,21.022
-9999,276316,0.000,819.647
-9999,276325,0.000,346.196
-9999,276332,0.000,24.323
-9999,276334,0.000,151.689
-9999,276336,0.000,817.733
-9999,276340,0.000,229.782
-9999,276348,0.000,703.215
-9999,276350,0.000,430.000
-9999,276357,0.000,39.299
-9999,276359,0.000,160.000
-9999,276363,0.000,1030.607
-9999,276364,0.000,32.000
-9999,276365,0.000,165.653
-9999,276380,0.000,975.504
-9999,276381,0.000,114.495
-9999,276384,0.000,39.155
-9999,276385,0.000,99.516
-9999,276386,0.000,32.953
-9999,276394,0.000,524.281
-9999,276395,0.000,24.053
-9999,276398,0.000,116.827
-9999,276399,0.000,349.775
-9999,276400,0.000,372.170
-9999,276401,0.000,60.000
-9999,276404,0.000,56.138
-9999,276405,0.000,241.222
-9999,276407,0.000,4.486
-9999,276409,0.000,747.278
-9999,276412,0.000,34.028
-9999,276416,0.000,453.007
-9999,276417,0.000,940.802
-9999,276418,0.000,150.909
-9999,276419,0.000,340.388
-9999,276422,0.000,111.437
-9999,276423,0.000,352.776
-9999,276424,0.000,223.376
-9999,276426,0.000,198.846
-9999,276427,0.000,517.631
-9999,276428,0.000,130.143
-9999,276429,0.000,592.918
-9999,276430,0.000,1315.883
-9999,276431,0.000,213.302
-9999,276432,0.000,1731.102
-9999,276433,0.000,535.448
-9999,276434,0.000,310.432
-9999,276435,0.000,0.757
-9999,276436,0.000,835.371
-9999,276448,0.000,552.609
-9999,276473,0.000,47.831
-9999,276475,0.000,227.063
-9999,276540,0.000,227.086
-9999,276544,0.000,0.000
-9999,276547,0.000,345.883
-9999,276548,0.000,130.000
-9999,276553,0.000,717.175
-9999,276556,0.000,66.993
-9999,276578,0.000,304.594
-9999,276605,0.000,255.208
-9999,276607,0.000,525.175
-9999,276609,0.000,590.344
-9999,276613,0.000,606.248
-9999,276620,0.000,390.000
-9999,276641,0.000,1477.330
-9999,276647,0.000,1808.911
-9999,276651,0.000,138.368
-9999,276652,0.000,1079.116
-9999,276671,0.000,57.039
-9999,276683,0.000,121.950
-9999,276689,0.000,758.741
-9999,276701,0.000,327.389
-9999,276706,0.000,169.063
-9999,276707,0.000,60.000
-9999,276730,0.000,763.152
-9999,276735,0.000,530.000
-9999,276749,0.000,271.230
-9999,276757,0.000,345.028
-9999,276769,0.000,266.949
-9999,276787,0.000,518.944
-9999,276791,0.000,60.000
-9999,276810,0.000,47.820
-9999,276814,0.000,194.264
-9999,276864,0.000,386.734
-9999,276868,0.000,1.182
-9999,276879,0.000,597.123
-9999,276899,0.000,527.078
-9999,276901,0.000,323.261
-9999,276908,0.000,251.037
-9999,276910,0.000,150.000
-9999,276913,0.000,157.494
-9999,276916,0.000,548.733
-9999,276923,0.000,275.516
-9999,276990,0.000,215.795
-9999,276993,0.000,440.815
-9999,277003,0.000,140.000
-9999,277015,0.000,319.155
-9999,277017,0.000,83.650
-9999,277018,0.000,36.962
-9999,277022,0.000,753.263
-9999,277026,0.000,602.839
-9999,277027,0.000,1133.024
-9999,277040,0.000,270.000
-9999,277042,0.000,157.618
-9999,277047,0.000,30.000
-9999,277052,0.000,121.155
-9999,277054,0.000,247.651
-9999,277060,0.000,1102.123
-9999,277069,0.000,168.868
-9999,277094,0.000,355.020
-9999,277096,0.000,269.165
-9999,277103,0.000,67.794
-9999,277105,0.000,381.082
-9999,277106,0.000,664.581
-9999,277115,0.000,23.302
-9999,277120,0.000,660.172
-9999,277121,0.000,40.633
-9999,277122,0.000,428.413
-9999,277123,0.000,1481.675
-9999,277125,0.000,139.852
-9999,277126,0.000,1627.138
-9999,277128,0.000,582.289
-9999,277129,0.000,309.366
-9999,277151,0.000,42.907
-9999,277152,0.000,379.530
-9999,277154,0.000,243.125
-9999,277156,0.000,141.939
-9999,277157,0.000,0.000
-9999,277159,0.000,331.692
-9999,277162,0.000,327.925
-9999,277163,0.000,217.140
-9999,277164,0.000,334.737
-9999,277165,0.000,220.851
-9999,277166,0.000,102.623
-9999,277182,0.000,381.223
-9999,277183,0.000,584.278
-9999,277184,0.000,1182.259
-9999,277187,0.000,128.755
-9999,277189,0.000,358.102
-9999,277194,0.000,473.804
-9999,277195,0.000,87.781
-9999,277200,0.000,217.684
-9999,277201,0.000,245.675
-9999,277203,0.000,611.722
-9999,277204,0.000,465.264
-9999,277205,0.000,625.336
-9999,277209,0.000,519.973
-9999,277213,0.000,160.919
-9999,277215,0.000,420.574
-9999,277217,0.000,1104.443
-9999,277219,0.000,720.612
-9999,277222,0.000,1301.869
-9999,277224,0.000,1465.389
-9999,277225,0.000,37.626
-9999,277226,0.000,232.620
-9999,277228,0.000,62.957
-9999,277232,0.000,715.641
-9999,277233,0.000,618.309
-9999,277234,0.000,1899.013
-9999,277242,0.000,215.796
-9999,277249,0.000,523.179
-9999,277250,0.000,940.053
-9999,277253,0.000,628.820
-9999,277254,0.000,922.573
-9999,277255,0.000,254.048
-9999,277257,0.000,572.398
-9999,277261,0.000,45.017
-9999,277263,0.000,199.366
-9999,277264,0.000,267.248
-9999,277265,0.000,125.947
-9999,277268,0.000,118.138
-9999,277269,0.000,484.805
-9999,277270,0.000,109.900
-9999,277271,0.000,109.314
-9999,277272,0.000,226.864
-9999,277273,0.000,796.907
-9999,277274,0.000,85.052
-9999,277276,0.000,720.910
-9999,277277,0.000,756.400
-9999,277279,0.000,506.729
-9999,277281,0.000,398.230
-9999,277282,0.000,514.766
-9999,277283,0.000,416.308
-9999,277284,0.000,7.976
-9999,277286,0.000,110.114
-9999,278434,0.000,168.636
-9999,278435,0.000,1.083
-9999,278438,0.000,1472.368
-9999,278443,0.000,7970.048
-9999,278447,0.000,74.060
-9999,278448,0.000,584.202
-9999,278451,0.000,45.028
-9999,278453,0.000,873.195
-9999,278455,0.000,30.000
-9999,278460,0.000,128.594
-9999,278463,0.000,149.383
-9999,278464,0.000,201.764
-9999,278466,0.000,391.457
-9999,278467,0.000,550.000
-9999,278493,0.000,853.681
-9999,278509,0.000,2496.235
-9999,278512,0.000,850.371
-9999,278513,0.000,1682.956
-9999,278514,0.000,491.844
-9999,278516,0.000,30.986
-9999,278523,0.000,1565.190
-9999,278528,0.000,466.780
-9999,278530,0.000,123.668
-9999,278531,0.000,3132.115
-9999,278535,0.000,151.094
-9999,278536,0.000,95.774
-9999,278548,0.000,150.000
-9999,278552,0.000,1289.072
-9999,278554,0.000,822.781
-9999,278560,0.000,158.413
-9999,278561,0.000,911.507
-9999,278562,0.000,428.906
-9999,278565,0.000,363.730
-9999,278569,0.000,336.867
-9999,278588,0.000,3186.547
-9999,278590,0.000,372.747
-9999,278591,0.000,118.300
-9999,278599,0.000,19.140
-9999,278603,0.000,29.511
-9999,278609,0.000,1098.295
-9999,278618,0.000,418.958
-9999,278622,0.000,596.801
-9999,278623,0.000,817.887
-9999,278632,0.000,641.638
-9999,278645,0.000,1026.692
-9999,278651,0.000,431.099
-9999,278652,0.000,460.383
-9999,278654,0.000,79.404
-9999,278660,0.000,85.632
-9999,278665,0.000,283.267
-9999,278671,0.000,198.055
-9999,278675,0.000,40.658
-9999,278676,0.000,1034.488
-9999,278680,0.000,429.513
-9999,278689,0.000,2321.209
-9999,278693,0.000,5765.632
-9999,278698,0.000,157.262
-9999,278703,0.000,56.589
-9999,278709,0.000,348.798
-9999,278710,0.000,720.000
-9999,278712,0.000,125.350
-9999,278714,0.000,107.212
-9999,278716,0.000,162.465
-9999,278717,0.000,136.871
-9999,278723,0.000,270.011
-9999,278732,0.000,448.186
-9999,278744,0.000,806.948
-9999,278745,0.000,676.183
-9999,278748,0.000,571.222
-9999,278750,0.000,87.367
-9999,278755,0.000,67.738
-9999,278770,0.000,407.446
-9999,278777,0.000,2115.850
-9999,278782,0.000,2940.803
-9999,278793,0.000,800.000
-9999,278809,0.000,452.518
-9999,278819,0.000,666.944
-9999,278829,0.000,696.932
-9999,278832,0.000,2959.964
-9999,278834,0.000,4296.180
-9999,278836,0.000,236.551
-9999,278841,0.000,2443.422
-9999,278843,0.000,89.893
-9999,278847,0.000,460.472
-9999,278859,0.000,972.828
-9999,278860,0.000,802.268
-9999,278867,0.000,576.006
-9999,278895,0.000,19.069
-9999,278900,0.000,59.263
-9999,278911,0.000,766.780
-9999,278912,0.000,293.363
-9999,278923,0.000,267.563
-9999,278926,0.000,586.074
-9999,278928,0.000,2984.670
-9999,278931,0.000,552.368
-9999,278932,0.000,1229.185
-9999,278937,0.000,1328.782
-9999,278938,0.000,200.259
-9999,278940,0.000,91.491
-9999,278941,0.000,126.114
-9999,278969,0.000,320.000
-9999,278985,0.000,912.852
-9999,278994,0.000,1249.805
-9999,278997,0.000,66.626
-9999,279000,0.000,347.100
-9999,279018,0.000,2700.544
-9999,279025,0.000,728.552
-9999,279027,0.000,690.000
-9999,279032,0.000,2489.201
-9999,279034,0.000,2820.311
-9999,279035,0.000,655.458
-9999,279040,0.000,337.170
-9999,279043,0.000,355.215
-9999,279045,0.000,1507.514
-9999,279049,0.000,787.800
-9999,279050,0.000,1495.362
-9999,279060,0.000,564.341
-9999,279091,0.000,523.571
-9999,279101,0.000,817.067
-9999,279106,0.000,773.111
-9999,279108,0.000,794.139
-9999,279111,0.000,2198.627
-9999,279114,0.000,497.917
-9999,279117,0.000,330.000
-9999,279123,0.000,376.893
-9999,279124,0.000,1811.718
-9999,279128,0.000,142.400
-9999,279130,0.000,855.449
-9999,279155,0.000,191.072
-9999,279156,0.000,460.924
-9999,279157,0.000,1983.094
-9999,279158,0.000,648.289
-9999,279159,0.000,1183.957
-9999,279161,0.000,717.976
-9999,279165,0.000,2770.143
-9999,279175,0.000,469.101
-9999,279177,0.000,65.104
-9999,279179,0.000,830.122
-9999,279184,0.000,463.156
-9999,279191,0.000,2800.955
-9999,279207,0.000,0.293
-9999,279230,0.000,312.445
-9999,279236,0.000,270.000
-9999,279241,0.000,330.542
-9999,279247,0.000,296.786
-9999,279257,0.000,360.660
-9999,279261,0.000,281.074
-9999,279266,0.000,552.922
-9999,279267,0.000,2588.400
-9999,279274,0.000,430.030
-9999,279283,0.000,2620.000
-9999,279294,0.000,5445.986
-9999,279302,0.000,1676.269
-9999,279317,0.000,212.218
-9999,279319,0.000,673.708
-9999,279330,0.000,1104.689
-9999,279334,0.000,1440.506
-9999,279344,0.000,859.860
-9999,279349,0.000,120.000
-9999,279350,0.000,1.811
-9999,279352,0.000,361.493
-9999,279360,0.000,67.471
-9999,279364,0.000,592.657
-9999,279365,0.000,418.175
-9999,279366,0.000,330.549
-9999,279375,0.000,368.539
-9999,279380,0.000,4536.876
-9999,279385,0.000,355.470
-9999,279391,0.000,308.004
-9999,279395,0.000,310.191
-9999,279407,0.000,186.704
-9999,279409,0.000,593.724
-9999,279412,0.000,975.935
-9999,279424,0.000,333.156
-9999,279453,0.000,659.608
-9999,279456,0.000,1004.281
-9999,279462,0.000,0.000
-9999,279463,0.000,539.790
-9999,279487,0.000,584.424
-9999,279496,0.000,1156.496
-9999,279497,0.000,145.335
-9999,279502,0.000,364.125
-9999,279503,0.000,562.462
-9999,279516,0.000,198.202
-9999,279534,0.000,19.951
-9999,279535,0.000,1960.773
-9999,279536,0.000,957.272
-9999,279538,0.000,201.502
-9999,279541,0.000,138.787
-9999,279542,0.000,1024.216
-9999,279545,0.000,167.727
-9999,279548,0.000,415.719
-9999,279551,0.000,1051.311
-9999,279557,0.000,733.626
-9999,279562,0.000,903.003
-9999,279565,0.000,1338.965
-9999,279568,0.000,845.226
-9999,279573,0.000,151.211
-9999,279584,0.000,1478.531
-9999,279588,0.000,686.170
-9999,279590,0.000,1395.398
-9999,279594,0.000,383.117
-9999,279609,0.000,1231.925
-9999,279616,0.000,334.454
-9999,279617,0.000,920.000
-9999,279620,0.000,500.841
-9999,279629,0.000,627.463
-9999,279633,0.000,17.779
-9999,279650,0.000,298.182
-9999,279652,0.000,531.363
-9999,279656,0.000,279.095
-9999,279675,0.000,83.642
-9999,279676,0.000,48.801
-9999,279684,0.000,808.329
-9999,279689,0.000,2191.747
-9999,279701,0.000,479.451
-9999,279702,0.000,308.561
-9999,279706,0.000,1638.824
-9999,279708,0.000,460.000
-9999,279712,0.000,208.425
-9999,279714,0.000,5259.317
-9999,279716,0.000,354.035
-9999,279721,0.000,366.979
-9999,279731,0.000,234.063
-9999,279734,0.000,175.124
-9999,279735,0.000,1615.771
-9999,279749,0.000,781.331
-9999,279785,0.000,662.268
-9999,279791,0.000,107.080
-9999,279808,0.000,229.100
-9999,279814,0.000,573.320
-9999,279818,0.000,721.270
-9999,279826,0.000,2183.472
-9999,279831,0.000,3.714
-9999,279832,0.000,637.893
-9999,279834,0.000,358.165
-9999,279840,0.000,468.359
-9999,279852,0.000,2102.630
-9999,279853,0.000,360.000
-9999,279858,0.000,351.658
-9999,279861,0.000,1614.376
-9999,279865,0.000,355.679
-9999,279871,0.000,169.517
-9999,279884,0.000,1167.823
-9999,279898,0.000,195.380
-9999,279899,0.000,1069.408
-9999,279900,0.000,3210.000
-9999,279902,0.000,142.451
-9999,279911,0.000,104.986
-9999,279916,0.000,504.253
-9999,279936,0.000,180.000
-9999,279942,0.000,343.961
-9999,279953,0.000,831.079
-9999,279965,0.000,714.636
-9999,279968,0.000,1340.000
-9999,279973,0.000,402.334
-9999,279983,0.000,95.192
-9999,279985,0.000,171.897
-9999,279993,0.000,1884.940
-9999,279994,0.000,155.260
-9999,280005,0.000,1161.541
-9999,280006,0.000,576.051
-9999,280015,0.000,291.348
-9999,280028,0.000,203.818
-9999,280029,0.000,125.805
-9999,280038,0.000,451.214
-9999,280040,0.000,262.759
-9999,280042,0.000,557.838
-9999,280048,0.000,73.054
-9999,280070,0.000,866.629
-9999,280079,0.000,251.423
-9999,280085,0.000,402.441
-9999,280094,0.000,1416.208
-9999,280095,0.000,1770.000
-9999,280110,0.000,1250.664
-9999,280115,0.000,874.398
-9999,280121,0.000,22.930
-9999,280124,0.000,2492.747
-9999,280125,0.000,782.761
-9999,280135,0.000,133.603
-9999,280140,0.000,372.931
-9999,280146,0.000,300.057
-9999,280151,0.000,321.273
-9999,280160,0.000,772.223
-9999,280166,0.000,94.189
-9999,280174,0.000,1572.169
-9999,280176,0.000,132.370
-9999,280193,0.000,1787.650
-9999,280195,0.000,894.489
-9999,280200,0.000,276.277
-9999,280204,0.000,48.659
-9999,280206,0.000,496.350
-9999,280207,0.000,467.939
-9999,280208,0.000,47.940
-9999,280211,0.000,416.988
-9999,280224,0.000,341.913
-9999,280225,0.000,655.979
-9999,280227,0.000,422.012
-9999,280228,0.000,2000.000
-9999,280238,0.000,99.052
-9999,280242,0.000,532.562
-9999,280263,0.000,314.576
-9999,280289,0.000,0.000
-9999,280297,0.000,949.394
-9999,280306,0.000,155.647
-9999,280314,0.000,912.205
-9999,280338,0.000,450.633
-9999,280340,0.000,345.027
-9999,280349,0.000,129.577
-9999,280389,0.000,262.987
-9999,280391,0.000,11.821
-9999,280410,0.000,397.456
-9999,280411,0.000,99.485
-9999,280418,0.000,1378.083
-9999,280426,0.000,349.497
-9999,280446,0.000,22.779
-9999,280452,0.000,0.000
-9999,280455,0.000,152.018
-9999,280456,0.000,980.000
-9999,280475,0.000,1301.911
-9999,280476,0.000,1097.486
-9999,280480,0.000,1299.298
-9999,280485,0.000,855.924
-9999,280490,0.000,628.524
-9999,280498,0.000,917.580
-9999,280499,0.000,2024.692
-9999,280504,0.000,3424.441
-9999,280507,0.000,93.371
-9999,280512,0.000,15.656
-9999,280513,0.000,359.623
-9999,280514,0.000,602.905
-9999,280519,0.000,835.510
-9999,280522,0.000,702.569
-9999,280537,0.000,741.815
-9999,280541,0.000,483.333
-9999,280542,0.000,317.221
-9999,280547,0.000,510.782
-9999,280550,0.000,517.282
-9999,280569,0.000,173.718
-9999,280570,0.000,4755.237
-9999,280571,0.000,359.042
-9999,280577,0.000,4556.810
-9999,280584,0.000,4032.881
-9999,280586,0.000,1844.732
-9999,280594,0.000,388.044
-9999,280598,0.000,556.519
-9999,280615,0.000,696.385
-9999,280617,0.000,32.340
-9999,280619,0.000,110.000
-9999,280621,0.000,475.887
-9999,280623,0.000,781.299
-9999,280626,0.000,559.304
-9999,280631,0.000,18.889
-9999,280634,0.000,252.710
-9999,280653,0.000,907.987
-9999,280654,0.000,178.698
-9999,280659,0.000,374.882
-9999,280669,0.000,765.228
-9999,280679,0.000,209.377
-9999,280703,0.000,301.849
-9999,280705,0.000,160.882
-9999,280706,0.000,357.855
-9999,280718,0.000,625.879
-9999,280723,0.000,384.062
-9999,280728,0.000,276.642
-9999,280738,0.000,686.247
-9999,280750,0.000,229.786
-9999,280752,0.000,358.630
-9999,280753,0.000,779.729
-9999,280758,0.000,590.945
-9999,280764,0.000,565.400
-9999,280765,0.000,706.977
-9999,280775,0.000,813.142
-9999,280778,0.000,258.107
-9999,280786,0.000,61.549
-9999,280799,0.000,371.614
-9999,280800,0.000,162.397
-9999,280808,0.000,286.425
-9999,280824,0.000,184.409
-9999,280825,0.000,1065.362
-9999,280831,0.000,3983.889
-9999,280837,0.000,118.578
-9999,280838,0.000,116.434
-9999,280841,0.000,307.394
-9999,280846,0.000,427.033
-9999,280853,0.000,544.502
-9999,280866,0.000,1362.219
-9999,280878,0.000,468.970
-9999,280882,0.000,1230.000
-9999,280900,0.000,993.763
-9999,280907,0.000,494.623
-9999,280913,0.000,365.407
-9999,280915,0.000,943.888
-9999,280918,0.000,253.599
-9999,280924,0.000,2199.683
-9999,280926,0.000,598.365
-9999,280928,0.000,30.653
-9999,280930,0.000,147.699
-9999,280932,0.000,1317.798
-9999,280935,0.000,782.078
-9999,280959,0.000,1206.897
-9999,280967,0.000,479.377
-9999,280973,0.000,241.395
-9999,280974,0.000,1630.839
-9999,280981,0.000,693.380
-9999,280983,0.000,363.108
-9999,280987,0.000,537.403
-9999,280989,0.000,606.895
-9999,281127,0.000,558.532
-9999,281183,0.000,2650.993
-9999,281242,0.000,166.424
-9999,281528,0.000,346.976
-9999,281585,0.000,321.899
-9999,281592,0.000,36.401
-9999,281602,0.000,800.000
-9999,281626,0.000,594.650
-9999,281627,0.000,648.870
-9999,281642,0.000,558.409
-9999,281646,0.000,316.097
-9999,281648,0.000,753.614
-9999,281652,0.000,955.473
-9999,281661,0.000,482.988
-9999,281662,0.000,1844.568
-9999,281666,0.000,506.070
-9999,281674,0.000,328.387
-9999,281683,0.000,941.274
-9999,281698,0.000,182.677
-9999,281700,0.000,270.721
-9999,281705,0.000,390.000
-9999,281719,0.000,2798.396
-9999,281724,0.000,706.303
-9999,281731,0.000,207.803
-9999,281747,0.000,289.989
-9999,281748,0.000,511.007
-9999,281765,0.000,160.000
-9999,281777,0.000,90.961
-9999,281786,0.000,347.827
-9999,281799,0.000,176.746
-9999,281800,0.000,540.000
-9999,281819,0.000,165.994
-9999,281827,0.000,469.802
-9999,281833,0.000,110.000
-9999,281837,0.000,256.182
-9999,281839,0.000,411.712
-9999,281840,0.000,406.999
-9999,281848,0.000,267.671
-9999,281960,0.000,722.792
-9999,281962,0.000,204.665
-9999,281964,0.000,86.093
-9999,281965,0.000,6.177
-9999,281968,0.000,121.074
-9999,281972,0.000,0.000
-9999,281973,0.000,1661.659
-9999,281975,0.000,1800.285
-9999,281980,0.000,70.325
-9999,281981,0.000,127.598
-9999,281985,0.000,63.061
-9999,281986,0.000,491.841
-9999,281989,0.000,867.770
-9999,281997,0.000,2471.169
-9999,282004,0.000,0.000
-9999,282008,0.000,0.000
-9999,282009,0.000,458.214
-9999,282010,0.000,26.218
-9999,282013,0.000,0.063
-9999,282021,0.000,543.824
-9999,282025,0.000,226.183
-9999,282027,0.000,650.396
-9999,282031,0.000,237.165
-9999,282033,0.000,0.000
-9999,282034,0.000,813.017
-9999,282037,0.000,183.217
-9999,282041,0.000,0.000
-9999,282043,0.000,305.666
-9999,282045,0.000,790.370
-9999,282047,0.000,17.795
-9999,282064,0.000,7.250
-9999,282072,0.000,0.878
-9999,282074,0.000,0.000
-9999,282078,0.000,288.123
-9999,282081,0.000,468.615
-9999,282083,0.000,1.378
-9999,282084,0.000,4415.200
-9999,282087,0.000,0.000
-9999,282092,0.000,1222.361
-9999,282099,0.000,143.998
-9999,282104,0.000,0.000
-9999,282105,0.000,0.000
-9999,282173,0.000,727.636
-9999,282177,0.000,407.327
-9999,282208,0.000,834.223
-9999,282255,0.000,81.692
-9999,282256,0.000,735.706
-9999,282257,0.000,174.607
-9999,282260,0.000,528.611
-9999,282265,0.000,235.879
-9999,282268,0.000,210.502
-9999,282272,0.000,92.444
-9999,282274,0.000,19.825
-9999,282275,0.000,27.355
-9999,282276,0.000,397.083
-9999,282278,0.000,63.939
-9999,282282,0.000,0.054
-9999,282283,0.000,1272.017
-9999,282290,0.000,13.039
-9999,282291,0.000,31.661
-9999,282292,0.000,77.731
-9999,282297,0.000,0.000
-9999,282301,0.000,164.690
-9999,282303,0.000,202.062
-9999,282304,0.000,397.350
-9999,282306,0.000,1098.089
-9999,282308,0.000,1252.572
-9999,282312,0.000,90.324
-9999,282320,0.000,412.147
-9999,282323,0.000,436.788
-9999,282331,0.000,37.483
-9999,282332,0.000,30.004
-9999,282333,0.000,291.705
-9999,282335,0.000,114.003
-9999,282337,0.000,1014.362
-9999,282338,0.000,50.205
-9999,282341,0.000,17.465
-9999,282342,0.000,109.830
-9999,282343,0.000,745.938
-9999,282346,0.000,64.002
-9999,282351,0.000,1020.016
-9999,282352,0.000,35.198
-9999,282355,0.000,65.834
-9999,282357,0.000,78.639
-9999,282359,0.000,29.502
-9999,282366,0.000,376.712
-9999,282368,0.000,27.048
-9999,282372,0.000,247.385
-9999,282374,0.000,2846.250
-9999,282376,0.000,129.423
-9999,282379,0.000,32.976
-9999,282380,0.000,49.369
-9999,282382,0.000,322.903
-9999,282383,0.000,153.547
-9999,282391,0.000,122.057
-9999,282394,0.000,0.056
-9999,282396,0.000,543.336
-9999,282399,0.000,1824.114
-9999,282402,0.000,483.635
-9999,282404,0.000,387.048
-9999,282406,0.000,271.980
-9999,282408,0.000,324.416
-9999,282410,0.000,178.944
-9999,282411,0.000,1272.051
-9999,282415,0.000,423.943
-9999,282417,0.000,35.060
-9999,282419,0.000,14.165
-9999,282425,0.000,130.844
-9999,282428,0.000,133.001
-9999,282431,0.000,475.102
-9999,282435,0.000,426.726
-9999,282437,0.000,102.088
-9999,282439,0.000,1.712
-9999,282440,0.000,95.464
-9999,282442,0.000,480.000
-9999,282448,0.000,431.268
-9999,282450,0.000,831.626
-9999,282458,0.000,872.445
-9999,282461,0.000,534.425
-9999,282463,0.000,23.079
-9999,282464,0.000,0.000
-9999,282467,0.000,0.496
-9999,282475,0.000,0.123
-9999,282476,0.000,330.001
-9999,282477,0.000,5.784
-9999,282483,0.000,1028.197
-9999,282485,0.000,167.558
-9999,282486,0.000,114.800
-9999,282494,0.000,25.346
-9999,282496,0.000,105.411
-9999,282497,0.000,239.312
-9999,282498,0.000,112.019
-9999,282500,0.000,119.210
-9999,282501,0.000,393.424
-9999,282504,0.000,224.606
-9999,282506,0.000,0.000
-9999,282514,0.000,747.170
-9999,282515,0.000,37.717
-9999,282519,0.000,437.334
-9999,282522,0.000,435.266
-9999,282535,0.000,56.153
-9999,282536,0.000,0.140
-9999,282539,0.000,42.259
-9999,282646,0.000,82.310
-9999,282647,0.000,273.181
-9999,282657,0.000,541.728
-9999,282667,0.000,240.000
-9999,282669,0.000,717.758
-9999,282686,0.000,32.327
-9999,282695,0.000,324.444
-9999,282696,0.000,416.582
-9999,282705,0.000,348.022
-9999,282709,0.000,957.480
-9999,282715,0.000,611.937
-9999,282726,0.000,161.553
-9999,282735,0.000,155.085
-9999,282736,0.000,191.880
-9999,282738,0.000,0.000
-9999,282776,0.000,976.713
-9999,282778,0.000,1467.267
-9999,282779,0.000,2.516
-9999,282782,0.000,192.175
-9999,282783,0.000,147.665
-9999,282784,0.000,458.426
-9999,282786,0.000,447.300
-9999,282788,0.000,7.272
-9999,282789,0.000,182.572
-9999,282790,0.000,27.166
-9999,282791,0.000,567.625
-9999,282792,0.000,128.641
-9999,282793,0.000,578.202
-9999,282794,0.000,373.582
-9999,282795,0.000,210.444
-9999,282801,0.000,545.225
-9999,282804,0.000,601.905
-9999,282805,0.000,893.649
-9999,282806,0.000,90.000
-9999,282807,0.000,370.221
-9999,282813,0.000,136.578
-9999,282815,0.000,276.626
-9999,282821,0.000,445.233
-9999,282822,0.000,27.779
-9999,282823,0.000,60.023
-9999,282824,0.000,23.406
-9999,282826,0.000,399.081
-9999,282827,0.000,53.554
-9999,282829,0.000,75.233
-9999,282831,0.000,24.392
-9999,282832,0.000,234.178
-9999,282833,0.000,909.586
-9999,282834,0.000,31.794
-9999,282835,0.000,139.942
-9999,282836,0.000,790.185
-9999,282837,0.000,40.174
-9999,282838,0.000,1799.686
-9999,282839,0.000,5.900
-9999,282840,0.000,503.868
-9999,282841,0.000,411.106
-9999,282842,0.000,74.991
-9999,282843,0.000,1246.683
-9999,282844,0.000,212.020
-9999,282847,0.000,325.039
-9999,282848,0.000,364.665
-9999,282849,0.000,306.902
-9999,282852,0.000,16.503
-9999,282853,0.000,4005.330
-9999,282854,0.000,1020.112
-9999,282855,0.000,413.683
-9999,282856,0.000,1528.887
-9999,282857,0.000,66.430
-9999,282858,0.000,782.560
-9999,282860,0.000,23.814
-9999,282861,0.000,1248.663
-9999,282862,0.000,992.528
-9999,282863,0.000,1562.416
-9999,282865,0.000,1283.237
-9999,282866,0.000,3524.463
-9999,282867,0.000,51.169
-9999,282868,0.000,643.949
-9999,282869,0.000,777.378
-9999,282870,0.000,132.494
-9999,282871,0.000,1545.305
-9999,282872,0.000,1357.430
-9999,282873,0.000,596.971
-9999,282874,0.000,558.667
-9999,282875,0.000,2452.827
-9999,282876,0.000,113.897
-9999,282877,0.000,1488.717
-9999,282878,0.000,220.484
-9999,282879,0.000,480.000
-9999,282880,0.000,53.501
-9999,282881,0.000,1236.215
-9999,282882,0.000,527.092
-9999,282885,0.000,268.930
-9999,282886,0.000,3064.593
-9999,282887,0.000,612.077
-9999,282888,0.000,521.346
-9999,282889,0.000,300.811
-9999,282890,0.000,600.004
-9999,282891,0.000,343.142
-9999,282893,0.000,0.000
-9999,282894,0.000,1660.995
-9999,282895,0.000,2509.116
-9999,282896,0.000,865.227
-9999,282897,0.000,637.998
-9999,282898,0.000,386.600
-9999,282899,0.000,697.978
-9999,282900,0.000,788.900
-9999,282902,0.000,3440.105
-9999,282903,0.000,1452.921
-9999,282904,0.000,709.769
-9999,282907,0.000,59.165
-9999,282908,0.000,202.202
-9999,282909,0.000,466.945
-9999,282911,0.000,760.058
-9999,282913,0.000,813.993
-9999,282914,0.000,11.784
-9999,282921,0.000,404.925
-9999,282925,0.000,708.507
-9999,282926,0.000,2115.739
-9999,282929,0.000,722.036
-9999,282930,0.000,65.923
-9999,282933,0.000,63.389
-9999,282934,0.000,53.790
-9999,282939,0.000,474.252
-9999,282942,0.000,214.627
-9999,282944,0.000,738.766
-9999,282945,0.000,881.144
-9999,282947,0.000,84.455
-9999,282948,0.000,236.439
-9999,282950,0.000,477.160
-9999,282954,0.000,733.422
-9999,282957,0.000,145.483
-9999,282958,0.000,773.374
-9999,282963,0.000,267.999
-9999,282964,0.000,496.979
-9999,282969,0.000,836.684
-9999,282970,0.000,326.480
-9999,282971,0.000,144.206
-9999,282972,0.000,329.411
-9999,282975,0.000,611.559
-9999,282976,0.000,168.883
-9999,282977,0.000,392.054
-9999,282979,0.000,514.457
-9999,282983,0.000,199.425
-9999,282985,0.000,373.338
-9999,282993,0.000,550.345
-9999,282994,0.000,172.420
-9999,282995,0.000,108.474
-9999,283005,0.000,154.863
-9999,283009,0.000,536.144
-9999,283010,0.000,242.222
-9999,283011,0.000,35.739
-9999,283012,0.000,205.538
-9999,283013,0.000,90.000
-9999,283014,0.000,19.079
-9999,283016,0.000,1351.040
-9999,283018,0.000,767.071
-9999,283019,0.000,32.925
-9999,283021,0.000,578.248
-9999,283022,0.000,127.116
-9999,283023,0.000,154.793
-9999,283030,0.000,934.781
-9999,283052,0.000,12.438
-9999,283065,0.000,227.235
-9999,283072,0.000,265.362
-9999,283075,0.000,245.660
-9999,283417,0.000,253.727
-9999,283420,0.000,272.517
-9999,283421,0.000,2525.281
-9999,283422,0.000,993.891
-9999,283434,0.000,1889.427
-9999,283441,0.000,383.735
-9999,283450,0.000,235.669
-9999,283455,0.000,3869.788
-9999,283457,0.000,247.669
-9999,283489,0.000,150.796
-9999,283502,0.000,146.786
-9999,283507,0.000,276.020
-9999,283508,0.000,324.941
-9999,283530,0.000,1983.290
-9999,283533,0.000,240.968
-9999,283570,0.000,233.480
-9999,283585,0.000,918.261
-9999,283600,0.000,598.514
-9999,283612,0.000,315.984
-9999,283613,0.000,120.861
-9999,283625,0.000,393.218
-9999,283631,0.000,502.482
-9999,283632,0.000,32.684
-9999,283635,0.000,0.000
-9999,283639,0.000,467.146
-9999,283640,0.000,663.378
-9999,283673,0.000,343.405
-9999,283680,0.000,445.513
-9999,283688,0.000,416.530
-9999,283692,0.000,1636.552
-9999,283698,0.000,2884.300
-9999,283728,0.000,88.343
-9999,283735,0.000,118.269
-9999,283736,0.000,264.019
-9999,283746,0.000,1247.210
-9999,283761,0.000,128.248
-9999,283790,0.000,573.481
-9999,283791,0.000,1886.808
-9999,283802,0.000,444.715
-9999,283815,0.000,315.336
-9999,283819,0.000,1585.553
-9999,283821,0.000,231.138
-9999,283825,0.000,230.136
-9999,283844,0.000,450.368
-9999,283847,0.000,411.378
-9999,283857,0.000,3763.204
-9999,283858,0.000,1609.923
-9999,283879,0.000,1024.736
-9999,283884,0.000,271.402
-9999,283887,0.000,280.220
-9999,283889,0.000,300.912
-9999,283895,0.000,5683.827
-9999,283901,0.000,853.127
-9999,283903,0.000,251.720
-9999,283911,0.000,550.394
-9999,283929,0.000,185.901
-9999,283933,0.000,0.000
-9999,283947,0.000,487.923
-9999,283955,0.000,462.927
-9999,283961,0.000,1640.503
-9999,283965,0.000,2195.297
-9999,283970,0.000,845.233
-9999,283972,0.000,287.406
-9999,283974,0.000,620.898
-9999,283978,0.000,33.391
-9999,283987,0.000,132.762
-9999,283990,0.000,115.749
-9999,283993,0.000,604.777
-9999,284002,0.000,741.624
-9999,284007,0.000,218.745
-9999,284010,0.000,637.386
-9999,284027,0.000,122.019
-9999,284028,0.000,308.020
-9999,284029,0.000,1221.090
-9999,284039,0.000,116.984
-9999,284053,0.000,61.776
-9999,284054,0.000,9.709
-9999,284058,0.000,906.720
-9999,284061,0.000,970.908
-9999,284063,0.000,899.860
-9999,284064,0.000,1799.642
-9999,284091,0.000,781.957
-9999,284101,0.000,335.661
-9999,284106,0.000,367.414
-9999,284124,0.000,491.738
-9999,284127,0.000,203.232
-9999,284138,0.000,250.735
-9999,284139,0.000,204.031
-9999,284141,0.000,31.405
-9999,284142,0.000,73.452
-9999,284152,0.000,444.384
-9999,284154,0.000,336.538
-9999,284164,0.000,332.609
-9999,284180,0.000,248.205
-9999,284182,0.000,174.856
-9999,284189,0.000,543.553
-9999,284220,0.000,1007.730
-9999,284318,0.000,794.226
-9999,284324,0.000,62.573
-9999,284327,0.000,12850.060
-9999,284328,0.000,0.000
-9999,284333,0.000,2425.204
-9999,284335,0.000,321.960
-9999,284336,0.000,80.573
-9999,284338,0.000,3398.529
-9999,284346,0.000,685.529
-9999,284354,0.000,127.670
-9999,284355,0.000,168.185
-9999,284356,0.000,411.970
-9999,284357,0.000,791.742
-9999,284362,0.000,678.482
-9999,284364,0.000,473.618
-9999,284369,0.000,430.124
-9999,284370,0.000,2413.369
-9999,284372,0.000,149.476
-9999,284375,0.000,698.846
-9999,284387,0.000,124.430
-9999,284397,0.000,639.287
-9999,284405,0.000,73.307
-9999,284413,0.000,3014.789
-9999,284416,0.000,1299.961
-9999,284417,0.000,30.348
-9999,284418,0.000,1360.000
-9999,284421,0.000,24.878
-9999,284424,0.000,542.430
-9999,284426,0.000,0.312
-9999,284431,0.000,787.189
-9999,284436,0.000,1.122
-9999,284437,0.000,255.427
-9999,284438,0.000,1352.631
-9999,284439,0.000,3591.501
-9999,284442,0.000,127.796
-9999,284449,0.000,0.000
-9999,284452,0.000,0.000
-9999,284453,0.000,66.280
-9999,284458,0.000,229.460
-9999,284463,0.000,175.378
-9999,284464,0.000,19.857
-9999,284494,0.000,348.441
-9999,284497,0.000,495.826
-9999,284501,0.000,439.231
-9999,284503,0.000,971.204
-9999,284504,0.000,6332.317
-9999,284505,0.000,860.818
-9999,284506,0.000,2704.026
-9999,284507,0.000,390.289
-9999,284508,0.000,204.416
-9999,284509,0.000,687.640
-9999,284510,0.000,342.979
-9999,284511,0.000,1440.759
-9999,284512,0.000,0.753
-9999,284513,0.000,1540.714
-9999,284514,0.000,542.381
-9999,284515,0.000,181.168
-9999,284516,0.000,496.429
-9999,284517,0.000,159.865
-9999,284523,0.000,1037.364
-9999,284528,0.000,569.572
-9999,284530,0.000,899.061
-9999,284531,0.000,511.169
-9999,284533,0.000,431.139
-9999,284537,0.000,4802.859
-9999,284541,0.000,195.360
-9999,284545,0.000,39.366
-9999,284946,0.000,19.995
-9999,284948,0.000,30.013
-9999,284957,0.000,20.179
-9999,284962,0.000,20.701
-9999,284969,0.000,69.891
-9999,284979,0.000,2.421
-9999,284984,0.000,170.728
-9999,284986,0.000,20.147
-9999,285020,0.000,128.187
-9999,285034,0.000,26.986
-9999,285039,0.000,126.095
-9999,285067,0.000,29.032
-9999,285093,0.000,27.608
-9999,285097,0.000,20.875
-9999,285110,0.000,20.006
-9999,285125,0.000,48.991
-9999,285143,0.000,102.728
-9999,285158,0.000,25.008
-9999,285171,0.000,62.107
-9999,285177,0.000,20.662
-9999,285181,0.000,1.654
-9999,285224,0.000,0.000
-9999,285226,0.000,31.086
-9999,285239,0.000,10.099
-9999,285251,0.000,94.768
-9999,285292,0.000,21.191
-9999,285313,0.000,164.078
-9999,285328,0.000,14.103
-9999,285362,0.000,49.704
-9999,285363,0.000,62.043
-9999,285374,0.000,0.496
-9999,285392,0.000,60.677
-9999,285398,0.000,61.320
-9999,285419,0.000,26.174
-9999,285422,0.000,28.548
-9999,285457,0.000,114.296
-9999,285467,0.000,41.131
-9999,285475,0.000,103.453
-9999,285481,0.000,52.645
-9999,285493,0.000,28.415
-9999,285549,0.000,88.004
-9999,285563,0.000,90.296
-9999,285565,0.000,119.102
-9999,285578,0.000,106.027
-9999,285584,0.000,28.524
-9999,285598,0.000,20.348
-9999,285601,0.000,21.487
-9999,285621,0.000,28.371
-9999,285632,0.000,20.005
-9999,285634,0.000,86.365
-9999,285659,0.000,0.140
-9999,285660,0.000,43.777
-9999,285690,0.000,22.961
-9999,285692,0.000,29.743
-9999,285735,0.000,146.768
-9999,285747,0.000,23.820
-9999,285748,0.000,48.404
-9999,285763,0.000,20.139
-9999,285765,0.000,54.820
-9999,285797,0.000,24.990
-9999,285838,0.000,31.106
-9999,285940,0.000,31.297
-9999,285950,0.000,24.280
-9999,285957,0.000,43.699
-9999,285960,0.000,80.312
-9999,285968,0.000,154.815
-9999,285976,0.000,8.362
-9999,285977,0.000,28.781
-9999,285979,0.000,119.445
-9999,285984,0.000,63.146
-9999,285986,0.000,55.202
-9999,286009,0.000,55.090
-9999,286027,0.000,6.693
-9999,286041,0.000,40.210
-9999,286043,0.000,0.138
-9999,286046,0.000,21.085
-9999,286049,0.000,0.727
-9999,286058,0.000,93.914
-9999,286066,0.000,15.501
-9999,286083,0.000,21.583
-9999,286084,0.000,221.722
-9999,286089,0.000,20.015
-9999,286128,0.000,149.730
-9999,286132,0.000,67.089
-9999,286134,0.000,46.916
-9999,286136,0.000,19.082
-9999,286137,0.000,48.671
-9999,286138,0.000,74.977
-9999,286139,0.000,16.753
-9999,286140,0.000,20.407
-9999,286141,0.000,23.908
-9999,286142,0.000,121.390
-9999,286144,0.000,24.258
-9999,286145,0.000,59.571
-9999,286146,0.000,5.259
-9999,286147,0.000,23.273
-9999,286148,0.000,0.502
-9999,286154,0.000,26.655
-9999,286159,0.000,8.784
-9999,286165,0.000,30.356
-9999,286166,0.000,26.815
-9999,286167,0.000,97.597
-9999,286171,0.000,142.733
-9999,286175,0.000,66.967
-9999,286329,0.000,486.717
-9999,286330,0.000,297.561
-9999,286332,0.000,84.948
-9999,286340,0.000,13.946
-9999,286344,0.000,306.846
-9999,286346,0.000,382.055
-9999,286353,0.000,15.172
-9999,286382,0.000,1467.229
-9999,286385,0.000,507.998
-9999,286388,0.000,350.517
-9999,286397,0.000,686.585
-9999,286404,0.000,298.926
-9999,286406,0.000,1149.077
-9999,286411,0.000,352.722
-9999,286413,0.000,202.998
-9999,286418,0.000,362.266
-9999,286420,0.000,94.475
-9999,286422,0.000,292.494
-9999,286423,0.000,101.161
-9999,286425,0.000,1238.461
-9999,286428,0.000,555.875
-9999,286434,0.000,1451.650
-9999,286443,0.000,2364.127
-9999,286451,0.000,152.190
-9999,286455,0.000,6.320
-9999,286456,0.000,0.820
-9999,286457,0.000,302.084
-9999,286458,0.000,226.140
-9999,286461,0.000,1787.132
-9999,286462,0.000,182.614
-9999,286464,0.000,26.083
-9999,286466,0.000,5.553
-9999,286470,0.000,242.956
-9999,286482,0.000,118.911
-9999,286501,0.000,877.155
-9999,286504,0.000,202.273
-9999,286609,0.000,20.669
-9999,286617,0.000,102.640
-9999,286648,0.000,62.878
-9999,286655,0.000,10.234
-9999,286658,0.000,49.255
-9999,286659,0.000,355.568
-9999,286663,0.000,530.941
-9999,286664,0.000,628.725
-9999,286673,0.000,1385.566
-9999,286674,0.000,590.744
-9999,286840,0.000,548.972
-9999,286843,0.000,147.297
-9999,286844,0.000,788.270
-9999,286846,0.000,182.847
-9999,286855,0.000,35.579
-9999,286859,0.000,381.950
-9999,286861,0.000,124.013
-9999,286868,0.000,235.699
-9999,286895,0.000,454.671
-9999,286898,0.000,1018.614
-9999,286901,0.000,61.684
-9999,286904,0.000,97.554
-9999,286910,0.000,277.100
-9999,286915,0.000,372.794
-9999,286922,0.000,158.451
-9999,286924,0.000,389.653
-9999,286929,0.000,679.768
-9999,286931,0.000,951.032
-9999,286936,0.000,112.729
-9999,286938,0.000,38.437
-9999,286939,0.000,632.743
-9999,286940,0.000,246.874
-9999,286941,0.000,923.653
-9999,286943,0.000,89.737
-9999,286946,0.000,83.381
-9999,286954,0.000,588.609
-9999,286963,0.000,761.173
-9999,286970,0.000,597.360
-9999,286971,0.000,164.150
-9999,286975,0.000,287.325
-9999,286976,0.000,801.180
-9999,286977,0.000,696.470
-9999,286978,0.000,255.773
-9999,286981,0.000,111.606
-9999,286982,0.000,574.977
-9999,286984,0.000,228.945
-9999,286990,0.000,586.470
-9999,287003,0.000,128.777
-9999,287024,0.000,24.308
-9999,287027,0.000,164.299
-9999,287147,0.000,564.982
-9999,287156,0.000,96.968
-9999,287168,0.000,538.259
-9999,287189,0.000,17.736
-9999,287197,0.000,1360.097
-9999,287200,0.000,151.490
-9999,287205,0.000,98.434
-9999,287206,0.000,1.677
-9999,287216,0.000,217.414
-9999,287217,0.000,519.223
-9999,287230,0.000,109.097
-9999,287244,0.000,358.841
-9999,287247,0.000,110.141
-9999,287249,0.000,408.569
-9999,287256,0.000,76.966
-9999,287257,0.000,1.672
-9999,287259,0.000,54.667
-9999,287261,0.000,93.550
-9999,287265,0.000,114.077
-9999,287279,0.000,481.242
-9999,287281,0.000,1388.473
-9999,287290,0.000,613.190
-9999,287292,0.000,274.149
-9999,287293,0.000,2116.446
-9999,287294,0.000,233.147
-9999,287296,0.000,125.391
-9999,287298,0.000,965.526
-9999,287299,0.000,625.926
-9999,287316,0.000,56.748
-9999,287330,0.000,248.853
-9999,287342,0.000,15.486
-9999,287343,0.000,29.972
-9999,287344,0.000,29.463
-9999,287345,0.000,74.764
-9999,287347,0.000,25.723
-9999,287365,0.000,149.007
-9999,287367,0.000,114.236
-9999,287384,0.000,106.420
-9999,359649,0.000,923.894
-9999,359650,0.000,1740.529
-9999,359651,0.000,646.236
-9999,359652,0.000,726.426
-9999,359653,0.000,78.452
-9999,359654,0.000,771.399
-9999,359655,0.000,392.200
-9999,359656,0.000,201.592
-9999,359658,0.000,901.655
-9999,359659,0.000,1033.482
-9999,359661,0.000,205.611
-9999,359662,0.000,597.163
-9999,359663,0.000,74.083
-9999,359664,0.000,925.713
-9999,359665,0.000,887.120
-9999,359669,0.000,1141.562
-9999,359670,0.000,455.813
-9999,359671,0.000,299.692
-9999,359675,0.000,518.324
-9999,359677,0.000,1024.622
-9999,359679,0.000,1741.436
-9999,359680,0.000,130.435
-9999,359682,0.000,2267.939
-9999,359685,0.000,644.780
-9999,359687,0.000,905.911
-9999,359690,0.000,892.549
-9999,359691,0.000,141.077
-9999,359692,0.000,71.802
-9999,359694,0.000,353.663
-9999,359701,0.000,601.945
-9999,359709,0.000,115.119
-9999,359725,0.000,465.695
-9999,359733,0.000,280.466
-9999,359734,0.000,824.253
-9999,359745,0.000,150.000
-9999,359760,0.000,46.222
-9999,359769,0.000,516.480
-9999,359787,0.000,186.494
-9999,359792,0.000,76.866
-9999,359807,0.000,560.544
-9999,359816,0.000,505.901
-9999,359828,0.000,273.778
-9999,359829,0.000,1285.682
-9999,359837,0.000,501.737
-9999,359846,0.000,1979.611
-9999,359899,0.000,120.000
-9999,359906,0.000,103.049
-9999,359907,0.000,779.218
-9999,359914,0.000,403.369
-9999,359917,0.000,360.980
-9999,359933,0.000,1102.239
-9999,359947,0.000,171.189
-9999,359971,0.000,43.268
-9999,359981,0.000,647.126
-9999,360042,0.000,111.330
-9999,360056,0.000,510.818
-9999,360064,0.000,700.303
-9999,360072,0.000,375.619
-9999,360127,0.000,244.367
-9999,360135,0.000,657.367
-9999,360165,0.000,8.476
-9999,360184,0.000,324.578
-9999,360220,0.000,671.045
-9999,360242,0.000,837.382
-9999,360245,0.000,1510.098
-9999,360301,0.000,657.716
-9999,360363,0.000,9.621
-9999,360384,0.000,271.418
-9999,360396,0.000,76.439
-9999,360427,0.000,406.668
-9999,360429,0.000,120.000
-9999,360433,0.000,523.361
-9999,360450,0.000,220.000
-9999,360460,0.000,308.278
-9999,360473,0.000,251.373
-9999,360514,0.000,1425.658
-9999,360546,0.000,187.007
-9999,360547,0.000,1998.052
-9999,360567,0.000,260.862
-9999,360568,0.000,272.083
-9999,360570,0.000,20.479
-9999,360772,0.000,1085.118
-9999,360773,0.000,2822.131
-9999,360774,0.000,690.918
-9999,360775,0.000,0.014
-9999,360776,0.000,317.794
-9999,360778,0.000,96.252
-9999,360780,0.000,650.108
-9999,360784,0.000,406.681
-9999,360787,0.000,325.010
-9999,360788,0.000,902.248
-9999,360789,0.000,345.947
-9999,360802,0.000,0.000
-9999,360840,0.000,688.914
-9999,360841,0.000,0.000
-9999,360858,0.000,0.000
-9999,360874,0.000,540.082
-9999,360892,0.000,0.000
-9999,360900,0.000,880.410
-9999,360936,0.000,332.281
-9999,360982,0.000,98.081
-9999,361043,0.000,300.092
-9999,361241,0.000,1858.515
-9999,361242,0.000,387.655
-9999,361244,0.000,248.115
-9999,361247,0.000,241.165
-9999,361248,0.000,28.524
-9999,361249,0.000,416.450
-9999,361252,0.000,1500.278
-9999,361254,0.000,203.161
-9999,361257,0.000,9.892
-9999,361260,0.000,163.384
-9999,361262,0.000,12.818
-9999,361265,0.000,34.407
-9999,361268,0.000,146.608
-9999,361270,0.000,119.135
-9999,361271,0.000,167.426
-9999,361272,0.000,368.248
-9999,361273,0.000,297.752
-9999,361274,0.000,1250.222
-9999,361276,0.000,55.890
-9999,361304,0.000,72.035
-9999,361357,0.000,899.446
-9999,361382,0.000,164.650
-9999,361383,0.000,0.010
-9999,361412,0.000,26.028
-9999,361477,0.000,113.560
-9999,361751,0.000,77.342
-9999,361752,0.000,271.495
-9999,361853,0.000,307.842
-9999,361868,0.000,345.911
-9999,361873,0.000,152.455
-9999,361875,0.000,130.141
-9999,361891,0.000,1274.428
-9999,361895,0.000,438.385
-9999,361900,0.000,96.449
-9999,361909,0.000,16.171
-9999,361930,0.000,1167.228
-9999,361946,0.000,267.619
-9999,362043,0.000,53.397
-9999,362044,0.000,1027.520
-9999,362045,0.000,146.265
-9999,362046,0.000,1455.592
-9999,362047,0.000,1207.851
-9999,362048,0.000,930.891
-9999,362051,0.000,400.302
-9999,362061,0.000,22.130
-9999,362062,0.000,321.796
-9999,362063,0.000,166.521
-9999,362071,0.000,264.032
-9999,362082,0.000,252.997
-9999,362089,0.000,846.435
-9999,362094,0.000,538.961
-9999,362097,0.000,95.668
-9999,362103,0.000,275.750
-9999,362129,0.000,175.935
-9999,362130,0.000,64.236
-9999,362136,0.000,596.421
-9999,362139,0.000,214.773
-9999,362163,0.000,99.555
-9999,362164,0.000,974.830
-9999,362168,0.000,684.398
-9999,362177,0.000,634.678
-9999,362188,0.000,3319.033
-9999,362194,0.000,402.858
-9999,362201,0.000,383.065
-9999,362212,0.000,654.451
-9999,362219,0.000,1499.807
-9999,362233,0.000,500.652
-9999,362235,0.000,444.776
-9999,362243,0.000,196.400
-9999,362244,0.000,142.029
-9999,362246,0.000,168.883
-9999,362251,0.000,644.492
-9999,362258,0.000,12.281
-9999,362279,0.000,457.700
-9999,362286,0.000,489.875
-9999,362407,0.000,167.572
-9999,362409,0.000,52.152
-9999,362412,0.000,447.901
-9999,362414,0.000,146.295
-9999,362539,0.000,237.395
-9999,362545,0.000,686.396
-9999,362546,0.000,5180.692
-9999,362557,0.000,0.000
-9999,362565,0.000,707.203
-9999,362579,0.000,4704.935
-9999,362581,0.000,247.871
-9999,362588,0.000,1462.320
-9999,362602,0.000,456.972
-9999,362608,0.000,721.737
-9999,362609,0.000,846.329
-9999,362610,0.000,1034.960
-9999,362613,0.000,102.591
-9999,362619,0.000,133.425
-9999,362643,0.000,399.448
-9999,362644,0.000,444.502
-9999,362664,0.000,147.083
-9999,362668,0.000,349.458
-9999,362672,0.000,628.872
-9999,362688,0.000,67.741
-9999,362697,0.000,147.630
-9999,362715,0.000,141.983
-9999,362719,0.000,702.830
-9999,362755,0.000,125.240
-9999,362756,0.000,14.664
-9999,362760,0.000,965.018
-9999,362798,0.000,1292.995
-9999,362849,0.000,266.081
-9999,362850,0.000,1726.793
-9999,362863,0.000,1763.019
-9999,362864,0.000,216.286
-9999,362868,0.000,67.063
-9999,362884,0.000,622.696
-9999,362885,0.000,6500.485
-9999,362886,0.000,845.692
-9999,362887,0.000,173.111
-9999,363025,0.000,9.523
-9999,363037,0.000,3.290
-9999,363060,0.000,109.410
-9999,363062,0.000,71.329
-9999,363069,0.000,30.120
-9999,363091,0.000,55.197
-9999,363100,0.000,16.953
-9999,363128,0.000,67.906
-9999,363151,0.000,21.070
-9999,363155,0.000,63.117
-9999,363159,0.000,124.681
-9999,363177,0.000,23.163
-9999,363182,0.000,27.567
-9999,363213,0.000,145.299
-9999,363255,0.000,129.302
-9999,363256,0.000,19.174
-9999,363283,0.000,42.094
-9999,363306,0.000,44.038
-9999,363365,0.000,22.552
-9999,363383,0.000,14.651
-9999,363389,0.000,41.685
-9999,363400,0.000,21.177
-9999,363401,0.000,23.778
-9999,363402,0.000,93.207
-9999,363534,0.000,617.925
-9999,363540,0.000,65.795
-9999,363544,0.000,21078.663
-9999,363552,0.000,40.973
-9999,363555,0.000,175.942
-9999,363556,0.000,2187.007
-9999,363698,0.000,926.218
-9999,363704,0.000,1936.265
-9999,363708,0.000,47.472
-9999,363717,0.000,378.255
-9999,363720,0.000,1678.361
-9999,363721,0.000,1104.233
-9999,363729,0.000,3016.370
-9999,363730,0.000,107.873
-9999,363731,0.000,2020.883
-9999,363733,0.000,107.969
-9999,363735,0.000,101.257
-9999,397847,0.000,220.968
-9999,397849,0.000,3930.370
-9999,397858,0.000,437.679
-9999,397922,0.000,244.014
-9999,397938,0.000,540.000
-9999,397986,0.000,236.243
-9999,398046,0.000,1180.169
-9999,398080,0.000,2858.098
-9999,398104,0.000,369.968
-9999,398110,0.000,545.777
-9999,398116,0.000,197.653
-9999,398210,0.000,325.419
-9999,398231,0.000,392.153
-9999,398234,0.000,756.359
-9999,398289,0.000,840.000
-9999,398295,0.000,960.831
-9999,398333,0.000,129.419
-9999,398369,0.000,70.000
-9999,398386,0.000,386.706
-9999,398391,0.000,2290.000
-9999,398397,0.000,86.304
-9999,398449,0.000,451.234
-9999,398471,0.000,361.791
-9999,398480,0.000,200.375
-9999,398517,0.000,2320.000
-9999,398548,0.000,192.896
-9999,398568,0.000,60.000
-9999,398583,0.000,4290.000
-9999,398592,0.000,200.077
-9999,398630,0.000,244.226
-9999,398647,0.000,1024.660
-9999,398756,0.000,110.590
-9999,398823,0.000,1693.913
-9999,398831,0.000,214.707
-9999,398844,0.000,493.810
-9999,398893,0.000,149.171
-9999,398915,0.000,120.000
-9999,398996,0.000,751.693
-9999,399006,0.000,1970.000
-9999,399021,0.000,424.403
-9999,399048,0.000,1063.360
-9999,399097,0.000,97.686
-9999,399101,0.000,108.763
-9999,399111,0.000,222.122
-9999,399171,0.000,172.305
-9999,399189,0.000,249.989
-9999,399264,0.000,166.811
-9999,399285,0.000,582.454
-9999,399297,0.000,646.867
-9999,399329,0.000,469.184
-9999,399343,0.000,619.032
-9999,399411,0.000,869.090
-9999,399426,0.000,1122.521
-9999,399481,0.000,2803.648
-9999,399530,0.000,906.365
-9999,399548,0.000,272.861
-9999,399568,0.000,260.473
-9999,399580,0.000,233.073
-9999,399658,0.000,221.288
-9999,399685,0.000,1470.000
-9999,399722,0.000,284.251
-9999,399727,0.000,2590.000
-9999,399739,0.000,244.248
-9999,399747,0.000,580.000
-9999,399752,0.000,2298.941
-9999,399754,0.000,420.000
-9999,399771,0.000,478.961
-9999,399806,0.000,346.356
-9999,399844,0.000,90.000
-9999,399897,0.000,548.313
-9999,399908,0.000,260.000
-9999,399911,0.000,10.000
-9999,399926,0.000,79.594
-9999,399944,0.000,171.498
-9999,400019,0.000,3582.343
-9999,400029,0.000,50.004
-9999,400057,0.000,208.573
-9999,400062,0.000,750.000
-9999,400112,0.000,2282.070
-9999,400118,0.000,50.000
-9999,400173,0.000,273.921
-9999,400239,0.000,270.000
-9999,400252,0.000,823.821
-9999,400269,0.000,463.423
-9999,400349,0.000,0.000
-9999,400392,0.000,290.471
-9999,400400,0.000,522.654
-9999,400434,0.000,270.000
-9999,400503,0.000,2.445
-9999,400671,0.000,316.763
-9999,400723,0.000,0.000
-9999,401097,0.000,54.303
-9999,401155,0.000,3386.685
-9999,401192,0.000,790.994
-9999,401195,0.000,573.632
-9999,401217,0.000,159.186
-9999,401243,0.000,630.000
-9999,401288,0.000,23.671
-9999,401304,0.000,642.172
-9999,401336,0.000,453.622
-9999,401426,0.000,166.135
-9999,401492,0.000,150.000
-9999,401512,0.000,320.791
-9999,401577,0.000,456.204
-9999,401579,0.000,0.000
-9999,401608,0.000,190.576
-9999,401661,0.000,870.000
-9999,401711,0.000,667.624
-9999,401721,0.000,168.885
-9999,401810,0.000,955.782
-9999,402609,0.000,155.697
-9999,402635,0.000,10.557
-9999,402650,0.000,900.000
-9999,402727,0.000,120.000
-9999,402740,0.000,2.946
-9999,402790,0.000,343.344
-9999,402821,0.000,15.347
-9999,402893,0.000,570.000
-9999,402932,0.000,240.220
-9999,403011,0.000,90.000
-9999,403103,0.000,60.000
-9999,403163,0.000,342.999
-9999,403196,0.000,1532.531
-9999,403201,0.000,647.797
-9999,403215,0.000,2.076
-9999,403228,0.000,1200.000
-9999,403257,0.000,207.056
-9999,403367,0.000,531.130
-9999,403378,0.000,250.000
-9999,403401,0.000,343.393
-9999,403407,0.000,18.005
-9999,403458,0.000,1216.331
-9999,403499,0.000,1114.290
-9999,403618,0.000,206.564
-9999,403632,0.000,319.199
-9999,403759,0.000,90.000
-9999,404234,0.000,171.772
-9999,404235,0.000,167.517
-9999,404239,0.000,152.242
-9999,404247,0.000,275.356
-9999,404248,0.000,229.255
-9999,404251,0.000,187.426
-9999,404252,0.000,115.606
-9999,404259,0.000,449.793
-9999,404265,0.000,70.000
-9999,404267,0.000,401.619
-9999,404281,0.000,1142.135
-9999,404283,0.000,722.893
-9999,404285,0.000,429.759
-9999,404290,0.000,716.582
-9999,404291,0.000,206.896
-9999,404384,0.000,1390.260
-9999,404385,0.000,347.482
-9999,404389,0.000,402.213
-9999,404391,0.000,80.000
-9999,404393,0.000,162.536
-9999,404394,0.000,43.026
-9999,404396,0.000,331.044
-9999,404401,0.000,301.856
-9999,404402,0.000,83.857
-9999,404405,0.000,128.712
-9999,404406,0.000,546.858
-9999,404408,0.000,334.177
-9999,404410,0.000,1037.100
-9999,404411,0.000,375.118
-9999,404412,0.000,100.972
-9999,404416,0.000,312.200
-9999,404417,0.000,811.202
-9999,404419,0.000,20.234
-9999,404422,0.000,494.456
-9999,404424,0.000,95.327
-9999,404425,0.000,199.793
-9999,404431,0.000,10.000
-9999,404433,0.000,398.433
-9999,404448,0.000,306.571
-9999,404449,0.000,120.000
-9999,404450,0.000,65.966
-9999,404452,0.000,938.256
-9999,404455,0.000,391.785
-9999,404457,0.000,86.626
-9999,404461,0.000,358.818
-9999,404463,0.000,381.992
-9999,404692,0.000,480.876
-9999,404695,0.000,2836.701
-9999,404706,0.000,0.000
-9999,404714,0.000,1235.939
-9999,404717,0.000,129.438
-9999,404722,0.000,0.630
-9999,404736,0.000,109.177
-9999,404742,0.000,527.588
-9999,404786,0.000,82.065
-9999,404791,0.000,587.412
-9999,404798,0.000,0.000
-9999,404804,0.000,1103.448
-9999,404808,0.000,401.452
-9999,404813,0.000,5.014
-9999,404817,0.000,0.000
-9999,404820,0.000,336.681
-9999,404821,0.000,488.732
-9999,404822,0.000,87.597
-9999,404850,0.000,180.000
-9999,404851,0.000,142.141
-9999,404858,0.000,323.132
-9999,404886,0.000,315.726
-9999,404888,0.000,425.890
-9999,404890,0.000,3792.874
-9999,404902,0.000,5.044
-9999,404904,0.000,376.006
-9999,404917,0.000,458.783
-9999,404921,0.000,0.000
-9999,404929,0.000,155.290
-9999,404931,0.000,238.133
-9999,404933,0.000,324.378
-9999,404960,0.000,749.186
-9999,404990,0.000,150.823
-9999,404991,0.000,340.000
-9999,404993,0.000,10.000
-9999,405000,0.000,287.469
-9999,405006,0.000,481.883
-9999,405072,0.000,1274.496
-9999,405084,0.000,0.000
-9999,405118,0.000,2832.624
-9999,405134,0.000,0.000
-9999,405146,0.000,268.628
-9999,405186,0.000,2.090
-9999,405218,0.000,443.033
-9999,405219,0.000,463.473
-9999,405221,0.000,236.308
-9999,405222,0.000,1471.343
-9999,405224,0.000,248.203
-9999,405229,0.000,870.560
-9999,405390,0.000,90.614
-9999,405405,0.000,6.310
-9999,405445,0.000,58.630
-9999,405497,0.000,20.009
-9999,405512,0.000,60.090
-9999,405517,0.000,0.230
-9999,405522,0.000,34.986
-9999,405526,0.000,0.392
-9999,405529,0.000,86.504
-9999,405530,0.000,41.657
-9999,405531,0.000,20.006
-9999,405560,0.000,37.812
-9999,405602,0.000,52.450
-9999,405604,0.000,125.498
-9999,405632,0.000,63.076
-9999,405636,0.000,0.493
-9999,405646,0.000,54.385
-9999,405649,0.000,153.309
-9999,405676,0.000,22.961
-9999,405708,0.000,19.891
-9999,405715,0.000,48.007
-9999,405724,0.000,25.485
-9999,405874,0.000,11.907
-9999,405951,0.000,26.365
-9999,405954,0.000,42.193
-9999,405955,0.000,95.165
-9999,405957,0.000,3.473
-9999,406011,0.000,289.861
-9999,406101,0.000,64.426
-9999,406115,0.000,593.483
-9999,406137,0.000,651.107
-9999,406352,0.000,237.166
-9999,406382,0.000,117.420
-9999,406473,0.000,418.681
-9999,406487,0.000,104.535
-9999,406509,0.000,457.246
13124,16918,0.000,1314.164
13379,13520,0.000,461.804
13520,14956,0.000,71.194
13520,16305,0.000,115.667
13520,16918,0.000,563.263
13647,16918,0.000,722.270
13816,14956,0.000,399.394
13816,16918,0.000,1742.441
14049,16918,0.000,1466.600
14956,16305,0.000,80.127
14956,16918,0.000,505.109
15556,15609,0.000,65.648
15556,16508,0.000,153.960
15556,16517,0.000,0.000
15556,16918,0.000,599.165
15573,15609,0.000,432.955
15573,16510,0.000,313.150
15609,15627,0.000,169.861
15609,16311,0.000,185.989
15609,16508,0.000,0.000
15609,16517,0.000,1369.818
15609,16519,0.000,0.000
15627,16517,0.000,0.000
15627,16519,0.000,170.517
16249,16255,0.000,19.532
16249,16351,0.000,493.119
16249,16369,0.000,0.000
16250,16352,0.000,743.322
16255,16351,0.000,0.000
16255,16369,0.000,224.810
16269,16311,0.000,289.870
16269,16406,0.000,31.062
16269,16508,0.000,0.000
16269,16517,0.000,0.000
16269,16918,0.000,821.983
16311,16406,0.000,0.000
16311,16508,0.000,0.000
16311,16517,0.000,118.349
16311,16918,0.000,55.884
16313,16508,0.000,0.000
16313,16519,0.000,52.493
16313,16918,0.000,59.693
16338,16397,0.000,128.194
16338,16418,0.000,743.252
16338,362071,0.000,327.191
16338,362194,0.000,0.000
16338,362243,0.000,0.000
16351,16352,0.000,46.592
16351,16369,0.000,47.322
16356,16377,0.000,476.533
16356,16425,0.000,177.329
16356,16432,0.000,627.901
16356,16445,0.000,512.106
16362,362136,0.000,521.136
16366,16370,0.000,665.496
16373,16445,0.000,30.269
16377,16425,0.000,104.591
16377,16432,0.000,227.439
16377,362164,0.000,958.100
16377,362251,0.000,0.000
16379,16425,0.000,250.477
16379,362168,0.000,777.475
16379,362251,0.000,0.000
16384,16425,0.000,677.747
16384,362177,0.000,539.152
16397,362071,0.000,0.000
16397,362194,0.000,294.182
16406,16508,0.000,32.007
16406,16517,0.000,42.549
16406,16519,0.000,0.000
16406,16918,0.000,0.000
16418,362071,0.000,0.000
16418,362243,0.000,201.197
16425,16445,0.000,171.296
16425,362164,0.000,0.000
16425,362168,0.000,0.000
16425,362251,0.000,812.771
16508,16517,0.000,363.369
16508,16519,0.000,399.494
16508,16918,0.000,1797.048
16517,16519,0.000,342.761
16517,16918,0.000,0.000
16519,16918,0.000,0.000
30535,30734,0.000,1059.951
30535,32210,0.000,175.939
30535,35302,0.000,247.601
30541,33553,0.000,879.880
30541,33560,0.000,1338.590
30549,31047,0.000,122.069
30549,31308,0.000,505.269
30549,31326,0.000,194.146
30549,32105,0.000,50.905
30549,33589,0.000,252.413
30566,30569,0.000,893.422
30566,30854,0.000,68.280
30566,31046,0.000,267.924
30566,31865,0.000,828.506
30566,32272,0.000,246.229
30566,32314,0.000,903.827
30566,359650,0.000,550.530
30566,359651,0.000,0.000
30566,359658,0.000,0.000
30569,32272,0.000,35.787
30569,359650,0.000,0.000
30569,359651,0.000,598.798
30569,359769,0.000,0.000
30578,31578,0.000,317.700
30578,32650,0.000,197.966
30578,35311,0.000,71.921
30579,32696,0.000,222.961
30579,35339,0.000,721.076
30581,35355,0.000,1028.393
30582,30599,0.000,179.121
30582,32060,0.000,40.941
30582,33754,0.000,355.242
30586,31323,0.000,270.000
30586,33442,0.000,720.000
30586,33751,0.000,390.000
30587,30658,0.000,448.510
30587,31264,0.000,63.204
30587,32526,0.000,40.701
30587,33632,0.000,261.267
30587,33838,0.000,271.500
30587,33845,0.000,162.137
30587,33880,0.000,25.352
30587,35378,0.000,832.191
30594,31016,0.000,240.000
30594,32179,0.000,120.000
30594,33442,0.000,300.000
30594,33757,0.000,120.000
30594,33783,0.000,240.000
30597,31124,0.000,166.854
30597,32171,0.000,411.775
30598,30840,0.000,161.775
30598,31468,0.000,546.921
30598,32384,0.000,1285.868
30599,31003,0.000,214.915
30599,31947,0.000,1593.342
30599,31966,0.000,1950.000
30599,32060,0.000,30.000
30599,33647,0.000,510.000
30599,33751,0.000,300.000
30599,33754,0.000,1019.631
30599,33912,0.000,376.430
30600,30996,0.000,561.515
30600,31182,0.000,27.922
30600,31317,0.000,961.285
30600,32020,0.000,50.968
30612,31110,0.000,404.272
30612,31254,0.000,331.017
30612,31587,0.000,598.806
30612,31930,0.000,720.000
30612,34510,0.000,777.890
30612,34619,0.000,14.055
30618,30743,0.000,799.328
30618,31182,0.000,1853.902
30618,31293,0.000,234.908
30618,31338,0.000,208.617
30618,31606,0.000,283.909
30618,31625,0.000,543.302
30618,32190,0.000,978.470
30618,278557,0.000,141.698
30618,282053,0.000,0.000
30618,284431,0.000,0.000
30620,31540,0.000,609.450
30620,31569,0.000,360.000
30620,31692,0.000,691.027
30620,31915,0.000,390.000
30620,32433,0.000,493.540
30630,30633,0.000,724.816
30630,30988,0.000,28.896
30630,32583,0.000,570.000
30633,32583,0.000,222.974
30633,33446,0.000,54.164
30633,359655,0.000,58.807
30633,363731,0.000,0.000
30634,30857,0.000,517.066
30634,31405,0.000,33.562
30634,31495,0.000,767.574
30634,31538,0.000,163.145
30634,31868,0.000,175.037
30634,31876,0.000,888.145
30634,32025,0.000,632.653
30634,32056,0.000,720.333
30634,278584,0.000,71.747
30634,279824,0.000,0.000
30634,279902,0.000,0.000
30639,30732,0.000,217.095
30639,31267,0.000,75.531
30639,31636,0.000,104.489
30639,32167,0.000,246.306
30639,35304,0.000,155.014
30639,35324,0.000,0.000
30643,31504,0.000,311.179
30643,31506,0.000,598.266
30643,31704,0.000,329.648
30643,31858,0.000,402.321
30643,32192,0.000,934.196
30643,32231,0.000,134.710
30652,284506,0.000,0.000
30658,31264,0.000,114.800
30662,30932,0.000,703.934
30662,31969,0.000,371.814
30662,33630,0.000,301.415
30662,34602,0.000,78.385
30662,34676,0.000,763.723
30662,35355,0.000,1384.405
30671,30824,0.000,211.459
30671,31702,0.000,80.131
30671,32519,0.000,469.052
30671,33736,0.000,315.817
30673,31141,0.000,329.038
30677,31072,0.000,234.886
30677,31447,0.000,365.711
30677,31463,0.000,510.125
30677,32011,0.000,318.283
30677,32696,0.000,131.448
30677,35300,0.000,276.575
30677,35325,0.000,75.691
30677,35339,0.000,172.671
30682,32399,0.000,105.116
30682,32632,0.000,390.000
30682,32683,0.000,990.000
30682,33830,0.000,240.000
30696,31463,0.000,127.544
30696,32225,0.000,14.452
30696,35296,0.000,340.412
30696,35325,0.000,169.743
30696,35390,0.000,206.133
30696,35394,0.000,22.614
30696,35419,0.000,46.798
30700,31120,0.000,120.122
30700,31187,0.000,178.706
30700,33584,0.000,331.514
30702,31140,0.000,34.335
30702,33688,0.000,621.628
30702,34656,0.000,94.512
30703,31187,0.000,90.081
30706,32171,0.000,313.015
30706,32207,0.000,351.559
30706,33763,0.000,151.169
30720,31002,0.000,184.573
30720,31205,0.000,143.231
30721,31207,0.000,54.623
30721,32519,0.000,642.339
30721,32520,0.000,485.042
30729,31312,0.000,304.677
30729,31916,0.000,429.341
30729,33705,0.000,49.669
30729,35373,0.000,378.390
30730,31240,0.000,376.415
30730,35360,0.000,868.883
30732,30770,0.000,48.366
30732,31047,0.000,646.617
30732,31058,0.000,603.983
30732,31183,0.000,109.465
30732,31636,0.000,262.326
30732,32167,0.000,73.190
30734,30748,0.000,488.058
30734,30813,0.000,196.030
30734,31072,0.000,0.108
30734,31659,0.000,308.423
30734,31848,0.000,160.010
30734,32156,0.000,0.000
30734,32210,0.000,94.551
30734,32225,0.000,376.138
30734,35301,0.000,0.000
30734,35302,0.000,112.820
30736,31469,0.000,156.393
30736,31704,0.000,225.841
30736,31858,0.000,377.598
30736,32192,0.000,230.009
30736,32231,0.000,3.695
30736,32573,0.000,89.503
30743,31606,0.000,386.867
30744,30757,0.000,990.000
30744,31411,0.000,596.795
30744,31474,0.000,330.000
30744,32667,0.000,123.342
30745,30746,0.000,110.512
30745,31624,0.000,284.837
30745,31778,0.000,0.000
30746,31624,0.000,0.000
30746,31778,0.000,300.000
30746,35294,0.000,1394.980
30747,32424,0.000,250.833
30747,32634,0.000,267.809
30748,30946,0.000,8.458
30748,30999,0.000,1217.062
30748,31543,0.000,41.109
30748,31677,0.000,280.582
30748,31771,0.000,18.624
30748,31848,0.000,0.000
30748,32086,0.000,227.535
30748,32156,0.000,54.004
30748,32182,0.000,596.371
30748,32225,0.000,0.000
30748,33606,0.000,877.411
30748,35301,0.000,434.108
30750,30979,0.000,723.893
30750,32240,0.000,122.864
30750,33736,0.000,345.729
30755,30992,0.000,266.395
30755,31227,0.000,457.632
30755,31324,0.000,390.000
30755,31922,0.000,485.621
30755,31979,0.000,350.755
30755,32026,0.000,497.598
30755,32185,0.000,196.064
30757,30891,0.000,510.000
30757,31392,0.000,7.769
30757,31474,0.000,681.287
30757,32127,0.000,308.713
30757,32635,0.000,1050.000
30757,32667,0.000,652.231
30770,31183,0.000,24.654
30770,31636,0.000,29.196
30770,35323,0.000,71.275
30770,35324,0.000,0.000
30774,31182,0.000,322.161
30774,31982,0.000,570.000
30774,32623,0.000,810.000
30774,33864,0.000,810.000
30788,31620,0.000,143.628
30788,32143,0.000,132.900
30788,278798,0.000,138.573
30788,279985,0.000,0.000
30788,280808,0.000,0.000
30795,31023,0.000,225.893
30795,33552,0.000,598.162
30795,33560,0.000,729.319
30795,33700,0.000,370.010
30795,33816,0.000,526.996
30795,33911,0.000,415.501
30799,32156,0.000,0.000
30799,32225,0.000,186.791
30799,33606,0.000,145.783
30799,35296,0.000,184.842
30799,35356,0.000,0.000
30805,31247,0.000,837.051
30805,31401,0.000,563.471
30805,31596,0.000,525.407
30805,31863,0.000,344.455
30805,31925,0.000,1341.342
30805,31996,0.000,4.102
30805,32111,0.000,600.000
30805,33599,0.000,283.881
30805,33645,0.000,32.096
30813,32225,0.000,157.574
30819,31523,0.000,145.386
30819,32016,0.000,171.769
30819,34589,0.000,26.373
30819,34632,0.000,312.898
30824,31702,0.000,226.254
30824,32027,0.000,420.206
30824,33736,0.000,646.916
30824,33774,0.000,978.540
30825,31587,0.000,413.004
30825,31930,0.000,220.957
30825,35327,0.000,85.809
30827,31261,0.000,88.521
30827,31321,0.000,860.402
30827,31409,0.000,632.788
30827,31833,0.000,168.393
30827,32071,0.000,286.631
30827,33641,0.000,374.983
30827,33695,0.000,390.000
30827,35370,0.000,2100.000
30827,35375,0.000,0.000
30831,32142,0.000,132.509
30831,33633,0.000,15.402
30831,33684,0.000,369.338
30831,33685,0.000,120.557
30831,33688,0.000,63.706
30831,33692,0.000,558.040
30832,33736,0.000,713.383
30832,34211,0.000,0.000
30833,32056,0.000,344.140
30833,32397,0.000,443.979
30833,32591,0.000,858.140
30833,32632,0.000,16.582
30834,30956,0.000,10.214
30834,31124,0.000,0.000
30834,33763,0.000,260.136
30838,30952,0.000,300.000
30838,31286,0.000,330.000
30838,33569,0.000,228.355
30840,32384,0.000,508.462
30841,31584,0.000,104.187
30841,32129,0.000,924.159
30841,33778,0.000,844.197
30845,30979,0.000,841.354
30845,31220,0.000,1291.251
30845,32234,0.000,894.405
30854,30893,0.000,589.412
30854,31046,0.000,1523.170
30854,31263,0.000,318.874
30854,31360,0.000,973.339
30854,32226,0.000,149.394
30854,359650,0.000,0.000
30854,359658,0.000,399.533
30854,359663,0.000,0.000
30854,359676,0.000,0.000
30854,359693,0.000,0.000
30857,32025,0.000,254.204
30857,32056,0.000,819.547
30857,32591,0.000,267.793
30879,31120,0.000,480.000
30883,31182,0.000,296.197
30883,278942,0.000,86.556
30883,284431,0.000,0.000
30891,31047,0.000,960.006
30891,31868,0.000,684.115
30891,32055,0.000,27.963
30891,32127,0.000,150.000
30891,32635,0.000,390.000
30893,31263,0.000,198.999
30893,31597,0.000,79.403
30893,359658,0.000,0.000
30893,359663,0.000,71.746
30893,359680,0.000,0.000
30907,31066,0.000,128.840
30907,31200,0.000,155.268
30907,31871,0.000,304.646
30907,34599,0.000,200.836
30907,34687,0.000,207.240
30907,35360,0.000,453.444
30912,31293,0.000,205.895
30912,31338,0.000,319.095
30912,32190,0.000,48.117
30915,30927,0.000,274.803
30915,31304,0.000,78.053
30915,31679,0.000,336.842
30915,32168,0.000,242.160
30924,31108,0.000,570.000
30924,31374,0.000,502.252
30924,31436,0.000,1080.000
30924,32408,0.000,97.748
30924,32494,0.000,1860.000
30924,35306,0.000,1350.000
30927,31679,0.000,164.545
30927,32168,0.000,78.768
30927,280109,0.000,0.000
30927,280860,0.000,0.000
30927,281998,0.000,312.139
30932,35355,0.000,250.274
30933,31994,0.000,556.101
30933,32519,0.000,389.984
30933,33736,0.000,0.000
30938,31507,0.000,404.259
30938,33912,0.000,429.041
30946,31050,0.000,40.953
30946,31312,0.000,9.125
30946,31543,0.000,188.263
30946,33705,0.000,109.106
30949,35362,0.000,470.043
30950,32001,0.000,72.504
30950,32650,0.000,287.496
30950,32683,0.000,540.000
30950,32691,0.000,240.000
30952,31286,0.000,360.000
30952,33538,0.000,0.000
30952,33569,0.000,222.726
30952,33914,0.000,0.000
30952,33961,0.000,42.345
30952,34651,0.000,1050.000
30955,31401,0.000,648.977
30955,31925,0.000,1727.149
30956,33763,0.000,401.489
30958,31082,0.000,87.809
30958,31141,0.000,709.386
30958,31736,0.000,165.820
30958,31925,0.000,250.881
30958,33713,0.000,341.188
30969,31999,0.000,0.000
30969,33556,0.000,420.119
30969,35335,0.000,339.979
30975,33911,0.000,500.128
30979,31110,0.000,1338.740
30979,31220,0.000,53.658
30979,31587,0.000,117.052
30979,31795,0.000,1107.031
30979,32234,0.000,902.718
30979,32240,0.000,424.988
30979,34616,0.000,649.355
30979,34619,0.000,164.834
30980,32634,0.000,419.334
30980,35345,0.000,193.635
30980,35430,0.000,23.213
30980,35439,0.000,98.992
30981,31224,0.000,960.000
30981,31587,0.000,810.000
30981,32234,0.000,660.000
30981,32539,0.000,930.000
30981,32581,0.000,180.000
30981,33633,0.000,2220.000
30982,31253,0.000,128.392
30983,33736,0.000,409.416
30983,33774,0.000,201.177
30983,35382,0.000,1641.033
30988,31638,0.000,164.013
30988,32583,0.000,100.693
30989,31538,0.000,131.808
30989,31876,0.000,354.599
30989,279091,0.000,95.467
30989,279902,0.000,0.000
30996,31182,0.000,497.735
30996,32020,0.000,111.988
30999,31771,0.000,290.405
30999,32086,0.000,410.458
31002,31205,0.000,606.415
31003,31277,0.000,0.000
31003,33715,0.000,242.626
31003,33754,0.000,791.055
31016,33757,0.000,450.000
31016,33783,0.000,450.000
31017,32251,0.000,211.228
31017,33880,0.000,53.511
31023,33560,0.000,503.370
31023,33816,0.000,151.662
31030,31210,0.000,210.000
31030,31281,0.000,377.248
31035,31892,0.000,595.371
31036,31463,0.000,61.233
31036,31997,0.000,133.110
31036,32191,0.000,260.428
31036,35309,0.000,14.314
31036,35329,0.000,0.000
31036,35333,0.000,278.811
31038,31918,0.000,0.000
31038,32151,0.000,631.383
31038,33791,0.000,177.516
31038,33905,0.000,375.603
31046,31175,0.000,886.787
31046,31360,0.000,0.000
31046,31865,0.000,458.650
31047,31067,0.000,239.262
31047,31183,0.000,70.518
31047,31308,0.000,626.724
31047,31407,0.000,117.838
31047,31463,0.000,24.025
31047,31474,0.000,360.000
31047,32055,0.000,104.071
31047,32105,0.000,131.455
31047,32127,0.000,540.000
31047,32167,0.000,368.851
31052,31868,0.000,604.986
31052,32053,0.000,409.895
31052,32591,0.000,34.060
31053,31806,0.000,318.210
31053,31813,0.000,73.212
31053,31942,0.000,85.969
31053,34638,0.000,308.628
31053,34656,0.000,141.867
31055,31519,0.000,224.778
31055,33830,0.000,306.908
31058,31183,0.000,177.609
31066,31200,0.000,30.349
31066,35308,0.000,135.443
31066,35360,0.000,317.009
31066,35384,0.000,72.781
31067,31463,0.000,381.352
31067,31474,0.000,394.556
31072,31659,0.000,827.975
31072,32210,0.000,206.691
31072,35311,0.000,115.933
31072,35312,0.000,173.134
31072,35325,0.000,356.241
31073,31999,0.000,297.516
31073,32105,0.000,503.880
31073,33556,0.000,0.000
31073,33944,0.000,0.000
31073,33998,0.000,0.000
31073,35359,0.000,0.000
31076,31569,0.000,750.000
31076,31925,0.000,1035.414
31082,31736,0.000,540.000
31082,31925,0.000,1165.850
31097,31620,0.000,366.038
31097,279249,0.000,296.397
31097,279985,0.000,0.000
31098,31623,0.000,68.824
31098,33713,0.000,642.396
31108,31276,0.000,630.000
31108,31436,0.000,30.000
31108,31819,0.000,742.940
31108,31849,0.000,450.000
31108,31937,0.000,1050.000
31108,32073,0.000,735.143
31108,32115,0.000,898.275
31108,35306,0.000,1290.000
31108,35310,0.000,690.000
31108,35345,0.000,1478.752
31110,31795,0.000,244.889
31110,34619,0.000,886.603
31120,31187,0.000,240.507
31120,31618,0.000,494.577
31120,32104,0.000,497.021
31120,33538,0.000,138.364
31120,34651,0.000,1887.943
31123,34649,0.000,0.000
31123,34657,0.000,490.180
31123,35360,0.000,1192.574
31124,32171,0.000,1138.971
31124,33763,0.000,702.713
31127,31584,0.000,1382.105
31131,35335,0.000,41.821
31131,35361,0.000,7.789
31131,287227,0.000,0.000
31131,287228,0.000,32.824
31131,287241,0.000,0.000
31132,31495,0.000,160.409
31132,31858,0.000,442.170
31132,32397,0.000,535.281
31133,31670,0.000,336.278
31133,33911,0.000,381.616
31140,33574,0.000,395.216
31140,33688,0.000,877.407
31140,33692,0.000,82.844
31140,34656,0.000,511.794
31141,31925,0.000,249.331
31147,35362,0.000,254.372
31147,287230,0.000,0.000
31147,287298,0.000,82.804
31166,31447,0.000,290.212
31166,32001,0.000,643.272
31166,32598,0.000,149.587
31166,32691,0.000,501.785
31166,32696,0.000,568.442
31174,31536,0.000,198.888
31174,33597,0.000,302.964
31175,33553,0.000,1143.229
31182,31227,0.000,1711.305
31182,31317,0.000,133.018
31182,31606,0.000,765.495
31182,31623,0.000,329.372
31182,31982,0.000,1750.661
31182,32020,0.000,495.718
31182,32026,0.000,117.550
31182,32165,0.000,1496.616
31182,278557,0.000,0.000
31182,278942,0.000,0.000
31182,279545,0.000,0.000
31182,284431,0.000,1474.838
31183,31407,0.000,268.937
31183,35323,0.000,111.096
31183,35359,0.000,107.395
31187,34651,0.000,390.000
31200,35360,0.000,794.757
31204,31395,0.000,382.571
31204,33736,0.000,771.832
31204,35382,0.000,362.699
31205,31281,0.000,603.779
31205,32675,0.000,477.833
31207,31380,0.000,145.080
31207,32519,0.000,292.655
31207,32520,0.000,287.552
31207,33599,0.000,158.087
31208,33743,0.000,314.663
31208,33816,0.000,466.826
31210,31281,0.000,390.017
31212,31677,0.000,319.971
31212,33705,0.000,81.914
31212,35356,0.000,201.531
31220,31863,0.000,476.238
31220,32240,0.000,165.503
31220,33736,0.000,887.740
31223,32519,0.000,365.963
31223,33736,0.000,553.891
31224,31569,0.000,296.590
31224,31925,0.000,670.300
31224,32234,0.000,794.890
31224,32433,0.000,900.000
31224,32501,0.000,1055.743
31224,32539,0.000,330.000
31227,31982,0.000,245.965
31227,32026,0.000,1403.229
31227,32185,0.000,424.194
31229,31240,0.000,324.368
31229,34622,0.000,882.265
31240,31385,0.000,607.971
31240,35355,0.000,441.369
31240,35360,0.000,745.186
31247,31596,0.000,450.014
31247,31637,0.000,614.445
31247,31973,0.000,1140.000
31247,31996,0.000,6.752
31247,32111,0.000,1260.000
31247,33599,0.000,728.044
31247,33601,0.000,98.460
31247,33864,0.000,663.740
31253,31922,0.000,155.207
31253,279456,0.000,228.541
31254,31765,0.000,278.197
31254,31930,0.000,180.000
31260,35305,0.000,319.825
31260,35324,0.000,468.337
31261,31833,0.000,166.015
31261,31942,0.000,281.768
31261,32071,0.000,251.083
31263,359658,0.000,0.000
31263,359676,0.000,0.000
31267,31463,0.000,142.583
31267,31997,0.000,178.988
31267,32167,0.000,14.017
31267,35329,0.000,0.000
31267,35342,0.000,71.276
31268,34656,0.000,394.454
31269,35360,0.000,678.645
31271,31523,0.000,185.029
31271,34620,0.000,330.000
31271,34651,0.000,91.387
31276,35306,0.000,990.000
31277,33715,0.000,315.719
31277,33754,0.000,300.215
31281,32675,0.000,79.123
31286,31410,0.000,49.494
31286,32186,0.000,780.000
31286,34651,0.000,150.000
31286,34787,0.000,250.932
31286,35341,0.000,1680.000
31293,31338,0.000,89.706
31293,31606,0.000,267.371
31296,31811,0.000,1067.171
31296,32029,0.000,729.849
31296,32207,0.000,1281.122
31296,32387,0.000,64.275
31296,34725,0.000,728.502
31304,31405,0.000,32.850
31304,31679,0.000,898.142
31304,31868,0.000,828.081
31304,32168,0.000,292.627
31306,31979,0.000,1358.122
31308,32055,0.000,206.460
31312,33705,0.000,463.811
31317,32020,0.000,194.077
31317,32026,0.000,930.405
31317,279545,0.000,367.110
31317,280668,0.000,0.000
31317,284431,0.000,0.000
31321,32071,0.000,212.462
31321,33574,0.000,861.301
31321,33695,0.000,462.239
31323,31698,0.000,229.252
31323,32494,0.000,1915.644
31323,32551,0.000,373.388
31323,33442,0.000,90.000
31323,33751,0.000,450.000
31326,32168,0.000,204.535
31326,33589,0.000,366.176
31338,32190,0.000,314.037
31351,32568,0.000,852.353
31355,31410,0.000,12.669
31355,31523,0.000,32.471
31355,31873,0.000,191.307
31355,32016,0.000,31.686
31355,32186,0.000,438.082
31359,34587,0.000,270.431
31359,35360,0.000,100.055
31359,35379,0.000,533.104
31374,32004,0.000,274.952
31374,32408,0.000,126.805
31374,32512,0.000,73.624
31374,35306,0.000,23.335
31374,35344,0.000,74.014
31380,32519,0.000,44.362
31380,33599,0.000,152.894
31380,33645,0.000,164.908
31380,33746,0.000,25.819
31385,35360,0.000,698.453
31386,31795,0.000,200.731
31392,32635,0.000,233.985
31392,32667,0.000,546.718
31393,31872,0.000,468.587
31393,32581,0.000,590.952
31393,33633,0.000,158.307
31395,33736,0.000,407.694
31395,35382,0.000,82.318
31397,33740,0.000,993.078
31397,33816,0.000,716.217
31401,31925,0.000,466.334
31405,31679,0.000,708.274
31405,31868,0.000,180.450
31405,31876,0.000,734.093
31405,279705,0.000,139.724
31405,280109,0.000,0.000
31405,280425,0.000,0.000
31407,31521,0.000,203.634
31407,32105,0.000,155.285
31407,35359,0.000,32.593
31409,33641,0.000,171.716
31410,32016,0.000,461.535
31410,32186,0.000,245.171
31410,34589,0.000,209.666
31411,31474,0.000,247.522
31411,32667,0.000,240.216
31411,35339,0.000,1462.569
31418,33446,0.000,51.596
31428,31488,0.000,506.485
31428,31637,0.000,717.149
31428,31736,0.000,37.488
31428,33601,0.000,579.070
31428,33713,0.000,1058.777
31436,31849,0.000,990.000
31436,32494,0.000,30.000
31436,33647,0.000,900.000
31440,31863,0.000,400.159
31447,32001,0.000,457.514
31447,32011,0.000,571.966
31447,32696,0.000,540.974
31448,31692,0.000,500.115
31448,32433,0.000,1027.347
31448,32441,0.000,391.397
31459,31873,0.000,266.021
31459,34651,0.000,366.286
31463,31474,0.000,25.446
31463,31997,0.000,202.775
31463,32167,0.000,192.251
31463,32191,0.000,761.944
31463,33631,0.000,354.559
31463,34104,0.000,20.878
31463,35296,0.000,229.455
31463,35300,0.000,0.000
31463,35339,0.000,1371.746
31463,35368,0.000,184.843
31463,35390,0.000,106.063
31463,35394,0.000,180.011
31468,31849,0.000,720.000
31468,32384,0.000,980.460
31469,31704,0.000,468.222
31474,32127,0.000,601.461
31474,35339,0.000,502.162
31485,33647,0.000,869.086
31485,33751,0.000,90.000
31488,33601,0.000,97.670
31488,33713,0.000,111.604
31495,31620,0.000,874.275
31495,31858,0.000,685.764
31495,31988,0.000,1943.153
31495,32056,0.000,1040.219
31495,32397,0.000,194.496
31495,278584,0.000,0.000
31495,279824,0.000,66.290
31495,280591,0.000,0.000
31504,31506,0.000,31.258
31504,31915,0.000,510.081
31504,32231,0.000,362.931
31506,31620,0.000,308.542
31506,31858,0.000,31.536
31507,32384,0.000,1404.718
31507,32427,0.000,180.000
31507,33912,0.000,877.150
31507,35355,0.000,1350.954
31517,31865,0.000,1340.792
31517,32013,0.000,91.283
31517,32314,0.000,640.730
31519,33830,0.000,594.862
31521,32105,0.000,239.620
31523,31873,0.000,34.605
31523,32016,0.000,357.270
31523,34620,0.000,300.000
31523,34632,0.000,89.878
31536,33597,0.000,441.751
31538,31876,0.000,44.017
31538,278584,0.000,0.000
31538,279091,0.000,0.000
31538,279902,0.000,0.000
31540,31692,0.000,326.329
31540,31915,0.000,226.568
31540,32231,0.000,838.795
31540,32573,0.000,655.155
31543,31677,0.000,157.894
31543,33705,0.000,213.376
31565,31597,0.000,691.118
31565,33597,0.000,295.161
31569,31915,0.000,522.337
31569,31925,0.000,753.011
31569,32433,0.000,720.000
31578,32424,0.000,31.433
31578,32472,0.000,158.556
31578,32650,0.000,104.313
31578,35311,0.000,36.505
31582,31868,0.000,232.591
31582,32053,0.000,433.047
31582,32585,0.000,292.314
31584,31955,0.000,23.942
31584,32129,0.000,1223.039
31584,33597,0.000,377.024
31584,33778,0.000,137.727
31584,359667,0.000,0.000
31584,359679,0.000,1191.295
31584,359683,0.000,0.000
31587,31902,0.000,207.944
31587,31930,0.000,494.802
31587,31956,0.000,341.693
31587,32234,0.000,982.026
31587,33633,0.000,930.000
31587,33695,0.000,2310.000
31587,34510,0.000,312.376
31587,34548,0.000,911.196
31587,34616,0.000,113.042
31587,35327,0.000,25.687
31587,35338,0.000,150.000
31596,32111,0.000,540.000
31596,33599,0.000,289.394
31597,33597,0.000,320.357
31597,359663,0.000,0.000
31597,359680,0.000,95.918
31606,31623,0.000,26.126
31606,32165,0.000,285.252
31606,33713,0.000,182.179
31618,34651,0.000,80.348
31620,31858,0.000,149.780
31620,31988,0.000,289.328
31620,32143,0.000,30.011
31620,278798,0.000,0.000
31620,279249,0.000,0.000
31620,279985,0.000,593.219
31620,280591,0.000,0.000
31623,33713,0.000,31.782
31624,31771,0.000,196.699
31624,31778,0.000,150.000
31624,32086,0.000,0.000
31624,32170,0.000,408.999
31625,32190,0.000,805.625
31625,278557,0.000,0.000
31625,280896,0.000,0.000
31625,282053,0.000,70.849
31634,31865,0.000,182.878
31636,35304,0.000,0.000
31636,35323,0.000,0.000
31636,35324,0.000,310.016
31637,31736,0.000,34.974
31637,31996,0.000,672.251
31637,33601,0.000,987.840
31659,32225,0.000,185.519
31659,35325,0.000,21.716
31670,31744,0.000,395.345
31670,33911,0.000,142.465
31677,33606,0.000,613.957
31677,33705,0.000,343.183
31677,33929,0.000,2.960
31677,34018,0.000,16.047
31677,34169,0.000,32.178
31677,35356,0.000,285.486
31678,32460,0.000,137.359
31679,279705,0.000,0.000
31679,280109,0.000,26.658
31679,281998,0.000,0.000
31682,35316,0.000,630.436
31682,35362,0.000,625.592
31687,31922,0.000,340.107
31687,32026,0.000,321.675
31687,280121,0.000,242.145
31687,280668,0.000,0.000
31692,32131,0.000,42.415
31692,32433,0.000,649.624
31692,32441,0.000,532.851
31692,32573,0.000,673.961
31698,32551,0.000,203.599
31698,33442,0.000,423.935
31702,32519,0.000,689.820
31704,32192,0.000,39.391
31704,32231,0.000,474.939
31711,31729,0.000,67.494
31711,33911,0.000,275.227
31729,33911,0.000,313.861
31736,31925,0.000,106.466
31736,31996,0.000,184.625
31736,33713,0.000,247.140
31742,33903,0.000,41.590
31742,34421,0.000,16.667
31744,33911,0.000,788.985
31751,35378,0.000,307.120
31754,31925,0.000,52.567
31754,32234,0.000,382.731
31758,33816,0.000,1977.694
31765,31795,0.000,929.648
31765,31930,0.000,1050.000
31765,35327,0.000,180.000
31768,33707,0.000,152.579
31768,35348,0.000,656.317
31771,32086,0.000,161.113
31771,32170,0.000,0.000
31778,32086,0.000,90.525
31778,32170,0.000,79.002
31778,35294,0.000,280.473
31795,35327,0.000,540.000
31795,35382,0.000,1474.453
31798,33641,0.000,80.842
31798,35313,0.000,477.692
31798,35375,0.000,461.176
31798,35407,0.000,46.961
31798,35424,0.000,12.003
31798,35469,0.000,53.581
31806,31942,0.000,198.367
31806,32071,0.000,100.343
31806,33574,0.000,166.640
31806,34656,0.000,49.273
31811,32207,0.000,1072.642
31811,32387,0.000,1945.083
31813,34638,0.000,369.775
31813,34656,0.000,441.629
31819,35345,0.000,172.217
31831,32384,0.000,1496.044
31848,35301,0.000,190.328
31848,35334,0.000,0.000
31848,35336,0.000,0.000
31849,31937,0.000,1410.000
31849,32384,0.000,780.000
31857,32401,0.000,210.003
31857,32528,0.000,485.459
31858,32192,0.000,214.587
31858,32397,0.000,740.949
31858,32573,0.000,539.734
31862,33579,0.000,745.722
31862,33903,0.000,689.740
31862,33906,0.000,123.837
31863,33736,0.000,398.919
31865,32314,0.000,71.557
31868,32025,0.000,44.986
31868,32053,0.000,32.915
31868,32401,0.000,420.000
31868,32578,0.000,210.000
31868,32585,0.000,258.428
31868,32591,0.000,519.458
31868,32635,0.000,630.000
31871,33587,0.000,76.561
31871,34597,0.000,214.556
31871,34687,0.000,25.562
31871,35360,0.000,123.371
31872,32142,0.000,177.867
31872,33633,0.000,295.710
31873,32186,0.000,208.771
31873,34651,0.000,186.097
31876,279091,0.000,0.000
31876,279705,0.000,0.000
31876,280425,0.000,72.954
31883,33830,0.000,582.902
31892,32173,0.000,684.608
31892,32190,0.000,1474.637
31892,280896,0.000,0.000
31892,282080,0.000,54.864
31892,282099,0.000,0.000
31902,35315,0.000,218.027
31902,35327,0.000,565.836
31902,35338,0.000,186.077
31915,32231,0.000,16.283
31916,35333,0.000,187.593
31916,35373,0.000,295.273
31918,32151,0.000,603.566
31922,32026,0.000,853.741
31925,31996,0.000,613.761
31925,32039,0.000,715.150
31925,32234,0.000,2600.767
31926,32069,0.000,45.531
31926,32667,0.000,492.930
31926,32696,0.000,401.060
31926,35339,0.000,57.123
31930,35327,0.000,1760.577
31932,33912,0.000,336.840
31932,35355,0.000,525.033
31937,32384,0.000,720.000
31937,35345,0.000,1260.000
31942,32071,0.000,227.603
31942,34638,0.000,40.677
31955,33597,0.000,589.049
31955,359667,0.000,0.000
31955,359679,0.000,0.000
31955,359683,0.000,326.710
31956,34510,0.000,328.807
31962,33912,0.000,343.071
31966,32060,0.000,540.000
31966,33441,0.000,43.496
31966,33751,0.000,600.000
31966,33754,0.000,512.803
31966,33757,0.000,495.850
31969,35355,0.000,1001.178
31973,33601,0.000,1020.000
31979,32023,0.000,165.481
31982,32023,0.000,278.727
31982,32185,0.000,360.469
31982,32623,0.000,120.000
31988,279824,0.000,0.000
31988,279985,0.000,0.000
31988,280591,0.000,316.719
31994,32519,0.000,723.790
31997,35329,0.000,93.865
31997,35333,0.000,0.000
31997,35342,0.000,0.000
31999,33556,0.000,170.273
31999,33944,0.000,36.366
31999,35335,0.000,371.027
31999,35359,0.000,31.080
31999,35371,0.000,0.000
31999,35429,0.000,95.025
32001,32011,0.000,284.357
32001,32598,0.000,115.181
32001,32650,0.000,789.691
32001,32691,0.000,864.030
32004,32512,0.000,256.352
32004,35306,0.000,96.665
32011,32650,0.000,109.186
32011,35311,0.000,888.877
32011,35405,0.000,0.000
32013,32301,0.000,46.783
32013,32306,0.000,43.059
32013,32314,0.000,366.385
32013,32315,0.000,554.465
32013,33553,0.000,461.985
32016,34589,0.000,132.182
32020,32026,0.000,430.522
32025,32591,0.000,287.486
32026,32159,0.000,370.024
32026,279545,0.000,0.000
32026,280121,0.000,0.000
32026,280668,0.000,461.563
32026,280838,0.000,0.000
32027,33736,0.000,342.456
32029,34725,0.000,2872.340
32053,32585,0.000,181.302
32053,32591,0.000,52.259
32054,35378,0.000,618.681
32056,32397,0.000,1255.201
32056,32591,0.000,458.907
32060,33754,0.000,949.059
32069,32696,0.000,998.422
32071,33574,0.000,75.553
32086,32170,0.000,282.251
32086,32182,0.000,217.766
32086,35294,0.000,957.200
32104,33538,0.000,381.780
32104,34651,0.000,103.445
32105,33556,0.000,266.695
32105,33589,0.000,167.257
32105,35359,0.000,0.000
32105,35453,0.000,0.000
32110,32568,0.000,30.014
32125,33818,0.000,42.840
32131,32441,0.000,1965.963
32135,35355,0.000,948.450
32138,35297,0.000,128.359
32138,35391,0.000,0.000
32141,32209,0.000,168.533
32141,33866,0.000,399.835
32141,34381,0.000,60.596
32142,33633,0.000,240.466
32143,278798,0.000,0.000
32143,280808,0.000,184.571
32156,32225,0.000,35.053
32156,33606,0.000,35.909
32159,280668,0.000,0.000
32159,280838,0.000,168.757
32168,33589,0.000,715.399
32168,279046,0.000,0.000
32168,280860,0.000,211.425
32168,281998,0.000,0.000
32171,32207,0.000,1462.613
32171,33763,0.000,110.136
32173,282080,0.000,0.000
32173,282099,0.000,377.860
32174,32460,0.000,477.389
32174,33855,0.000,419.215
32174,35355,0.000,1414.221
32174,35357,0.000,929.171
32179,33442,0.000,570.000
32179,33783,0.000,270.000
32182,35294,0.000,47.510
32182,35301,0.000,139.196
32182,35347,0.000,554.738
32186,34651,0.000,540.000
32190,280896,0.000,146.993
32190,282053,0.000,0.000
32190,282080,0.000,0.000
32191,33631,0.000,362.590
32191,35309,0.000,113.785
32191,35368,0.000,0.000
32204,33715,0.000,485.969
32209,33866,0.000,29.925
32210,35302,0.000,61.159
32210,35312,0.000,51.392
32210,35318,0.000,64.294
32211,33597,0.000,302.389
32211,359667,0.000,0.000
32211,359691,0.000,0.000
32225,33606,0.000,0.000
32225,35296,0.000,333.263
32225,35325,0.000,212.351
32226,359658,0.000,0.000
32226,359693,0.000,0.000
32231,32573,0.000,123.135
32240,33736,0.000,86.144
32263,33736,0.000,544.981
32272,32277,0.000,428.149
32272,32306,0.000,17.550
32272,32314,0.000,245.164
32272,33911,0.000,144.293
32272,359651,0.000,0.000
32272,359769,0.000,107.369
32272,359828,0.000,0.000
32277,32279,0.000,526.647
32277,33911,0.000,210.000
32277,359769,0.000,0.000
32277,359828,0.000,17.395
32277,359846,0.000,0.000
32279,33911,0.000,575.354
32279,359828,0.000,0.000
32279,359846,0.000,216.391
32279,360773,0.000,0.000
32281,33638,0.000,176.954
32281,33799,0.000,0.000
32281,33803,0.000,58.714
32281,33907,0.000,215.364
32288,33448,0.000,65.112
32288,33905,0.000,563.730
32290,33563,0.000,354.808
32290,33809,0.000,194.844
32301,32305,0.000,253.584
32301,32306,0.000,994.642
32301,32315,0.000,939.402
32301,33540,0.000,73.548
32301,33553,0.000,73.603
32301,33789,0.000,230.036
32301,33911,0.000,1323.807
32305,33789,0.000,346.416
32306,32314,0.000,1098.406
32306,33911,0.000,769.206
32315,33553,0.000,588.610
32374,32500,0.000,793.055
32374,32623,0.000,1669.212
32374,32675,0.000,409.162
32374,32738,0.000,1069.128
32374,32968,0.000,0.000
32374,33216,0.000,0.000
32374,33864,0.000,1110.000
32378,32408,0.000,99.323
32378,32551,0.000,191.376
32378,32747,0.000,170.671
32378,32800,0.000,0.000
32378,33443,0.000,186.293
32378,35319,0.000,145.998
32378,35351,0.000,290.686
32378,35413,0.000,4.002
32378,35445,0.000,398.757
32379,32400,0.000,42.643
32379,32526,0.000,73.603
32379,32563,0.000,52.795
32379,32749,0.000,569.887
32379,32781,0.000,0.000
32379,33020,0.000,0.000
32379,33096,0.000,0.000
32379,33188,0.000,0.000
32379,33866,0.000,6.741
32379,35378,0.000,70.488
32384,32427,0.000,916.469
32384,32676,0.000,17.999
32384,32677,0.000,6.279
32384,32760,0.000,946.031
32384,32840,0.000,0.000
32384,33031,0.000,0.000
32384,33309,0.000,0.000
32384,33310,0.000,0.000
32384,33912,0.000,219.805
32384,35345,0.000,295.382
32386,32479,0.000,32.336
32386,32762,0.000,357.268
32386,32927,0.000,0.000
32386,34713,0.000,330.000
32387,32432,0.000,442.087
32387,32764,0.000,723.461
32387,32856,0.000,0.000
32387,33171,0.000,0.000
32387,34725,0.000,180.302
32392,32495,0.000,472.568
32392,32581,0.000,892.511
32392,32650,0.000,9.377
32392,32772,0.000,104.753
32392,32960,0.000,0.000
32392,32966,0.000,0.000
32392,33007,0.000,0.000
32392,33266,0.000,0.000
32392,33846,0.000,262.248
32392,34843,0.000,126.637
32397,32573,0.000,514.293
32397,32632,0.000,81.207
32397,32777,0.000,168.333
32397,33113,0.000,0.000
32399,32441,0.000,11.402
32399,32632,0.000,339.020
32399,32780,0.000,262.675
32399,32868,0.000,0.000
32399,33233,0.000,0.000
32400,32563,0.000,34.401
32400,32749,0.000,0.000
32400,32781,0.000,134.444
32400,33096,0.000,0.000
32400,33321,0.000,0.000
32400,33880,0.000,217.237
32401,32528,0.000,299.568
32401,32578,0.000,0.000
32401,32635,0.000,503.685
32401,32785,0.000,430.743
32401,33241,0.000,0.000
32408,32494,0.000,73.104
32408,32551,0.000,378.168
32408,32747,0.000,0.000
32408,32800,0.000,688.608
32408,32957,0.000,0.000
32408,32988,0.000,0.000
32408,33070,0.000,0.000
32408,35344,0.000,0.989
32409,32512,0.000,249.133
32409,32648,0.000,5.398
32409,32655,0.000,15.614
32409,32802,0.000,168.489
32409,32990,0.000,0.000
32409,33209,0.000,0.000
32409,33264,0.000,0.000
32409,33273,0.000,0.000
32409,35347,0.000,167.046
32420,32539,0.000,240.315
32420,32581,0.000,655.196
32420,32650,0.000,83.329
32420,32683,0.000,296.122
32420,32826,0.000,1647.862
32420,32880,0.000,0.000
32420,33046,0.000,0.000
32420,33132,0.000,0.000
32420,33266,0.000,0.000
32420,33320,0.000,0.000
32420,33830,0.000,560.146
32424,32634,0.000,290.678
32424,32835,0.000,36.184
32424,33240,0.000,0.000
32424,35302,0.000,522.116
32424,35311,0.000,146.842
32427,32750,0.000,0.000
32427,32760,0.000,0.000
32427,32840,0.000,697.678
32427,34452,0.000,142.410
32427,34658,0.000,45.764
32427,34695,0.000,66.221
32427,34734,0.000,1096.793
32432,32764,0.000,0.000
32432,32856,0.000,339.582
32433,32441,0.000,660.018
32433,32501,0.000,630.000
32433,32539,0.000,210.000
32433,32859,0.000,298.550
32433,32880,0.000,0.000
32433,33830,0.000,1059.046
32441,32573,0.000,818.575
32441,32632,0.000,399.607
32441,32780,0.000,0.000
32441,32868,0.000,601.332
32441,33233,0.000,0.000
32441,33830,0.000,266.480
32460,32521,0.000,94.308
32460,32892,0.000,430.916
32460,33011,0.000,0.000
32460,33855,0.000,673.584
32472,32650,0.000,19.040
32472,32915,0.000,64.703
32472,32966,0.000,0.000
32472,34843,0.000,221.317
32479,32762,0.000,0.000
32479,32927,0.000,282.575
32479,33066,0.000,0.000
32479,34713,0.000,424.635
32494,32551,0.000,264.684
32494,32800,0.000,0.000
32494,32957,0.000,68.903
32494,33647,0.000,540.000
32494,33751,0.000,360.000
32495,32581,0.000,83.802
32495,32772,0.000,0.000
32495,32960,0.000,149.181
32500,32519,0.000,120.494
32500,32520,0.000,377.278
32500,32675,0.000,28.825
32500,32738,0.000,0.000
32500,32968,0.000,1257.011
32500,33009,0.000,0.000
32500,33010,0.000,0.000
32500,33032,0.000,0.000
32500,33180,0.000,0.000
32500,33864,0.000,70.565
32501,32539,0.000,1538.005
32501,32970,0.000,59.866
32501,33046,0.000,0.000
32505,32606,0.000,0.027
32505,32975,0.000,322.588
32505,33174,0.000,0.000
32506,32528,0.000,462.672
32506,32635,0.000,12.448
32506,32667,0.000,177.161
32506,32978,0.000,224.759
32506,33024,0.000,0.000
32506,33241,0.000,0.000
32506,33295,0.000,0.000
32512,32648,0.000,540.000
32512,32802,0.000,0.000
32512,32990,0.000,12.812
32512,35306,0.000,720.000
32512,35344,0.000,120.682
32512,35347,0.000,484.881
32519,32520,0.000,541.654
32519,32697,0.000,974.739
32519,32968,0.000,0.000
32519,33009,0.000,97.257
32519,33032,0.000,0.000
32519,33736,0.000,744.975
32520,32968,0.000,0.000
32520,33010,0.000,121.759
32520,33599,0.000,23.837
32520,33864,0.000,20.300
32521,32568,0.000,251.964
32521,32892,0.000,0.000
32521,33011,0.000,854.650
32521,33088,0.000,0.000
32521,33103,0.000,0.000
32521,33855,0.000,276.850
32526,32749,0.000,0.000
32526,32920,0.000,0.000
32526,33020,0.000,156.285
32526,33838,0.000,68.474
32526,35378,0.000,184.651
32528,32615,0.000,317.055
32528,32632,0.000,92.332
32528,32635,0.000,30.000
32528,32978,0.000,0.000
32528,33024,0.000,724.947
32528,33198,0.000,0.000
32528,33233,0.000,0.000
32539,32581,0.000,1440.000
32539,32826,0.000,0.000
32539,32880,0.000,0.000
32539,32970,0.000,0.000
32539,33046,0.000,953.354
32539,33830,0.000,68.603
32551,32800,0.000,0.000
32551,33070,0.000,467.900
32551,33442,0.000,56.065
32551,33443,0.000,173.707
32563,32749,0.000,0.000
32563,32781,0.000,0.000
32563,32920,0.000,0.000
32563,33003,0.000,0.000
32563,33096,0.000,603.904
32563,33321,0.000,0.000
32563,33632,0.000,58.565
32563,33838,0.000,0.000
32563,33845,0.000,199.777
32563,33880,0.000,12.552
32563,34342,0.000,0.000
32568,33011,0.000,0.000
32568,33103,0.000,284.806
32573,32632,0.000,66.859
32573,32777,0.000,0.000
32573,33113,0.000,674.841
32573,33233,0.000,0.000
32578,32585,0.000,602.899
32578,32632,0.000,69.969
32578,33127,0.000,735.552
32578,33137,0.000,0.000
32578,33233,0.000,0.000
32581,32826,0.000,0.000
32581,33007,0.000,0.000
32581,33132,0.000,355.528
32581,33633,0.000,1200.000
32581,33846,0.000,80.536
32583,359655,0.000,0.000
32583,361260,0.000,145.970
32583,363731,0.000,205.509
32585,32591,0.000,2310.884
32585,33127,0.000,0.000
32585,33137,0.000,244.718
32585,33146,0.000,0.000
32591,32632,0.000,148.980
32591,33137,0.000,0.000
32591,33146,0.000,498.870
32591,33233,0.000,0.000
32598,32691,0.000,416.551
32598,33156,0.000,23.657
32598,33334,0.000,0.000
32606,32634,0.000,0.027
32606,32677,0.000,174.303
32606,32975,0.000,0.000
32606,33174,0.000,350.911
32606,33240,0.000,0.000
32606,33310,0.000,0.000
32615,32683,0.000,939.688
32615,32691,0.000,294.043
32615,33024,0.000,0.000
32615,33198,0.000,1375.382
32615,33320,0.000,0.000
32615,33334,0.000,0.000
32623,32675,0.000,136.273
32623,32738,0.000,0.000
32623,33216,0.000,20.418
32623,33864,0.000,510.000
32632,32683,0.000,290.012
32632,32780,0.000,0.000
32632,32868,0.000,0.000
32632,33024,0.000,0.000
32632,33113,0.000,0.000
32632,33127,0.000,0.000
32632,33146,0.000,0.000
32632,33233,0.000,1562.240
32632,33320,0.000,0.000
32634,32676,0.000,210.000
32634,32677,0.000,135.867
32634,32835,0.000,0.000
32634,33174,0.000,0.000
32634,33240,0.000,581.432
32634,35345,0.000,1924.654
32635,32667,0.000,170.193
32635,32785,0.000,0.000
32635,32978,0.000,0.000
32635,33241,0.000,383.416
32635,33295,0.000,0.000
32638,33075,0.000,0.000
32638,33245,0.000,19.661
32638,34715,0.000,27.706
32648,32802,0.000,0.000
32648,32988,0.000,0.000
32648,33209,0.000,0.000
32648,33264,0.000,264.116
32648,35344,0.000,19.161
32648,35347,0.000,18.426
32650,32683,0.000,308.379
32650,32772,0.000,0.000
32650,32826,0.000,0.000
32650,32966,0.000,0.000
32650,33007,0.000,0.000
32650,33266,0.000,388.850
32650,33320,0.000,0.000
32650,33846,0.000,365.175
32650,34843,0.000,425.708
32650,35311,0.000,49.762
32655,32802,0.000,0.000
32655,33209,0.000,0.000
32655,33273,0.000,443.626
32655,35347,0.000,560.571
32667,32691,0.000,8.220
32667,32696,0.000,269.381
32667,32978,0.000,0.000
32667,33241,0.000,0.000
32667,33295,0.000,577.737
32667,33334,0.000,0.000
32667,35339,0.000,1333.180
32674,33290,0.000,0.000
32674,33305,0.000,924.603
32674,35348,0.000,0.037
32674,360787,0.000,178.688
32674,363729,0.000,0.000
32675,32738,0.000,0.000
32675,32968,0.000,0.000
32675,33032,0.000,0.000
32676,32677,0.000,330.000
32676,32760,0.000,0.000
32676,33031,0.000,0.000
32676,33309,0.000,159.052
32676,35345,0.000,289.004
32677,32760,0.000,0.000
32677,33174,0.000,0.000
32677,33310,0.000,106.645
32683,32691,0.000,60.000
32683,32826,0.000,0.000
32683,32880,0.000,0.000
32683,33198,0.000,0.000
32683,33233,0.000,0.000
32683,33266,0.000,0.000
32683,33320,0.000,1171.621
32683,33830,0.000,317.465
32686,33327,0.000,273.951
32687,32853,0.000,0.000
32687,33328,0.000,164.397
32687,33912,0.000,256.352
32691,32696,0.000,785.533
32691,33156,0.000,0.000
32691,33198,0.000,0.000
32691,33295,0.000,0.000
32691,33334,0.000,1305.705
32691,33348,0.000,0.000
32696,33334,0.000,0.000
32696,33348,0.000,30.082
32696,35339,0.000,1268.937
32697,33032,0.000,0.000
32738,32968,0.000,1334.413
32738,33216,0.000,27.997
32747,32800,0.000,170.543
32749,32781,0.000,74.097
32749,32853,0.000,234.504
32749,32920,0.000,47.705
32749,33020,0.000,201.576
32749,33096,0.000,313.581
32749,33188,0.000,83.259
32749,33866,0.000,0.000
32750,32840,0.000,89.191
32750,32975,0.000,142.336
32750,33338,0.000,292.055
32750,34695,0.000,158.532
32750,34734,0.000,0.000
32760,32840,0.000,583.531
32760,32975,0.000,953.705
32760,33031,0.000,34.618
32760,33309,0.000,162.001
32760,33310,0.000,0.016
32760,35345,0.000,0.000
32762,32803,0.000,474.539
32762,32864,0.000,450.000
32762,32927,0.000,957.664
32764,32856,0.000,171.454
32764,33171,0.000,12.490
32764,33206,0.000,230.901
32764,34725,0.000,0.000
32772,32960,0.000,0.410
32772,32966,0.000,285.674
32772,33007,0.000,209.215
32772,33266,0.000,34.394
32772,33846,0.000,0.000
32772,34843,0.000,0.000
32777,33113,0.000,209.840
32778,33911,0.000,152.524
32780,32868,0.000,1.882
32780,33233,0.000,245.572
32781,33096,0.000,53.837
32781,33321,0.000,22.034
32781,33880,0.000,0.000
32785,33241,0.000,216.315
32800,32957,0.000,56.568
32800,32988,0.000,697.348
32800,33070,0.000,467.583
32800,35344,0.000,0.000
32802,32990,0.000,15.986
32802,33209,0.000,0.044
32802,33264,0.000,229.868
32802,33273,0.000,156.782
32802,35347,0.000,0.000
32803,32864,0.000,237.419
32803,33818,0.000,238.212
32803,34320,0.000,0.000
32826,32880,0.000,1149.854
32826,33046,0.000,149.685
32826,33132,0.000,364.804
32826,33266,0.000,96.671
32826,33320,0.000,1023.878
32826,33830,0.000,0.000
32835,33240,0.000,30.789
32840,32975,0.000,594.588
32840,34695,0.000,0.000
32853,33328,0.000,151.990
32853,33912,0.000,831.231
32853,34430,0.000,0.000
32856,33171,0.000,317.716
32856,33206,0.000,181.575
32859,32880,0.000,230.954
32859,33830,0.000,0.000
32864,32927,0.000,912.712
32864,33818,0.000,0.000
32868,33233,0.000,522.027
32880,33046,0.000,441.397
32880,33320,0.000,72.535
32880,33830,0.000,1307.429
32880,34334,0.000,14.262
32892,33011,0.000,263.422
32897,32915,0.000,40.172
32897,32966,0.000,305.587
32897,34698,0.000,244.303
32897,35131,0.000,106.624
32897,35281,0.000,0.000
32899,33831,0.000,571.297
32899,34335,0.000,16.245
32915,32966,0.000,113.130
32915,34843,0.000,0.000
32920,33020,0.000,7.746
32920,33096,0.000,220.186
32920,33838,0.000,118.525
32920,34342,0.000,44.291
32927,33066,0.000,300.636
32927,33075,0.000,0.000
32927,34713,0.000,0.000
32958,33088,0.000,126.773
32958,33843,0.000,93.152
32958,33855,0.000,0.000
32958,34348,0.000,68.178
32960,32966,0.000,108.805
32966,33266,0.000,164.647
32966,34350,0.000,0.000
32966,34843,0.000,407.264
32966,35131,0.000,0.000
32966,35281,0.000,310.563
32968,33009,0.000,4.200
32968,33010,0.000,126.751
32968,33032,0.000,1835.208
32968,33180,0.000,109.435
32968,33864,0.000,0.000
32970,33046,0.000,65.376
32975,33174,0.000,97.609
32975,33310,0.000,79.766
32978,33024,0.000,12.129
32978,33241,0.000,225.390
32978,33295,0.000,105.610
32988,33191,0.000,40.893
32988,33209,0.000,367.449
32988,33264,0.000,340.839
32988,35344,0.000,858.627
32988,35347,0.000,0.000
32988,35351,0.000,0.000
33003,33096,0.000,36.794
33003,33321,0.000,0.857
33003,33845,0.000,34.716
33003,33880,0.000,0.000
33007,33132,0.000,250.774
33007,33266,0.000,230.959
33007,33846,0.000,656.643
33007,34355,0.000,29.375
33009,33032,0.000,108.199
33011,33088,0.000,441.674
33011,33103,0.000,220.211
33011,33855,0.000,0.000
33020,33838,0.000,0.000
33024,33083,0.000,237.192
33024,33198,0.000,169.331
33024,33233,0.000,259.927
33024,33295,0.000,36.395
33024,33320,0.000,0.000
33024,33334,0.000,120.000
33031,33309,0.000,10.996
33031,35345,0.000,33.426
33046,33830,0.000,0.000
33066,33075,0.000,32.745
33066,34713,0.000,111.537
33066,34715,0.000,0.000
33068,33854,0.000,264.952
33075,33245,0.000,162.637
33075,34713,0.000,0.000
33075,34715,0.000,260.636
33075,35149,0.000,1.376
33083,33198,0.000,330.000
33083,33334,0.000,300.000
33088,33843,0.000,0.000
33088,33855,0.000,464.583
33096,33321,0.000,68.769
33096,33838,0.000,0.000
33096,33845,0.000,0.000
33096,33880,0.000,0.000
33113,33233,0.000,533.141
33127,33137,0.000,256.703
33127,33233,0.000,930.198
33132,33266,0.000,31.401
33132,33846,0.000,0.000
33137,33146,0.000,5.325
33137,33233,0.000,50.624
33146,33233,0.000,627.509
33156,33334,0.000,33.449
33171,33206,0.000,39.570
33171,34725,0.000,420.910
33171,35159,0.000,159.273
33174,33240,0.000,526.183
33174,33310,0.000,26.814
33180,33864,0.000,125.245
33188,33866,0.000,245.801
33191,35344,0.000,0.000
33191,35351,0.000,30.823
33198,33233,0.000,0.000
33198,33320,0.000,680.312
33198,33334,0.000,1265.957
33209,33264,0.000,226.308
33209,33273,0.000,508.262
33209,35344,0.000,0.000
33209,35347,0.000,919.356
33233,33320,0.000,69.988
33241,33295,0.000,17.914
33245,34715,0.000,0.000
33264,35344,0.000,0.000
33264,35347,0.000,0.000
33266,33320,0.000,51.621
33266,33846,0.000,0.000
33266,34843,0.000,0.000
33273,35347,0.000,0.000
33286,35378,0.000,2248.509
33290,33305,0.000,338.300
33290,35348,0.000,1571.827
33290,361271,0.000,125.554
33290,363729,0.000,0.000
33295,33334,0.000,67.622
33305,35348,0.000,0.000
33305,361272,0.000,266.281
33309,35345,0.000,0.000
33320,33830,0.000,0.000
33321,33845,0.000,0.000
33321,33880,0.000,60.729
33327,361274,0.000,101.118
33328,33912,0.000,0.000
33334,33348,0.000,70.726
33338,34695,0.000,0.000
33338,34734,0.000,30.197
33338,35168,0.000,21.654
33441,33442,0.000,2.437
33441,33456,0.000,1193.425
33441,33457,0.000,0.000
33441,33754,0.000,450.409
33441,33757,0.000,502.135
33441,33783,0.000,629.042
33441,34281,0.000,27.800
33442,33456,0.000,0.000
33442,33457,0.000,2136.050
33442,33751,0.000,160.066
33442,33757,0.000,319.934
33442,33783,0.000,450.000
33443,33460,0.000,155.305
33443,33484,0.000,0.000
33443,35319,0.000,649.787
33443,35351,0.000,337.860
33443,35413,0.000,130.213
33443,35445,0.000,93.257
33445,33464,0.000,35.898
33445,33903,0.000,672.142
33445,279871,0.000,84.033
33446,33467,0.000,77.657
33447,33470,0.000,95.856
33447,33476,0.000,0.000
33447,33905,0.000,2.584
33448,33471,0.000,52.088
33448,33905,0.000,27.804
33449,33472,0.000,203.022
33450,33452,0.000,43.898
33450,33479,0.000,452.993
33450,33483,0.000,0.000
33451,33474,0.000,0.000
33451,33481,0.000,263.048
33451,33482,0.000,0.000
33451,33805,0.000,82.982
33451,33904,0.000,146.017
33451,33907,0.000,398.676
33452,33479,0.000,0.000
33452,33482,0.000,0.000
33452,33483,0.000,84.683
33452,33907,0.000,8.525
33452,34425,0.000,10.143
33454,33457,0.000,385.684
33455,33457,0.000,875.378
33456,33457,0.000,147.589
33457,33459,0.000,270.000
33457,33465,0.000,270.000
33457,33468,0.000,360.685
33458,33460,0.000,90.000
33458,33484,0.000,173.283
33458,35350,0.000,1040.118
33458,35351,0.000,0.000
33460,33484,0.000,18.883
33460,35351,0.000,0.000
33463,33464,0.000,19.252
33463,282783,0.000,0.000
33463,282868,0.000,93.466
33464,33903,0.000,0.000
33466,362047,0.000,61.472
33469,33473,0.000,59.889
33469,33474,0.000,184.959
33470,33476,0.000,36.577
33470,33478,0.000,21.396
33470,33479,0.000,13.735
33470,33905,0.000,0.000
33471,33479,0.000,57.741
33472,33473,0.000,50.646
33474,33481,0.000,293.541
33474,33904,0.000,112.867
33474,34422,0.000,0.000
33475,33479,0.000,195.815
33475,33482,0.000,129.668
33475,33483,0.000,174.802
33476,33478,0.000,107.231
33476,33905,0.000,327.579
33476,33906,0.000,0.000
33476,34423,0.000,21.837
33476,34424,0.000,0.000
33477,33479,0.000,138.129
33477,33480,0.000,345.539
33478,33905,0.000,0.000
33478,33906,0.000,89.852
33478,34423,0.000,0.000
33478,34424,0.000,13.677
33479,33480,0.000,239.922
33479,33483,0.000,315.067
33481,33482,0.000,32.245
33481,33904,0.000,0.000
33481,33907,0.000,0.000
33482,33483,0.000,279.924
33482,33907,0.000,462.002
33482,34425,0.000,27.720
33483,33907,0.000,0.000
33484,35350,0.000,0.000
33484,35351,0.000,123.027
33511,33520,0.000,380.471
33511,33525,0.000,0.000
33511,33912,0.000,1630.606
33520,33525,0.000,246.164
33520,33912,0.000,0.000
33522,33911,0.000,1216.398
33522,34429,0.000,0.000
33525,33912,0.000,399.890
33538,33569,0.000,41.077
33538,33771,0.000,538.245
33538,33914,0.000,888.681
33538,33961,0.000,0.000
33538,34261,0.000,0.000
33538,34651,0.000,282.738
33538,34787,0.000,591.756
33540,33552,0.000,228.979
33540,33612,0.000,244.399
33540,33789,0.000,187.942
33540,33911,0.000,810.000
33540,33918,0.000,262.070
33540,33937,0.000,0.000
33540,34031,0.000,0.000
33552,33553,0.000,178.060
33552,33560,0.000,592.018
33552,33789,0.000,53.177
33552,33911,0.000,330.000
33552,33918,0.000,0.000
33552,33937,0.000,171.387
33552,33939,0.000,0.000
33552,34289,0.000,0.000
33553,33560,0.000,537.920
33553,33789,0.000,107.443
33553,33937,0.000,0.000
33553,33939,0.000,729.241
33553,33948,0.000,0.000
33556,33589,0.000,1040.083
33556,33944,0.000,194.247
33556,34000,0.000,0.000
33556,35335,0.000,36.352
33556,278666,0.000,91.660
33556,279046,0.000,0.000
33556,287241,0.000,0.000
33560,33939,0.000,0.000
33560,33948,0.000,30.425
33563,33753,0.000,477.929
33563,33809,0.000,57.558
33563,33905,0.000,1.227
33563,34235,0.000,0.000
33569,33771,0.000,55.175
33569,33914,0.000,0.000
33569,33961,0.000,337.574
33574,33692,0.000,1106.947
33574,33695,0.000,322.542
33574,33968,0.000,82.804
33574,34147,0.000,0.000
33574,34150,0.000,0.000
33574,34656,0.000,133.390
33578,33579,0.000,34.337
33578,33791,0.000,299.945
33578,33979,0.000,57.291
33578,33981,0.000,0.000
33579,33791,0.000,225.470
33579,33905,0.000,99.723
33579,33906,0.000,478.215
33579,33979,0.000,0.000
33579,33981,0.000,474.860
33579,34291,0.000,0.000
33579,34424,0.000,0.000
33582,33715,0.000,321.535
33582,33754,0.000,285.365
33582,33985,0.000,214.373
33582,34184,0.000,0.000
33582,34236,0.000,0.000
33584,33607,0.000,745.432
33584,33987,0.000,173.714
33587,33630,0.000,102.453
33587,33916,0.000,0.000
33587,33994,0.000,623.329
33587,34063,0.000,0.000
33587,35355,0.000,492.401
33587,35360,0.000,118.186
33589,33944,0.000,0.000
33589,34000,0.000,231.420
33589,278666,0.000,0.000
33589,279046,0.000,60.874
33589,280860,0.000,0.000
33597,33778,0.000,703.394
33597,34008,0.000,173.287
33597,34274,0.000,0.000
33597,359667,0.000,178.466
33597,359679,0.000,0.000
33597,359683,0.000,0.000
33597,359691,0.000,0.000
33599,33645,0.000,737.970
33599,33730,0.000,567.577
33599,33864,0.000,630.263
33599,34010,0.000,255.636
33599,34085,0.000,0.000
33599,34204,0.000,0.000
33601,33713,0.000,239.825
33601,33864,0.000,419.883
33601,34012,0.000,774.461
33601,34182,0.000,0.000
33601,34379,0.000,0.000
33606,34018,0.000,312.199
33606,35296,0.000,0.000
33606,35356,0.000,258.129
33607,33818,0.000,92.280
33607,33987,0.000,0.000
33611,33911,0.000,626.910
33611,34030,0.000,273.874
33612,33911,0.000,1557.648
33612,33918,0.000,0.000
33612,34031,0.000,804.756
33612,34429,0.000,0.000
33614,34034,0.000,953.683
33614,34053,0.000,0.000
33614,34094,0.000,0.000
33614,34127,0.000,0.000
33614,35305,0.000,181.464
33614,35362,0.000,463.774
33614,35366,0.000,221.343
33614,35369,0.000,344.064
33616,33736,0.000,381.115
33616,34037,0.000,342.169
33616,34211,0.000,0.000
33627,33743,0.000,169.000
33627,33763,0.000,781.754
33627,33911,0.000,189.765
33627,34058,0.000,239.904
33627,34219,0.000,0.000
33627,34250,0.000,0.000
33627,34429,0.000,0.000
33630,33994,0.000,0.000
33630,34063,0.000,157.924
33630,34676,0.000,307.235
33630,35355,0.000,726.177
33631,34067,0.000,61.794
33631,34104,0.000,0.000
33631,35309,0.000,0.000
33631,35368,0.000,498.650
33632,33838,0.000,117.412
33632,33845,0.000,108.051
33632,34069,0.000,80.754
33632,34342,0.000,0.000
33632,34354,0.000,0.000
33633,33692,0.000,1708.525
33633,33695,0.000,1380.000
33633,34147,0.000,0.000
33638,33753,0.000,19.180
33638,33799,0.000,72.266
33638,33803,0.000,128.266
33638,33907,0.000,0.000
33638,34076,0.000,75.608
33638,34235,0.000,0.000
33641,34080,0.000,133.149
33641,34241,0.000,0.000
33641,35313,0.000,46.227
33641,35370,0.000,0.000
33641,35375,0.000,128.375
33645,33746,0.000,544.424
33645,34010,0.000,0.000
33645,34085,0.000,69.531
33645,34224,0.000,0.000
33647,33751,0.000,1514.839
33647,34088,0.000,164.883
33647,34232,0.000,0.000
33671,34119,0.000,380.555
33684,33688,0.000,187.388
33684,34138,0.000,291.439
33684,34143,0.000,0.000
33685,33688,0.000,225.050
33685,33692,0.000,290.488
33685,34140,0.000,62.002
33685,34143,0.000,0.000
33688,33692,0.000,292.255
33688,34138,0.000,0.000
33688,34140,0.000,0.000
33688,34143,0.000,870.706
33688,34147,0.000,0.000
33692,33695,0.000,128.303
33692,33968,0.000,0.000
33692,34143,0.000,0.000
33692,34147,0.000,1266.523
33692,34150,0.000,0.000
33693,34053,0.000,0.000
33693,34148,0.000,878.952
33693,35362,0.000,412.788
33695,33968,0.000,0.000
33695,34147,0.000,0.000
33695,34150,0.000,315.444
33695,35338,0.000,630.000
33695,35370,0.000,1740.000
33700,33816,0.000,920.765
33700,34156,0.000,684.817
33700,34318,0.000,0.000
33705,34169,0.000,381.990
33705,34173,0.000,0.000
33705,35356,0.000,136.659
33705,35373,0.000,667.455
33707,34172,0.000,153.948
33707,35348,0.000,275.711
33713,34012,0.000,0.000
33713,34182,0.000,491.451
33715,33754,0.000,9.726
33715,33985,0.000,0.000
33715,34184,0.000,960.400
33730,33864,0.000,382.522
33730,34010,0.000,0.000
33730,34204,0.000,703.482
33730,34379,0.000,0.000
33736,33774,0.000,2072.678
33736,34037,0.000,0.000
33736,34211,0.000,1361.941
33736,34268,0.000,0.000
33736,35382,0.000,858.372
33740,33743,0.000,254.164
33740,33763,0.000,741.325
33740,33816,0.000,940.747
33740,34215,0.000,399.845
33740,34219,0.000,0.000
33740,34318,0.000,0.000
33743,33816,0.000,14.145
33743,34058,0.000,0.000
33743,34215,0.000,0.000
33743,34219,0.000,1011.603
33746,34085,0.000,0.000
33746,34224,0.000,21.174
33751,33757,0.000,1807.787
33751,34088,0.000,0.000
33751,34232,0.000,507.081
33751,34239,0.000,0.000
33753,33905,0.000,21.879
33753,34076,0.000,0.000
33753,34235,0.000,1103.219
33753,34423,0.000,0.000
33754,33985,0.000,0.000
33754,34236,0.000,217.091
33757,33783,0.000,1326.827
33757,34232,0.000,0.000
33757,34239,0.000,1274.509
33757,34281,0.000,0.000
33763,33911,0.000,1019.751
33763,34058,0.000,0.000
33763,34250,0.000,1586.581
33763,34429,0.000,0.000
33771,33914,0.000,0.000
33771,34071,0.000,0.000
33771,34261,0.000,130.495
33771,34787,0.000,106.326
33774,34211,0.000,0.000
33774,34268,0.000,702.184
33778,34008,0.000,0.000
33778,34274,0.000,1879.604
33783,34239,0.000,0.000
33783,34281,0.000,739.055
33789,33937,0.000,0.000
33789,34289,0.000,117.099
33790,33796,0.000,0.000
33790,33803,0.000,181.438
33790,33805,0.000,274.668
33790,33904,0.000,135.254
33790,34290,0.000,95.061
33790,34305,0.000,0.000
33790,34422,0.000,0.000
33791,33905,0.000,142.680
33791,33981,0.000,0.000
33791,34291,0.000,32.257
33796,33803,0.000,35.925
33796,33805,0.000,249.652
33796,33907,0.000,280.368
33796,34303,0.000,0.000
33796,34425,0.000,0.000
33799,33907,0.000,1171.353
33799,34299,0.000,79.759
33799,34425,0.000,0.000
33803,33805,0.000,0.000
33803,33907,0.000,277.695
33803,34303,0.000,36.246
33803,34425,0.000,0.000
33805,33904,0.000,54.289
33805,33907,0.000,98.120
33805,34290,0.000,0.000
33805,34305,0.000,179.823
33809,33905,0.000,133.196
33809,34309,0.000,45.864
33809,34423,0.000,0.000
33816,33911,0.000,1240.674
33816,34156,0.000,0.000
33816,34215,0.000,0.000
33816,34318,0.000,480.637
33818,34320,0.000,683.637
33830,34334,0.000,44.853
33831,34335,0.000,960.528
33838,34069,0.000,0.000
33838,34342,0.000,221.523
33843,33855,0.000,356.682
33843,34348,0.000,136.860
33843,34369,0.000,0.000
33845,33880,0.000,243.906
33845,34069,0.000,0.000
33845,34354,0.000,321.790
33845,34398,0.000,0.000
33846,34355,0.000,137.952
33854,34367,0.000,55.645
33855,33934,0.000,0.000
33855,34348,0.000,0.000
33855,34369,0.000,725.551
33855,35357,0.000,1720.970
33864,34012,0.000,0.000
33864,34204,0.000,0.000
33864,34379,0.000,1894.562
33866,34381,0.000,30.049
33880,34354,0.000,0.000
33880,34398,0.000,684.108
33903,34421,0.000,30.743
33904,34290,0.000,0.000
33904,34422,0.000,284.895
33905,33906,0.000,214.549
33905,34235,0.000,0.000
33905,34309,0.000,0.000
33905,34423,0.000,415.839
33905,34424,0.000,0.000
33906,33981,0.000,0.000
33906,34423,0.000,0.000
33906,34424,0.000,132.494
33907,34299,0.000,0.000
33907,34303,0.000,0.000
33907,34425,0.000,1682.033
33911,34031,0.000,0.000
33911,34058,0.000,0.000
33911,34250,0.000,0.000
33911,34429,0.000,3584.963
33911,359846,0.000,0.000
33911,360773,0.000,2212.904
33912,34430,0.000,531.954
33912,35355,0.000,2777.891
33914,33961,0.000,6.237
33914,34261,0.000,21.865
33916,33994,0.000,32.230
33916,34017,0.000,109.518
33916,35355,0.000,2570.711
33916,35360,0.000,0.000
33918,33937,0.000,11.021
33918,34031,0.000,25.601
33929,34098,0.000,21.918
33929,35356,0.000,250.097
33929,35367,0.000,0.000
33934,34369,0.000,1.854
33934,35357,0.000,323.127
33937,33939,0.000,31.940
33937,34289,0.000,14.478
33939,33948,0.000,28.379
33944,34000,0.000,20.019
33968,34147,0.000,40.948
33968,34150,0.000,33.516
33979,33981,0.000,22.969
33981,34291,0.000,29.130
33981,34424,0.000,47.130
33985,34184,0.000,54.916
33985,34236,0.000,28.937
33994,34063,0.000,21.681
33994,35355,0.000,0.000
33998,34158,0.000,20.023
33998,35359,0.000,225.104
33998,35453,0.000,0.952
33998,35465,0.000,0.000
34008,34274,0.000,213.325
34010,34085,0.000,20.751
34010,34204,0.000,21.739
34012,34182,0.000,29.592
34012,34379,0.000,60.117
34017,35355,0.000,0.000
34017,35360,0.000,1807.937
34017,35454,0.000,161.636
34029,34127,0.000,70.286
34029,35361,0.000,133.559
34029,35369,0.000,0.000
34029,35455,0.000,183.543
34031,34429,0.000,92.352
34034,34053,0.000,125.433
34034,34094,0.000,77.020
34034,34127,0.000,71.786
34034,35362,0.000,0.000
34034,35366,0.000,0.000
34034,35369,0.000,0.000
34037,34211,0.000,66.082
34053,34148,0.000,11.814
34053,35362,0.000,231.757
34053,35456,0.000,111.431
34057,35363,0.000,294.437
34057,35457,0.000,420.233
34058,34219,0.000,20.111
34058,34250,0.000,108.047
34058,34429,0.000,37.364
34067,34104,0.000,31.429
34067,35368,0.000,0.000
34069,34342,0.000,55.631
34069,34354,0.000,23.754
34071,34261,0.000,4.179
34071,34787,0.000,56.391
34076,34235,0.000,63.793
34080,34241,0.000,29.436
34080,35375,0.000,0.000
34085,34224,0.000,20.222
34088,34232,0.000,75.161
34094,34127,0.000,37.936
34094,34158,0.000,34.480
34094,35366,0.000,348.710
34094,35369,0.000,0.000
34094,35460,0.000,15.196
34094,35465,0.000,0.000
34098,34104,0.000,20.308
34098,35356,0.000,0.000
34098,35367,0.000,131.930
34098,35368,0.000,0.000
34098,35461,0.000,6.759
34098,35462,0.000,0.000
34104,34173,0.000,24.525
34104,35367,0.000,0.000
34104,35368,0.000,90.931
34104,35373,0.000,0.000
34104,35461,0.000,0.000
34104,35462,0.000,175.017
34127,34158,0.000,9.426
34127,35361,0.000,0.000
34127,35366,0.000,0.000
34127,35369,0.000,461.942
34127,35371,0.000,0.000
34137,34241,0.000,22.758
34137,35370,0.000,427.969
34137,35375,0.000,0.000
34138,34143,0.000,24.251
34140,34143,0.000,65.529
34143,34147,0.000,45.929
34147,34150,0.000,20.020
34148,35362,0.000,0.000
34156,34318,0.000,100.507
34158,35369,0.000,0.000
34158,35371,0.000,12.882
34158,35453,0.000,0.000
34158,35460,0.000,0.000
34158,35465,0.000,148.444
34169,34173,0.000,65.425
34169,35373,0.000,0.000
34173,35368,0.000,0.000
34173,35373,0.000,421.051
34173,35467,0.000,159.651
34204,34379,0.000,130.402
34211,34268,0.000,30.801
34215,34219,0.000,34.379
34215,34318,0.000,41.708
34232,34239,0.000,136.947
34235,34423,0.000,32.317
34239,34281,0.000,56.331
34241,35370,0.000,0.000
34241,35375,0.000,232.952
34250,34429,0.000,17.307
34261,34787,0.000,0.000
34290,34305,0.000,57.595
34290,34422,0.000,26.960
34299,34425,0.000,29.231
34303,34425,0.000,26.625
34309,34423,0.000,49.497
34348,34369,0.000,60.494
34350,34843,0.000,35.315
34350,35281,0.000,112.076
34354,34398,0.000,20.094
34369,35357,0.000,0.000
34397,35378,0.000,1863.173
34397,35472,0.000,277.739
34423,34424,0.000,14.236
34450,34589,0.000,343.445
34450,34873,0.000,17.226
34450,35013,0.000,0.000
34450,35313,0.000,35.417
34452,34658,0.000,10.559
34452,34734,0.000,71.606
34452,34875,0.000,201.531
34460,34622,0.000,103.752
34460,34883,0.000,77.356
34460,35046,0.000,0.000
34468,34587,0.000,93.647
34468,34866,0.000,0.000
34468,34891,0.000,233.975
34468,35379,0.000,149.177
34500,34621,0.000,58.691
34500,34713,0.000,379.306
34500,34923,0.000,229.596
34500,35045,0.000,0.000
34510,34548,0.000,112.087
34510,34619,0.000,128.651
34510,34933,0.000,128.512
34510,34972,0.000,0.000
34548,34616,0.000,613.002
34548,34933,0.000,0.000
34548,34972,0.000,1094.995
34548,35040,0.000,0.000
34556,34587,0.000,253.033
34556,34649,0.000,97.105
34556,34980,0.000,204.215
34556,35075,0.000,0.000
34556,35360,0.000,28.214
34587,35011,0.000,509.211
34587,35360,0.000,699.755
34587,35379,0.000,74.606
34589,34632,0.000,24.911
34589,34873,0.000,0.000
34589,35013,0.000,94.232
34589,35056,0.000,0.000
34597,34687,0.000,150.966
34597,34690,0.000,599.875
34597,35021,0.000,107.625
34597,35119,0.000,0.000
34597,35123,0.000,0.000
34599,34687,0.000,288.491
34599,35023,0.000,95.642
34599,35107,0.000,0.000
34599,35119,0.000,0.000
34599,35384,0.000,82.530
34602,34676,0.000,55.426
34602,35026,0.000,13.036
34602,35355,0.000,356.817
34614,34620,0.000,3.460
34614,34651,0.000,99.754
34614,35038,0.000,111.297
34614,35044,0.000,0.000
34616,34619,0.000,247.105
34616,34972,0.000,0.000
34616,35040,0.000,220.384
34616,35043,0.000,0.000
34619,35040,0.000,0.000
34619,35043,0.000,722.923
34620,34632,0.000,3.437
34620,34651,0.000,570.000
34620,35038,0.000,0.000
34620,35044,0.000,539.967
34620,35056,0.000,0.000
34621,34713,0.000,673.139
34621,34923,0.000,0.000
34621,35045,0.000,253.890
34621,35147,0.000,0.000
34622,34725,0.000,180.989
34622,34883,0.000,0.000
34622,35046,0.000,1077.505
34622,35159,0.000,0.000
34632,35013,0.000,0.000
34632,35044,0.000,0.000
34632,35056,0.000,322.375
34638,34656,0.000,53.967
34638,35063,0.000,201.388
34649,34657,0.000,209.205
34649,34980,0.000,0.000
34649,35075,0.000,128.749
34649,35083,0.000,0.000
34651,35077,0.000,291.771
34656,35082,0.000,12.915
34657,35075,0.000,0.000
34657,35083,0.000,96.864
34657,35360,0.000,169.586
34658,35084,0.000,30.319
34658,35355,0.000,480.000
34676,35106,0.000,619.739
34687,35021,0.000,0.000
34687,35023,0.000,0.000
34687,35119,0.000,474.659
34690,35021,0.000,0.000
34690,35123,0.000,308.344
34695,34734,0.000,144.961
34695,35127,0.000,17.924
34695,35168,0.000,0.000
34713,34715,0.000,330.674
34713,35045,0.000,0.000
34713,35147,0.000,126.837
34713,35149,0.000,0.000
34715,35147,0.000,0.000
34715,35149,0.000,85.476
34725,35046,0.000,0.000
34725,35159,0.000,255.477
34734,35127,0.000,0.000
34734,35168,0.000,64.133
34787,35298,0.000,900.000
34787,35341,0.000,90.000
34787,35382,0.000,1069.870
34843,35281,0.000,149.266
34866,34891,0.000,61.323
34866,35379,0.000,394.887
34866,35473,0.000,29.088
34873,35013,0.000,23.360
34883,35046,0.000,3.543
34891,35056,0.000,104.569
34891,35379,0.000,0.000
34923,35045,0.000,20.453
34933,34972,0.000,50.255
34972,35040,0.000,73.241
34972,35099,0.000,587.066
34980,35075,0.000,49.857
35013,35056,0.000,44.921
35021,35119,0.000,43.881
35021,35123,0.000,63.927
35023,35107,0.000,2.740
35023,35119,0.000,6.156
35023,35384,0.000,0.000
35038,35044,0.000,173.137
35040,35043,0.000,74.757
35044,35056,0.000,10.740
35045,35147,0.000,17.137
35046,35159,0.000,20.776
35057,35381,0.000,51.896
35057,35475,0.000,28.297
35075,35083,0.000,45.142
35097,35383,0.000,324.722
35097,35477,0.000,76.270
35107,35384,0.000,58.677
35127,35168,0.000,25.249
35131,35281,0.000,106.571
35147,35149,0.000,9.724
35294,35351,0.000,601.301
35294,35388,0.000,793.905
35294,35445,0.000,0.000
35295,35304,0.000,32.041
35295,35333,0.000,37.298
35295,35342,0.000,111.683
35295,35362,0.000,79.089
35295,35389,0.000,171.851
35295,35398,0.000,0.000
35295,35427,0.000,0.000
35295,35436,0.000,0.000
35295,35456,0.000,0.000
35296,35356,0.000,232.390
35296,35367,0.000,18.710
35296,35368,0.000,26.865
35296,35390,0.000,482.722
35296,35462,0.000,0.000
35297,35378,0.000,327.141
35297,35391,0.000,179.955
35297,35472,0.000,0.000
35298,35327,0.000,299.530
35298,35340,0.000,322.309
35298,35341,0.000,55.751
35298,35382,0.000,729.634
35298,35392,0.000,646.966
35298,35421,0.000,0.000
35298,35476,0.000,0.000
35299,35355,0.000,1931.845
35299,35393,0.000,546.548
35299,35449,0.000,0.000
35300,35325,0.000,348.735
35300,35394,0.000,91.836
35300,35419,0.000,0.000
35301,35306,0.000,172.271
35301,35334,0.000,161.634
35301,35336,0.000,0.000
35301,35347,0.000,765.458
35301,35395,0.000,288.891
35301,35400,0.000,0.000
35301,35428,0.000,0.000
35301,35441,0.000,0.000
35302,35311,0.000,696.743
35302,35312,0.000,3.439
35302,35318,0.000,415.583
35302,35396,0.000,488.784
35302,35405,0.000,0.000
35302,35406,0.000,0.000
35302,35412,0.000,0.000
35304,35324,0.000,121.850
35304,35342,0.000,56.087
35304,35389,0.000,0.000
35304,35398,0.000,119.222
35304,35418,0.000,0.000
35305,35316,0.000,4.453
35305,35324,0.000,256.794
35305,35362,0.000,253.348
35305,35366,0.000,315.655
35305,35399,0.000,254.780
35305,35418,0.000,0.000
35305,35456,0.000,0.000
35305,35460,0.000,0.000
35306,35310,0.000,384.532
35306,35347,0.000,195.597
35306,35395,0.000,0.000
35306,35400,0.000,465.569
35306,35404,0.000,0.000
35308,35360,0.000,219.312
35308,35381,0.000,51.393
35308,35384,0.000,193.110
35308,35402,0.000,265.907
35308,35454,0.000,0.000
35308,35475,0.000,0.000
35308,35478,0.000,0.000
35309,35333,0.000,68.102
35309,35368,0.000,44.992
35309,35373,0.000,80.790
35309,35403,0.000,166.091
35309,35427,0.000,0.000
35309,35467,0.000,0.000
35310,35345,0.000,403.715
35310,35400,0.000,0.000
35310,35404,0.000,362.228
35310,35439,0.000,0.000
35311,35312,0.000,122.380
35311,35396,0.000,0.000
35311,35405,0.000,307.264
35312,35318,0.000,166.426
35312,35396,0.000,0.000
35312,35406,0.000,29.635
35312,35412,0.000,0.000
35313,35330,0.000,318.514
35313,35407,0.000,327.892
35313,35424,0.000,0.000
35315,35327,0.000,831.074
35315,35338,0.000,1099.301
35315,35341,0.000,968.220
35315,35435,0.000,0.000
35316,35324,0.000,775.518
35316,35362,0.000,428.361
35316,35410,0.000,190.264
35316,35418,0.000,0.000
35316,35456,0.000,0.000
35317,35350,0.000,284.401
35317,35411,0.000,116.783
35317,35444,0.000,0.000
35318,35396,0.000,0.000
35318,35406,0.000,0.000
35318,35412,0.000,120.336
35319,35351,0.000,153.096
35319,35413,0.000,583.062
35319,35445,0.000,0.000
35321,35356,0.000,120.567
35321,35367,0.000,35.265
35321,35368,0.000,150.804
35321,35373,0.000,301.678
35321,35415,0.000,208.712
35321,35450,0.000,0.000
35321,35461,0.000,0.000
35321,35467,0.000,0.000
35323,35324,0.000,444.642
35323,35359,0.000,65.403
35323,35417,0.000,459.634
35323,35418,0.000,0.000
35324,35359,0.000,114.247
35324,35398,0.000,0.000
35324,35399,0.000,0.000
35324,35410,0.000,0.000
35324,35417,0.000,0.000
35324,35418,0.000,1406.256
35324,35453,0.000,0.000
35325,35394,0.000,0.000
35325,35419,0.000,89.522
35327,35340,0.000,31.759
35327,35341,0.000,64.726
35327,35382,0.000,660.000
35327,35392,0.000,0.000
35327,35421,0.000,267.979
35327,35434,0.000,0.000
35327,35435,0.000,0.000
35329,35333,0.000,90.223
35329,35342,0.000,202.482
35329,35423,0.000,215.601
35329,35427,0.000,0.000
35329,35436,0.000,0.000
35330,35341,0.000,399.608
35330,35370,0.000,196.777
35330,35407,0.000,0.000
35330,35424,0.000,444.147
35330,35435,0.000,0.000
35330,35464,0.000,0.000
35333,35362,0.000,109.548
35333,35373,0.000,111.728
35333,35389,0.000,0.000
35333,35403,0.000,0.000
35333,35423,0.000,0.000
35333,35427,0.000,750.108
35333,35467,0.000,0.000
35334,35336,0.000,42.026
35334,35395,0.000,0.000
35334,35428,0.000,141.216
35334,35430,0.000,0.000
35335,35359,0.000,0.000
35335,35361,0.000,46.799
35335,35371,0.000,192.436
35335,35429,0.000,510.194
35335,278666,0.000,0.000
35335,287228,0.000,0.000
35335,287241,0.000,452.958
35335,287327,0.000,0.000
35336,35428,0.000,0.000
35336,35430,0.000,485.610
35338,35341,0.000,371.025
35338,35370,0.000,360.000
35338,35432,0.000,74.205
35338,35435,0.000,0.000
35340,35341,0.000,189.715
35340,35421,0.000,0.000
35340,35434,0.000,33.933
35340,35435,0.000,0.000
35341,35370,0.000,245.538
35341,35421,0.000,0.000
35341,35424,0.000,0.000
35341,35432,0.000,0.000
35341,35434,0.000,0.000
35341,35435,0.000,2291.010
35341,35464,0.000,0.000
35342,35389,0.000,0.000
35342,35423,0.000,0.000
35342,35436,0.000,20.460
35344,35347,0.000,1002.318
35344,35351,0.000,860.210
35344,35438,0.000,219.941
35344,35441,0.000,0.000
35345,35404,0.000,0.000
35345,35439,0.000,126.296
35347,35395,0.000,0.000
35347,35438,0.000,0.000
35347,35441,0.000,1954.637
35348,35442,0.000,1686.976
35348,360787,0.000,0.000
35348,361271,0.000,156.510
35348,363729,0.000,2152.075
35348,363733,0.000,0.000
35350,35351,0.000,1663.522
35350,35411,0.000,0.000
35350,35444,0.000,675.815
35350,35445,0.000,0.000
35351,35388,0.000,0.000
35351,35413,0.000,0.000
35351,35444,0.000,0.000
35351,35445,0.000,1396.144
35355,35357,0.000,1294.629
35355,35360,0.000,2758.491
35355,35378,0.000,377.439
35355,35393,0.000,0.000
35355,35449,0.000,2810.638
35355,35454,0.000,0.000
35355,35472,0.000,0.000
35356,35367,0.000,535.071
35356,35373,0.000,8.398
35356,35415,0.000,0.000
35356,35450,0.000,126.973
35356,35461,0.000,0.000
35357,35378,0.000,833.822
35357,35451,0.000,894.070
35357,35472,0.000,0.000
35359,35371,0.000,123.370
35359,35418,0.000,0.000
35359,35453,0.000,450.685
35359,35465,0.000,0.000
35360,35402,0.000,0.000
35360,35449,0.000,0.000
35360,35454,0.000,630.326
35361,35369,0.000,191.254
35361,35371,0.000,200.637
35361,35455,0.000,208.714
35361,35463,0.000,0.000
35361,35465,0.000,0.000
35361,282043,0.000,0.000
35361,287227,0.000,293.966
35361,287228,0.000,0.000
35361,287313,0.000,0.000
35362,35369,0.000,175.421
35362,35389,0.000,0.000
35362,35399,0.000,0.000
35362,35410,0.000,0.000
35362,35456,0.000,704.841
35362,287230,0.000,48.286
35362,287298,0.000,0.000
35362,287316,0.000,0.000
35363,35378,0.000,54.584
35363,35457,0.000,148.979
35363,35472,0.000,0.000
35366,35369,0.000,197.569
35366,35399,0.000,0.000
35366,35460,0.000,171.762
35367,35368,0.000,217.427
35367,35415,0.000,0.000
35367,35450,0.000,0.000
35367,35461,0.000,295.241
35367,35462,0.000,0.000
35368,35373,0.000,159.166
35368,35390,0.000,0.000
35368,35461,0.000,0.000
35368,35462,0.000,340.098
35369,35371,0.000,65.626
35369,35455,0.000,0.000
35369,35463,0.000,47.077
35369,35465,0.000,0.000
35369,282043,0.000,301.895
35369,287227,0.000,0.000
35370,35375,0.000,528.007
35370,35424,0.000,0.000
35370,35435,0.000,0.000
35370,35464,0.000,150.165
35370,35469,0.000,0.000
35371,35453,0.000,0.000
35371,35455,0.000,0.000
35371,35463,0.000,0.000
35371,35465,0.000,135.664
35373,35403,0.000,0.000
35373,35415,0.000,0.000
35373,35427,0.000,0.000
35373,35467,0.000,317.223
35375,35464,0.000,0.000
35375,35469,0.000,63.728
35378,35391,0.000,0.000
35378,35449,0.000,0.000
35378,35451,0.000,0.000
35378,35457,0.000,0.000
35378,35472,0.000,4078.438
35379,35473,0.000,47.662
35381,35384,0.000,276.229
35381,35402,0.000,0.000
35381,35475,0.000,230.046
35381,35478,0.000,0.000
35382,35392,0.000,0.000
35382,35476,0.000,1235.650
35383,35477,0.000,27.316
35384,35402,0.000,0.000
35384,35475,0.000,0.000
35384,35478,0.000,41.176
35388,35445,0.000,157.319
35389,35398,0.000,73.286
35389,35410,0.000,28.266
35389,35423,0.000,98.945
35389,35427,0.000,11.151
35389,35436,0.000,34.795
35389,35456,0.000,105.418
35390,35462,0.000,170.224
35391,35472,0.000,195.113
35392,35421,0.000,118.936
35392,35476,0.000,200.366
35393,35449,0.000,437.242
35394,35419,0.000,56.232
35395,35400,0.000,42.778
35395,35428,0.000,101.695
35395,35441,0.000,94.212
35396,35405,0.000,87.322
35396,35406,0.000,89.768
35396,35412,0.000,109.503
35398,35410,0.000,14.002
35398,35418,0.000,152.792
35399,35418,0.000,196.124
35399,35453,0.000,119.930
35399,35456,0.000,140.896
35399,35460,0.000,35.549
35400,35404,0.000,95.468
35400,35428,0.000,68.299
35400,35430,0.000,390.019
35402,35454,0.000,85.036
35402,35475,0.000,34.599
35402,35478,0.000,56.577
35403,35427,0.000,171.829
35403,35467,0.000,110.577
35404,35430,0.000,420.000
35404,35439,0.000,46.285
35406,35412,0.000,65.851
35407,35424,0.000,41.474
35410,35418,0.000,276.831
35410,35456,0.000,9.340
35411,35444,0.000,166.679
35413,35445,0.000,236.904
35415,35450,0.000,19.611
35415,35461,0.000,125.838
35415,35467,0.000,111.991
35417,35418,0.000,491.521
35418,35453,0.000,181.454
35421,35434,0.000,41.883
35421,35435,0.000,164.611
35423,35427,0.000,127.876
35423,35436,0.000,38.270
35424,35435,0.000,166.535
35424,35464,0.000,39.949
35424,35469,0.000,166.971
35427,35467,0.000,0.330
35428,35430,0.000,46.143
35429,287241,0.000,0.000
35429,287327,0.000,92.936
35430,35439,0.000,32.719
35432,35435,0.000,122.448
35434,35435,0.000,14.717
35435,35464,0.000,114.462
35438,35441,0.000,92.209
35442,363729,0.000,0.000
35442,363733,0.000,83.773
35444,35445,0.000,277.452
35449,35454,0.000,102.302
35449,35472,0.000,94.566
35450,35461,0.000,163.976
35451,35472,0.000,427.619
35453,35460,0.000,215.371
35453,35465,0.000,40.464
35455,35463,0.000,4.617
35455,35465,0.000,121.520
35455,287227,0.000,0.000
35455,287313,0.000,85.931
35456,287230,0.000,0.000
35456,287316,0.000,69.292
35457,35472,0.000,75.727
35460,35465,0.000,40.318
35461,35462,0.000,205.332
35463,35465,0.000,50.580
35464,35469,0.000,49.235
35475,35478,0.000,56.827
202332,202421,0.000,75.000
202332,202427,0.000,432.603
202332,202492,0.000,120.000
202332,268067,0.000,111.668
202332,268205,0.000,0.000
202332,268224,0.000,0.000
202333,202345,0.000,70.000
202333,202632,0.000,410.000
202333,204916,0.000,210.000
202334,202341,0.000,1250.000
202334,202381,0.000,150.000
202334,202457,0.000,960.000
202334,202705,0.000,490.000
202334,204942,0.000,0.000
202335,204829,0.000,340.000
202336,202392,0.000,60.000
202336,204809,0.000,810.000
202337,202812,0.000,248.629
202337,203167,0.000,528.480
202337,203692,0.000,678.733
202337,204943,0.000,150.000
202337,205203,0.000,277.806
202337,205247,0.000,0.000
202338,202342,0.000,451.532
202338,202373,0.000,13.245
202338,202450,0.000,3.521
202338,202487,0.000,562.064
202338,204941,0.000,630.463
202338,268077,0.000,725.353
202338,268135,0.000,0.000
202338,268329,0.000,0.000
202339,202342,0.000,240.000
202339,202357,0.000,10.000
202339,202358,0.000,50.000
202339,202410,0.000,160.000
202339,202445,0.000,130.000
202339,202468,0.000,410.000
202340,202342,0.000,670.000
202340,202400,0.000,330.000
202340,202473,0.000,170.000
202340,202487,0.000,170.000
202341,202381,0.000,0.000
202341,202639,0.000,510.000
202341,203120,0.000,750.000
202341,204824,0.000,30.000
202341,204917,0.000,110.000
202341,204942,0.000,300.000
202342,202357,0.000,610.000
202342,202363,0.000,240.000
202342,202392,0.000,20.000
202342,202405,0.000,1080.000
202342,202472,0.000,290.000
202342,202473,0.000,10.000
202342,202480,0.000,1050.000
202342,202487,0.000,712.742
202342,204941,0.000,10.020
202342,268081,0.000,69.007
202342,268329,0.000,0.000
202343,202344,0.000,480.000
202343,202375,0.000,30.000
202343,202435,0.000,0.000
202343,202453,0.000,570.000
202344,202368,0.000,770.000
202344,202369,0.000,270.000
202344,202375,0.000,840.000
202344,202388,0.000,290.000
202344,202390,0.000,471.661
202344,202435,0.000,10.000
202344,202436,0.000,1680.000
202344,202438,0.000,150.000
202344,202439,0.000,390.000
202344,202441,0.000,380.000
202344,202447,0.000,120.000
202344,202453,0.000,0.000
202344,202482,0.000,430.000
202344,202725,0.000,10.000
202344,202802,0.000,200.000
202344,203089,0.000,1350.000
202345,202445,0.000,210.000
202346,202420,0.000,749.496
202346,202458,0.000,1574.272
202346,202471,0.000,680.000
202346,268092,0.000,141.039
202346,268204,0.000,0.000
202346,268275,0.000,0.000
202347,202351,0.000,400.000
202347,202371,0.000,60.000
202347,202407,0.000,690.000
202347,202456,0.000,370.000
202347,202458,0.000,860.000
202348,202357,0.000,1090.000
202349,202442,0.000,674.756
202349,204980,0.000,2010.000
202350,202367,0.000,330.000
202350,202382,0.000,270.000
202350,202393,0.000,390.000
202350,202475,0.000,230.000
202350,204809,0.000,180.000
202351,202385,0.000,0.000
202351,202407,0.000,180.000
202351,202458,0.000,44.805
202351,202490,0.000,638.795
202351,268098,0.000,30.264
202351,268275,0.000,0.000
202351,268336,0.000,0.000
202352,202353,0.000,264.070
202352,202372,0.000,10.000
202352,202383,0.000,190.000
202352,202399,0.000,400.000
202352,202418,0.000,1340.000
202352,202420,0.000,530.103
202352,202428,0.000,910.000
202352,202471,0.000,3510.000
202352,202730,0.000,460.000
202352,268103,0.000,1895.209
202352,268105,0.000,0.000
202352,268204,0.000,0.000
202353,202372,0.000,372.638
202353,202428,0.000,0.000
202353,268103,0.000,0.000
202353,268105,0.000,134.499
202353,268134,0.000,0.000
202354,202384,0.000,390.000
202354,202408,0.000,460.000
202354,202430,0.000,340.000
202354,202730,0.000,300.000
202354,202758,0.000,110.000
202355,202362,0.000,119.998
202355,202374,0.000,25.009
202355,202380,0.000,450.391
202355,202394,0.000,583.168
202355,202406,0.000,97.208
202355,202455,0.000,258.604
202355,202476,0.000,180.889
202355,202478,0.000,472.624
202355,202488,0.000,38.748
202355,204942,0.000,265.070
202355,268107,0.000,572.980
202355,268139,0.000,0.000
202355,268268,0.000,0.000
202356,202570,0.000,91.316
202356,203054,0.000,216.829
202356,205205,0.000,128.832
202356,205217,0.000,81.146
202357,202358,0.000,20.000
202357,202408,0.000,950.000
202357,202410,0.000,250.000
202357,202411,0.000,450.000
202357,202422,0.000,120.000
202357,202430,0.000,120.000
202357,202479,0.000,230.000
202357,202483,0.000,610.000
202357,202484,0.000,930.000
202357,202485,0.000,1260.000
202358,202408,0.000,70.000
202358,202410,0.000,90.000
202358,202468,0.000,290.000
202359,202403,0.000,99.796
202359,202450,0.000,26.014
202359,204941,0.000,0.000
202359,268114,0.000,61.563
202359,268178,0.000,0.000
202359,268258,0.000,0.000
202360,202487,0.000,136.489
202360,268115,0.000,102.525
202360,268329,0.000,0.000
202361,202474,0.000,80.000
202361,204808,0.000,760.000
202361,204824,0.000,280.000
202361,204942,0.000,1200.000
202362,202455,0.000,244.732
202362,268121,0.000,91.411
202362,268268,0.000,0.000
202363,202470,0.000,240.256
202363,202480,0.000,20.000
202363,204941,0.000,148.973
202364,202396,0.000,310.000
202364,202397,0.000,1240.000
202364,202413,0.000,90.000
202364,204815,0.000,120.000
202365,204410,0.000,440.000
202365,204817,0.000,700.000
202365,204976,0.000,0.000
202366,203685,0.000,120.000
202366,204942,0.000,780.000
202367,202382,0.000,390.000
202367,202432,0.000,210.000
202367,204941,0.000,374.659
202368,202390,0.000,647.266
202368,202436,0.000,420.000
202368,202447,0.000,360.000
202368,202522,0.000,520.000
202368,202579,0.000,630.000
202368,202683,0.000,870.000
202368,202702,0.000,500.000
202368,202748,0.000,0.000
202368,202772,0.000,60.000
202368,203089,0.000,150.000
202368,203101,0.000,1230.000
202368,203110,0.000,1320.000
202368,203181,0.000,90.000
202369,202438,0.000,120.000
202369,202439,0.000,190.000
202369,202452,0.000,420.000
202369,202482,0.000,180.000
202369,202493,0.000,30.000
202369,202725,0.000,10.000
202370,202464,0.000,120.000
202370,205245,0.000,372.170
202370,205302,0.000,197.830
202371,202401,0.000,150.000
202371,202402,0.000,40.000
202371,202407,0.000,490.000
202371,202438,0.000,60.000
202371,202456,0.000,480.000
202371,202477,0.000,240.000
202372,202383,0.000,264.492
202372,202428,0.000,190.000
202372,268105,0.000,0.000
202372,268134,0.000,223.398
202372,268146,0.000,0.000
202373,202450,0.000,3.042
202373,268077,0.000,0.000
202373,268135,0.000,0.000
202373,268258,0.000,0.000
202374,202478,0.000,490.000
202374,204801,0.000,360.000
202374,204816,0.000,100.000
202374,204818,0.000,0.000
202374,204830,0.000,70.000
202374,204831,0.000,130.000
202374,204942,0.000,84.991
202375,202388,0.000,780.000
202375,202414,0.000,40.000
202375,202419,0.000,1540.000
202375,202429,0.000,80.000
202375,202435,0.000,1260.000
202375,202438,0.000,130.000
202375,202443,0.000,300.000
202375,202449,0.000,440.000
202375,202453,0.000,120.000
202376,202419,0.000,110.000
202376,202438,0.000,510.000
202376,202443,0.000,360.000
202376,202449,0.000,270.000
202376,202456,0.000,50.000
202377,202402,0.000,480.000
202377,202427,0.000,160.000
202377,202440,0.000,450.000
202377,202477,0.000,690.000
202377,202494,0.000,220.000
202378,204814,0.000,600.000
202379,205245,0.000,320.156
202380,202397,0.000,40.000
202380,202423,0.000,21.879
202380,202478,0.000,490.000
202380,268107,0.000,0.000
202380,268139,0.000,123.367
202380,274927,0.000,0.000
202381,202457,0.000,410.000
202381,202463,0.000,0.000
202381,204942,0.000,340.000
202382,202432,0.000,120.000
202382,204809,0.000,180.000
202383,202418,0.000,269.036
202383,268134,0.000,0.000
202383,268146,0.000,156.407
202383,268201,0.000,0.000
202384,202395,0.000,340.000
202384,202408,0.000,10.000
202384,202521,0.000,170.000
202384,202758,0.000,300.000
202384,203094,0.000,290.000
202385,202407,0.000,390.000
202385,202440,0.000,240.000
202385,202466,0.000,60.000
202385,202490,0.000,330.000
202386,204404,0.000,47.904
202386,204418,0.000,188.255
202387,204809,0.000,660.000
202387,204878,0.000,0.000
202388,202414,0.000,90.000
202388,202415,0.000,720.000
202388,202447,0.000,520.000
202389,202400,0.000,176.942
202389,202411,0.000,250.000
202389,202424,0.000,141.615
202389,202473,0.000,92.483
202389,202479,0.000,490.000
202389,268159,0.000,302.155
202389,268216,0.000,0.000
202390,202447,0.000,30.000
202391,204832,0.000,1500.000
202392,202472,0.000,90.000
202392,202480,0.000,30.000
202392,204809,0.000,470.000
202394,202406,0.000,130.000
202394,202476,0.000,580.000
202394,204807,0.000,120.000
202394,204941,0.000,210.000
202395,202408,0.000,810.000
202395,202715,0.000,340.000
202395,202980,0.000,390.000
202395,203094,0.000,60.000
202395,203197,0.000,480.000
202396,202413,0.000,210.000
202396,204815,0.000,20.000
202397,202413,0.000,160.000
202397,202423,0.000,272.378
202397,202478,0.000,80.000
202397,204815,0.000,430.000
202397,204830,0.000,600.000
202397,268171,0.000,381.620
202397,274927,0.000,0.000
202398,202413,0.000,759.974
202398,204798,0.000,0.000
202398,272021,0.000,156.797
202398,272024,0.000,0.000
202399,202429,0.000,840.000
202399,202471,0.000,900.000
202399,202496,0.000,1440.000
202399,202730,0.000,1260.000
202401,202427,0.000,690.000
202401,202438,0.000,240.000
202401,202452,0.000,1220.000
202401,202477,0.000,1080.000
202401,202493,0.000,350.000
202401,202671,0.000,210.000
202401,202725,0.000,290.000
202401,202802,0.000,330.000
202401,203022,0.000,60.000
202402,202407,0.000,160.000
202402,202409,0.000,610.000
202402,202440,0.000,60.000
202402,202466,0.000,510.000
202402,202477,0.000,160.000
202403,202426,0.000,185.495
202403,202450,0.000,0.000
202403,204941,0.000,748.124
202403,268114,0.000,0.000
202403,268178,0.000,209.169
202403,268223,0.000,0.000
202404,202432,0.000,110.000
202404,204809,0.000,250.000
202404,204941,0.000,595.609
202406,204807,0.000,180.000
202406,204942,0.000,170.000
202407,202466,0.000,190.000
202407,202490,0.000,0.000
202408,202430,0.000,10.000
202408,202468,0.000,1820.000
202408,202632,0.000,520.000
202408,202910,0.000,430.000
202408,203029,0.000,450.000
202408,203197,0.000,380.000
202409,202477,0.000,170.000
202411,202479,0.000,90.000
202411,202483,0.000,80.000
202412,204803,0.000,180.000
202412,204942,0.000,1020.000
202413,202423,0.000,3.726
202413,204798,0.000,480.000
202413,204815,0.000,80.000
202413,272021,0.000,0.000
202413,272024,0.000,71.926
202413,274927,0.000,0.000
202414,202415,0.000,120.000
202414,202429,0.000,320.000
202414,202486,0.000,90.000
202415,202447,0.000,390.000
202415,202486,0.000,510.000
202416,204802,0.000,512.983
202416,204804,0.000,233.436
202416,204942,0.000,649.024
202417,204809,0.000,420.000
202418,202484,0.000,252.335
202418,202485,0.000,1010.000
202418,202491,0.000,994.861
202418,202730,0.000,320.000
202418,268146,0.000,0.000
202418,268201,0.000,588.233
202418,268328,0.000,0.000
202418,268338,0.000,0.000
202419,202429,0.000,1440.000
202419,202449,0.000,650.000
202419,202456,0.000,340.000
202419,202471,0.000,1080.000
202420,202471,0.000,50.000
202420,268092,0.000,0.000
202420,268103,0.000,0.000
202420,268204,0.000,245.043
202421,202492,0.000,155.821
202421,268067,0.000,0.000
202421,268205,0.000,150.659
202421,268340,0.000,0.000
202422,202479,0.000,150.000
202422,202484,0.000,153.966
202422,268208,0.000,30.849
202422,268328,0.000,0.000
202423,268139,0.000,0.000
202423,268171,0.000,0.000
202423,272024,0.000,0.000
202423,274927,0.000,214.688
202424,268159,0.000,0.000
202424,268216,0.000,66.222
202425,204809,0.000,480.000
202426,202476,0.000,270.000
202426,202488,0.000,150.010
202426,204941,0.000,184.390
202426,268178,0.000,0.000
202426,268223,0.000,62.042
202426,268333,0.000,0.000
202427,202440,0.000,1240.806
202427,202477,0.000,210.000
202427,202492,0.000,180.000
202427,202494,0.000,330.000
202427,203022,0.000,60.000
202427,203023,0.000,480.000
202427,268067,0.000,0.000
202427,268224,0.000,0.000
202427,268245,0.000,0.000
202429,202471,0.000,1920.000
202429,202486,0.000,280.000
202429,202496,0.000,1320.000
202429,202579,0.000,560.000
202430,202485,0.000,340.000
202430,202730,0.000,1330.000
202431,202463,0.000,540.000
202431,204811,0.000,210.000
202432,204800,0.000,60.000
202432,204809,0.000,180.000
202432,204827,0.000,270.000
202432,204941,0.000,161.239
202433,204802,0.000,328.568
202433,204836,0.000,119.605
202434,202976,0.000,23.228
202434,203046,0.000,381.092
202434,204466,0.000,49.728
202435,202453,0.000,870.000
202437,204802,0.000,726.049
202437,204804,0.000,384.811
202438,202443,0.000,540.000
202438,202456,0.000,180.000
202438,202482,0.000,330.000
202438,202493,0.000,780.000
202439,202441,0.000,200.000
202439,202725,0.000,440.000
202440,202466,0.000,460.000
202440,202490,0.000,160.551
202440,268224,0.000,0.000
202440,268245,0.000,574.834
202440,268336,0.000,0.000
202442,204826,0.000,170.000
202442,204980,0.000,90.000
202443,202449,0.000,300.000
202444,202460,0.000,180.000
202444,204832,0.000,410.000
202446,204801,0.000,190.000
202446,204942,0.000,430.000
202447,202486,0.000,260.000
202447,202579,0.000,680.000
202447,203110,0.000,240.000
202448,202465,0.000,88.360
202448,204407,0.000,444.650
202448,204805,0.000,0.000
202448,204823,0.000,200.000
202448,204975,0.000,0.968
202450,204941,0.000,96.479
202450,268114,0.000,0.000
202450,268135,0.000,0.000
202450,268258,0.000,7.284
202451,204802,0.000,390.000
202452,202493,0.000,120.000
202452,202725,0.000,120.000
202454,204406,0.000,0.000
202454,204414,0.000,155.248
202454,204420,0.000,32.778
202455,202488,0.000,103.495
202455,268107,0.000,0.000
202455,268121,0.000,0.000
202455,268268,0.000,165.925
202455,268333,0.000,0.000
202456,202458,0.000,210.000
202456,202471,0.000,450.000
202457,202463,0.000,1190.000
202457,202705,0.000,300.000
202457,204811,0.000,690.000
202457,204812,0.000,140.000
202457,204832,0.000,3640.000
202457,204942,0.000,0.000
202458,202471,0.000,30.000
202458,268092,0.000,0.000
202458,268098,0.000,0.000
202458,268275,0.000,254.530
202459,202492,0.000,1050.000
202459,203022,0.000,60.000
202459,203023,0.000,150.000
202460,204408,0.000,150.000
202460,204826,0.000,170.000
202460,204832,0.000,0.000
202460,204835,0.000,198.278
202460,205030,0.000,31.805
202461,204819,0.000,540.000
202461,204824,0.000,330.000
202461,204825,0.000,300.000
202461,204834,0.000,0.000
202461,204838,0.000,420.000
202461,204848,0.000,210.000
202462,202463,0.000,280.000
202462,204942,0.000,170.000
202463,204811,0.000,300.000
202463,204942,0.000,180.000
202464,202714,0.000,359.996
202464,205205,0.000,1513.866
202464,205245,0.000,10.628
202464,205262,0.000,282.901
202465,204407,0.000,0.000
202465,204797,0.000,90.000
202465,204799,0.000,70.000
202465,204805,0.000,277.941
202465,204823,0.000,238.712
202467,204811,0.000,280.000
202467,204942,0.000,760.000
202469,204419,0.000,14.598
202470,204941,0.000,269.363
202472,204809,0.000,360.000
202474,204824,0.000,840.000
202474,204942,0.000,700.000
202476,202488,0.000,340.000
202476,204941,0.000,481.226
202477,202494,0.000,310.000
202478,204830,0.000,570.000
202481,204809,0.000,100.115
202484,202485,0.000,180.000
202484,268201,0.000,0.000
202484,268208,0.000,0.000
202484,268328,0.000,214.269
202485,202730,0.000,20.000
202486,202579,0.000,160.000
202487,268077,0.000,0.000
202487,268081,0.000,0.000
202487,268115,0.000,0.000
202487,268329,0.000,316.617
202488,268223,0.000,0.000
202488,268268,0.000,0.000
202488,268333,0.000,150.910
202489,203684,0.000,86.939
202489,203685,0.000,120.000
202489,204808,0.000,220.000
202490,268098,0.000,0.000
202490,268245,0.000,0.000
202490,268336,0.000,498.402
202491,268201,0.000,0.000
202491,268338,0.000,274.335
202492,202765,0.000,444.500
202492,203022,0.000,170.000
202492,203023,0.000,120.000
202492,268205,0.000,0.000
202492,268340,0.000,513.158
202492,268385,0.000,0.000
202495,202693,0.000,625.367
202495,202706,0.000,134.120
202495,202843,0.000,230.000
202495,203104,0.000,100.000
202495,203130,0.000,430.000
202495,203191,0.000,432.410
202495,203246,0.000,390.000
202496,202579,0.000,420.000
202496,202730,0.000,1830.000
202496,202896,0.000,2100.000
202496,203108,0.000,600.000
202496,203853,0.000,270.000
202497,202500,0.000,207.855
202497,202560,0.000,46.593
202497,202610,0.000,74.389
202497,202696,0.000,563.980
202497,202738,0.000,164.947
202497,202752,0.000,714.270
202497,202818,0.000,161.347
202497,202837,0.000,1568.766
202497,202964,0.000,464.934
202497,202982,0.000,0.000
202497,202988,0.000,191.360
202497,203043,0.000,144.087
202497,203044,0.000,304.192
202497,203049,0.000,0.000
202497,203073,0.000,639.964
202497,203075,0.000,222.203
202497,203752,0.000,2257.308
202497,203849,0.000,44.900
202499,203050,0.000,191.866
202499,204954,0.000,1688.540
202500,202988,0.000,175.901
202501,202572,0.000,149.689
202501,202778,0.000,0.000
202501,204939,0.000,205.747
202502,202818,0.000,379.493
202504,203028,0.000,102.798
202504,203352,0.000,60.311
202504,268342,0.000,90.862
202504,268435,0.000,0.000
202504,270354,0.000,0.000
202505,202566,0.000,60.000
202505,202924,0.000,500.000
202505,203024,0.000,360.000
202506,202542,0.000,360.000
202506,202684,0.000,440.000
202506,202807,0.000,210.000
202506,202819,0.000,0.000
202506,204869,0.000,31.623
202506,204900,0.000,460.000
202506,204913,0.000,70.000
202506,204937,0.000,260.000
202507,203752,0.000,350.828
202512,202528,0.000,279.280
202512,202822,0.000,112.392
202513,202566,0.000,150.000
202513,202783,0.000,120.000
202513,202935,0.000,180.000
202513,204904,0.000,330.000
202514,202640,0.000,300.000
202514,202895,0.000,240.000
202517,202636,0.000,460.000
202517,203061,0.000,500.000
202518,203752,0.000,1480.000
202518,204840,0.000,30.000
202518,204842,0.000,1280.000
202518,204907,0.000,540.000
202518,204910,0.000,170.000
202519,203055,0.000,701.123
202519,203253,0.000,1143.600
202520,202739,0.000,680.261
202520,204896,0.000,286.513
202521,202730,0.000,750.000
202521,202758,0.000,140.000
202521,202861,0.000,120.000
202521,203094,0.000,570.000
202521,203236,0.000,450.000
202522,202562,0.000,110.000
202522,202580,0.000,1440.000
202522,202652,0.000,470.000
202522,202702,0.000,580.000
202522,202820,0.000,190.000
202522,202923,0.000,420.000
202522,203101,0.000,600.000
202522,203181,0.000,250.000
202524,202540,0.000,282.622
202524,202573,0.000,73.058
202524,202616,0.000,74.435
202524,202918,0.000,280.558
202524,205217,0.000,264.206
202525,202875,0.000,0.000
202525,205217,0.000,356.948
202526,204860,0.000,960.000
202527,202542,0.000,20.000
202527,202618,0.000,40.000
202527,202684,0.000,740.000
202527,202750,0.000,630.000
202527,202792,0.000,30.000
202527,202863,0.000,270.000
202527,202932,0.000,450.000
202527,202936,0.000,240.000
202527,202984,0.000,1310.000
202527,203002,0.000,323.349
202527,203083,0.000,330.000
202527,203142,0.000,1080.000
202527,204921,0.000,168.791
202528,202616,0.000,191.072
202528,205217,0.000,180.880
202529,202699,0.000,295.531
202529,202714,0.000,358.696
202529,202840,0.000,0.000
202529,202963,0.000,410.076
202529,203259,0.000,0.000
202529,204894,0.000,4.489
202529,205217,0.000,1094.848
202529,205245,0.000,460.402
202530,202781,0.000,28.639
202530,202986,0.000,403.908
202530,202994,0.000,261.456
202530,203200,0.000,147.508
202530,203230,0.000,39.593
202530,203710,0.000,82.670
202530,203815,0.000,253.505
202530,203836,0.000,0.000
202531,202544,0.000,960.000
202531,202794,0.000,300.000
202531,202839,0.000,180.000
202531,202887,0.000,1230.000
202531,202965,0.000,120.000
202531,203208,0.000,210.000
202532,203863,0.000,265.004
202532,203899,0.000,70.050
202534,202709,0.000,294.471
202534,202722,0.000,68.968
202534,203070,0.000,222.019
202534,203752,0.000,132.481
202534,204908,0.000,183.011
202535,203752,0.000,2861.849
202536,202653,0.000,40.000
202536,202764,0.000,360.000
202536,203712,0.000,510.000
202537,202693,0.000,840.000
202537,202779,0.000,510.000
202537,203123,0.000,83.459
202537,203233,0.000,1196.828
202537,204983,0.000,257.185
202537,205257,0.000,467.131
202538,202546,0.000,140.000
202538,202562,0.000,40.000
202538,202783,0.000,570.000
202538,203182,0.000,350.000
202538,203217,0.000,700.000
202539,202750,0.000,630.000
202539,202795,0.000,240.000
202539,202863,0.000,30.000
202539,203255,0.000,260.000
202540,202616,0.000,118.887
202540,202870,0.000,63.476
202540,205217,0.000,41.455
202541,202883,0.000,0.000
202541,202897,0.000,196.508
202541,202919,0.000,274.795
202541,203153,0.000,111.994
202541,203184,0.000,260.431
202541,203746,0.000,91.250
202541,203754,0.000,87.390
202542,202545,0.000,500.000
202542,202684,0.000,360.000
202542,202751,0.000,990.000
202542,202807,0.000,30.000
202542,202933,0.000,390.000
202542,202936,0.000,180.000
202542,203016,0.000,420.000
202542,203083,0.000,50.000
202542,203142,0.000,180.000
202543,202689,0.000,236.020
202543,203249,0.000,346.745
202544,202602,0.000,390.000
202544,202802,0.000,30.000
202544,202842,0.000,510.000
202544,202864,0.000,240.000
202544,202926,0.000,90.000
202544,202965,0.000,180.000
202544,203208,0.000,120.000
202544,203238,0.000,1680.000
202545,202684,0.000,120.000
202546,202562,0.000,270.000
202546,203217,0.000,650.000
202547,203783,0.000,975.181
202547,203814,0.000,925.100
202547,203837,0.000,109.358
202548,203750,0.000,430.000
202548,203776,0.000,20.000
202548,203795,0.000,930.000
202548,204874,0.000,0.000
202549,203814,0.000,436.280
202549,204922,0.000,512.483
202550,202598,0.000,1080.000
202550,202642,0.000,720.000
202550,204856,0.000,600.000
202550,204860,0.000,100.000
202550,204870,0.000,60.000
202551,203708,0.000,557.185
202552,204939,0.000,486.014
202552,205217,0.000,310.352
202553,203065,0.000,800.949
202553,203158,0.000,299.959
202553,203200,0.000,1062.793
202553,203836,0.000,607.550
202555,202627,0.000,0.000
202555,203119,0.000,233.944
202555,203708,0.000,111.324
202555,203802,0.000,669.449
202556,202837,0.000,109.407
202556,202982,0.000,637.740
202557,202558,0.000,0.000
202557,202818,0.000,383.642
202557,203073,0.000,249.256
202558,202818,0.000,244.034
202558,203073,0.000,298.264
202559,202805,0.000,219.616
202559,203205,0.000,40.000
202559,205209,0.000,331.893
202559,205238,0.000,253.263
202560,202567,0.000,240.868
202560,202837,0.000,131.851
202560,203060,0.000,235.924
202560,203200,0.000,580.944
202560,203202,0.000,946.740
202560,203742,0.000,94.672
202560,203752,0.000,2718.084
202560,203756,0.000,154.147
202562,202580,0.000,20.000
202562,202593,0.000,1800.000
202562,202783,0.000,100.000
202562,202844,0.000,360.000
202562,202923,0.000,210.000
202562,202937,0.000,220.000
202562,202957,0.000,450.000
202562,202999,0.000,90.000
202562,203020,0.000,30.000
202562,203034,0.000,100.000
202562,203177,0.000,540.000
202562,203182,0.000,460.000
202562,203217,0.000,180.000
202563,202909,0.000,179.046
202563,203752,0.000,2775.841
202563,204865,0.000,1071.725
202563,204905,0.000,584.420
202564,202628,0.000,750.000
202564,202764,0.000,210.000
202566,202783,0.000,1080.000
202566,202924,0.000,350.000
202566,202935,0.000,200.000
202566,203024,0.000,230.000
202566,203082,0.000,270.000
202566,203118,0.000,0.000
202566,203198,0.000,240.000
202567,202837,0.000,610.664
202567,203060,0.000,677.682
202567,203202,0.000,660.905
202569,205256,0.000,320.194
202570,202892,0.000,5.960
202570,203039,0.000,72.206
202570,205204,0.000,0.000
202570,205205,0.000,162.704
202570,205217,0.000,180.726
202571,202607,0.000,91.804
202571,202635,0.000,156.976
202571,203007,0.000,98.574
202571,203046,0.000,0.000
202571,203828,0.000,172.054
202571,204967,0.000,394.008
202572,202778,0.000,137.909
202572,204939,0.000,0.000
202573,202647,0.000,0.000
202573,202690,0.000,0.000
202573,202911,0.000,30.491
202573,202918,0.000,132.391
202573,203152,0.000,141.830
202573,205217,0.000,115.878
202577,202677,0.000,20.000
202577,202898,0.000,860.000
202577,203135,0.000,240.000
202577,203150,0.000,270.000
202577,203712,0.000,530.000
202578,202907,0.000,480.000
202578,202990,0.000,120.000
202578,203755,0.000,180.000
202578,204986,0.000,360.000
202579,202683,0.000,0.000
202579,202748,0.000,720.000
202579,202896,0.000,1770.000
202579,203110,0.000,240.000
202580,202650,0.000,240.000
202580,202841,0.000,240.000
202580,202937,0.000,990.000
202580,203181,0.000,770.000
202581,203173,0.000,90.000
202581,204911,0.000,1080.000
202582,202933,0.000,290.000
202582,204869,0.000,300.000
202582,204933,0.000,100.000
202583,202805,0.000,103.886
202583,202829,0.000,0.000
202583,202851,0.000,36.759
202583,202865,0.000,0.000
202583,203205,0.000,132.901
202584,202803,0.000,570.000
202584,204876,0.000,1170.000
202586,202729,0.000,429.873
202586,202916,0.000,189.838
202586,202929,0.000,412.681
202586,203077,0.000,43.385
202586,204441,0.000,103.518
202586,205220,0.000,151.337
202586,205227,0.000,1189.415
202586,205230,0.000,47.736
202586,205258,0.000,0.000
202587,204448,0.000,201.344
202587,205256,0.000,85.137
202588,202818,0.000,1515.002
202589,202688,0.000,1169.502
202589,204954,0.000,2230.153
202590,202924,0.000,540.000
202590,203024,0.000,720.000
202590,203058,0.000,600.000
202590,203082,0.000,30.000
202590,203145,0.000,80.000
202590,203194,0.000,100.000
202590,203260,0.000,30.000
202591,202786,0.000,90.000
202591,202811,0.000,280.000
202591,204859,0.000,80.000
202591,204904,0.000,510.000
202592,203063,0.000,170.194
202592,205247,0.000,406.805
202592,205257,0.000,336.987
202593,202898,0.000,300.000
202593,202967,0.000,60.000
202593,202999,0.000,90.000
202593,203217,0.000,270.000
202594,203084,0.000,214.734
202595,202633,0.000,916.551
202595,202927,0.000,1035.481
202595,202939,0.000,157.635
202595,202981,0.000,316.295
202595,203128,0.000,317.953
202596,203477,0.000,321.746
202596,203496,0.000,59.291
202596,204922,0.000,276.038
202597,202827,0.000,0.000
202597,202900,0.000,190.000
202597,205217,0.000,304.422
202598,202623,0.000,240.000
202598,202642,0.000,330.000
202598,203201,0.000,1110.000
202598,203720,0.000,420.000
202598,204860,0.000,210.000
202598,204898,0.000,210.000
202598,204955,0.000,540.000
202599,203802,0.000,1187.260
202600,202751,0.000,690.000
202600,202933,0.000,810.000
202600,203847,0.000,770.000
202600,204972,0.000,810.000
202601,205217,0.000,364.916
202602,202842,0.000,270.000
202602,202864,0.000,120.000
202603,203752,0.000,453.427
202607,202719,0.000,350.702
202607,202976,0.000,373.636
202607,203007,0.000,191.605
202607,203046,0.000,278.319
202607,204967,0.000,0.000
202608,202938,0.000,0.000
202608,203152,0.000,759.897
202608,205209,0.000,81.645
202609,203169,0.000,445.411
202609,204852,0.000,570.000
202609,204971,0.000,2340.000
202610,202818,0.000,0.000
202610,203049,0.000,117.941
202610,203052,0.000,101.686
202610,203113,0.000,44.774
202611,202613,0.000,415.448
202611,202891,0.000,915.099
202611,203178,0.000,648.923
202611,203222,0.000,586.002
202611,204906,0.000,103.711
202613,203222,0.000,218.437
202613,204906,0.000,247.757
202614,202783,0.000,480.000
202614,202786,0.000,90.000
202614,203217,0.000,480.000
202614,204904,0.000,30.000
202615,202898,0.000,70.000
202615,203247,0.000,0.000
202615,203703,0.000,500.000
202615,203772,0.000,380.000
202615,203839,0.000,90.000
202616,202763,0.000,0.000
202616,202870,0.000,0.000
202616,203214,0.000,353.161
202616,205217,0.000,138.942
202617,202654,0.000,250.000
202617,202715,0.000,30.000
202617,202788,0.000,160.000
202617,203094,0.000,140.000
202617,204923,0.000,290.000
202617,204932,0.000,150.000
202618,202792,0.000,233.038
202618,202984,0.000,610.000
202619,202797,0.000,935.035
202619,203019,0.000,404.733
202619,203745,0.000,444.324
202619,203752,0.000,174.703
202621,202687,0.000,270.000
202621,202768,0.000,180.000
202621,203010,0.000,60.000
202621,203086,0.000,270.000
202622,202852,0.000,0.000
202622,203006,0.000,150.000
202622,203209,0.000,290.000
202622,204843,0.000,280.000
202623,202751,0.000,480.000
202623,203142,0.000,1650.000
202623,203144,0.000,0.000
202623,203201,0.000,180.000
202623,204849,0.000,750.000
202623,204898,0.000,360.000
202623,204972,0.000,480.000
202626,204853,0.000,390.000
202626,204859,0.000,40.000
202626,204860,0.000,720.000
202626,204861,0.000,480.000
202626,204884,0.000,290.000
202627,203119,0.000,123.428
202627,203802,0.000,370.618
202628,202670,0.000,300.000
202628,202683,0.000,120.000
202628,202748,0.000,90.000
202628,202764,0.000,390.000
202628,202896,0.000,870.000
202628,203101,0.000,150.000
202628,203853,0.000,150.000
202629,203028,0.000,30.000
202629,203100,0.000,510.000
202629,203261,0.000,330.000
202629,203363,0.000,60.000
202629,204938,0.000,390.000
202631,203719,0.000,1048.146
202632,202910,0.000,870.000
202632,203029,0.000,580.000
202632,203059,0.000,470.000
202632,203174,0.000,460.000
202632,204809,0.000,240.000
202632,204891,0.000,920.000
202632,204916,0.000,750.000
202632,204923,0.000,110.000
202633,202695,0.000,681.538
202633,202927,0.000,187.275
202633,202939,0.000,200.017
202634,202743,0.000,200.000
202634,202886,0.000,120.000
202634,202889,0.000,640.000
202634,203086,0.000,280.000
202634,203176,0.000,120.000
202634,203195,0.000,0.000
202635,203828,0.000,26.365
202635,204962,0.000,377.155
202636,202754,0.000,140.000
202636,202776,0.000,70.000
202636,203061,0.000,60.000
202636,203137,0.000,1762.068
202636,203254,0.000,540.000
202636,204865,0.000,495.962
202637,202796,0.000,395.926
202637,203055,0.000,852.351
202637,203849,0.000,918.817
202638,202661,0.000,377.849
202638,202721,0.000,207.195
202638,204954,0.000,1440.870
202638,205256,0.000,1062.752
202639,204917,0.000,360.000
202640,202895,0.000,240.000
202640,203257,0.000,920.000
202640,203795,0.000,570.000
202640,204876,0.000,230.000
202641,204913,0.000,10.000
202641,204937,0.000,290.000
202642,202786,0.000,160.000
202642,202831,0.000,420.000
202642,202898,0.000,770.000
202642,202967,0.000,210.000
202642,202970,0.000,490.000
202642,203217,0.000,690.000
202642,203720,0.000,380.000
202642,203829,0.000,0.000
202642,204856,0.000,970.000
202642,204859,0.000,100.000
202643,202735,0.000,255.391
202643,202765,0.000,0.000
202643,202815,0.000,152.815
202643,268359,0.000,0.000
202643,268380,0.000,0.000
202643,268398,0.000,0.000
202644,202713,0.000,30.000
202644,203239,0.000,180.000
202644,204911,0.000,330.000
202645,202848,0.000,50.627
202645,202968,0.000,244.441
202645,202991,0.000,49.590
202645,203015,0.000,0.000
202646,202792,0.000,450.000
202646,203149,0.000,450.000
202647,202845,0.000,0.000
202647,202956,0.000,705.390
202647,203136,0.000,74.489
202647,203152,0.000,126.817
202647,203265,0.000,40.000
202647,205217,0.000,1017.705
202648,202793,0.000,170.000
202648,202884,0.000,390.000
202648,203109,0.000,80.000
202648,204911,0.000,500.000
202649,202722,0.000,569.785
202649,203752,0.000,1405.607
202650,202841,0.000,240.000
202650,202937,0.000,320.000
202650,203141,0.000,20.000
202650,203160,0.000,300.000
202651,202713,0.000,150.000
202651,204832,0.000,870.000
202652,202923,0.000,470.000
202653,203712,0.000,590.000
202654,202861,0.000,240.000
202654,203094,0.000,230.000
202654,203114,0.000,520.000
202654,204879,0.000,190.000
202654,204932,0.000,170.000
202656,203184,0.000,69.870
202656,203754,0.000,0.000
202656,203812,0.000,587.498
202658,202888,0.000,124.758
202658,202948,0.000,545.254
202658,204872,0.000,274.819
202658,204906,0.000,236.413
202659,203006,0.000,620.000
202659,203027,0.000,0.000
202659,203209,0.000,10.000
202659,204937,0.000,36.373
202660,204896,0.000,184.036
202660,204954,0.000,877.446
202661,205256,0.000,531.897
202662,202701,0.000,646.123
202662,203107,0.000,490.004
202662,203178,0.000,184.083
202662,203250,0.000,397.794
202662,204906,0.000,999.439
202663,202679,0.000,305.432
202663,203074,0.000,98.092
202663,205256,0.000,92.681
202664,202843,0.000,630.000
202664,202877,0.000,190.000
202664,205223,0.000,270.000
202664,205248,0.000,270.000
202666,202720,0.000,211.511
202666,203708,0.000,0.000
202666,203802,0.000,286.222
202667,203237,0.000,0.000
202667,205217,0.000,673.657
202668,202751,0.000,1080.000
202669,202693,0.000,20.000
202669,202729,0.000,390.000
202669,202779,0.000,420.000
202669,205227,0.000,711.146
202670,202686,0.000,780.000
202670,202764,0.000,700.000
202670,203712,0.000,580.000
202670,203853,0.000,60.000
202671,202765,0.000,60.000
202671,202802,0.000,240.000
202671,202842,0.000,60.000
202671,203022,0.000,210.000
202672,203220,0.000,471.491
202672,204865,0.000,1050.613
202673,202685,0.000,270.000
202673,202736,0.000,40.000
202673,202793,0.000,150.000
202673,203013,0.000,460.000
202673,203257,0.000,600.000
202674,202806,0.000,180.000
202674,203028,0.000,510.000
202674,203051,0.000,120.000
202674,203086,0.000,210.000
202675,202682,0.000,790.000
202675,202974,0.000,380.000
202675,203006,0.000,1300.000
202675,203021,0.000,10.000
202675,203040,0.000,640.000
202676,202711,0.000,419.419
202676,202794,0.000,990.000
202676,202952,0.000,420.000
202676,203151,0.000,113.102
202676,203189,0.000,810.000
202676,268370,0.000,363.383
202676,268378,0.000,0.000
202676,268452,0.000,0.000
202677,202756,0.000,230.000
202677,202820,0.000,400.000
202677,203101,0.000,250.000
202677,203150,0.000,150.000
202677,203712,0.000,150.000
202678,203085,0.000,230.000
202678,204862,0.000,480.000
202678,204868,0.000,30.000
202678,204935,0.000,10.000
202679,203074,0.000,60.000
202679,204847,0.000,206.558
202679,205256,0.000,210.293
202680,202935,0.000,510.000
202680,203176,0.000,270.000
202681,202805,0.000,67.873
202681,202865,0.000,297.346
202682,202860,0.000,250.000
202682,202974,0.000,130.000
202682,203014,0.000,180.000
202682,203040,0.000,90.000
202682,203104,0.000,830.000
202682,203121,0.000,497.488
202682,203128,0.000,2.816
202682,203133,0.000,980.000
202682,203196,0.000,310.000
202683,202748,0.000,300.000
202683,203101,0.000,270.000
202684,202741,0.000,300.000
202684,203016,0.000,540.000
202684,203083,0.000,360.000
202684,204913,0.000,360.000
202684,204921,0.000,47.892
202685,202736,0.000,280.000
202685,202793,0.000,250.000
202686,203712,0.000,700.000
202686,203853,0.000,460.000
202687,202886,0.000,510.000
202687,203010,0.000,210.000
202687,203086,0.000,120.000
202687,203189,0.000,210.000
202688,204954,0.000,2582.680
202689,202749,0.000,597.893
202689,202930,0.000,545.184
202689,203161,0.000,452.086
202689,203249,0.000,1140.800
202689,204896,0.000,354.465
202689,204918,0.000,861.097
202689,204954,0.000,5150.873
202690,202757,0.000,284.310
202690,202911,0.000,62.661
202690,203152,0.000,742.741
202690,203258,0.000,633.389
202691,205217,0.000,204.181
202693,202706,0.000,257.157
202693,202779,0.000,420.000
202693,202791,0.000,420.000
202693,202823,0.000,323.470
202693,203130,0.000,840.000
202693,203191,0.000,450.683
202693,203233,0.000,382.040
202693,203256,0.000,1229.347
202693,205227,0.000,520.000
202694,202762,0.000,240.000
202694,203131,0.000,333.971
202694,203231,0.000,90.000
202694,204461,0.000,320.000
202694,204877,0.000,1230.000
202694,204986,0.000,1220.000
202695,202791,0.000,492.552
202695,202927,0.000,17.038
202695,202939,0.000,286.002
202695,204852,0.000,672.416
202695,204885,0.000,83.086
202695,204931,0.000,301.894
202695,204971,0.000,73.997
202696,203849,0.000,445.699
202697,202818,0.000,1188.788
202697,202982,0.000,170.030
202697,203802,0.000,638.833
202698,204458,0.000,401.736
202698,205228,0.000,209.199
202698,205252,0.000,506.708
202699,202714,0.000,0.000
202699,202840,0.000,751.998
202699,202866,0.000,191.118
202699,203259,0.000,76.126
202699,205217,0.000,0.000
202700,202739,0.000,765.835
202700,204896,0.000,73.874
202701,203055,0.000,127.974
202701,203107,0.000,14.324
202701,203178,0.000,105.585
202701,203253,0.000,690.634
202703,202882,0.000,360.000
202703,203013,0.000,0.000
202703,204862,0.000,150.000
202703,204935,0.000,210.000
202704,202894,0.000,230.000
202704,202983,0.000,140.000
202704,205233,0.000,370.000
202705,204832,0.000,320.000
202706,203191,0.000,490.645
202708,203708,0.000,471.201
202709,202722,0.000,589.415
202709,202728,0.000,8.557
202709,202922,0.000,773.952
202709,203067,0.000,752.925
202709,203115,0.000,362.943
202709,203204,0.000,948.274
202709,203752,0.000,1689.321
202709,203849,0.000,73.987
202709,204908,0.000,13.054
202711,202952,0.000,156.027
202711,268370,0.000,0.000
202711,268378,0.000,222.103
202711,268425,0.000,0.000
202712,202772,0.000,240.000
202712,202802,0.000,90.000
202712,203001,0.000,90.000
202712,203089,0.000,150.000
202712,203238,0.000,390.000
202713,203239,0.000,540.000
202713,204832,0.000,780.000
202713,204911,0.000,120.000
202714,203054,0.000,758.049
202714,203259,0.000,324.668
202714,205205,0.000,76.449
202714,205245,0.000,406.267
202715,202788,0.000,80.000
202715,202980,0.000,60.000
202715,203059,0.000,370.000
202715,203094,0.000,1570.000
202715,203174,0.000,470.000
202715,204923,0.000,760.000
202719,203046,0.000,3.248
202720,203708,0.000,576.115
202720,203802,0.000,0.000
202721,203790,0.000,120.499
202721,205256,0.000,390.524
202722,203204,0.000,608.487
202722,203752,0.000,9008.802
202723,202805,0.000,86.963
202724,203760,0.000,341.818
202725,202802,0.000,430.000
202727,203812,0.000,291.885
202728,203067,0.000,332.729
202728,203093,0.000,366.982
202728,204908,0.000,467.816
202729,202779,0.000,1020.000
202729,202916,0.000,350.000
202729,203077,0.000,220.127
202729,204441,0.000,80.000
202729,204454,0.000,805.199
202729,204983,0.000,564.801
202729,205227,0.000,100.000
202730,202758,0.000,650.000
202730,202861,0.000,480.000
202730,203080,0.000,240.000
202730,203108,0.000,420.000
202730,203114,0.000,90.000
202730,203236,0.000,870.000
202731,202882,0.000,80.000
202731,204848,0.000,290.000
202731,204850,0.000,0.000
202731,204862,0.000,450.000
202732,204860,0.000,480.000
202734,203477,0.000,783.540
202735,202765,0.000,60.000
202735,202815,0.000,0.000
202735,202864,0.000,242.516
202735,202925,0.000,90.000
202735,203036,0.000,240.000
202735,268359,0.000,0.000
202735,268380,0.000,62.457
202735,268409,0.000,0.000
202736,202793,0.000,120.000
202736,202882,0.000,120.000
202736,203013,0.000,70.000
202736,204848,0.000,350.000
202737,203189,0.000,112.357
202737,268381,0.000,82.304
202737,268463,0.000,0.000
202738,202818,0.000,70.863
202738,202982,0.000,45.588
202738,203043,0.000,167.398
202739,204896,0.000,818.816
202739,204954,0.000,5545.601
202740,203134,0.000,810.591
202740,203752,0.000,531.694
202741,203016,0.000,480.000
202743,202935,0.000,40.000
202743,203086,0.000,300.000
202743,203176,0.000,460.000
202745,202887,0.000,240.000
202745,203037,0.000,390.000
202745,203098,0.000,290.000
202745,203181,0.000,30.000
202745,203194,0.000,30.000
202746,203124,0.000,300.000
202746,204926,0.000,320.000
202747,203807,0.000,372.194
202747,203836,0.000,200.764
202748,202896,0.000,30.000
202750,202863,0.000,300.000
202750,203002,0.000,50.000
202750,203129,0.000,340.000
202750,203255,0.000,110.000
202751,202933,0.000,150.000
202751,203142,0.000,90.000
202751,203144,0.000,600.000
202751,204972,0.000,1140.000
202752,202818,0.000,1831.897
202752,203075,0.000,510.016
202753,203134,0.000,562.600
202753,203752,0.000,660.000
202754,202770,0.000,270.000
202754,202792,0.000,30.000
202754,203005,0.000,350.000
202754,203061,0.000,120.000
202754,203219,0.000,810.000
202754,203220,0.000,925.154
202754,204865,0.000,252.450
202754,204883,0.000,170.000
202756,203712,0.000,530.000
202757,202911,0.000,105.356
202760,202773,0.000,111.687
202760,203018,0.000,284.482
202760,203035,0.000,713.135
202760,204865,0.000,805.094
202761,202845,0.000,62.582
202761,202956,0.000,223.984
202761,203152,0.000,742.387
202762,203124,0.000,90.000
202762,203131,0.000,460.000
202762,203231,0.000,460.000
202762,204926,0.000,300.000
202762,204986,0.000,50.000
202763,203214,0.000,244.077
202763,205217,0.000,308.511
202764,203101,0.000,450.000
202764,203712,0.000,60.000
202765,202815,0.000,368.094
202765,202842,0.000,510.000
202765,203022,0.000,1070.000
202765,203036,0.000,1020.000
202765,268340,0.000,0.000
202765,268385,0.000,184.712
202765,268398,0.000,0.000
202767,202913,0.000,150.000
202767,203134,0.000,930.000
202767,203363,0.000,0.000
202767,203752,0.000,390.000
202767,204938,0.000,90.000
202768,202806,0.000,360.000
202768,203010,0.000,90.000
202768,203051,0.000,90.000
202768,203086,0.000,30.000
202768,203189,0.000,0.000
202769,203802,0.000,304.117
202770,202932,0.000,480.000
202770,203005,0.000,270.000
202770,203219,0.000,120.000
202771,202787,0.000,440.000
202771,203794,0.000,2010.000
202771,203847,0.000,630.000
202771,205213,0.000,1110.000
202771,205225,0.000,480.000
202771,205233,0.000,1670.000
202772,203001,0.000,420.000
202772,203068,0.000,300.000
202772,203089,0.000,1050.000
202772,203181,0.000,390.000
202773,202909,0.000,487.931
202773,203035,0.000,378.064
202773,204865,0.000,42.621
202773,204919,0.000,150.927
202776,202792,0.000,1110.000
202776,203061,0.000,290.000
202777,203076,0.000,79.110
202778,204939,0.000,180.311
202779,204983,0.000,389.179
202781,202986,0.000,195.306
202781,202994,0.000,96.921
202781,203200,0.000,490.860
202782,202832,0.000,420.000
202782,202885,0.000,0.000
202782,202935,0.000,240.000
202782,204938,0.000,120.000
202783,202937,0.000,260.000
202783,203034,0.000,20.000
202783,203182,0.000,390.000
202783,203198,0.000,30.000
202783,203217,0.000,420.000
202783,203260,0.000,420.000
202783,204904,0.000,150.000
202786,202970,0.000,160.000
202786,202975,0.000,390.000
202786,203217,0.000,390.000
202786,204859,0.000,1230.000
202786,204904,0.000,450.000
202787,203847,0.000,370.000
202787,205213,0.000,390.000
202788,203094,0.000,400.000
202789,202857,0.000,83.710
202789,203477,0.000,672.923
202789,204922,0.000,424.943
202791,202812,0.000,0.000
202791,202823,0.000,1022.933
202791,202899,0.000,548.579
202791,202939,0.000,148.986
202791,202962,0.000,240.000
202791,203063,0.000,138.989
202791,203140,0.000,494.270
202791,203167,0.000,386.621
202791,203256,0.000,870.000
202791,204852,0.000,1226.567
202791,205247,0.000,264.009
202792,202932,0.000,510.000
202792,202984,0.000,740.000
202792,203061,0.000,210.000
202792,203149,0.000,300.000
202792,203219,0.000,210.000
202793,202884,0.000,460.000
202793,202907,0.000,200.000
202793,203048,0.000,1140.000
202793,203124,0.000,120.000
202793,203166,0.000,280.000
202793,203243,0.000,640.000
202793,203257,0.000,560.000
202793,204848,0.000,220.000
202793,204911,0.000,450.000
202793,204926,0.000,1740.000
202793,204986,0.000,640.000
202794,202839,0.000,1480.000
202794,202864,0.000,390.000
202794,202886,0.000,40.000
202794,203151,0.000,223.917
202794,203189,0.000,80.000
202794,203208,0.000,150.000
202794,268390,0.000,33.959
202794,268452,0.000,0.000
202795,202863,0.000,250.000
202795,203087,0.000,0.000
202795,203254,0.000,140.000
202795,203255,0.000,120.000
202796,203055,0.000,447.431
202796,203849,0.000,312.099
202797,203019,0.000,509.248
202797,203290,0.000,603.341
202797,203334,0.000,640.589
202797,203745,0.000,224.729
202797,203895,0.000,150.078
202798,203014,0.000,201.001
202798,204866,0.000,355.210
202800,204841,0.000,170.000
202800,205251,0.000,470.000
202800,205258,0.000,300.000
202801,202805,0.000,218.934
202801,205238,0.000,152.547
202802,202842,0.000,1230.000
202802,202926,0.000,470.000
202802,203089,0.000,120.000
202802,203096,0.000,1890.000
202802,203238,0.000,90.000
202803,203053,0.000,160.000
202803,203257,0.000,420.000
202803,204876,0.000,80.000
202803,204935,0.000,930.000
202804,203752,0.000,765.569
202805,202865,0.000,499.784
202805,203205,0.000,697.835
202805,205238,0.000,656.033
202806,203010,0.000,0.000
202806,203028,0.000,9.482
202806,203189,0.000,540.406
202806,268396,0.000,323.246
202806,268435,0.000,0.000
202806,268463,0.000,0.000
202807,202933,0.000,360.000
202807,204869,0.000,120.000
202811,202824,0.000,116.191
202811,204859,0.000,220.000
202811,204904,0.000,50.000
202812,202899,0.000,856.270
202812,203167,0.000,396.768
202812,204858,0.000,0.000
202812,204897,0.000,68.565
202812,204943,0.000,660.000
202813,202832,0.000,180.000
202813,202885,0.000,60.000
202813,202935,0.000,300.000
202813,203086,0.000,480.000
202813,203090,0.000,120.000
202815,268359,0.000,0.000
202815,268385,0.000,0.000
202815,268398,0.000,248.457
202816,203708,0.000,612.977
202817,203752,0.000,3060.000
202818,202921,0.000,372.928
202818,202951,0.000,404.711
202818,202964,0.000,531.676
202818,202982,0.000,326.719
202818,203031,0.000,364.463
202818,203033,0.000,457.912
202818,203049,0.000,177.852
202818,203052,0.000,33.409
202818,203073,0.000,681.966
202818,203075,0.000,33.359
202818,203076,0.000,123.070
202818,203171,0.000,43.867
202818,203229,0.000,360.566
202818,203248,0.000,1908.329
202818,204855,0.000,416.329
202819,204900,0.000,360.000
202819,204937,0.000,240.000
202820,202844,0.000,180.000
202820,202923,0.000,310.000
202820,203101,0.000,370.000
202820,203150,0.000,950.000
202821,203018,0.000,754.288
202821,203137,0.000,1037.216
202821,204865,0.000,148.004
202822,203008,0.000,360.389
202822,203248,0.000,204.053
202823,203140,0.000,463.062
202823,203233,0.000,608.141
202824,202905,0.000,540.000
202824,202932,0.000,30.000
202824,203005,0.000,160.000
202824,204844,0.000,176.633
202824,204859,0.000,210.000
202824,204880,0.000,1358.382
202824,204883,0.000,50.000
202824,204884,0.000,795.251
202824,204924,0.000,332.188
202824,204930,0.000,226.303
202824,205039,0.000,33.367
202824,205077,0.000,11.618
202824,205082,0.000,194.749
202824,205125,0.000,57.812
202824,205133,0.000,43.697
202825,203079,0.000,1281.152
202825,204914,0.000,1158.493
202826,203712,0.000,1200.000
202827,202900,0.000,234.908
202827,202943,0.000,816.834
202827,205217,0.000,1366.855
202829,202851,0.000,753.789
202829,203205,0.000,756.798
202831,202898,0.000,240.000
202831,203720,0.000,0.000
202831,203829,0.000,330.000
202831,203839,0.000,210.000
202832,202885,0.000,390.000
202832,202935,0.000,60.000
202832,203090,0.000,150.000
202832,204938,0.000,0.000
202833,203187,0.000,576.965
202834,203002,0.000,190.000
202834,203099,0.000,80.000
202834,203129,0.000,80.000
202834,204913,0.000,10.000
202835,202927,0.000,379.545
202835,202944,0.000,21.956
202835,203215,0.000,366.199
202835,204934,0.000,642.643
202836,205241,0.000,960.000
202837,202982,0.000,7.169
202837,203043,0.000,0.000
202839,202886,0.000,510.000
202839,202887,0.000,1050.000
202839,202889,0.000,60.000
202840,202866,0.000,58.713
202840,205217,0.000,842.365
202841,203141,0.000,390.000
202841,203181,0.000,30.000
202842,202864,0.000,210.000
202842,202925,0.000,510.000
202842,203036,0.000,60.000
202843,202877,0.000,270.000
202843,203117,0.000,30.000
202843,203130,0.000,430.000
202843,203159,0.000,550.000
202843,203246,0.000,350.000
202843,205248,0.000,150.000
202843,205250,0.000,380.000
202844,202923,0.000,130.000
202844,202957,0.000,60.000
202844,203020,0.000,400.000
202844,203150,0.000,530.000
202845,202956,0.000,303.037
202845,203136,0.000,241.285
202845,203152,0.000,246.016
202845,205209,0.000,66.018
202846,203708,0.000,335.287
202847,204894,0.000,377.715
202848,202968,0.000,0.000
202848,203015,0.000,49.958
202849,204832,0.000,1140.000
202851,203205,0.000,17.752
202851,205209,0.000,64.020
202852,202906,0.000,150.000
202852,202974,0.000,60.000
202852,203006,0.000,210.000
202852,203011,0.000,90.000
202852,204843,0.000,480.000
202852,205211,0.000,210.000
202853,202959,0.000,441.014
202853,203210,0.000,266.234
202853,203814,0.000,1736.512
202853,204954,0.000,1011.916
202854,202990,0.000,120.000
202854,203257,0.000,570.000
202854,203803,0.000,630.000
202857,203477,0.000,516.775
202857,204922,0.000,238.820
202859,202867,0.000,64.925
202859,203752,0.000,296.184
202859,203841,0.000,144.871
202860,202974,0.000,180.000
202860,203196,0.000,250.000
202860,205211,0.000,0.000
202861,203094,0.000,820.000
202861,203114,0.000,160.000
202864,202925,0.000,540.000
202864,203151,0.000,589.331
202864,203208,0.000,900.000
202864,268380,0.000,0.000
202864,268409,0.000,457.565
202864,268452,0.000,0.000
202865,203205,0.000,10.143
202866,203054,0.000,143.984
202866,203259,0.000,54.625
202866,205217,0.000,264.311
202867,203752,0.000,374.515
202868,203719,0.000,756.069
202870,205217,0.000,1164.403
202874,203807,0.000,232.832
202874,203836,0.000,168.512
202875,205217,0.000,332.339
202877,205223,0.000,200.000
202877,205250,0.000,420.000
202879,202938,0.000,0.000
202879,203152,0.000,558.649
202879,203154,0.000,0.000
202879,205209,0.000,189.622
202880,203187,0.000,1181.471
202881,202970,0.000,120.000
202881,202975,0.000,210.000
202881,203217,0.000,570.000
202882,203013,0.000,220.000
202882,204848,0.000,220.000
202882,204862,0.000,340.000
202882,204935,0.000,0.000
202883,203184,0.000,175.638
202883,203754,0.000,373.306
202884,203109,0.000,360.000
202884,203166,0.000,120.000
202885,203086,0.000,2160.000
202885,204938,0.000,1590.000
202886,202889,0.000,870.000
202886,203086,0.000,420.000
202886,203189,0.000,330.000
202886,203195,0.000,300.000
202887,202889,0.000,660.000
202887,202965,0.000,450.000
202887,203001,0.000,150.000
202887,203068,0.000,410.000
202887,203176,0.000,420.000
202887,203181,0.000,270.000
202887,203194,0.000,580.000
202888,202948,0.000,326.764
202888,203849,0.000,1071.004
202888,204906,0.000,246.032
202889,203176,0.000,630.000
202890,204457,0.000,0.000
202890,204882,0.000,290.000
202891,203137,0.000,267.295
202891,203178,0.000,641.357
202891,203222,0.000,13.311
202891,204866,0.000,136.284
202892,203039,0.000,538.088
202892,205217,0.000,504.270
202893,203153,0.000,202.448
202893,205201,0.000,51.067
202894,202983,0.000,350.000
202894,203738,0.000,30.000
202894,205233,0.000,90.000
202895,203257,0.000,300.000
202895,203793,0.000,60.000
202895,203795,0.000,1740.000
202895,203803,0.000,1980.000
202895,203854,0.000,360.000
202896,203853,0.000,1170.000
202897,203153,0.000,44.362
202898,202903,0.000,120.000
202898,202967,0.000,570.000
202898,202999,0.000,450.000
202898,203135,0.000,270.000
202898,203247,0.000,520.000
202898,203703,0.000,730.000
202898,203712,0.000,480.000
202898,203839,0.000,100.000
202899,203167,0.000,0.000
202899,204852,0.000,99.963
202899,204897,0.000,744.062
202900,205217,0.000,80.993
202902,202968,0.000,64.559
202902,203206,0.000,69.832
202902,203708,0.000,1424.336
202903,203703,0.000,550.000
202903,203712,0.000,350.000
202905,202932,0.000,1020.000
202905,204884,0.000,240.000
202906,203011,0.000,120.000
202906,204843,0.000,390.000
202907,202990,0.000,130.000
202907,203048,0.000,460.000
202907,204986,0.000,570.000
202909,203752,0.000,190.000
202909,204865,0.000,253.113
202909,204905,0.000,313.966
202909,204919,0.000,371.624
202910,203029,0.000,80.000
202911,202918,0.000,323.065
202911,203152,0.000,0.000
202912,203003,0.000,60.000
202912,205209,0.000,661.737
202913,203134,0.000,0.000
202913,203363,0.000,150.000
202913,204938,0.000,300.000
202916,204441,0.000,528.155
202917,203111,0.000,375.141
202917,204855,0.000,322.021
202919,203746,0.000,1091.085
202922,203093,0.000,162.031
202922,203126,0.000,145.409
202922,203849,0.000,486.240
202924,202935,0.000,0.000
202924,203024,0.000,40.000
202924,203118,0.000,630.000
202924,203176,0.000,710.000
202924,203194,0.000,110.000
202925,203036,0.000,720.000
202926,203096,0.000,330.000
202926,203238,0.000,970.000
202927,202981,0.000,788.867
202927,203215,0.000,27.070
202927,204885,0.000,763.074
202927,204934,0.000,167.916
202928,205256,0.000,399.326
202929,205220,0.000,522.528
202929,205227,0.000,280.000
202930,203249,0.000,1131.723
202931,203157,0.000,260.000
202931,204809,0.000,420.000
202931,204878,0.000,40.000
202931,204891,0.000,240.000
202932,202949,0.000,60.000
202932,203005,0.000,120.000
202932,203142,0.000,90.000
202932,203143,0.000,2160.000
202932,203149,0.000,570.000
202932,203219,0.000,300.000
202932,204849,0.000,1380.000
202932,204884,0.000,300.000
202932,204912,0.000,150.000
202933,204869,0.000,580.000
202934,203065,0.000,362.073
202934,203158,0.000,1521.232
202934,203200,0.000,1252.574
202934,204914,0.000,1248.383
202935,203086,0.000,80.000
202935,203090,0.000,270.000
202935,203118,0.000,330.000
202935,203176,0.000,180.000
202935,204904,0.000,480.000
202935,204938,0.000,200.000
202936,203142,0.000,540.000
202937,203034,0.000,640.000
202937,203160,0.000,220.000
202937,203260,0.000,30.000
202938,203152,0.000,190.626
202938,205209,0.000,202.080
202939,203128,0.000,836.490
202939,203191,0.000,420.044
202939,203256,0.000,708.478
202940,203731,0.000,210.605
202940,203845,0.000,230.091
202941,203795,0.000,0.000
202941,204876,0.000,420.000
202941,204879,0.000,213.539
202941,204892,0.000,80.000
202941,204901,0.000,251.542
202941,205076,0.000,76.461
202941,205100,0.000,18.458
202943,205217,0.000,440.624
202944,203215,0.000,468.049
202944,204863,0.000,249.004
202944,204866,0.000,391.203
202944,204934,0.000,6.545
202945,203844,0.000,815.298
202948,202993,0.000,24.484
202948,204872,0.000,148.998
202948,204971,0.000,269.908
202949,203142,0.000,240.000
202949,204849,0.000,300.000
202950,203111,0.000,167.062
202952,203189,0.000,234.028
202952,268378,0.000,0.000
202952,268425,0.000,248.050
202952,268463,0.000,0.000
202953,203058,0.000,300.000
202953,203082,0.000,360.000
202953,203198,0.000,0.000
202953,203260,0.000,780.000
202955,203802,0.000,460.679
202956,203136,0.000,0.000
202956,203152,0.000,425.564
202957,203020,0.000,210.000
202959,203814,0.000,450.415
202960,203752,0.000,3726.673
202960,204865,0.000,1877.801
202962,204852,0.000,300.000
202963,205245,0.000,152.505
202964,203073,0.000,122.995
202965,203001,0.000,150.000
202965,203238,0.000,360.000
202966,203137,0.000,1690.000
202966,203255,0.000,230.000
202967,203217,0.000,420.000
202968,202991,0.000,93.781
202968,203015,0.000,268.611
202968,203206,0.000,166.632
202968,203708,0.000,130.032
202969,203203,0.000,224.881
202969,204903,0.000,188.660
202969,204925,0.000,0.000
202969,205256,0.000,478.065
202970,202975,0.000,120.000
202970,203217,0.000,390.000
202973,203074,0.000,364.362
202973,204448,0.000,0.000
202973,204847,0.000,116.564
202973,204886,0.000,209.217
202973,204925,0.000,102.804
202974,203006,0.000,30.000
202974,203196,0.000,0.000
202974,205211,0.000,600.000
202975,203217,0.000,300.000
202976,203046,0.000,55.244
202977,203187,0.000,535.696
202977,203796,0.000,444.603
202979,205204,0.000,175.852
202979,205217,0.000,198.320
202979,205218,0.000,89.330
202980,203029,0.000,420.000
202980,203174,0.000,110.000
202980,203197,0.000,400.000
202981,203128,0.000,356.507
202981,203215,0.000,135.235
202982,203043,0.000,329.748
202982,203778,0.000,242.308
202982,203802,0.000,350.299
202982,203817,0.000,22.561
202983,203738,0.000,150.000
202983,205208,0.000,250.000
202983,205232,0.000,682.214
202983,205233,0.000,160.000
202983,205289,0.000,167.786
202984,203162,0.000,1020.000
202985,205217,0.000,1008.242
202985,205252,0.000,16.280
202988,203044,0.000,215.254
202990,203048,0.000,260.000
202990,203213,0.000,120.000
202990,203257,0.000,40.000
202990,203755,0.000,70.000
202990,203803,0.000,360.000
202990,205233,0.000,20.000
202991,203206,0.000,172.187
202992,203164,0.000,140.000
202992,204880,0.000,1760.000
202993,203221,0.000,88.529
202993,203849,0.000,478.344
202993,204971,0.000,47.673
202994,203200,0.000,390.113
202994,203815,0.000,0.000
202994,203836,0.000,374.429
202995,203200,0.000,678.524
202996,204862,0.000,870.000
202996,204928,0.000,0.000
202996,204935,0.000,230.000
202999,203020,0.000,380.000
202999,203135,0.000,110.000
202999,203150,0.000,120.000
203001,203068,0.000,240.000
203001,203238,0.000,390.000
203002,203099,0.000,470.000
203002,203129,0.000,670.000
203002,204913,0.000,10.000
203002,204921,0.000,47.536
203003,205209,0.000,792.674
203003,205238,0.000,467.335
203005,204883,0.000,280.000
203006,203021,0.000,500.000
203006,203027,0.000,150.000
203006,203137,0.000,270.000
203006,203209,0.000,770.000
203006,204843,0.000,0.000
203008,203248,0.000,80.442
203009,204981,0.000,315.368
203009,205217,0.000,255.912
203010,203189,0.000,300.000
203011,204843,0.000,120.000
203011,205211,0.000,1230.000
203013,203257,0.000,550.000
203013,204935,0.000,260.000
203014,203021,0.000,450.000
203014,203040,0.000,580.000
203014,203121,0.000,464.914
203014,203137,0.000,100.000
203014,203215,0.000,363.130
203014,204866,0.000,288.802
203015,203708,0.000,41.975
203017,203173,0.000,491.211
203018,203178,0.000,90.000
203018,204865,0.000,516.139
203019,203102,0.000,340.510
203019,203290,0.000,333.683
203019,203391,0.000,777.029
203019,203530,0.000,41.252
203019,203752,0.000,390.000
203019,203844,0.000,645.481
203020,203150,0.000,200.000
203021,203040,0.000,30.000
203021,203137,0.000,150.000
203022,203023,0.000,450.000
203024,203082,0.000,270.000
203025,204880,0.000,1440.000
203026,203723,0.000,1286.988
203026,203734,0.000,479.043
203027,203129,0.000,30.000
203027,203137,0.000,210.000
203028,203086,0.000,1110.000
203028,203100,0.000,480.000
203028,203261,0.000,330.000
203028,203352,0.000,950.000
203028,203363,0.000,31.623
203028,203456,0.000,270.000
203028,204938,0.000,60.000
203028,268342,0.000,0.000
203028,268396,0.000,0.000
203028,268435,0.000,111.906
203029,203174,0.000,350.000
203029,203197,0.000,280.000
203032,203039,0.000,59.957
203032,205216,0.000,0.000
203032,205217,0.000,451.876
203033,203073,0.000,214.133
203035,203178,0.000,1576.857
203035,204919,0.000,468.422
203037,203098,0.000,170.000
203037,203181,0.000,440.000
203039,203185,0.000,471.267
203039,205204,0.000,667.531
203039,205205,0.000,0.000
203039,205216,0.000,242.752
203039,205217,0.000,239.905
203042,203752,0.000,1153.282
203044,203849,0.000,60.061
203045,204855,0.000,498.886
203045,204952,0.000,142.875
203046,204466,0.000,54.268
203046,204967,0.000,853.894
203047,203200,0.000,292.004
203047,203756,0.000,310.475
203048,203257,0.000,120.000
203049,203052,0.000,193.471
203050,203814,0.000,266.576
203050,204954,0.000,1127.946
203051,203086,0.000,330.000
203052,203113,0.000,8.665
203052,203171,0.000,271.878
203052,204952,0.000,0.000
203053,203257,0.000,210.000
203053,204876,0.000,230.000
203054,203259,0.000,74.934
203054,205205,0.000,17.941
203054,205217,0.000,489.677
203055,203107,0.000,299.576
203055,203250,0.000,150.875
203055,203253,0.000,274.431
203055,203849,0.000,397.328
203058,203082,0.000,60.000
203058,203260,0.000,480.000
203059,203174,0.000,210.000
203059,204923,0.000,270.000
203060,203742,0.000,41.482
203060,203778,0.000,168.316
203060,203817,0.000,169.187
203060,203827,0.000,185.305
203063,203140,0.000,316.795
203063,203233,0.000,260.233
203063,205247,0.000,258.464
203063,205257,0.000,38.048
203064,203802,0.000,1090.220
203065,203158,0.000,621.391
203065,203200,0.000,34.093
203066,203708,0.000,890.158
203067,204908,0.000,284.046
203068,203181,0.000,1170.000
203070,204908,0.000,401.772
203071,203844,0.000,3217.540
203074,204448,0.000,303.173
203074,204847,0.000,40.000
203074,204886,0.000,0.000
203074,205256,0.000,221.077
203077,205227,0.000,209.270
203079,203091,0.000,681.080
203079,203747,0.000,285.865
203079,203752,0.000,655.920
203079,203760,0.000,416.156
203079,203844,0.000,652.731
203079,204914,0.000,1272.627
203080,203108,0.000,270.000
203080,203114,0.000,330.000
203082,203198,0.000,270.000
203082,203260,0.000,0.000
203084,203248,0.000,172.666
203085,204862,0.000,360.000
203085,204935,0.000,610.000
203086,203195,0.000,340.000
203086,204938,0.000,210.000
203087,203137,0.000,330.000
203087,203254,0.000,240.000
203087,203255,0.000,90.000
203088,203275,0.000,1228.553
203088,203319,0.000,824.993
203088,203323,0.000,318.626
203088,203342,0.000,301.909
203088,203459,0.000,149.783
203088,203482,0.000,528.280
203088,203506,0.000,128.464
203088,203528,0.000,675.884
203088,203533,0.000,534.760
203088,203552,0.000,245.313
203091,203844,0.000,95.174
203091,204914,0.000,1073.940
203093,203126,0.000,190.509
203093,203244,0.000,64.342
203093,203849,0.000,105.523
203093,204908,0.000,267.641
203095,203201,0.000,540.000
203095,204849,0.000,720.000
203097,203134,0.000,320.000
203097,203262,0.000,80.000
203097,203752,0.000,180.000
203098,203181,0.000,130.000
203098,203194,0.000,570.000
203099,204913,0.000,350.000
203100,203363,0.000,570.000
203102,203391,0.000,14.284
203102,203844,0.000,3058.941
203104,203128,0.000,590.000
203104,203133,0.000,120.000
203104,203159,0.000,340.000
203104,203191,0.000,690.000
203104,203196,0.000,230.000
203104,203246,0.000,180.000
203105,205217,0.000,55.526
203105,205252,0.000,381.612
203106,203849,0.000,2127.835
203107,203250,0.000,304.308
203108,203114,0.000,120.000
203108,203699,0.000,1200.000
203108,203853,0.000,1170.000
203111,204855,0.000,138.860
203112,204855,0.000,514.665
203113,203171,0.000,0.000
203113,203849,0.000,924.860
203113,204952,0.000,1631.024
203114,203699,0.000,360.000
203114,204879,0.000,280.000
203115,203752,0.000,677.455
203116,203200,0.000,609.669
203117,203159,0.000,120.000
203117,203196,0.000,270.000
203117,205211,0.000,780.000
203117,205248,0.000,600.000
203118,203176,0.000,0.000
203119,203802,0.000,0.000
203120,204824,0.000,253.548
203120,204917,0.000,750.000
203121,203128,0.000,674.734
203121,203215,0.000,1171.116
203123,203233,0.000,310.931
203123,205257,0.000,646.748
203124,204926,0.000,150.000
203124,204986,0.000,420.000
203126,203849,0.000,597.243
203127,203752,0.000,518.181
203127,203849,0.000,371.371
203128,203191,0.000,138.341
203128,203215,0.000,162.879
203129,203137,0.000,620.000
203129,203255,0.000,20.000
203130,205227,0.000,870.000
203130,205250,0.000,270.000
203131,204926,0.000,10.000
203134,203262,0.000,180.000
203134,203309,0.000,320.000
203134,203320,0.000,530.000
203134,203363,0.000,390.000
203134,203495,0.000,100.000
203134,203752,0.000,1347.252
203135,203150,0.000,300.000
203136,203265,0.000,210.791
203136,205217,0.000,0.000
203137,203254,0.000,230.000
203137,203255,0.000,290.000
203137,204865,0.000,511.009
203137,204866,0.000,340.553
203138,203752,0.000,1393.853
203140,203233,0.000,194.229
203141,203145,0.000,580.000
203141,203160,0.000,370.000
203141,203181,0.000,150.000
203141,203194,0.000,180.000
203141,203260,0.000,270.000
203142,203144,0.000,360.000
203142,204849,0.000,30.000
203145,203194,0.000,1000.000
203145,203260,0.000,1320.000
203146,203752,0.000,48.111
203146,203841,0.000,526.856
203149,203219,0.000,240.000
203151,268370,0.000,0.000
203151,268390,0.000,0.000
203151,268409,0.000,0.000
203151,268452,0.000,448.739
203152,203154,0.000,231.788
203152,205209,0.000,23.973
203152,205217,0.000,0.000
203153,203184,0.000,77.288
203153,205201,0.000,81.556
203154,205209,0.000,430.303
203157,204891,0.000,120.000
203157,204935,0.000,200.000
203158,203697,0.000,479.138
203158,203836,0.000,678.368
203158,204914,0.000,65.624
203158,204954,0.000,4518.075
203159,203196,0.000,170.000
203159,203246,0.000,20.000
203160,203260,0.000,210.000
203161,203249,0.000,520.513
203161,204918,0.000,348.944
203163,204925,0.000,32.587
203164,204880,0.000,450.000
203164,204883,0.000,1150.000
203166,204848,0.000,160.000
203167,205203,0.000,0.000
203167,205247,0.000,313.223
203168,203178,0.000,463.369
203168,203253,0.000,110.602
203168,203752,0.000,457.375
203168,204908,0.000,159.398
203168,204919,0.000,145.279
203169,204852,0.000,243.466
203169,204897,0.000,283.105
203169,204971,0.000,513.736
203170,205209,0.000,307.521
203170,205238,0.000,238.909
203171,204855,0.000,428.109
203171,204952,0.000,71.209
203172,204461,0.000,540.000
203172,204986,0.000,480.000
203173,204911,0.000,356.816
203176,203194,0.000,210.000
203178,203253,0.000,834.776
203178,204906,0.000,1400.761
203178,204919,0.000,773.890
203181,203194,0.000,120.000
203184,203754,0.000,2.433
203184,203812,0.000,0.000
203184,205201,0.000,38.773
203185,205217,0.000,162.064
203187,203224,0.000,413.991
203187,203796,0.000,1567.031
203187,204954,0.000,6228.050
203189,268381,0.000,0.000
203189,268396,0.000,0.000
203189,268425,0.000,0.000
203189,268463,0.000,287.792
203191,203256,0.000,132.106
203196,205211,0.000,450.000
203198,203260,0.000,60.000
203200,203710,0.000,246.272
203200,203752,0.000,575.511
203200,203756,0.000,602.905
203200,203836,0.000,149.285
203200,204914,0.000,1068.410
203201,204849,0.000,360.000
203201,204860,0.000,530.000
203201,204884,0.000,90.000
203201,204912,0.000,270.000
203203,204903,0.000,0.000
203203,204925,0.000,427.685
203205,205209,0.000,1290.149
203206,203708,0.000,0.000
203207,203717,0.000,100.000
203207,203763,0.000,210.000
203207,204481,0.000,1090.000
203207,205232,0.000,0.000
203209,204843,0.000,70.000
203209,204937,0.000,1280.000
203210,203814,0.000,669.324
203210,203837,0.000,126.371
203210,203844,0.000,2873.596
203210,203897,0.000,117.102
203210,204954,0.000,1662.073
203213,203732,0.000,30.000
203213,203803,0.000,510.000
203213,205233,0.000,540.000
203214,205217,0.000,0.000
203215,204866,0.000,87.207
203220,204865,0.000,55.551
203220,204883,0.000,40.000
203221,203849,0.000,461.239
203222,204866,0.000,727.169
203222,204906,0.000,19.069
203224,204954,0.000,117.403
203227,203262,0.000,390.000
203227,203752,0.000,1050.000
203230,203815,0.000,393.632
203231,204986,0.000,490.000
203233,205257,0.000,786.013
203234,204855,0.000,459.505
203234,204952,0.000,99.816
203237,205217,0.000,392.575
203239,204405,0.000,172.306
203239,204832,0.000,80.165
203240,205201,0.000,298.658
203240,205202,0.000,168.294
203243,204911,0.000,460.000
203244,203849,0.000,373.941
203245,204862,0.000,930.000
203245,204873,0.000,30.000
203247,203839,0.000,260.000
203248,204855,0.000,93.447
203249,203740,0.000,1094.563
203249,203779,0.000,190.770
203249,204895,0.000,1806.738
203249,204918,0.000,2680.472
203249,204954,0.000,378.064
203250,203849,0.000,912.040
203250,204906,0.000,532.394
203252,203723,0.000,1805.474
203252,203734,0.000,1545.627
203253,204908,0.000,1176.142
203254,203255,0.000,0.000
203257,203803,0.000,90.000
203257,204876,0.000,580.000
203257,204935,0.000,640.000
203261,204938,0.000,420.000
203262,203307,0.000,690.000
203262,203309,0.000,650.000
203262,203429,0.000,30.000
203262,203443,0.000,450.000
203262,203752,0.000,430.000
203262,203890,0.000,780.000
203264,204855,0.000,392.968
203265,205217,0.000,216.034
203267,204422,0.000,0.000
203267,204448,0.000,338.756
203268,203478,0.000,61.844
203268,269771,0.000,30.020
203268,271200,0.000,0.000
203271,203300,0.000,73.465
203271,203305,0.000,249.405
203271,203399,0.000,0.000
203271,203413,0.000,368.183
203271,203433,0.000,489.442
203271,203457,0.000,171.681
203271,203460,0.000,514.448
203271,203497,0.000,0.000
203271,203562,0.000,334.626
203271,203877,0.000,170.692
203271,203895,0.000,88.792
203272,203340,0.000,850.000
203272,203436,0.000,840.000
203272,203450,0.000,60.000
203272,203517,0.000,0.000
203272,203544,0.000,790.000
203273,203431,0.000,79.680
203273,203473,0.000,88.179
203273,203904,0.000,143.348
203273,269782,0.000,135.130
203273,271163,0.000,0.000
203273,271522,0.000,0.000
203274,203564,0.000,65.807
203274,203889,0.000,570.104
203277,203473,0.000,76.535
203277,203909,0.000,167.732
203277,269789,0.000,153.587
203277,271163,0.000,0.000
203277,271713,0.000,0.000
203278,203483,0.000,464.683
203278,203533,0.000,1037.127
203279,203355,0.000,848.483
203279,203487,0.000,162.829
203279,203518,0.000,744.869
203281,203367,0.000,568.452
203281,203368,0.000,79.025
203281,269861,0.000,268.785
203281,270466,0.000,0.000
203281,270472,0.000,0.000
203284,203478,0.000,305.806
203284,203556,0.000,301.076
203284,269871,0.000,122.459
203284,271200,0.000,0.000
203284,271750,0.000,0.000
203286,203396,0.000,159.641
203286,203504,0.000,919.439
203286,269894,0.000,608.783
203286,270594,0.000,0.000
203287,203326,0.000,90.000
203287,203401,0.000,470.000
203287,203480,0.000,400.000
203287,203557,0.000,370.000
203287,203890,0.000,30.000
203290,203334,0.000,169.416
203290,203344,0.000,819.824
203290,203373,0.000,455.901
203290,203530,0.000,994.569
203290,203888,0.000,269.073
203291,203426,0.000,30.000
203291,203450,0.000,200.000
203292,203440,0.000,154.152
203292,269928,0.000,162.998
203292,272463,0.000,0.000
203295,203378,0.000,374.772
203295,203419,0.000,0.652
203295,203432,0.000,358.963
203295,203454,0.000,442.041
203295,203509,0.000,250.000
203298,203315,0.000,1476.068
203298,203357,0.000,584.342
203298,203483,0.000,268.843
203298,203912,0.000,1828.468
203298,269980,0.000,867.985
203298,270393,0.000,0.000
203298,271226,0.000,0.000
203300,203330,0.000,487.168
203300,203411,0.000,610.531
203300,203460,0.000,835.890
203300,203497,0.000,254.428
203300,203498,0.000,77.179
203300,203500,0.000,1447.081
203300,203877,0.000,579.113
203300,203895,0.000,0.000
203301,203383,0.000,1155.842
203301,203386,0.000,1311.435
203301,203416,0.000,0.000
203302,203481,0.000,312.586
203302,203517,0.000,300.000
203302,203556,0.000,986.020
203302,270014,0.000,197.261
203302,271222,0.000,0.000
203302,271750,0.000,0.000
203303,203426,0.000,400.601
203305,203341,0.000,23.932
203305,203371,0.000,455.789
203305,203428,0.000,0.000
203305,203460,0.000,639.339
203305,203877,0.000,816.855
203307,203372,0.000,100.000
203307,203429,0.000,390.000
203307,203478,0.000,160.000
203307,203890,0.000,520.000
203309,203320,0.000,400.000
203309,203376,0.000,870.000
203309,203429,0.000,720.000
203309,203443,0.000,120.000
203309,203456,0.000,518.783
203309,203478,0.000,180.000
203309,203495,0.000,520.000
203309,203522,0.000,75.322
203309,270067,0.000,150.176
203309,271030,0.000,0.000
203309,271495,0.000,0.000
203311,203367,0.000,145.209
203311,203419,0.000,619.775
203311,203455,0.000,240.000
203311,203531,0.000,11.861
203311,203553,0.000,90.000
203311,270070,0.000,388.770
203311,270466,0.000,0.000
203311,270733,0.000,0.000
203311,271577,0.000,0.000
203312,203396,0.000,223.441
203312,203504,0.000,1101.268
203315,203483,0.000,1656.504
203317,203401,0.000,400.000
203317,203422,0.000,80.000
203317,203461,0.000,180.000
203318,203331,0.000,86.377
203318,203870,0.000,261.902
203318,203879,0.000,324.240
203319,203439,0.000,651.661
203319,203482,0.000,273.866
203319,270115,0.000,330.538
203319,270925,0.000,0.000
203319,271224,0.000,0.000
203320,203363,0.000,310.000
203320,203376,0.000,140.000
203320,203495,0.000,60.000
203323,203459,0.000,284.541
203323,203533,0.000,1066.554
203323,270200,0.000,430.020
203323,271046,0.000,0.000
203323,271584,0.000,0.000
203324,203431,0.000,13.881
203324,203473,0.000,450.602
203324,203909,0.000,376.443
203325,203352,0.000,457.824
203325,203456,0.000,598.037
203325,270205,0.000,20.001
203325,270354,0.000,0.000
203325,271030,0.000,0.000
203326,203401,0.000,300.000
203326,203890,0.000,450.000
203327,203351,0.000,183.589
203327,203393,0.000,2739.384
203327,203477,0.000,55.979
203327,203496,0.000,240.000
203327,203511,0.000,793.248
203327,203868,0.000,1007.336
203327,203889,0.000,813.176
203330,203497,0.000,0.000
203330,203498,0.000,86.421
203330,203895,0.000,327.658
203331,203870,0.000,902.654
203332,203351,0.000,341.310
203332,203483,0.000,628.208
203334,203344,0.000,918.836
203334,203399,0.000,79.868
203334,203457,0.000,630.000
203334,203465,0.000,430.000
203334,203877,0.000,1335.746
203334,203895,0.000,266.886
203337,203378,0.000,180.000
203337,203432,0.000,868.132
203337,203547,0.000,620.000
203337,203553,0.000,60.000
203338,203454,0.000,220.161
203338,203508,0.000,171.569
203338,271027,0.000,0.000
203338,272338,0.000,648.672
203340,203436,0.000,0.000
203340,203450,0.000,710.000
203340,203481,0.000,424.937
203340,203517,0.000,360.000
203340,270299,0.000,240.120
203340,271222,0.000,0.000
203341,203428,0.000,527.469
203341,203460,0.000,0.000
203341,203877,0.000,1803.920
203342,203482,0.000,229.942
203344,203373,0.000,41.242
203344,203465,0.000,720.000
203344,203857,0.000,0.000
203344,203901,0.000,360.000
203347,203478,0.000,300.000
203347,203556,0.000,90.000
203347,203558,0.000,210.000
203351,203397,0.000,546.199
203351,203462,0.000,530.292
203351,203477,0.000,2305.529
203351,203483,0.000,696.860
203351,203511,0.000,893.633
203351,203561,0.000,405.772
203351,203910,0.000,236.134
203351,204922,0.000,127.762
203352,203456,0.000,190.000
203352,268342,0.000,0.000
203352,270205,0.000,0.000
203352,270354,0.000,937.427
203354,203481,0.000,171.743
203354,203523,0.000,162.019
203354,270365,0.000,0.000
203354,271222,0.000,0.000
203354,271511,0.000,0.000
203355,203487,0.000,156.492
203355,203518,0.000,239.858
203355,203536,0.000,2039.388
203355,203554,0.000,132.746
203355,270381,0.000,229.280
203355,271478,0.000,0.000
203355,271595,0.000,0.000
203355,271739,0.000,0.000
203356,203367,0.000,390.000
203356,203402,0.000,120.000
203356,203423,0.000,170.000
203356,203450,0.000,60.000
203356,203489,0.000,270.000
203357,203435,0.000,91.824
203357,203483,0.000,695.277
203357,203885,0.000,421.837
203357,203912,0.000,452.640
203357,269980,0.000,0.000
203357,270393,0.000,35.543
203357,270882,0.000,0.000
203359,203401,0.000,453.994
203359,203426,0.000,259.935
203359,203436,0.000,90.000
203359,203527,0.000,18.082
203359,203556,0.000,210.000
203363,203376,0.000,10.000
203363,203456,0.000,170.000
203363,204938,0.000,120.000
203367,203402,0.000,180.000
203367,203423,0.000,70.000
203367,203455,0.000,700.000
203367,269861,0.000,0.000
203367,270070,0.000,0.000
203367,270466,0.000,437.860
203368,269861,0.000,0.000
203368,270472,0.000,60.620
203371,203877,0.000,444.814
203372,203478,0.000,360.000
203372,203501,0.000,500.000
203372,203890,0.000,620.000
203373,203888,0.000,266.264
203373,203901,0.000,390.000
203375,203406,0.000,140.000
203375,203422,0.000,10.000
203375,203507,0.000,40.000
203375,203556,0.000,830.000
203376,203456,0.000,1260.000
203377,203436,0.000,360.000
203377,203556,0.000,780.000
203378,203419,0.000,499.348
203378,203432,0.000,824.665
203378,203553,0.000,10.000
203382,203426,0.000,420.000
203382,203544,0.000,180.000
203383,203386,0.000,889.342
203383,203396,0.000,1690.385
203383,203416,0.000,419.451
203384,203556,0.000,570.000
203384,203557,0.000,450.000
203386,203409,0.000,594.051
203386,203416,0.000,573.560
203386,203466,0.000,655.511
203386,203487,0.000,1959.334
203386,270546,0.000,1404.181
203386,270688,0.000,0.000
203386,270728,0.000,0.000
203388,203389,0.000,0.000
203388,203397,0.000,294.276
203388,203462,0.000,800.167
203388,203906,0.000,121.133
203388,204922,0.000,646.474
203389,203886,0.000,0.000
203389,203906,0.000,839.457
203389,204922,0.000,1059.695
203391,203530,0.000,1490.123
203391,203844,0.000,1448.807
203391,203862,0.000,423.959
203391,203874,0.000,284.914
203392,203483,0.000,4082.550
203392,203535,0.000,1754.635
203393,203485,0.000,264.340
203393,203496,0.000,1184.692
203393,203529,0.000,447.043
203393,203868,0.000,542.052
203393,203883,0.000,283.462
203393,203905,0.000,1147.106
203395,203432,0.000,920.270
203395,203440,0.000,177.769
203396,203416,0.000,201.407
203396,203504,0.000,1456.602
203396,269894,0.000,0.000
203396,270594,0.000,392.118
203396,270728,0.000,0.000
203397,203462,0.000,22.776
203397,204922,0.000,17.349
203399,203457,0.000,208.719
203399,203562,0.000,289.855
203399,203895,0.000,430.115
203401,203406,0.000,300.000
203401,203422,0.000,260.000
203401,203461,0.000,130.000
203401,203474,0.000,780.000
203401,203500,0.000,34.314
203401,203507,0.000,360.000
203401,203527,0.000,11.918
203401,203556,0.000,200.000
203401,203557,0.000,290.000
203401,203877,0.000,1255.686
203401,203890,0.000,770.000
203402,203455,0.000,360.000
203402,203489,0.000,0.000
203402,203547,0.000,410.000
203403,203889,0.000,996.941
203404,203556,0.000,430.000
203404,203557,0.000,450.000
203404,203558,0.000,120.000
203406,203422,0.000,450.000
203406,203507,0.000,230.000
203409,203487,0.000,170.319
203409,203518,0.000,396.037
203409,203560,0.000,51.662
203409,270546,0.000,0.000
203409,270688,0.000,0.000
203409,271478,0.000,0.000
203411,203428,0.000,413.669
203411,203460,0.000,126.872
203411,203877,0.000,427.120
203412,203530,0.000,2089.636
203412,203862,0.000,720.634
203412,203871,0.000,234.970
203412,203881,0.000,401.723
203412,203888,0.000,1269.003
203412,203903,0.000,445.532
203412,203907,0.000,648.795
203413,203433,0.000,331.955
203413,203457,0.000,81.542
203413,203877,0.000,484.686
203414,203426,0.000,1261.108
203414,203877,0.000,1742.352
203416,270546,0.000,0.000
203416,270594,0.000,0.000
203416,270728,0.000,240.495
203419,203509,0.000,364.241
203419,203553,0.000,380.000
203419,270070,0.000,0.000
203419,270733,0.000,94.691
203419,271424,0.000,0.000
203422,203461,0.000,270.000
203422,203556,0.000,450.000
203422,203557,0.000,120.000
203423,203450,0.000,890.000
203426,203427,0.000,424.462
203426,203432,0.000,172.845
203426,203436,0.000,60.000
203426,203527,0.000,480.065
203426,203544,0.000,750.000
203426,203877,0.000,650.050
203427,203432,0.000,1130.000
203427,203877,0.000,1349.998
203427,203891,0.000,1413.729
203428,203460,0.000,30.283
203428,203877,0.000,141.538
203429,203443,0.000,210.000
203429,203478,0.000,830.000
203431,203464,0.000,159.580
203431,203473,0.000,460.205
203431,203904,0.000,434.146
203431,203909,0.000,316.001
203432,203440,0.000,308.632
203432,203467,0.000,283.006
203432,203470,0.000,48.069
203432,203879,0.000,467.227
203432,203891,0.000,521.532
203435,203483,0.000,83.113
203435,270882,0.000,0.000
203435,271226,0.000,0.000
203436,203517,0.000,300.000
203436,203544,0.000,360.000
203436,203556,0.000,770.000
203439,203536,0.000,960.832
203439,270115,0.000,0.000
203439,270925,0.000,210.229
203439,271595,0.000,0.000
203440,203467,0.000,37.595
203440,203563,0.000,1210.011
203440,203879,0.000,296.702
203440,203900,0.000,64.080
203440,269928,0.000,0.000
203440,272463,0.000,554.837
203440,272563,0.000,0.000
203444,203518,0.000,53.384
203444,270958,0.000,42.165
203444,271478,0.000,0.000
203450,203544,0.000,1420.000
203452,203487,0.000,1650.000
203454,203509,0.000,134.017
203454,269936,0.000,0.000
203454,271027,0.000,567.674
203454,271424,0.000,0.000
203454,272338,0.000,0.000
203455,203547,0.000,30.000
203455,203553,0.000,150.000
203456,270067,0.000,0.000
203456,270205,0.000,0.000
203456,271030,0.000,70.004
203457,203562,0.000,129.704
203457,203877,0.000,176.522
203459,203552,0.000,105.500
203459,270200,0.000,0.000
203459,271046,0.000,0.000
203459,271729,0.000,0.000
203461,203557,0.000,80.000
203462,203906,0.000,1718.128
203462,203910,0.000,1281.518
203464,203904,0.000,621.283
203464,203909,0.000,212.947
203465,203857,0.000,740.000
203465,203877,0.000,159.795
203465,203901,0.000,0.000
203467,203879,0.000,493.275
203470,203879,0.000,331.432
203473,203542,0.000,468.823
203473,203909,0.000,254.595
203473,269782,0.000,0.000
203473,269789,0.000,0.000
203473,271163,0.000,1051.635
203473,271643,0.000,0.000
203475,203870,0.000,109.066
203475,203879,0.000,443.249
203476,203885,0.000,1689.375
203477,203496,0.000,1349.200
203477,203540,0.000,752.457
203477,203561,0.000,98.897
203477,204922,0.000,1383.606
203478,203501,0.000,180.000
203478,203522,0.000,82.187
203478,203556,0.000,60.000
203478,203558,0.000,180.000
203478,269771,0.000,0.000
203478,269871,0.000,0.000
203478,271200,0.000,434.192
203478,271495,0.000,0.000
203480,203501,0.000,200.000
203480,203557,0.000,470.000
203480,203890,0.000,590.000
203481,203517,0.000,90.000
203481,203523,0.000,502.905
203481,270014,0.000,0.000
203481,270299,0.000,0.000
203481,270365,0.000,0.000
203481,271222,0.000,157.571
203481,271511,0.000,0.000
203482,203506,0.000,106.864
203482,270115,0.000,0.000
203482,271224,0.000,113.608
203483,203494,0.000,9.919
203483,203511,0.000,1186.337
203483,203516,0.000,79.237
203483,203533,0.000,804.298
203483,203885,0.000,1800.371
203483,203889,0.000,423.052
203483,203909,0.000,1761.966
203483,203910,0.000,1202.543
203483,269980,0.000,0.000
203483,270882,0.000,0.000
203483,271226,0.000,3363.423
203483,271315,0.000,0.000
203483,271584,0.000,0.000
203485,203868,0.000,347.823
203487,203518,0.000,643.841
203487,203560,0.000,369.081
203494,203909,0.000,31.643
203494,271226,0.000,0.000
203494,271315,0.000,34.554
203494,271713,0.000,0.000
203496,203905,0.000,30.971
203496,204922,0.000,1134.012
203497,203895,0.000,600.068
203498,203500,0.000,90.298
203498,203538,0.000,522.522
203498,203752,0.000,80.000
203498,203863,0.000,642.747
203498,203890,0.000,1019.213
203498,203895,0.000,3.719
203498,203899,0.000,619.669
203500,203877,0.000,10.000
203500,203890,0.000,451.668
203501,203557,0.000,20.000
203501,203558,0.000,420.000
203501,203890,0.000,20.000
203504,269894,0.000,0.000
203506,203528,0.000,116.536
203506,271224,0.000,0.000
203506,271406,0.000,0.000
203506,271557,0.000,0.000
203507,203556,0.000,270.000
203509,270733,0.000,0.000
203509,271027,0.000,0.000
203509,271424,0.000,305.658
203511,203889,0.000,509.838
203516,203858,0.000,1057.049
203516,203885,0.000,1232.042
203516,203910,0.000,198.598
203517,203556,0.000,270.000
203518,203560,0.000,102.237
203518,270688,0.000,0.000
203518,270958,0.000,0.000
203518,271478,0.000,0.000
203520,203556,0.000,1080.000
203522,270067,0.000,0.000
203522,271200,0.000,0.000
203522,271495,0.000,120.196
203523,270365,0.000,0.000
203523,271222,0.000,0.000
203523,271511,0.000,186.242
203527,203877,0.000,446.565
203528,203552,0.000,11.071
203528,271406,0.000,0.000
203528,271557,0.000,218.887
203528,271729,0.000,0.000
203529,203883,0.000,186.619
203530,203862,0.000,554.973
203530,203888,0.000,393.931
203531,270070,0.000,0.000
203531,271577,0.000,8.428
203532,203877,0.000,656.304
203533,270200,0.000,0.000
203533,271226,0.000,0.000
203533,271584,0.000,95.323
203536,270381,0.000,0.000
203536,270925,0.000,0.000
203536,271595,0.000,863.820
203538,203890,0.000,254.416
203542,203909,0.000,539.378
203542,271163,0.000,0.000
203542,271643,0.000,22.829
203542,271713,0.000,0.000
203547,203553,0.000,510.000
203552,271046,0.000,0.000
203552,271557,0.000,0.000
203552,271729,0.000,148.024
203554,270381,0.000,0.000
203554,271739,0.000,0.000
203556,203557,0.000,120.000
203556,203558,0.000,60.000
203556,269871,0.000,0.000
203556,270014,0.000,0.000
203556,271750,0.000,0.000
203557,203558,0.000,90.000
203562,203895,0.000,0.000
203563,203879,0.000,1276.545
203563,203900,0.000,151.567
203564,203889,0.000,541.646
203682,203686,0.000,13.454
203682,203691,0.000,0.025
203682,203956,0.000,170.246
203682,203963,0.000,0.000
203682,203974,0.000,0.000
203682,203975,0.000,0.000
203682,204944,0.000,265.118
203683,203958,0.000,435.237
203683,203966,0.000,0.000
203683,204942,0.000,948.812
203684,203685,0.000,420.000
203684,203688,0.000,87.050
203684,203960,0.000,54.842
203684,203969,0.000,0.000
203685,203688,0.000,646.817
203685,203961,0.000,124.167
203685,203969,0.000,0.000
203685,204808,0.000,730.000
203685,204942,0.000,100.000
203686,203956,0.000,0.000
203686,203963,0.000,200.654
203686,203974,0.000,0.000
203686,204944,0.000,173.780
203686,205147,0.000,13.196
203687,203693,0.000,162.788
203687,203959,0.000,0.000
203687,203968,0.000,402.819
203687,203981,0.000,0.000
203687,204091,0.000,0.000
203687,205231,0.000,376.158
203687,205244,0.000,90.301
203687,205288,0.000,11.442
203687,205301,0.000,89.415
203688,203960,0.000,0.000
203688,203961,0.000,0.000
203688,203965,0.000,0.000
203688,203966,0.000,0.000
203688,203969,0.000,270.480
203688,204941,0.000,62.220
203688,204942,0.000,665.547
203689,203965,0.000,0.000
203689,203971,0.000,70.490
203689,204941,0.000,95.855
203690,203965,0.000,0.000
203690,203966,0.000,0.000
203690,203973,0.000,426.973
203690,204941,0.000,22.031
203690,204942,0.000,31.991
203691,203695,0.000,0.053
203691,203956,0.000,0.000
203691,203974,0.000,0.000
203691,203975,0.000,268.984
203691,203984,0.000,0.000
203691,204203,0.000,0.000
203691,204944,0.000,210.074
203691,204971,0.000,0.012
203692,203959,0.000,0.000
203692,203978,0.000,338.483
203692,204943,0.000,639.704
203692,205203,0.000,270.834
203692,205244,0.000,734.700
203693,203694,0.000,450.232
203693,203959,0.000,0.000
203693,203968,0.000,0.000
203693,203981,0.000,46.582
203693,203982,0.000,0.000
203693,204091,0.000,0.000
203693,205231,0.000,259.844
203693,205244,0.000,116.065
203694,203981,0.000,0.000
203694,203982,0.000,608.174
203694,204091,0.000,0.000
203694,204110,0.000,0.000
203694,205231,0.000,0.984
203694,205257,0.000,14.805
203694,205314,0.000,38.883
203695,203975,0.000,0.000
203695,203984,0.000,107.898
203695,204858,0.000,0.000
203695,204944,0.000,194.824
203695,204971,0.000,180.000
203696,203752,0.000,38.520
203696,203985,0.000,34.972
203696,204083,0.000,0.000
203697,203766,0.000,339.019
203697,203768,0.000,293.538
203697,203836,0.000,1125.210
203697,203986,0.000,1417.234
203697,204017,0.000,0.000
203697,204063,0.000,0.000
203697,204106,0.000,0.000
203697,204108,0.000,0.000
203697,204954,0.000,895.844
203697,205256,0.000,1092.768
203699,203750,0.000,184.857
203699,203776,0.000,27.071
203699,203853,0.000,120.000
203699,203988,0.000,383.319
203699,204078,0.000,0.000
203699,204123,0.000,0.000
203699,204874,0.000,1470.000
203699,204879,0.000,28.284
203699,204901,0.000,120.000
203701,203991,0.000,42.445
203702,203784,0.000,236.836
203702,203849,0.000,151.787
203702,203993,0.000,30.038
203702,204203,0.000,0.000
203702,204971,0.000,515.136
203703,203712,0.000,1130.768
203703,203744,0.000,71.113
203703,203772,0.000,269.524
203703,203780,0.000,12.256
203703,203835,0.000,232.166
203703,203848,0.000,23.180
203703,203855,0.000,892.170
203703,203994,0.000,1255.432
203703,204009,0.000,0.000
203703,204068,0.000,0.000
203703,204115,0.000,0.000
203703,204127,0.000,0.000
203703,204229,0.000,0.000
203703,204251,0.000,0.000
203703,204265,0.000,0.000
203704,203766,0.000,0.000
203704,203807,0.000,162.051
203704,203836,0.000,173.624
203704,203838,0.000,75.066
203704,203995,0.000,58.010
203704,204177,0.000,0.000
203704,204234,0.000,0.000
203706,203775,0.000,0.030
203706,203801,0.000,63.304
203706,203815,0.000,0.000
203706,203845,0.000,112.519
203706,203998,0.000,175.981
203706,204120,0.000,0.000
203706,204243,0.000,0.000
203708,203722,0.000,0.000
203708,203742,0.000,191.721
203708,203746,0.000,1262.031
203708,203773,0.000,319.599
203708,203802,0.000,484.764
203708,203830,0.000,434.201
203708,204000,0.000,164.681
203708,204066,0.000,0.000
203708,204117,0.000,0.000
203708,204169,0.000,0.000
203710,203756,0.000,106.862
203710,203815,0.000,31.469
203710,204006,0.000,198.639
203710,204092,0.000,0.000
203710,204191,0.000,0.000
203712,203744,0.000,421.341
203712,203776,0.000,952.147
203712,203780,0.000,153.280
203712,203820,0.000,63.272
203712,203832,0.000,445.433
203712,203835,0.000,378.026
203712,203853,0.000,490.000
203712,203855,0.000,2540.000
203712,203994,0.000,0.000
203712,204009,0.000,864.888
203712,204068,0.000,0.000
203712,204123,0.000,0.000
203712,204127,0.000,0.000
203712,204207,0.000,0.000
203712,204223,0.000,0.000
203712,204229,0.000,0.000
203716,203793,0.000,15.094
203716,203803,0.000,682.626
203716,204015,0.000,379.154
203716,204153,0.000,0.000
203716,204172,0.000,0.000
203717,203763,0.000,5.201
203717,203822,0.000,45.964
203717,204019,0.000,247.545
203717,204102,0.000,0.000
203717,204116,0.000,0.000
203717,204182,0.000,0.000
203717,204209,0.000,0.000
203717,204481,0.000,142.496
203717,204960,0.000,1.884
203719,203752,0.000,9935.678
203719,204026,0.000,111.238
203719,204083,0.000,0.000
203719,204914,0.000,138.943
203720,203829,0.000,160.000
203720,204027,0.000,107.955
203720,204073,0.000,0.000
203720,204955,0.000,472.785
203721,203795,0.000,256.299
203721,203854,0.000,14.712
203721,204028,0.000,175.299
203721,204158,0.000,0.000
203721,204264,0.000,0.000
203722,203746,0.000,74.938
203722,203773,0.000,0.032
203722,204029,0.000,75.181
203722,204071,0.000,0.000
203722,204117,0.000,0.000
203723,203734,0.000,750.488
203723,203752,0.000,2324.002
203723,203844,0.000,2320.120
203723,204031,0.000,789.867
203723,204083,0.000,0.000
203723,204242,0.000,0.000
203725,203762,0.000,87.386
203725,203844,0.000,160.194
203725,204036,0.000,122.629
203725,204101,0.000,0.000
203725,204242,0.000,0.000
203726,203783,0.000,1485.319
203726,203814,0.000,298.492
203726,203905,0.000,1373.335
203726,204037,0.000,475.305
203726,204132,0.000,0.000
203726,204316,0.000,0.000
203729,203752,0.000,41.260
203729,203840,0.000,7.940
203729,204044,0.000,39.583
203729,204083,0.000,0.000
203729,204237,0.000,0.000
203730,204045,0.000,24.129
203730,204116,0.000,0.000
203730,204960,0.000,38.197
203731,203807,0.000,96.635
203731,203815,0.000,355.988
203731,203836,0.000,327.559
203731,203845,0.000,94.996
203731,204046,0.000,99.296
203731,204191,0.000,0.000
203732,203794,0.000,1.086
203732,203803,0.000,237.750
203732,204048,0.000,90.255
203732,204155,0.000,0.000
203732,204172,0.000,0.000
203732,205233,0.000,180.000
203734,203752,0.000,8887.013
203734,204053,0.000,115.403
203734,204083,0.000,0.000
203737,203791,0.000,93.172
203737,203802,0.000,1012.820
203737,203817,0.000,0.000
203737,204060,0.000,41.439
203737,204151,0.000,0.000
203737,204169,0.000,0.000
203738,203755,0.000,536.656
203738,204061,0.000,91.472
203738,204090,0.000,0.000
203738,204122,0.000,0.000
203738,205232,0.000,837.852
203738,205233,0.000,651.090
203738,205289,0.000,32.691
203738,205290,0.000,198.910
203740,203779,0.000,2998.280
203740,204954,0.000,515.876
203742,203756,0.000,803.075
203742,203802,0.000,106.025
203742,203817,0.000,233.981
203742,203843,0.000,462.318
203742,204000,0.000,0.000
203742,204066,0.000,696.378
203742,204092,0.000,0.000
203742,204169,0.000,0.000
203742,204195,0.000,0.000
203742,204241,0.000,0.000
203744,203835,0.000,229.926
203744,203994,0.000,0.000
203744,204009,0.000,0.000
203744,204068,0.000,463.006
203744,204229,0.000,0.000
203745,203752,0.000,1269.701
203745,203895,0.000,468.433
203745,204070,0.000,186.733
203745,204083,0.000,0.000
203746,203754,0.000,253.798
203746,203773,0.000,28.865
203746,203775,0.000,138.568
203746,203846,0.000,148.793
203746,204029,0.000,0.000
203746,204071,0.000,258.888
203746,204089,0.000,0.000
203746,204117,0.000,0.000
203746,204120,0.000,0.000
203746,204245,0.000,0.000
203747,203760,0.000,548.050
203747,203762,0.000,12.449
203747,203844,0.000,1178.439
203747,204075,0.000,929.789
203747,204101,0.000,0.000
203747,204242,0.000,0.000
203749,204077,0.000,60.403
203749,204166,0.000,0.000
203749,204967,0.000,86.466
203750,203776,0.000,820.875
203750,203795,0.000,0.000
203750,203988,0.000,0.000
203750,204078,0.000,376.135
203750,204123,0.000,0.000
203750,204874,0.000,810.000
203752,203760,0.000,870.009
203752,203840,0.000,190.653
203752,203841,0.000,3733.847
203752,203844,0.000,383.161
203752,203863,0.000,294.971
203752,203890,0.000,1465.817
203752,203895,0.000,219.101
203752,203899,0.000,2150.398
203752,203985,0.000,0.000
203752,204026,0.000,0.000
203752,204031,0.000,0.000
203752,204044,0.000,0.000
203752,204053,0.000,0.000
203752,204070,0.000,0.000
203752,204083,0.000,12250.172
203752,204237,0.000,0.000
203752,204238,0.000,0.000
203752,204261,0.000,0.000
203752,204301,0.000,0.000
203752,204306,0.000,0.000
203752,204310,0.000,0.000
203752,204865,0.000,3225.461
203752,204889,0.000,661.555
203752,204907,0.000,180.000
203752,204908,0.000,30.061
203752,204914,0.000,1753.005
203752,204919,0.000,2577.382
203752,204938,0.000,2240.000
203754,203775,0.000,59.685
203754,203812,0.000,215.857
203754,203842,0.000,319.533
203754,204071,0.000,0.000
203754,204089,0.000,132.664
203754,204120,0.000,0.000
203755,204007,0.000,0.000
203755,204061,0.000,0.000
203755,204090,0.000,522.021
203755,204093,0.000,0.000
203755,204947,0.000,816.811
203755,204986,0.000,2426.565
203755,205233,0.000,2350.000
203756,203843,0.000,0.000
203756,204006,0.000,0.000
203756,204066,0.000,0.000
203756,204092,0.000,392.808
203760,204098,0.000,184.597
203762,203844,0.000,267.622
203762,204036,0.000,0.000
203762,204075,0.000,0.000
203762,204101,0.000,276.470
203762,204242,0.000,0.000
203763,203822,0.000,14.891
203763,204019,0.000,0.000
203763,204102,0.000,223.126
203763,204122,0.000,0.000
203763,204201,0.000,0.000
203763,204209,0.000,0.000
203763,204481,0.000,0.000
203763,204970,0.000,33.264
203763,205232,0.000,28.949
203764,203784,0.000,414.846
203764,204104,0.000,415.372
203764,204137,0.000,0.000
203766,203768,0.000,0.223
203766,203812,0.000,428.689
203766,203836,0.000,61.356
203766,203838,0.000,0.050
203766,203842,0.000,0.000
203766,203986,0.000,0.000
203766,204106,0.000,830.083
203766,204108,0.000,0.000
203766,204187,0.000,0.000
203766,204232,0.000,0.000
203766,204234,0.000,0.000
203768,203812,0.000,498.589
203768,203986,0.000,0.000
203768,204106,0.000,0.000
203768,204108,0.000,792.940
203768,204187,0.000,0.000
203769,203959,0.000,0.000
203769,204109,0.000,201.169
203769,204484,0.000,503.472
203769,205231,0.000,284.213
203769,205288,0.000,13.195
203769,205301,0.000,0.027
203772,203839,0.000,60.000
203772,203848,0.000,140.682
203772,203994,0.000,0.000
203772,204115,0.000,119.183
203772,204251,0.000,0.000
203773,203830,0.000,19.192
203773,203846,0.000,0.039
203773,204000,0.000,0.000
203773,204029,0.000,0.000
203773,204071,0.000,0.000
203773,204117,0.000,368.234
203773,204245,0.000,0.000
203774,203838,0.000,0.311
203774,203842,0.000,76.199
203774,204118,0.000,76.517
203774,204234,0.000,0.000
203775,203807,0.000,99.070
203775,203815,0.000,57.697
203775,203845,0.000,0.000
203775,203846,0.000,0.224
203775,203998,0.000,0.000
203775,204071,0.000,0.000
203775,204089,0.000,0.000
203775,204120,0.000,357.232
203775,204177,0.000,0.000
203775,204191,0.000,0.000
203775,204245,0.000,0.000
203776,203795,0.000,104.305
203776,203853,0.000,65.559
203776,203988,0.000,0.000
203776,204009,0.000,0.000
203776,204078,0.000,0.000
203776,204123,0.000,1425.278
203776,204158,0.000,0.000
203778,203817,0.000,153.374
203778,203827,0.000,0.000
203778,204125,0.000,330.728
203778,204195,0.000,0.000
203779,204895,0.000,756.270
203780,203832,0.000,1.573
203780,203994,0.000,0.000
203780,204009,0.000,0.000
203780,204127,0.000,125.807
203780,204223,0.000,0.000
203783,203814,0.000,596.116
203783,203837,0.000,126.385
203783,203897,0.000,908.279
203783,204037,0.000,0.000
203783,204132,0.000,344.305
203783,204308,0.000,0.000
203784,203849,0.000,60.038
203784,204104,0.000,0.000
203784,204137,0.000,274.362
203784,204166,0.000,0.000
203784,204203,0.000,0.000
203784,204967,0.000,214.379
203784,204971,0.000,371.875
203790,204017,0.000,0.000
203790,204150,0.000,606.613
203790,205256,0.000,5399.372
203791,203802,0.000,75.161
203791,203817,0.000,0.023
203791,204060,0.000,0.000
203791,204151,0.000,168.554
203791,204169,0.000,0.000
203791,204195,0.000,0.000
203793,203803,0.000,256.780
203793,203854,0.000,71.365
203793,204015,0.000,0.000
203793,204153,0.000,241.981
203793,204172,0.000,0.000
203793,204264,0.000,0.000
203794,203847,0.000,450.000
203794,203848,0.000,270.000
203794,204034,0.000,0.000
203794,204048,0.000,0.000
203794,204155,0.000,1085.181
203794,204189,0.000,0.000
203794,204951,0.000,1168.497
203794,205233,0.000,681.556
203795,203854,0.000,173.761
203795,204028,0.000,0.000
203795,204123,0.000,0.000
203795,204158,0.000,96.867
203795,204264,0.000,0.000
203795,204874,0.000,60.000
203795,204876,0.000,360.000
203795,204901,0.000,210.000
203796,204063,0.000,0.000
203796,204159,0.000,219.389
203796,204922,0.000,3863.096
203796,204954,0.000,4215.893
203801,203845,0.000,472.356
203801,203998,0.000,0.000
203801,204243,0.000,0.000
203802,203817,0.000,241.449
203802,204000,0.000,0.000
203802,204060,0.000,0.000
203802,204066,0.000,0.000
203802,204151,0.000,0.000
203802,204169,0.000,634.543
203802,204195,0.000,0.000
203803,204015,0.000,0.000
203803,204048,0.000,0.000
203803,204153,0.000,0.000
203803,204172,0.000,40.031
203804,203849,0.000,274.964
203804,204166,0.000,0.000
203804,204173,0.000,14.442
203804,204952,0.000,410.238
203804,204967,0.000,7.835
203807,203836,0.000,884.913
203807,203845,0.000,1912.884
203807,203995,0.000,0.000
203807,204120,0.000,0.000
203807,204177,0.000,62.235
203807,204243,0.000,0.000
203808,204055,0.000,0.000
203808,204103,0.000,0.000
203808,204179,0.000,114.625
203808,204909,0.000,0.000
203808,204953,0.000,106.005
203808,204958,0.000,149.139
203812,203838,0.000,0.000
203812,203842,0.000,294.981
203812,204017,0.000,0.000
203812,204106,0.000,0.000
203812,204108,0.000,0.000
203812,204187,0.000,218.685
203812,205249,0.000,820.656
203812,205255,0.000,159.795
203812,205256,0.000,438.516
203814,203837,0.000,224.569
203814,203905,0.000,134.282
203814,204190,0.000,97.370
203814,204233,0.000,0.000
203814,204922,0.000,516.731
203814,204954,0.000,632.202
203815,203836,0.000,337.857
203815,203845,0.000,186.558
203815,204006,0.000,0.000
203815,204046,0.000,0.000
203815,204120,0.000,0.000
203815,204191,0.000,793.055
203815,204208,0.000,0.000
203816,204093,0.000,0.000
203816,204193,0.000,78.750
203816,204986,0.000,858.715
203817,203827,0.000,196.454
203817,204066,0.000,0.000
203817,204125,0.000,0.000
203817,204151,0.000,0.000
203817,204169,0.000,0.000
203817,204195,0.000,520.926
203817,204217,0.000,0.000
203820,204009,0.000,0.000
203820,204207,0.000,46.263
203822,204019,0.000,0.000
203822,204102,0.000,0.000
203822,204209,0.000,111.339
203822,204960,0.000,230.000
203822,204970,0.000,150.000
203825,204166,0.000,0.000
203825,204213,0.000,357.494
203825,204967,0.000,429.617
203827,204195,0.000,0.000
203827,204217,0.000,33.379
203828,204134,0.000,0.000
203828,204166,0.000,0.000
203828,204218,0.000,111.417
203828,204962,0.000,91.772
203828,204967,0.000,124.408
203829,203839,0.000,140.000
203829,203848,0.000,209.346
203829,204073,0.000,0.000
203829,204220,0.000,311.569
203829,204251,0.000,0.000
203829,204955,0.000,459.369
203830,204000,0.000,0.000
203830,204117,0.000,0.000
203832,204009,0.000,0.000
203832,204127,0.000,0.000
203832,204223,0.000,358.027
203835,203994,0.000,0.000
203835,204009,0.000,0.000
203835,204068,0.000,0.000
203835,204229,0.000,105.604
203836,203838,0.000,0.000
203836,204106,0.000,0.000
203836,204232,0.000,63.191
203837,203897,0.000,117.801
203837,204190,0.000,0.000
203837,204233,0.000,245.762
203837,204308,0.000,0.000
203838,203842,0.000,260.572
203838,203995,0.000,0.000
203838,204106,0.000,0.000
203838,204118,0.000,0.000
203838,204234,0.000,335.620
203839,203848,0.000,139.752
203839,204236,0.000,160.497
203839,204251,0.000,0.000
203840,204044,0.000,0.000
203840,204083,0.000,0.000
203840,204237,0.000,150.744
203841,204083,0.000,0.000
203841,204238,0.000,1216.080
203842,204089,0.000,0.000
203842,204234,0.000,0.000
203843,204066,0.000,0.000
203843,204241,0.000,394.186
203844,203874,0.000,674.623
203844,203897,0.000,121.545
203844,204031,0.000,0.000
203844,204036,0.000,0.000
203844,204075,0.000,0.000
203844,204101,0.000,0.000
203844,204149,0.000,0.000
203844,204242,0.000,1755.392
203844,204285,0.000,0.000
203844,204308,0.000,0.000
203844,204914,0.000,345.157
203844,204954,0.000,940.284
203845,203998,0.000,0.000
203845,204177,0.000,0.000
203845,204243,0.000,307.240
203846,204071,0.000,0.000
203846,204117,0.000,0.000
203846,204120,0.000,0.000
203846,204245,0.000,149.039
203847,203848,0.000,1759.732
203847,204246,0.000,886.074
203847,204251,0.000,0.000
203847,204972,0.000,1200.000
203848,203994,0.000,0.000
203848,204034,0.000,0.000
203848,204073,0.000,0.000
203848,204115,0.000,0.000
203848,204220,0.000,0.000
203848,204236,0.000,0.000
203848,204246,0.000,0.000
203848,204251,0.000,1711.669
203848,204951,0.000,326.303
203848,204955,0.000,83.541
203848,204972,0.000,150.000
203849,204166,0.000,0.000
203849,204203,0.000,0.000
203849,204259,0.000,591.761
203849,204906,0.000,227.627
203849,204952,0.000,487.342
203849,204967,0.000,395.520
203849,204971,0.000,3424.086
203853,204123,0.000,0.000
203854,204028,0.000,0.000
203854,204153,0.000,0.000
203854,204158,0.000,0.000
203854,204264,0.000,354.939
203855,203994,0.000,0.000
203855,204265,0.000,19.893
203857,203877,0.000,668.647
203857,203888,0.000,26.390
203857,203901,0.000,732.089
203857,204268,0.000,1088.315
203857,204288,0.000,0.000
203857,204299,0.000,0.000
203857,204312,0.000,0.000
203858,203885,0.000,31.951
203858,203910,0.000,3528.513
203859,203867,0.000,99.990
203859,203869,0.000,58.468
203859,203900,0.000,1.024
203859,204270,0.000,170.724
203859,204280,0.000,0.000
203859,204311,0.000,0.000
203861,203868,0.000,206.256
203861,203882,0.000,53.805
203861,203889,0.000,229.884
203861,203909,0.000,2438.204
203861,204272,0.000,1857.235
203861,204279,0.000,0.000
203861,204293,0.000,0.000
203861,204300,0.000,0.000
203861,204320,0.000,0.000
203862,203874,0.000,1569.438
203862,203881,0.000,388.314
203862,204273,0.000,1218.722
203862,204285,0.000,0.000
203862,204292,0.000,0.000
203863,203895,0.000,727.449
203863,203899,0.000,1493.685
203863,204083,0.000,0.000
203863,204306,0.000,0.000
203864,203869,0.000,581.164
203864,203904,0.000,142.745
203864,204275,0.000,127.561
203864,204280,0.000,0.000
203864,270164,0.000,463.652
203864,271522,0.000,0.000
203864,272345,0.000,0.000
203867,203869,0.000,385.232
203867,203879,0.000,440.150
203867,203900,0.000,212.060
203867,204278,0.000,15.668
203867,204280,0.000,0.000
203868,203882,0.000,162.815
203868,203883,0.000,393.128
203868,203889,0.000,1110.688
203868,204272,0.000,0.000
203868,204279,0.000,2648.937
203868,204293,0.000,0.000
203868,204294,0.000,0.000
203868,204300,0.000,0.000
203869,203870,0.000,684.061
203869,203879,0.000,218.595
203869,203884,0.000,112.005
203869,203896,0.000,815.667
203869,203900,0.000,177.115
203869,203902,0.000,570.877
203869,203904,0.000,874.868
203869,203911,0.000,32.293
203869,203913,0.000,144.735
203869,204270,0.000,0.000
203869,204275,0.000,0.000
203869,204278,0.000,0.000
203869,204280,0.000,3946.179
203869,204290,0.000,0.000
203869,204295,0.000,0.000
203869,204307,0.000,0.000
203869,204311,0.000,0.000
203869,204313,0.000,0.000
203869,204315,0.000,0.000
203869,204322,0.000,0.000
203869,204324,0.000,0.000
203869,270164,0.000,0.000
203869,272345,0.000,58.007
203869,272615,0.000,0.000
203870,203872,0.000,674.344
203870,203879,0.000,999.329
203870,203891,0.000,597.647
203870,203896,0.000,311.901
203870,204281,0.000,244.676
203870,204283,0.000,0.000
203870,204307,0.000,0.000
203871,203881,0.000,991.666
203871,204282,0.000,596.706
203871,204292,0.000,0.000
203872,203884,0.000,127.918
203872,203888,0.000,185.327
203872,203891,0.000,355.864
203872,203896,0.000,318.487
203872,204281,0.000,0.000
203872,204283,0.000,1810.413
203872,204295,0.000,0.000
203872,204299,0.000,0.000
203872,204302,0.000,0.000
203872,204307,0.000,0.000
203874,204242,0.000,0.000
203874,204273,0.000,0.000
203874,204285,0.000,1714.880
203877,203878,0.000,266.456
203877,203891,0.000,18.091
203877,204268,0.000,0.000
203877,204288,0.000,1530.382
203877,204289,0.000,0.000
203877,204302,0.000,0.000
203878,203891,0.000,408.743
203878,204288,0.000,0.000
203878,204289,0.000,627.058
203878,204302,0.000,0.000
203879,203891,0.000,321.365
203879,203900,0.000,98.795
203879,203902,0.000,902.567
203879,204280,0.000,0.000
203879,204290,0.000,42.871
203881,203883,0.000,14.533
203881,203907,0.000,163.034
203881,204273,0.000,0.000
203881,204282,0.000,0.000
203881,204292,0.000,1683.814
203881,204294,0.000,0.000
203881,204318,0.000,0.000
203882,204272,0.000,0.000
203882,204279,0.000,0.000
203882,204293,0.000,228.836
203883,203903,0.000,668.309
203883,203905,0.000,312.661
203883,203907,0.000,362.924
203883,204279,0.000,0.000
203883,204292,0.000,0.000
203883,204294,0.000,1024.726
203883,204314,0.000,0.000
203883,204316,0.000,0.000
203883,204318,0.000,0.000
203884,203888,0.000,959.336
203884,203896,0.000,1199.247
203884,203913,0.000,10.039
203884,204280,0.000,0.000
203884,204283,0.000,0.000
203884,204295,0.000,2705.064
203884,204299,0.000,0.000
203884,204307,0.000,0.000
203884,204324,0.000,0.000
203885,203908,0.000,196.410
203885,203912,0.000,278.113
203885,204296,0.000,1866.798
203886,203906,0.000,1276.866
203888,203901,0.000,660.000
203888,203903,0.000,1559.345
203888,203913,0.000,65.932
203888,204268,0.000,0.000
203888,204283,0.000,0.000
203888,204295,0.000,0.000
203888,204299,0.000,2096.228
203888,204314,0.000,0.000
203888,204324,0.000,0.000
203889,203909,0.000,1152.093
203889,204272,0.000,0.000
203889,204279,0.000,0.000
203889,204300,0.000,166.219
203890,204083,0.000,0.000
203890,204301,0.000,109.694
203891,204283,0.000,0.000
203891,204288,0.000,0.000
203891,204289,0.000,0.000
203891,204302,0.000,603.231
203895,204083,0.000,0.000
203895,204306,0.000,121.060
203896,204280,0.000,0.000
203896,204281,0.000,0.000
203896,204283,0.000,0.000
203896,204295,0.000,0.000
203896,204307,0.000,632.339
203897,204132,0.000,0.000
203897,204233,0.000,0.000
203897,204242,0.000,0.000
203897,204308,0.000,1065.397
203899,204083,0.000,0.000
203899,204310,0.000,1122.733
203900,203911,0.000,49.740
203900,204270,0.000,0.000
203900,204280,0.000,0.000
203900,204311,0.000,682.901
203900,204322,0.000,0.000
203900,272563,0.000,630.597
203900,272615,0.000,0.000
203901,204268,0.000,0.000
203901,204312,0.000,157.377
203902,204280,0.000,0.000
203902,204313,0.000,33.466
203903,203907,0.000,262.317
203903,204294,0.000,0.000
203903,204299,0.000,0.000
203903,204314,0.000,1150.372
203904,203909,0.000,464.324
203904,203913,0.000,212.862
203904,204280,0.000,0.000
203904,204315,0.000,494.905
203904,204320,0.000,0.000
203904,204324,0.000,0.000
203904,269782,0.000,0.000
203904,270164,0.000,0.000
203904,271522,0.000,157.950
203905,204037,0.000,0.000
203905,204294,0.000,0.000
203905,204316,0.000,1247.110
203905,204922,0.000,978.260
203906,203910,0.000,1148.739
203906,204922,0.000,0.000
203907,204292,0.000,0.000
203907,204294,0.000,0.000
203907,204318,0.000,153.078
203908,203912,0.000,364.136
203908,204296,0.000,0.000
203909,204272,0.000,0.000
203909,204315,0.000,0.000
203909,204320,0.000,1316.796
203909,269789,0.000,0.000
203909,271315,0.000,0.000
203909,271643,0.000,0.000
203909,271713,0.000,476.803
203911,204280,0.000,0.000
203911,204311,0.000,0.000
203911,204322,0.000,21.371
203911,272345,0.000,0.000
203911,272563,0.000,0.000
203911,272615,0.000,0.000
203913,204280,0.000,0.000
203913,204295,0.000,0.000
203913,204299,0.000,0.000
203913,204315,0.000,0.000
203913,204324,0.000,281.228
203956,203963,0.000,388.592
203956,203974,0.000,0.013
203956,203975,0.000,227.770
203956,204944,0.000,0.000
203957,203959,0.000,240.458
203957,204136,0.000,57.275
203957,204689,0.000,77.939
203958,203966,0.000,1450.447
203958,204942,0.000,0.000
203959,203962,0.000,1246.298
203959,203963,0.000,1301.119
203959,203967,0.000,1061.384
203959,203968,0.000,402.456
203959,203974,0.000,103.090
203959,203977,0.000,387.165
203959,203978,0.000,338.012
203959,203981,0.000,46.167
203959,203982,0.000,1338.143
203959,204059,0.000,471.231
203959,204091,0.000,230.907
203959,204109,0.000,219.093
203959,204110,0.000,266.383
203959,204133,0.000,235.411
203959,204135,0.000,0.000
203959,204136,0.000,324.782
203959,204157,0.000,145.279
203959,204213,0.000,126.974
203959,204216,0.000,388.048
203959,204224,0.000,450.000
203959,204479,0.000,0.000
203959,204484,0.000,0.000
203959,204690,0.000,1640.348
203959,204696,0.000,0.000
203959,204716,0.000,0.000
203959,204732,0.000,0.000
203959,204943,0.000,0.000
203959,204944,0.000,0.000
203959,205231,0.000,0.000
203959,205244,0.000,1578.157
203959,205257,0.000,0.000
203959,205288,0.000,0.000
203959,205301,0.000,396.894
203959,205314,0.000,0.000
203960,203969,0.000,72.950
203961,203969,0.000,143.183
203962,203977,0.000,434.632
203962,204691,0.000,250.510
203962,204696,0.000,0.000
203963,203974,0.000,210.217
203963,203975,0.000,297.339
203963,204135,0.000,154.518
203963,204213,0.000,0.000
203963,204944,0.000,0.000
203963,205147,0.000,0.000
203964,204156,0.000,684.333
203964,204166,0.000,55.757
203964,204466,0.000,257.286
203964,204692,0.000,139.395
203964,204721,0.000,0.000
203964,204967,0.000,0.000
203965,203966,0.000,75.821
203965,203969,0.000,160.649
203965,203971,0.000,18.892
203965,203973,0.000,5.726
203965,204941,0.000,188.706
203965,204942,0.000,0.000
203965,205144,0.000,6.632
203965,205145,0.000,0.000
203966,203969,0.000,1024.453
203966,203971,0.000,200.000
203966,203973,0.000,118.009
203966,203980,0.000,1050.000
203966,204941,0.000,0.000
203966,204942,0.000,1192.545
203966,205144,0.000,0.000
203966,205145,0.000,15.154
203967,203974,0.000,0.001
203967,204943,0.000,922.379
203967,204944,0.000,0.000
203967,205146,0.000,20.877
203967,205244,0.000,0.000
203968,203981,0.000,0.034
203968,204091,0.000,0.004
203968,205244,0.000,0.000
203968,205288,0.000,0.000
203968,205301,0.000,0.000
203969,204941,0.000,0.000
203969,204942,0.000,0.000
203970,203976,0.000,24.205
203970,204156,0.000,68.109
203970,204693,0.000,73.834
203970,204695,0.000,0.000
203970,204721,0.000,0.000
203971,203973,0.000,380.000
203971,203980,0.000,260.000
203971,204941,0.000,0.000
203973,203980,0.000,30.000
203973,204941,0.000,0.000
203973,204942,0.000,0.000
203974,203975,0.000,214.542
203974,204943,0.000,0.000
203974,204944,0.000,457.962
203974,205147,0.000,0.002
203974,205244,0.000,0.000
203975,203984,0.000,138.001
203975,204054,0.000,145.721
203975,204104,0.000,402.694
203975,204135,0.000,61.486
203975,204180,0.000,564.973
203975,204203,0.000,160.260
203975,204944,0.000,0.000
203975,204971,0.000,0.000
203976,203983,0.000,277.490
203976,204136,0.000,15.899
203976,204156,0.000,52.510
203976,204693,0.000,0.000
203976,204695,0.000,345.485
203977,204690,0.000,0.000
203977,204691,0.000,0.000
203977,204696,0.000,247.193
203978,205244,0.000,0.000
203981,203982,0.000,0.027
203981,204091,0.000,0.124
203981,205231,0.000,0.000
203981,205244,0.000,0.000
203982,204091,0.000,76.879
203982,204110,0.000,0.048
203982,205231,0.000,0.000
203982,205314,0.000,0.000
203983,204136,0.000,149.503
203983,204156,0.000,210.134
203983,204214,0.000,133.781
203985,204083,0.000,448.926
203986,204017,0.000,1179.048
203986,204063,0.000,68.038
203986,204106,0.000,120.476
203986,204108,0.000,48.599
203986,204954,0.000,0.000
203986,205256,0.000,0.000
203988,204078,0.000,5.143
203988,204123,0.000,352.929
203991,204055,0.000,0.000
203991,204134,0.000,145.235
203991,204179,0.000,160.000
203993,204203,0.000,36.855
203993,204971,0.000,0.000
203994,204009,0.000,149.232
203994,204034,0.000,690.000
203994,204068,0.000,968.887
203994,204079,0.000,1020.000
203994,204115,0.000,90.476
203994,204127,0.000,197.744
203994,204229,0.000,67.834
203994,204249,0.000,120.000
203994,204251,0.000,2156.820
203994,204265,0.000,27.830
203995,204120,0.000,0.000
203995,204177,0.000,0.027
203995,204234,0.000,57.981
203998,204120,0.000,744.678
203998,204177,0.000,0.000
203998,204243,0.000,307.125
204000,204066,0.000,86.769
204000,204117,0.000,77.869
204000,204169,0.000,0.021
204005,204226,0.000,694.924
204005,205150,0.000,9.645
204005,205196,0.000,0.000
204005,205254,0.000,508.510
204005,205258,0.000,0.000
204005,205311,0.000,9.187
204005,205315,0.000,0.000
204006,204092,0.000,110.947
204006,204191,0.000,174.831
204006,204208,0.000,30.253
204007,204090,0.000,3.189
204007,204093,0.000,881.592
204007,204947,0.000,832.311
204007,204986,0.000,0.000
204007,205151,0.000,16.716
204007,205192,0.000,0.000
204009,204068,0.000,118.659
204009,204123,0.000,167.853
204009,204127,0.000,86.720
204009,204207,0.000,96.728
204009,204223,0.000,474.567
204009,204229,0.000,1.974
204014,204082,0.000,0.960
204014,204097,0.000,160.000
204014,204194,0.000,2.032
204014,204226,0.000,30.000
204014,204468,0.000,180.388
204014,204988,0.000,0.000
204014,205230,0.000,0.000
204015,204034,0.000,120.000
204015,204086,0.000,270.000
204015,204153,0.000,14.906
204015,204155,0.000,120.000
204015,204172,0.000,37.374
204017,204063,0.000,136.955
204017,204108,0.000,766.193
204017,204150,0.000,605.420
204017,204187,0.000,23.803
204017,204954,0.000,0.000
204017,205191,0.000,19.787
204017,205256,0.000,6474.466
204019,204020,0.000,300.000
204019,204045,0.000,600.000
204019,204102,0.000,1154.799
204019,204116,0.000,38.116
204019,204182,0.000,7.504
204019,204209,0.000,64.036
204019,204226,0.000,0.000
204019,204481,0.000,0.000
204019,204960,0.000,0.000
204020,204023,0.000,0.000
204020,204045,0.000,0.000
204020,204182,0.000,60.000
204020,204226,0.000,600.000
204023,204182,0.000,5.420
204023,204226,0.000,296.388
204023,204471,0.000,0.000
204023,204481,0.000,0.000
204023,204703,0.000,0.000
204023,204734,0.000,0.000
204026,204083,0.000,108.106
204027,204073,0.000,147.215
204027,204955,0.000,0.000
204028,204123,0.000,570.000
204028,204158,0.000,133.701
204028,204207,0.000,390.000
204028,204264,0.000,255.288
204029,204071,0.000,85.778
204029,204117,0.000,171.655
204031,204083,0.000,744.705
204031,204149,0.000,168.441
204031,204242,0.000,49.445
204033,204123,0.000,510.000
204033,204207,0.000,690.000
204034,204086,0.000,1170.000
204034,204127,0.000,0.000
204034,204153,0.000,330.000
204034,204155,0.000,211.503
204034,204219,0.000,330.000
204034,204249,0.000,180.000
204034,204251,0.000,513.697
204034,204951,0.000,452.922
204034,205155,0.000,3.852
204035,204151,0.000,389.742
204036,204101,0.000,232.873
204036,204242,0.000,272.549
204037,204132,0.000,316.736
204037,204308,0.000,0.000
204037,204316,0.000,416.311
204039,204166,0.000,193.173
204039,204952,0.000,193.311
204039,204967,0.000,0.000
204044,204075,0.000,321.981
204044,204083,0.000,18.740
204044,204149,0.000,840.000
204044,204237,0.000,933.684
204045,204116,0.000,661.803
204045,204226,0.000,700.000
204045,204960,0.000,0.000
204046,204191,0.000,139.344
204048,204155,0.000,118.914
204048,204172,0.000,32.250
204053,204083,0.000,129.445
204054,204104,0.000,486.405
204054,204180,0.000,579.884
204055,204179,0.000,102.465
204055,204953,0.000,86.626
204057,204180,0.000,838.221
204057,204213,0.000,817.913
204059,204224,0.000,119.593
204059,204709,0.000,247.537
204059,204733,0.000,0.000
204060,204151,0.000,29.542
204060,204169,0.000,11.275
204061,204090,0.000,13.344
204061,204093,0.000,80.000
204061,204122,0.000,49.457
204061,205232,0.000,0.000
204063,204159,0.000,219.063
204063,204954,0.000,3285.381
204063,205158,0.000,52.893
204063,205256,0.000,0.000
204066,204092,0.000,222.242
204066,204117,0.000,16.918
204066,204169,0.000,346.646
204066,204195,0.000,572.365
204066,204199,0.000,439.924
204066,204241,0.000,664.918
204066,204266,0.000,247.651
204068,204229,0.000,70.074
204070,204083,0.000,105.426
204071,204089,0.000,0.094
204071,204117,0.000,0.143
204071,204120,0.000,50.746
204071,204245,0.000,121.891
204073,204220,0.000,320.631
204073,204247,0.000,337.340
204073,204251,0.000,906.459
204073,204955,0.000,1249.319
204073,204972,0.000,0.000
204073,205159,0.000,0.000
204075,204101,0.000,352.045
204075,204149,0.000,720.000
204075,204242,0.000,1055.018
204077,204104,0.000,547.737
204077,204166,0.000,217.490
204077,204180,0.000,199.462
204077,204213,0.000,1084.688
204077,204967,0.000,0.000
204078,204123,0.000,429.125
204079,204127,0.000,1020.000
204082,204226,0.000,197.848
204082,204468,0.000,0.000
204082,205230,0.000,161.575
204082,205258,0.000,0.000
204082,205287,0.000,0.000
204082,205315,0.000,0.000
204083,204149,0.000,319.487
204083,204171,0.000,900.000
204083,204197,0.000,780.000
204083,204237,0.000,524.361
204083,204238,0.000,1172.549
204083,204261,0.000,711.564
204083,204301,0.000,134.183
204083,204306,0.000,129.334
204083,204310,0.000,1171.133
204086,204155,0.000,1080.000
204089,204120,0.000,132.612
204089,204234,0.000,0.000
204090,204093,0.000,663.435
204090,204947,0.000,0.000
204090,204986,0.000,0.000
204091,205231,0.000,275.449
204091,205244,0.000,0.000
204091,205288,0.000,92.026
204091,205301,0.000,0.000
204092,204117,0.000,130.574
204092,204191,0.000,94.911
204092,204199,0.000,21.046
204092,204266,0.000,62.019
204093,204122,0.000,770.000
204093,204182,0.000,515.412
204093,204193,0.000,41.285
204093,204481,0.000,0.000
204093,204947,0.000,0.000
204093,204986,0.000,2630.542
204093,205151,0.000,0.000
204093,205192,0.000,56.117
204097,204194,0.000,250.000
204097,204226,0.000,2250.000
204097,204235,0.000,900.000
204101,204242,0.000,124.288
204102,204122,0.000,1021.051
204102,204201,0.000,96.736
204102,204209,0.000,75.109
204102,204970,0.000,0.000
204102,205232,0.000,0.000
204103,204134,0.000,10.250
204103,204166,0.000,29.724
204103,204179,0.000,60.068
204103,204958,0.000,43.590
204103,204967,0.000,0.000
204104,204137,0.000,274.354
204104,204166,0.000,918.001
204104,204180,0.000,917.012
204104,204203,0.000,423.523
204106,204108,0.000,123.420
204106,204187,0.000,121.063
204106,204232,0.000,63.089
204106,204234,0.000,110.534
204108,204187,0.000,73.706
204109,205301,0.000,0.000
204110,205193,0.000,0.000
204110,205244,0.000,0.000
204110,205257,0.000,190.938
204110,205301,0.000,0.000
204110,205314,0.000,54.648
204115,204251,0.000,59.318
204116,204226,0.000,1029.226
204116,204960,0.000,298.127
204116,205164,0.000,51.566
204116,205196,0.000,0.000
204116,205258,0.000,0.000
204117,204191,0.000,505.369
204117,204245,0.000,46.186
204117,204266,0.000,229.320
204118,204234,0.000,480.820
204120,204177,0.000,62.130
204120,204191,0.000,225.784
204120,204234,0.000,414.499
204120,204243,0.000,0.000
204120,204245,0.000,277.686
204122,204182,0.000,306.800
204122,204198,0.000,120.668
204122,204201,0.000,211.591
204122,204481,0.000,0.000
204122,204969,0.000,0.000
204122,204970,0.000,0.000
204122,205232,0.000,1472.375
204122,205289,0.000,45.078
204123,204158,0.000,15.695
204123,204207,0.000,240.000
204125,204195,0.000,225.587
204127,204153,0.000,60.000
204127,204207,0.000,1270.000
204127,204219,0.000,240.000
204127,204223,0.000,358.427
204127,204249,0.000,360.000
204132,204308,0.000,47.257
204132,204316,0.000,0.000
204133,204157,0.000,0.021
204133,204224,0.000,233.332
204133,204478,0.000,33.665
204133,204479,0.000,0.000
204133,204690,0.000,0.000
204133,204716,0.000,135.569
204133,204733,0.000,0.000
204134,204147,0.000,88.791
204134,204166,0.000,15.912
204134,204179,0.000,116.422
204134,204218,0.000,302.367
204134,204962,0.000,718.816
204134,204964,0.000,0.000
204134,204967,0.000,0.000
204134,205166,0.000,6.309
204135,204180,0.000,7.294
204135,204213,0.000,214.405
204136,204213,0.000,332.525
204136,204214,0.000,30.497
204136,204717,0.000,87.178
204137,204166,0.000,0.001
204137,204203,0.000,0.024
204137,204967,0.000,0.000
204137,204971,0.000,0.000
204147,204962,0.000,0.000
204147,204964,0.000,78.927
204149,204197,0.000,300.000
204149,204237,0.000,150.000
204149,204242,0.000,453.057
204150,205256,0.000,0.000
204151,204169,0.000,25.957
204151,204195,0.000,608.268
204153,204172,0.000,13.220
204153,204207,0.000,180.000
204153,204219,0.000,30.000
204153,204264,0.000,168.635
204155,204172,0.000,30.000
204155,204189,0.000,638.444
204155,204951,0.000,0.000
204155,205233,0.000,0.000
204156,204166,0.000,8.054
204156,204213,0.000,308.095
204156,204214,0.000,363.672
204156,204692,0.000,0.000
204156,204693,0.000,0.000
204156,204721,0.000,22.777
204157,204478,0.000,0.000
204157,204479,0.000,145.387
204157,205244,0.000,0.000
204157,205301,0.000,0.000
204158,204264,0.000,6.239
204159,204954,0.000,0.000
204166,204173,0.000,9.930
204166,204213,0.000,2522.527
204166,204218,0.000,276.743
204166,204259,0.000,187.553
204166,204466,0.000,0.000
204166,204952,0.000,0.000
204166,204958,0.000,0.000
204166,204962,0.000,0.000
204166,204967,0.000,2105.553
204166,205171,0.000,20.061
204169,204195,0.000,272.085
204173,204967,0.000,0.000
204177,204234,0.000,0.000
204177,204243,0.000,0.016
204179,204953,0.000,0.000
204179,204958,0.000,0.000
204180,204213,0.000,486.455
204182,204226,0.000,0.000
204182,204471,0.000,0.000
204182,204481,0.000,848.247
204182,204986,0.000,0.000
204182,205232,0.000,0.000
204187,205256,0.000,0.000
204189,205233,0.000,735.729
204190,204233,0.000,95.388
204191,204208,0.000,1366.334
204191,204245,0.000,16.957
204193,204986,0.000,0.000
204194,204226,0.000,151.450
204194,204468,0.000,0.000
204194,204988,0.000,319.641
204194,205195,0.000,11.803
204194,205196,0.000,0.000
204195,204217,0.000,245.883
204198,204969,0.000,96.138
204198,205232,0.000,0.000
204201,204226,0.000,232.333
204201,204970,0.000,444.210
204201,205232,0.000,0.000
204201,205258,0.000,0.000
204203,204259,0.000,354.532
204203,204971,0.000,806.722
204207,204264,0.000,90.000
204213,204967,0.000,0.000
204216,204484,0.000,367.912
204216,204690,0.000,0.000
204216,204732,0.000,20.404
204216,205244,0.000,0.000
204216,205301,0.000,0.000
204218,204962,0.000,0.000
204218,204967,0.000,0.000
204219,204249,0.000,0.000
204220,204251,0.000,60.654
204220,204955,0.000,0.000
204224,204709,0.000,0.000
204224,204716,0.000,0.000
204224,204733,0.000,13.763
204226,204703,0.000,0.000
204226,204734,0.000,844.647
204226,204960,0.000,0.000
204226,204970,0.000,0.000
204226,205150,0.000,0.000
204226,205164,0.000,0.000
204226,205195,0.000,0.000
204226,205196,0.000,21.861
204226,205230,0.000,0.000
204226,205254,0.000,0.000
204226,205258,0.000,1023.839
204226,205287,0.000,0.000
204226,205311,0.000,0.000
204226,205315,0.000,84.838
204233,204308,0.000,390.431
204236,204251,0.000,200.248
204242,204285,0.000,15.377
204242,204308,0.000,54.371
204246,204251,0.000,760.268
204247,204955,0.000,0.000
204247,204972,0.000,236.115
204251,204951,0.000,0.000
204251,204955,0.000,0.000
204259,204967,0.000,0.000
204259,204971,0.000,0.000
204268,204283,0.000,210.000
204268,204288,0.000,663.370
204268,204289,0.000,1050.000
204268,204299,0.000,1023.610
204268,204312,0.000,197.911
204270,204280,0.000,356.440
204270,204311,0.000,123.649
204272,204279,0.000,1167.928
204272,204293,0.000,1506.195
204272,204300,0.000,114.034
204272,204315,0.000,182.787
204272,204320,0.000,1327.445
204272,204324,0.000,254.754
204273,204285,0.000,957.984
204273,204292,0.000,237.908
204275,204280,0.000,124.857
204278,204280,0.000,15.317
204279,204293,0.000,17.185
204279,204294,0.000,2331.318
204279,204300,0.000,46.738
204279,204314,0.000,510.000
204279,204324,0.000,990.000
204280,204290,0.000,41.534
204280,204295,0.000,757.866
204280,204307,0.000,118.115
204280,204311,0.000,476.898
204280,204313,0.000,32.811
204280,204315,0.000,263.751
204280,204322,0.000,40.851
204280,204324,0.000,1099.599
204280,272345,0.000,0.000
204281,204283,0.000,315.656
204281,204307,0.000,130.423
204282,204292,0.000,589.529
204283,204289,0.000,1590.000
204283,204295,0.000,644.552
204283,204299,0.000,84.673
204283,204302,0.000,318.033
204283,204307,0.000,321.558
204285,204292,0.000,197.252
204285,204308,0.000,1110.000
204285,204316,0.000,270.000
204288,204289,0.000,1145.746
204288,204302,0.000,32.632
204289,204302,0.000,287.440
204292,204294,0.000,1155.470
204292,204316,0.000,780.000
204292,204318,0.000,67.487
204293,204324,0.000,1320.000
204294,204314,0.000,1263.391
204294,204316,0.000,1020.202
204294,204318,0.000,75.361
204295,204299,0.000,450.664
204295,204307,0.000,60.224
204295,204324,0.000,289.961
204299,204314,0.000,270.655
204299,204324,0.000,564.068
204308,204316,0.000,600.329
204311,204322,0.000,13.414
204314,204324,0.000,120.000
204315,204320,0.000,27.822
204315,204324,0.000,177.874
204403,204405,0.000,125.377
204403,204510,0.000,55.155
204403,204514,0.000,0.000
204403,204516,0.000,0.000
204403,204976,0.000,182.839
204404,204413,0.000,9.718
204404,204418,0.000,0.425
204404,204419,0.000,87.072
204404,204513,0.000,150.538
204404,204531,0.000,0.000
204404,204542,0.000,0.000
204405,204457,0.000,29.743
204405,204510,0.000,0.000
204405,204514,0.000,786.506
204405,204651,0.000,0.000
204405,204817,0.000,30.000
204405,204882,0.000,160.086
204405,204976,0.000,230.000
204406,204414,0.000,10.687
204406,204420,0.000,288.298
204406,204517,0.000,210.138
204406,204533,0.000,0.000
204407,204519,0.000,251.878
204407,204805,0.000,142.059
204408,204521,0.000,147.318
204408,204555,0.000,0.000
204408,204810,0.000,90.000
204408,204826,0.000,120.000
204408,204835,0.000,10.000
204408,204980,0.000,109.931
204408,205184,0.000,51.174
204409,204522,0.000,245.704
204409,204526,0.000,0.000
204409,205236,0.000,300.902
204410,204516,0.000,0.000
204410,204525,0.000,410.749
204410,204817,0.000,10.000
204410,204976,0.000,274.013
204411,204516,0.000,0.000
204411,204518,0.000,0.000
204411,204527,0.000,36.922
204411,204810,0.000,537.621
204411,204976,0.000,6.154
204411,204977,0.000,56.708
204411,204978,0.000,390.000
204413,204419,0.000,17.076
204413,204513,0.000,0.000
204413,204531,0.000,10.118
204413,204544,0.000,0.000
204414,204420,0.000,0.000
204414,204517,0.000,0.000
204414,204530,0.000,0.000
204414,204533,0.000,150.098
204415,204536,0.000,151.445
204416,204417,0.000,19.655
204416,204538,0.000,58.095
204416,204541,0.000,0.000
204417,204538,0.000,0.000
204417,204541,0.000,117.838
204418,204513,0.000,0.000
204418,204542,0.000,313.100
204418,204822,0.000,147.621
204418,205017,0.000,22.379
204419,204467,0.000,126.326
204419,204531,0.000,0.000
204419,204544,0.000,102.996
204419,204694,0.000,0.000
204420,204517,0.000,0.000
204421,204456,0.000,212.853
204421,204558,0.000,330.096
204421,204645,0.000,0.000
204421,204676,0.000,0.000
204421,205238,0.000,889.849
204421,205255,0.000,422.495
204421,205295,0.000,160.151
204421,205312,0.000,438.066
204422,204448,0.000,183.972
204422,204559,0.000,188.330
204422,204625,0.000,0.000
204424,204460,0.000,50.487
204424,204564,0.000,37.122
204424,204658,0.000,0.000
204425,204568,0.000,216.880
204425,204657,0.000,0.000
204425,205241,0.000,257.372
204428,204458,0.000,52.796
204428,204574,0.000,50.351
204428,204591,0.000,0.000
204428,204652,0.000,0.000
204428,204981,0.000,18.980
204428,205252,0.000,134.356
204430,204462,0.000,15.614
204430,204580,0.000,120.211
204430,204588,0.000,0.000
204430,204675,0.000,0.000
204430,205238,0.000,33.277
204433,204587,0.000,37.866
204433,204588,0.000,0.000
204433,205238,0.000,47.671
204434,204592,0.000,15.299
204434,204648,0.000,0.000
204434,204714,0.000,0.000
204434,204983,0.000,9.974
204434,205257,0.000,11.598
204438,204458,0.000,56.717
204438,204602,0.000,264.566
204438,204652,0.000,0.000
204438,204657,0.000,0.000
204438,205228,0.000,0.000
204438,205241,0.000,339.244
204441,204454,0.000,72.854
204441,204468,0.000,913.017
204441,204609,0.000,794.975
204441,204643,0.000,0.000
204441,204699,0.000,0.000
204441,205230,0.000,340.000
204443,204457,0.000,112.726
204443,204461,0.000,208.481
204443,204611,0.000,848.867
204443,204651,0.000,0.000
204443,204663,0.000,0.000
204443,204877,0.000,580.000
204444,204591,0.000,0.000
204444,204612,0.000,248.418
204444,204981,0.000,247.274
204444,205185,0.000,0.194
204448,204559,0.000,0.000
204448,204625,0.000,384.509
204448,204886,0.000,85.211
204448,205256,0.000,29.777
204450,204626,0.000,0.000
204450,204628,0.000,45.532
204450,204701,0.000,0.000
204450,205239,0.000,5.567
204450,205256,0.000,56.875
204454,204609,0.000,0.000
204454,204643,0.000,517.789
204454,204648,0.000,0.000
204454,204983,0.000,523.236
204456,204558,0.000,0.000
204456,204588,0.000,0.000
204456,204645,0.000,213.421
204456,205238,0.000,310.144
204457,204514,0.000,0.000
204457,204611,0.000,0.000
204457,204651,0.000,630.697
204457,204882,0.000,520.000
204458,204574,0.000,0.000
204458,204602,0.000,0.000
204458,204652,0.000,510.632
204458,205228,0.000,22.684
204458,205241,0.000,0.000
204458,205252,0.000,239.877
204460,204564,0.000,0.000
204460,204591,0.000,0.000
204460,204658,0.000,643.693
204460,204981,0.000,584.330
204460,205204,0.000,358.950
204460,205205,0.000,471.587
204461,204611,0.000,0.000
204461,204663,0.000,326.153
204461,204712,0.000,0.000
204461,204877,0.000,10.000
204461,204986,0.000,795.333
204462,204580,0.000,0.000
204462,204675,0.000,246.316
204466,204967,0.000,274.243
204467,204544,0.000,0.000
204467,204694,0.000,117.926
204467,272692,0.000,0.000
204468,204609,0.000,0.000
204468,204699,0.000,222.627
204468,204727,0.000,0.000
204468,204988,0.000,213.964
204468,205230,0.000,269.040
204471,204481,0.000,267.696
204471,204703,0.000,254.114
204471,204724,0.000,0.000
204478,204479,0.000,65.075
204478,204716,0.000,40.224
204478,204722,0.000,0.000
204479,204714,0.000,0.000
204479,204716,0.000,0.000
204479,204722,0.000,178.509
204479,205231,0.000,89.315
204479,205244,0.000,183.316
204479,205257,0.000,548.954
204479,205301,0.000,17.672
204479,205314,0.000,50.334
204481,204703,0.000,0.000
204481,204712,0.000,0.000
204481,204724,0.000,1442.260
204481,204986,0.000,377.705
204481,205232,0.000,43.200
204484,204690,0.000,0.000
204484,204732,0.000,63.393
204484,205231,0.000,15.492
204484,205244,0.000,159.492
204484,205301,0.000,68.466
204510,204514,0.000,234.623
204510,204516,0.000,377.161
204510,204546,0.000,330.000
204510,204556,0.000,90.000
204510,204976,0.000,0.000
204511,204547,0.000,312.399
204512,204514,0.000,410.000
204512,204567,0.000,150.000
204513,204531,0.000,52.208
204513,204542,0.000,87.674
204514,204546,0.000,330.000
204514,204567,0.000,300.000
204514,204594,0.000,0.000
204514,204651,0.000,190.257
204515,204545,0.000,28.636
204515,204975,0.000,198.022
204515,204979,0.000,0.000
204516,204518,0.000,474.262
204516,204525,0.000,615.987
204516,204527,0.000,13.846
204516,204535,0.000,223.888
204516,204538,0.000,250.000
204516,204556,0.000,150.000
204516,204976,0.000,372.611
204516,204977,0.000,0.000
204517,204533,0.000,151.848
204518,204527,0.000,33.292
204518,204976,0.000,0.000
204518,204977,0.000,156.805
204518,204978,0.000,0.000
204518,205181,0.000,32.421
204521,204543,0.000,346.788
204521,204555,0.000,538.896
204521,204980,0.000,0.000
204522,204526,0.000,179.098
204522,205236,0.000,0.000
204524,204601,0.000,0.000
204524,204635,0.000,143.900
204525,204976,0.000,0.000
204526,205236,0.000,240.856
204527,204976,0.000,0.000
204527,204977,0.000,0.000
204528,204532,0.000,137.380
204528,204555,0.000,808.969
204530,204533,0.000,311.342
204530,204534,0.000,241.526
204531,204544,0.000,95.852
204531,204694,0.000,196.230
204532,204555,0.000,678.258
204535,204556,0.000,97.732
204537,204549,0.000,446.684
204538,204541,0.000,314.937
204540,204555,0.000,390.000
204541,204552,0.000,62.634
204543,204555,0.000,254.602
204544,204694,0.000,81.647
204545,204975,0.000,0.000
204545,204979,0.000,43.706
204546,204556,0.000,80.000
204550,204693,0.000,46.909
204550,205294,0.000,70.582
204550,205302,0.000,0.000
204555,204980,0.000,2647.920
204555,205184,0.000,10.666
204558,204596,0.000,231.327
204558,204638,0.000,363.007
204558,204645,0.000,490.835
204558,204655,0.000,740.209
204558,204676,0.000,1209.439
204558,205255,0.000,0.000
204559,204625,0.000,216.357
204559,204649,0.000,89.306
204560,204642,0.000,95.835
204560,204649,0.000,64.684
204564,204591,0.000,0.000
204564,204612,0.000,510.295
204564,204658,0.000,486.644
204564,204661,0.000,0.000
204565,204598,0.000,30.021
204565,204604,0.000,330.000
204565,204618,0.000,40.000
204565,204633,0.000,560.000
204565,204703,0.000,60.000
204565,204724,0.000,1420.000
204566,204615,0.000,939.545
204566,204628,0.000,699.870
204567,204594,0.000,30.000
204567,204651,0.000,0.000
204568,204657,0.000,522.628
204568,205241,0.000,0.000
204572,204573,0.000,392.223
204572,204592,0.000,124.836
204572,204608,0.000,326.003
204572,204643,0.000,71.892
204573,204609,0.000,730.000
204573,204643,0.000,2.773
204573,204699,0.000,70.000
204574,204591,0.000,73.046
204574,204612,0.000,97.835
204574,204652,0.000,224.153
204574,204981,0.000,0.000
204580,204588,0.000,133.985
204580,204645,0.000,120.000
204580,204673,0.000,226.162
204580,204675,0.000,316.229
204580,205238,0.000,0.000
204582,204628,0.000,254.361
204586,204734,0.000,420.000
204587,204588,0.000,74.110
204587,204657,0.000,237.090
204587,205238,0.000,0.000
204588,204645,0.000,469.856
204588,204657,0.000,36.616
204588,204667,0.000,16.614
204588,205238,0.000,400.973
204588,205241,0.000,0.000
204588,205242,0.000,0.000
204591,204612,0.000,87.790
204591,204658,0.000,5.584
204591,204981,0.000,85.721
204591,205185,0.000,13.187
204592,204608,0.000,52.612
204592,204643,0.000,0.000
204592,204648,0.000,475.787
204592,204714,0.000,46.631
204592,204983,0.000,0.000
204592,205257,0.000,0.000
204594,204651,0.000,550.053
204595,204597,0.000,145.265
204595,204638,0.000,0.000
204596,204638,0.000,416.908
204596,204645,0.000,207.750
204596,204655,0.000,454.135
204596,204668,0.000,1446.648
204596,204673,0.000,0.000
204597,204638,0.000,90.038
204597,204676,0.000,180.000
204598,204618,0.000,440.000
204601,204635,0.000,373.769
204602,204652,0.000,80.166
204602,204657,0.000,24.977
204602,204661,0.000,1006.632
204602,205241,0.000,0.000
204604,204618,0.000,220.000
204604,204633,0.000,500.000
204604,204703,0.000,450.000
204608,204643,0.000,469.169
204608,204648,0.000,0.000
204609,204643,0.000,84.799
204609,204699,0.000,406.983
204611,204623,0.000,600.000
204611,204637,0.000,290.000
204611,204651,0.000,207.274
204611,204663,0.000,351.519
204612,204652,0.000,52.168
204612,204658,0.000,0.000
204612,204661,0.000,266.965
204612,204981,0.000,0.000
204612,205185,0.000,0.000
204614,204619,0.000,576.105
204614,204676,0.000,570.337
204614,204982,0.000,523.667
204614,205186,0.000,0.000
204614,205255,0.000,0.000
204615,204660,0.000,145.036
204617,204663,0.000,230.000
204617,204724,0.000,320.000
204618,204633,0.000,660.000
204619,204676,0.000,82.257
204623,204637,0.000,110.000
204623,204651,0.000,31.458
204626,204628,0.000,253.386
204626,204701,0.000,13.423
204626,205239,0.000,180.836
204626,205256,0.000,0.000
204628,204669,0.000,444.236
204628,204701,0.000,760.843
204628,205239,0.000,0.000
204628,205256,0.000,0.000
204630,204714,0.000,313.728
204630,204716,0.000,64.023
204630,204722,0.000,133.836
204630,205240,0.000,43.115
204630,205257,0.000,0.000
204630,205297,0.000,11.501
204630,205314,0.000,0.000
204634,362201,0.000,218.402
204638,204668,0.000,0.000
204638,204676,0.000,780.000
204642,204649,0.000,244.375
204642,204660,0.000,60.234
204643,204648,0.000,90.683
204643,204983,0.000,0.000
204645,204668,0.000,0.000
204645,204673,0.000,848.022
204645,205238,0.000,0.000
204648,204983,0.000,282.213
204648,205187,0.000,31.180
204652,204661,0.000,214.614
204657,205238,0.000,0.000
204657,205241,0.000,1083.722
204658,204981,0.000,0.000
204663,204712,0.000,78.767
204663,204724,0.000,300.000
204663,204986,0.000,0.000
204667,205238,0.000,0.000
204667,205242,0.000,129.433
204668,204673,0.000,41.773
204672,205243,0.000,113.205
204676,204982,0.000,0.000
204676,205255,0.000,760.199
204690,204696,0.000,0.005
204690,204716,0.000,4.668
204690,204732,0.000,47.638
204690,205244,0.000,2.659
204691,204696,0.000,0.010
204692,204693,0.000,0.000
204692,204721,0.000,0.001
204693,204695,0.000,61.087
204693,204721,0.000,22.613
204693,205245,0.000,267.538
204693,205294,0.000,0.000
204693,205302,0.000,45.999
204694,204697,0.000,126.777
204694,272692,0.000,0.000
204694,274196,0.000,0.591
204699,204727,0.000,764.004
204699,204988,0.000,0.000
204701,205239,0.000,0.000
204701,205256,0.000,891.730
204703,204724,0.000,86.884
204703,204734,0.000,113.612
204709,204733,0.000,0.133
204712,204724,0.000,596.883
204712,204986,0.000,639.827
204712,205192,0.000,0.000
204714,204722,0.000,86.005
204714,205240,0.000,0.000
204714,205257,0.000,222.086
204714,205297,0.000,0.000
204714,205314,0.000,66.295
204716,204722,0.000,34.125
204716,204733,0.000,0.017
204722,205314,0.000,0.000
204724,204986,0.000,0.000
204727,204734,0.000,176.125
204727,204988,0.000,519.857
204727,205258,0.000,0.000
204732,205244,0.000,0.000
204734,204988,0.000,0.000
204734,205196,0.000,0.000
204734,205258,0.000,9.453
204797,204798,0.000,185.953
204797,204799,0.000,923.831
204797,204805,0.000,309.355
204797,204815,0.000,284.911
204797,204822,0.000,6.143
204797,204992,0.000,930.464
204797,204993,0.000,0.000
204797,204994,0.000,0.000
204797,205000,0.000,0.000
204797,205010,0.000,0.000
204797,205017,0.000,0.000
204798,204815,0.000,10.000
204798,204822,0.000,358.529
204798,204992,0.000,0.000
204798,204993,0.000,12.171
204798,205017,0.000,0.000
204799,204815,0.000,190.241
204799,204818,0.000,369.833
204799,204823,0.000,50.000
204799,204830,0.000,0.000
204799,204831,0.000,157.977
204799,204839,0.000,286.886
204799,204992,0.000,0.000
204799,204994,0.000,1258.704
204799,205010,0.000,0.000
204799,205013,0.000,0.000
204799,205026,0.000,0.000
204799,205034,0.000,0.000
204800,204809,0.000,380.000
204800,204814,0.000,328.154
204800,204827,0.000,318.265
204800,204995,0.000,47.084
204800,205009,0.000,0.000
204800,205022,0.000,0.000
204801,204816,0.000,441.021
204801,204942,0.000,290.000
204801,205011,0.000,0.000
204802,204803,0.000,830.000
204802,204804,0.000,519.708
204802,204811,0.000,1933.731
204802,204821,0.000,745.660
204802,204829,0.000,725.632
204802,204836,0.000,409.596
204802,204942,0.000,270.000
204802,204997,0.000,547.581
204802,205006,0.000,0.000
204802,205016,0.000,0.000
204802,205024,0.000,0.000
204802,205031,0.000,0.000
204803,204811,0.000,867.663
204803,204942,0.000,587.483
204803,204998,0.000,44.960
204803,205006,0.000,0.000
204803,205145,0.000,0.000
204804,204816,0.000,346.554
204804,204836,0.000,667.445
204804,204942,0.000,929.467
204804,204999,0.000,243.585
204804,205031,0.000,0.000
204805,204822,0.000,410.074
204805,204992,0.000,0.000
204805,205000,0.000,130.034
204806,204813,0.000,170.000
204806,204820,0.000,40.000
204806,204833,0.000,270.000
204806,204836,0.000,220.000
204806,204839,0.000,961.437
204806,205001,0.000,155.144
204806,205034,0.000,0.000
204807,204941,0.000,195.501
204807,204942,0.000,169.535
204807,205002,0.000,7.559
204807,205145,0.000,0.000
204808,204824,0.000,730.000
204808,204942,0.000,280.000
204808,205003,0.000,30.396
204809,204814,0.000,921.977
204809,204819,0.000,901.051
204809,204827,0.000,109.118
204809,204845,0.000,218.450
204809,204868,0.000,0.000
204809,204878,0.000,2062.245
204809,204891,0.000,30.000
204809,204916,0.000,273.424
204809,204941,0.000,270.857
204809,205004,0.000,1895.724
204809,205009,0.000,0.000
204809,205014,0.000,0.000
204809,205022,0.000,0.000
204809,205040,0.000,0.000
204809,205075,0.000,0.000
204809,205117,0.000,0.000
204810,204835,0.000,267.255
204810,205005,0.000,63.442
204810,205030,0.000,0.000
204811,204812,0.000,680.106
204811,204942,0.000,610.000
204811,204997,0.000,0.000
204811,204998,0.000,0.000
204811,205006,0.000,1622.868
204811,205007,0.000,0.000
204812,205006,0.000,0.000
204812,205007,0.000,57.874
204813,204820,0.000,379.836
204813,204839,0.000,389.983
204813,205008,0.000,40.228
204813,205015,0.000,0.000
204813,205034,0.000,0.000
204814,204827,0.000,40.000
204814,204995,0.000,0.000
204814,205004,0.000,0.000
204814,205009,0.000,470.366
204815,204818,0.000,0.000
204815,204830,0.000,112.244
204815,204992,0.000,0.000
204815,204994,0.000,0.000
204815,205010,0.000,309.385
204815,205025,0.000,0.000
204816,204831,0.000,246.584
204816,204836,0.000,168.705
204816,204839,0.000,202.244
204816,204942,0.000,197.828
204816,205011,0.000,1231.472
204816,205026,0.000,0.000
204816,205034,0.000,0.000
204816,205145,0.000,0.000
204817,204828,0.000,411.761
204817,204832,0.000,50.000
204817,204837,0.000,490.212
204817,204976,0.000,743.076
204817,204977,0.000,270.000
204817,205012,0.000,1614.007
204817,205023,0.000,0.000
204817,205032,0.000,0.000
204817,205180,0.000,0.000
204818,204830,0.000,140.000
204818,204831,0.000,298.741
204818,204994,0.000,0.000
204818,205013,0.000,91.145
204818,205026,0.000,0.000
204819,204825,0.000,0.000
204819,204834,0.000,245.692
204819,204845,0.000,0.000
204819,204868,0.000,451.067
204819,205004,0.000,0.000
204819,205014,0.000,196.462
204819,205029,0.000,0.000
204819,205064,0.000,0.000
204820,204821,0.000,359.675
204820,204833,0.000,340.941
204820,204839,0.000,110.000
204820,205008,0.000,0.000
204820,205015,0.000,399.100
204820,205016,0.000,0.000
204821,204833,0.000,57.800
204821,204836,0.000,18.820
204821,204997,0.000,0.000
204821,205015,0.000,0.000
204821,205016,0.000,532.449
204821,205028,0.000,0.000
204822,204992,0.000,0.000
204822,204993,0.000,0.000
204822,205017,0.000,474.502
204823,204839,0.000,551.476
204823,204975,0.000,387.418
204823,204979,0.000,140.723
204823,205018,0.000,1455.871
204823,205034,0.000,0.000
204823,205179,0.000,0.000
204823,205183,0.000,0.000
204824,204838,0.000,598.019
204824,204848,0.000,566.911
204824,205019,0.000,136.715
204824,205033,0.000,0.000
204824,205043,0.000,0.000
204825,204834,0.000,305.284
204825,204838,0.000,180.000
204825,205020,0.000,260.508
204825,205029,0.000,0.000
204826,204980,0.000,1552.615
204826,205021,0.000,441.645
204826,205184,0.000,0.000
204827,204995,0.000,0.000
204827,205004,0.000,0.000
204827,205022,0.000,64.280
204828,204832,0.000,411.849
204828,205012,0.000,0.000
204828,205023,0.000,35.055
204829,204997,0.000,0.000
204829,205024,0.000,216.386
204830,204831,0.000,0.000
204830,205010,0.000,0.000
204830,205025,0.000,296.153
204831,204839,0.000,90.000
204831,204994,0.000,0.000
204831,205011,0.000,0.000
204831,205013,0.000,0.000
204831,205026,0.000,296.380
204832,204911,0.000,350.958
204832,205023,0.000,0.000
204833,204836,0.000,267.752
204833,205016,0.000,0.000
204833,205028,0.000,43.199
204833,205031,0.000,0.000
204834,205014,0.000,0.000
204834,205020,0.000,0.000
204834,205029,0.000,384.023
204835,205005,0.000,0.000
204835,205030,0.000,295.336
204836,204839,0.000,10.000
204836,204997,0.000,0.000
204836,204999,0.000,0.000
204836,205028,0.000,0.000
204836,205031,0.000,327.549
204837,204977,0.000,24.127
204837,204978,0.000,207.226
204837,205012,0.000,0.000
204837,205032,0.000,865.663
204837,205181,0.000,0.000
204837,205182,0.000,0.000
204838,205019,0.000,0.000
204838,205033,0.000,638.703
204839,204975,0.000,109.319
204839,204994,0.000,0.000
204839,205001,0.000,0.000
204839,205008,0.000,0.000
204839,205011,0.000,0.000
204839,205018,0.000,0.000
204839,205034,0.000,1185.314
204839,205179,0.000,0.000
204840,204880,0.000,180.000
204840,204881,0.000,969.706
204840,204907,0.000,720.000
204840,204910,0.000,549.990
204840,205035,0.000,282.476
204840,205078,0.000,0.000
204840,205110,0.000,0.000
204841,204888,0.000,459.077
204841,204890,0.000,0.000
204841,204970,0.000,266.050
204841,205036,0.000,602.369
204841,205086,0.000,0.000
204841,205174,0.000,0.000
204841,205196,0.000,0.000
204841,205251,0.000,120.000
204841,205258,0.000,1015.088
204842,204867,0.000,802.249
204842,204910,0.000,80.038
204842,204915,0.000,480.000
204842,204927,0.000,496.129
204842,205037,0.000,993.355
204842,205063,0.000,0.000
204842,205110,0.000,0.000
204843,204869,0.000,525.989
204843,204900,0.000,527.551
204843,204933,0.000,213.514
204843,204937,0.000,40.000
204843,205038,0.000,361.461
204843,205065,0.000,0.000
204843,205099,0.000,0.000
204843,205136,0.000,0.000
204843,205211,0.000,110.000
204844,204880,0.000,313.072
204844,205039,0.000,33.038
204844,205077,0.000,0.000
204845,204868,0.000,300.000
204845,204878,0.000,129.430
204845,204935,0.000,844.607
204845,205004,0.000,0.000
204845,205040,0.000,219.882
204845,205075,0.000,0.000
204845,205138,0.000,0.000
204847,204903,0.000,216.134
204847,204925,0.000,51.596
204847,205042,0.000,386.936
204847,205102,0.000,0.000
204847,205126,0.000,0.000
204847,205191,0.000,0.000
204847,205256,0.000,104.853
204848,204850,0.000,979.706
204848,204862,0.000,670.000
204848,204875,0.000,725.777
204848,204917,0.000,160.000
204848,205019,0.000,0.000
204848,205043,0.000,2159.764
204848,205045,0.000,0.000
204848,205071,0.000,0.000
204849,204912,0.000,573.575
204849,205044,0.000,47.499
204849,205112,0.000,0.000
204850,204862,0.000,1024.361
204850,205043,0.000,0.000
204850,205045,0.000,284.068
204850,205058,0.000,0.000
204851,204887,0.000,240.768
204851,204894,0.000,23.100
204851,205046,0.000,49.636
204851,205092,0.000,0.000
204851,205217,0.000,490.709
204852,204897,0.000,270.681
204852,204971,0.000,935.714
204852,205047,0.000,1791.754
204852,205095,0.000,0.000
204852,205175,0.000,0.000
204853,204859,0.000,180.000
204853,204884,0.000,190.000
204853,204924,0.000,260.347
204853,205048,0.000,64.687
204853,205125,0.000,0.000
204855,204909,0.000,213.456
204855,204952,0.000,929.498
204855,204958,0.000,17.612
204855,204967,0.000,0.000
204855,205050,0.000,61.423
204855,205109,0.000,0.000
204855,205156,0.000,0.000
204855,205162,0.000,0.000
204856,204859,0.000,339.807
204856,204870,0.000,450.000
204856,205052,0.000,47.837
204856,205055,0.000,0.000
204858,204897,0.000,259.408
204858,204943,0.000,1085.250
204858,204944,0.000,510.240
204858,204971,0.000,888.412
204858,205054,0.000,1759.357
204858,205095,0.000,0.000
204858,205146,0.000,0.000
204858,205175,0.000,0.000
204859,204860,0.000,1147.519
204859,204870,0.000,30.000
204859,204924,0.000,500.000
204859,205052,0.000,0.000
204859,205055,0.000,61.924
204859,205056,0.000,0.000
204860,204870,0.000,1035.288
204860,204884,0.000,830.000
204860,205055,0.000,0.000
204860,205056,0.000,483.947
204860,205066,0.000,0.000
204861,204884,0.000,1033.053
204861,205057,0.000,544.209
204861,205082,0.000,0.000
204862,204873,0.000,1069.097
204862,204928,0.000,939.979
204862,204935,0.000,1080.000
204862,205045,0.000,0.000
204862,205058,0.000,399.199
204862,205069,0.000,0.000
204862,205130,0.000,0.000
204863,204866,0.000,571.367
204863,204906,0.000,106.998
204863,204934,0.000,547.822
204863,205059,0.000,179.920
204863,205062,0.000,0.000
204863,205106,0.000,0.000
204865,204905,0.000,1059.622
204865,205061,0.000,1589.640
204865,205105,0.000,0.000
204866,204906,0.000,331.109
204866,205059,0.000,0.000
204866,205062,0.000,81.255
204866,205106,0.000,0.000
204867,205037,0.000,0.000
204867,205063,0.000,86.333
204868,204935,0.000,80.000
204868,205014,0.000,0.000
204868,205064,0.000,93.048
204869,204900,0.000,831.621
204869,204933,0.000,90.000
204869,205038,0.000,0.000
204869,205065,0.000,646.355
204869,205099,0.000,0.000
204870,205056,0.000,0.000
204870,205066,0.000,416.004
204871,204899,0.000,136.035
204871,204911,0.000,315.641
204871,205067,0.000,60.348
204871,205097,0.000,0.000
204871,205111,0.000,0.000
204872,204885,0.000,106.451
204872,204906,0.000,101.806
204872,204931,0.000,274.581
204872,204971,0.000,478.877
204872,205068,0.000,708.598
204872,205083,0.000,0.000
204872,205134,0.000,0.000
204872,205175,0.000,0.000
204873,204928,0.000,60.000
204873,205058,0.000,0.000
204873,205069,0.000,244.002
204874,204901,0.000,442.548
204874,205070,0.000,64.772
204874,205100,0.000,0.000
204875,205043,0.000,0.000
204875,205071,0.000,495.616
204876,204892,0.000,638.750
204876,204901,0.000,0.000
204876,204932,0.000,890.482
204876,204935,0.000,240.000
204876,205073,0.000,343.289
204876,205090,0.000,0.000
204876,205135,0.000,0.000
204877,205074,0.000,542.077
204878,204935,0.000,208.395
204878,205004,0.000,0.000
204878,205040,0.000,0.000
204878,205075,0.000,643.525
204878,205138,0.000,0.000
204879,204892,0.000,181.575
204879,204901,0.000,118.208
204879,204932,0.000,210.000
204879,205076,0.000,156.783
204879,205090,0.000,0.000
204879,205100,0.000,0.000
204880,204881,0.000,30.000
204880,204883,0.000,430.000
204880,204930,0.000,270.000
204880,205039,0.000,0.000
204880,205077,0.000,95.166
204881,204930,0.000,120.000
204881,205035,0.000,0.000
204881,205078,0.000,317.003
204882,205080,0.000,901.644
204883,205081,0.000,7.140
204884,204912,0.000,399.600
204884,204924,0.000,299.362
204884,205057,0.000,0.000
204884,205082,0.000,1377.844
204884,205112,0.000,0.000
204884,205125,0.000,0.000
204885,204906,0.000,606.062
204885,204931,0.000,154.554
204885,204934,0.000,243.736
204885,205068,0.000,0.000
204885,205083,0.000,1306.581
204885,205106,0.000,0.000
204885,205137,0.000,0.000
204886,204925,0.000,104.149
204886,205084,0.000,202.613
204886,205126,0.000,0.000
204887,204894,0.000,28.151
204887,205085,0.000,14.994
204887,205092,0.000,0.000
204888,204890,0.000,202.477
204888,204969,0.000,0.000
204888,204970,0.000,0.000
204888,205036,0.000,0.000
204888,205086,0.000,65.147
204888,205088,0.000,0.000
204888,205251,0.000,130.000
204889,205087,0.000,23.203
204890,204969,0.000,758.253
204890,204970,0.000,350.000
204890,205086,0.000,0.000
204890,205088,0.000,432.100
204890,205173,0.000,0.000
204890,205251,0.000,0.000
204891,204923,0.000,198.049
204891,204935,0.000,640.000
204891,205089,0.000,29.227
204891,205124,0.000,0.000
204891,205138,0.000,0.000
204892,204932,0.000,159.698
204892,205073,0.000,0.000
204892,205076,0.000,0.000
204892,205090,0.000,345.942
204892,205135,0.000,0.000
204893,204914,0.000,1072.032
204893,205091,0.000,746.707
204893,205114,0.000,0.000
204894,205046,0.000,0.000
204894,205085,0.000,0.000
204894,205092,0.000,612.718
204894,205217,0.000,235.426
204895,204918,0.000,118.508
204895,204954,0.000,35.442
204895,205093,0.000,58.920
204895,205158,0.000,0.000
204895,205191,0.000,0.000
204895,205256,0.000,1280.453
204896,204918,0.000,507.375
204896,204954,0.000,4509.824
204896,205094,0.000,1366.242
204896,205158,0.000,0.000
204897,204943,0.000,0.000
204897,204971,0.000,535.129
204897,205047,0.000,0.000
204897,205054,0.000,0.000
204897,205095,0.000,1079.753
204898,204955,0.000,183.281
204898,204972,0.000,62.785
204898,205096,0.000,124.937
204898,205159,0.000,0.000
204898,205176,0.000,0.000
204899,205067,0.000,0.000
204899,205097,0.000,287.773
204900,204937,0.000,245.015
204900,205038,0.000,0.000
204900,205065,0.000,0.000
204900,205099,0.000,444.440
204900,205140,0.000,0.000
204901,205070,0.000,0.000
204901,205076,0.000,0.000
204901,205100,0.000,155.842
204903,204925,0.000,135.601
204903,205042,0.000,0.000
204903,205102,0.000,12.463
204903,205126,0.000,0.000
204903,205256,0.000,50.987
204904,205103,0.000,24.365
204905,205061,0.000,0.000
204905,205105,0.000,120.582
204906,204934,0.000,266.083
204906,205059,0.000,0.000
204906,205062,0.000,0.000
204906,205083,0.000,0.000
204906,205106,0.000,618.833
204906,205137,0.000,0.000
204907,204938,0.000,347.356
204907,205107,0.000,281.158
204907,205141,0.000,0.000
204908,205108,0.000,123.226
204909,204953,0.000,70.713
204909,204958,0.000,177.130
204909,205050,0.000,0.000
204909,205109,0.000,83.718
204909,205157,0.000,0.000
204909,205162,0.000,0.000
204910,205035,0.000,0.000
204910,205037,0.000,0.000
204910,205110,0.000,258.037
204911,204926,0.000,90.000
204911,205067,0.000,0.000
204911,205111,0.000,65.172
204912,205044,0.000,0.000
204912,205082,0.000,0.000
204912,205112,0.000,510.332
204913,204921,0.000,1453.148
204913,204937,0.000,879.303
204913,205113,0.000,128.014
204913,205122,0.000,0.000
204913,205140,0.000,0.000
204914,204954,0.000,561.934
204914,205091,0.000,0.000
204914,205114,0.000,57.805
204915,205116,0.000,53.797
204916,205004,0.000,0.000
204916,205117,0.000,144.671
204917,205118,0.000,19.387
204918,204954,0.000,1289.331
204918,205119,0.000,184.452
204918,205158,0.000,0.000
204919,205120,0.000,603.448
204921,205113,0.000,0.000
204921,205122,0.000,599.444
204922,204954,0.000,381.836
204922,205123,0.000,315.088
204923,204932,0.000,967.386
204923,204935,0.000,20.000
204923,205089,0.000,0.000
204923,205124,0.000,1076.109
204923,205135,0.000,0.000
204924,205048,0.000,0.000
204924,205082,0.000,0.000
204924,205125,0.000,387.920
204925,205042,0.000,0.000
204925,205084,0.000,0.000
204925,205102,0.000,0.000
204925,205126,0.000,220.580
204926,205127,0.000,486.916
204927,205129,0.000,34.487
204928,205058,0.000,0.000
204928,205130,0.000,71.445
204930,205133,0.000,91.476
204931,204971,0.000,23.293
204931,205068,0.000,0.000
204931,205134,0.000,305.818
204931,205175,0.000,0.000
204932,204935,0.000,590.000
204932,205073,0.000,0.000
204932,205090,0.000,0.000
204932,205124,0.000,0.000
204932,205135,0.000,251.592
204933,205038,0.000,0.000
204933,205136,0.000,265.404
204934,205083,0.000,0.000
204934,205106,0.000,0.000
204934,205137,0.000,619.085
204935,205040,0.000,0.000
204935,205075,0.000,0.000
204935,205089,0.000,0.000
204935,205138,0.000,648.142
204936,205104,0.000,0.000
204936,205139,0.000,636.311
204936,205150,0.000,0.000
204936,205250,0.000,389.889
204936,205254,0.000,897.541
204937,205099,0.000,0.000
204937,205113,0.000,0.000
204937,205140,0.000,279.073
204938,205107,0.000,0.000
204938,205141,0.000,806.303
204939,205142,0.000,246.314
204941,204942,0.000,574.485
204941,205144,0.000,380.574
204941,205145,0.000,0.000
204942,204998,0.000,0.000
204942,205002,0.000,0.000
204942,205011,0.000,0.000
204942,205144,0.000,0.000
204942,205145,0.000,1484.868
204943,204944,0.000,98.876
204943,205054,0.000,0.000
204943,205146,0.000,522.358
204943,205244,0.000,0.035
204944,205147,0.000,93.811
204944,205244,0.000,58.407
204947,204986,0.000,1606.825
204947,205151,0.000,608.658
204947,205192,0.000,0.000
204951,205155,0.000,419.369
204952,204958,0.000,0.000
204952,204967,0.000,1199.778
204952,205050,0.000,0.000
204952,205156,0.000,784.778
204953,204958,0.000,0.000
204953,205109,0.000,0.000
204953,205157,0.000,140.972
204954,205093,0.000,0.000
204954,205094,0.000,0.000
204954,205119,0.000,0.000
204954,205158,0.000,4257.891
204954,205191,0.000,0.000
204954,205256,0.000,2008.912
204955,204972,0.000,629.336
204955,205096,0.000,0.000
204955,205159,0.000,85.277
204955,205176,0.000,0.000
204958,204967,0.000,327.147
204958,205050,0.000,0.000
204958,205109,0.000,0.000
204958,205162,0.000,337.829
204960,204970,0.000,161.591
204960,205164,0.000,309.945
204960,205174,0.000,0.000
204960,205196,0.000,0.000
204960,205258,0.000,49.159
204962,204964,0.000,306.706
204962,204967,0.000,300.528
204962,205166,0.000,767.659
204962,205168,0.000,0.000
204962,205171,0.000,0.000
204964,205166,0.000,0.000
204964,205168,0.000,139.093
204967,205166,0.000,0.000
204967,205171,0.000,474.679
204969,204970,0.000,190.000
204969,205088,0.000,0.000
204969,205173,0.000,269.553
204969,205232,0.000,1589.332
204969,205251,0.000,800.000
204970,205036,0.000,0.000
204970,205164,0.000,0.000
204970,205174,0.000,1051.116
204970,205232,0.000,118.409
204970,205258,0.000,487.667
204971,205047,0.000,0.000
204971,205054,0.000,0.000
204971,205068,0.000,0.000
204971,205134,0.000,0.000
204971,205175,0.000,805.874
204972,205096,0.000,0.000
204972,205159,0.000,0.000
204972,205176,0.000,2244.618
204975,204979,0.000,291.364
204975,205018,0.000,0.000
204975,205034,0.000,0.000
204975,205179,0.000,193.194
204976,204977,0.000,15.738
204976,205012,0.000,0.000
204976,205180,0.000,185.155
204977,204978,0.000,54.945
204977,205032,0.000,0.000
204977,205181,0.000,118.612
204977,205182,0.000,0.000
204978,205032,0.000,0.000
204978,205181,0.000,0.000
204978,205182,0.000,116.792
204979,205018,0.000,0.000
204979,205183,0.000,98.397
204980,205021,0.000,0.000
204980,205184,0.000,398.094
204981,205185,0.000,441.110
204981,205204,0.000,50.218
204981,205217,0.000,44.178
204981,205252,0.000,242.572
204982,205186,0.000,130.995
204982,205189,0.000,0.000
204982,205255,0.000,737.868
204983,205187,0.000,675.451
204983,205193,0.000,0.000
204983,205257,0.000,1616.884
204986,205151,0.000,0.000
204986,205192,0.000,2194.805
204988,205195,0.000,16.527
204988,205196,0.000,0.000
204988,205258,0.000,20.125
204992,204993,0.000,4.047
204992,204994,0.000,276.169
204992,205000,0.000,100.645
204992,205010,0.000,35.089
204992,205017,0.000,23.857
204993,205017,0.000,11.471
204994,205010,0.000,29.759
204994,205013,0.000,50.167
204994,205026,0.000,32.023
204994,205034,0.000,43.114
204995,205009,0.000,31.846
204995,205022,0.000,21.735
204997,205006,0.000,30.214
204997,205016,0.000,21.312
204997,205024,0.000,35.362
204997,205031,0.000,44.634
204998,205006,0.000,32.337
204998,205145,0.000,22.517
204999,205031,0.000,20.690
205001,205034,0.000,58.563
205002,205145,0.000,10.465
205004,205009,0.000,138.023
205004,205014,0.000,58.949
205004,205022,0.000,20.882
205004,205040,0.000,21.550
205004,205075,0.000,217.755
205004,205117,0.000,26.576
205005,205030,0.000,62.745
205006,205007,0.000,69.894
205008,205015,0.000,20.164
205008,205034,0.000,20.017
205010,205025,0.000,27.756
205011,205026,0.000,43.416
205011,205034,0.000,27.756
205011,205145,0.000,27.751
205012,205023,0.000,28.239
205012,205032,0.000,39.788
205012,205180,0.000,216.924
205013,205026,0.000,21.259
205014,205029,0.000,24.308
205014,205064,0.000,68.933
205015,205016,0.000,43.306
205016,205028,0.000,21.077
205018,205034,0.000,108.524
205018,205179,0.000,12.582
205018,205183,0.000,99.277
205019,205033,0.000,71.981
205019,205043,0.000,23.089
205020,205029,0.000,54.716
205021,205184,0.000,27.385
205028,205031,0.000,15.087
205032,205181,0.000,25.873
205032,205182,0.000,42.775
205034,205179,0.000,50.681
205035,205078,0.000,20.294
205035,205110,0.000,20.010
205036,205086,0.000,20.923
205036,205174,0.000,33.950
205036,205196,0.000,134.912
205036,205258,0.000,0.000
205037,205063,0.000,6.734
205037,205110,0.000,29.962
205038,205065,0.000,24.011
205038,205099,0.000,202.449
205038,205136,0.000,26.486
205039,205077,0.000,16.928
205040,205075,0.000,20.570
205040,205138,0.000,5.393
205042,205102,0.000,14.517
205042,205126,0.000,21.098
205042,205191,0.000,25.818
205042,205256,0.000,0.000
205043,205045,0.000,20.294
205043,205071,0.000,54.223
205044,205112,0.000,26.425
205045,205058,0.000,35.639
205046,205092,0.000,20.200
205047,205095,0.000,106.813
205047,205175,0.000,54.286
205048,205125,0.000,59.653
205050,205109,0.000,5.599
205050,205156,0.000,23.050
205050,205162,0.000,20.563
205051,205128,0.000,57.507
205051,205246,0.000,264.324
205051,205252,0.000,0.000
205051,205303,0.000,194.208
205052,205055,0.000,20.193
205054,205095,0.000,113.403
205054,205146,0.000,24.750
205054,205175,0.000,41.589
205055,205056,0.000,22.481
205056,205066,0.000,44.712
205057,205082,0.000,246.947
205058,205069,0.000,40.903
205058,205130,0.000,20.021
205059,205062,0.000,15.901
205059,205106,0.000,26.853
205061,205105,0.000,58.765
205062,205106,0.000,19.750
205065,205099,0.000,88.379
205067,205097,0.000,14.102
205067,205111,0.000,4.359
205068,205083,0.000,29.116
205068,205134,0.000,75.936
205068,205175,0.000,172.023
205070,205100,0.000,37.452
205072,205193,0.000,20.243
205072,205247,0.000,126.660
205072,205257,0.000,0.000
205073,205090,0.000,21.250
205073,205135,0.000,39.518
205075,205138,0.000,51.605
205076,205090,0.000,28.425
205076,205100,0.000,1.792
205079,205104,0.000,17.908
205079,205115,0.000,22.569
205079,205196,0.000,37.466
205079,205248,0.000,612.353
205079,205250,0.000,0.000
205079,205251,0.000,0.000
205079,205258,0.000,0.000
205082,205112,0.000,20.400
205082,205125,0.000,30.638
205083,205106,0.000,239.475
205083,205137,0.000,19.945
205084,205126,0.000,26.363
205085,205092,0.000,20.041
205086,205088,0.000,87.523
205088,205173,0.000,41.747
205089,205124,0.000,31.951
205089,205138,0.000,20.000
205090,205135,0.000,10.302
205091,205114,0.000,22.151
205093,205158,0.000,34.937
205093,205191,0.000,29.907
205093,205256,0.000,0.000
205094,205158,0.000,20.015
205096,205159,0.000,56.719
205096,205176,0.000,27.215
205098,205189,0.000,21.272
205098,205249,0.000,528.867
205098,205255,0.000,0.000
205099,205140,0.000,24.985
205102,205126,0.000,8.367
205104,205139,0.000,20.111
205104,205196,0.000,23.322
205104,205248,0.000,0.000
205104,205250,0.000,550.776
205104,205258,0.000,0.000
205106,205137,0.000,304.082
205107,205141,0.000,182.644
205109,205157,0.000,20.080
205109,205162,0.000,55.398
205113,205122,0.000,67.411
205113,205140,0.000,20.697
205115,205132,0.000,20.868
205115,205248,0.000,0.000
205115,205251,0.000,183.801
205115,205308,0.000,139.092
205115,205310,0.000,0.000
205119,205158,0.000,64.029
205124,205135,0.000,32.614
205128,205246,0.000,0.000
205128,205252,0.000,322.538
205132,205253,0.000,233.072
205132,205308,0.000,0.000
205132,205310,0.000,129.439
205134,205175,0.000,22.055
205139,205150,0.000,32.459
205139,205250,0.000,0.000
205139,205254,0.000,0.000
205144,205145,0.000,67.994
205150,205196,0.000,67.652
205150,205254,0.000,1010.897
205150,205258,0.000,0.000
205151,205192,0.000,31.582
205158,205191,0.000,12.133
205158,205256,0.000,0.000
205159,205176,0.000,23.324
205164,205174,0.000,108.409
205164,205196,0.000,41.615
205164,205258,0.000,0.000
205166,205168,0.000,135.019
205166,205171,0.000,20.125
205181,205182,0.000,73.385
205186,205189,0.000,41.795
205186,205255,0.000,0.000
205187,205193,0.000,36.741
205187,205257,0.000,0.000
205189,205249,0.000,0.000
205189,205255,0.000,368.678
205189,205312,0.000,160.580
205191,205256,0.000,2549.178
205191,205313,0.000,140.009
205193,205247,0.000,0.000
205193,205257,0.000,557.830
205193,205314,0.000,18.778
205195,205196,0.000,12.300
205195,205258,0.000,0.000
205196,205248,0.000,0.000
205196,205250,0.000,0.000
205196,205254,0.000,0.000
205196,205258,0.000,1262.905
205201,205202,0.000,177.206
205203,205244,0.000,102.975
205203,205247,0.000,341.288
205203,205260,0.000,237.967
205203,205301,0.000,0.000
205203,205304,0.000,0.000
205204,205205,0.000,1222.795
205204,205210,0.000,311.400
205204,205216,0.000,42.303
205204,205217,0.000,16.021
205204,205218,0.000,139.489
205204,205261,0.000,118.778
205204,205262,0.000,0.000
205204,205267,0.000,0.000
205204,205273,0.000,0.000
205204,205275,0.000,0.000
205205,205210,0.000,98.441
205205,205261,0.000,0.000
205205,205262,0.000,1640.408
205205,205267,0.000,0.000
205206,205236,0.000,419.523
205206,205263,0.000,476.923
205206,205293,0.000,0.000
205207,205243,0.000,371.263
205207,205264,0.000,420.441
205207,205300,0.000,0.000
205208,205226,0.000,637.318
205208,205232,0.000,860.000
205208,205233,0.000,72.589
205208,205265,0.000,24.839
205208,205283,0.000,0.000
205208,205290,0.000,0.000
205209,205212,0.000,603.419
205209,205238,0.000,276.218
205209,205241,0.000,0.000
205209,205252,0.000,135.182
205209,205266,0.000,58.244
205209,205269,0.000,0.000
205209,205295,0.000,0.000
205210,205261,0.000,0.000
205210,205262,0.000,0.000
205210,205267,0.000,108.553
205211,205248,0.000,332.562
205211,205251,0.000,285.774
205211,205253,0.000,300.000
205211,205268,0.000,50.889
205211,205305,0.000,0.000
205211,205308,0.000,0.000
205212,205238,0.000,218.153
205212,205266,0.000,0.000
205212,205269,0.000,68.242
205212,205295,0.000,0.000
205213,205215,0.000,368.207
205213,205219,0.000,593.162
205213,205224,0.000,511.655
205213,205225,0.000,610.000
205213,205226,0.000,54.104
205213,205253,0.000,49.524
205213,205270,0.000,575.011
205213,205272,0.000,0.000
205213,205276,0.000,0.000
205213,205281,0.000,0.000
205213,205283,0.000,0.000
205213,205310,0.000,0.000
205214,205215,0.000,453.990
205214,205225,0.000,612.076
205214,205226,0.000,56.467
205214,205233,0.000,128.703
205214,205271,0.000,241.512
205214,205272,0.000,0.000
205214,205282,0.000,0.000
205214,205283,0.000,0.000
205214,205290,0.000,0.000
205215,205225,0.000,20.000
205215,205270,0.000,0.000
205215,205271,0.000,0.000
205215,205272,0.000,181.061
205216,205217,0.000,311.249
205216,205218,0.000,129.909
205216,205261,0.000,0.000
205216,205273,0.000,162.122
205216,205274,0.000,0.000
205216,205275,0.000,0.000
205217,205218,0.000,4.379
205217,205252,0.000,1156.877
205217,205273,0.000,0.000
205217,205274,0.000,676.575
205218,205261,0.000,0.000
205218,205273,0.000,0.000
205218,205275,0.000,46.200
205219,205226,0.000,22.361
205219,205232,0.000,920.000
205219,205253,0.000,100.000
205219,205270,0.000,0.000
205219,205276,0.000,279.721
205220,205227,0.000,68.407
205220,205230,0.000,0.000
205220,205254,0.000,322.593
205220,205258,0.000,22.361
205220,205277,0.000,257.882
205220,205284,0.000,0.000
205220,205311,0.000,0.000
205221,205227,0.000,180.000
205221,205250,0.000,270.725
205221,205254,0.000,49.637
205221,205278,0.000,97.185
205221,205307,0.000,0.000
205221,205311,0.000,0.000
205222,205239,0.000,60.469
205222,205256,0.000,252.105
205222,205279,0.000,126.409
205222,205296,0.000,0.000
205222,205313,0.000,0.000
205223,205248,0.000,320.428
205223,205250,0.000,1322.456
205223,205280,0.000,219.428
205223,205305,0.000,0.000
205223,205307,0.000,0.000
205224,205253,0.000,327.689
205224,205270,0.000,0.000
205224,205281,0.000,218.033
205224,205310,0.000,0.000
205225,205233,0.000,80.000
205225,205271,0.000,0.000
205225,205282,0.000,26.951
205226,205232,0.000,740.000
205226,205233,0.000,141.887
205226,205265,0.000,0.000
205226,205270,0.000,0.000
205226,205271,0.000,0.000
205226,205283,0.000,510.117
205226,205290,0.000,0.000
205227,205250,0.000,80.000
205227,205254,0.000,44.458
205227,205277,0.000,0.000
205227,205284,0.000,66.570
205227,205311,0.000,0.000
205228,205241,0.000,411.676
205228,205252,0.000,975.537
205228,205285,0.000,409.388
205228,205298,0.000,0.000
205228,205309,0.000,0.000
205229,205252,0.000,1000.146
205229,205286,0.000,7.124
205229,205309,0.000,0.000
205230,205258,0.000,250.508
205230,205287,0.000,46.995
205230,205315,0.000,0.000
205231,205244,0.000,58.299
205231,205257,0.000,991.619
205231,205288,0.000,644.275
205231,205314,0.000,0.000
205232,205251,0.000,535.614
205232,205253,0.000,510.086
205232,205289,0.000,365.320
205232,205308,0.000,0.000
205232,205310,0.000,0.000
205233,205265,0.000,0.000
205233,205271,0.000,0.000
205233,205283,0.000,0.000
205233,205290,0.000,1268.516
205236,205245,0.000,1313.804
205236,205263,0.000,0.000
205236,205293,0.000,865.629
205236,205302,0.000,0.000
205237,205245,0.000,996.242
205237,205294,0.000,85.333
205237,205302,0.000,0.000
205238,205241,0.000,1837.854
205238,205242,0.000,3864.180
205238,205252,0.000,0.000
205238,205266,0.000,0.000
205238,205269,0.000,0.000
205238,205295,0.000,1851.274
205238,205298,0.000,0.000
205238,205299,0.000,0.000
205239,205256,0.000,134.081
205239,205279,0.000,0.000
205239,205296,0.000,32.267
205240,205257,0.000,60.200
205241,205252,0.000,121.870
205241,205285,0.000,0.000
205241,205295,0.000,0.000
205241,205298,0.000,1853.709
205241,205309,0.000,0.000
205242,205295,0.000,0.000
205242,205299,0.000,1488.253
205243,205264,0.000,0.000
205243,205300,0.000,203.999
205244,205257,0.000,141.698
205244,205260,0.000,0.000
205244,205301,0.000,13.194
205244,205314,0.000,0.000
205245,205293,0.000,0.000
205245,205294,0.000,0.000
205245,205302,0.000,759.368
205246,205252,0.000,1041.233
205246,205303,0.000,584.849
205246,205309,0.000,0.000
205247,205257,0.000,313.939
205247,205260,0.000,0.000
205247,205304,0.000,61.061
205247,205314,0.000,0.000
205248,205250,0.000,582.092
205248,205251,0.000,582.165
205248,205258,0.000,132.534
205248,205268,0.000,0.000
205248,205280,0.000,0.000
205248,205305,0.000,1246.638
205248,205308,0.000,0.000
205249,205255,0.000,1187.925
205249,205306,0.000,111.790
205249,205312,0.000,0.000
205250,205254,0.000,260.003
205250,205258,0.000,916.675
205250,205278,0.000,0.000
205250,205280,0.000,0.000
205250,205307,0.000,1276.973
205251,205253,0.000,194.003
205251,205258,0.000,100.000
205251,205268,0.000,0.000
205251,205289,0.000,0.000
205251,205305,0.000,0.000
205251,205308,0.000,531.477
205251,205310,0.000,0.000
205252,205285,0.000,0.000
205252,205286,0.000,0.000
205252,205298,0.000,0.000
205252,205303,0.000,0.000
205252,205309,0.000,794.832
205253,205270,0.000,0.000
205253,205281,0.000,0.000
205253,205289,0.000,0.000
205253,205308,0.000,0.000
205253,205310,0.000,1049.497
205254,205258,0.000,1180.097
205254,205277,0.000,0.000
205254,205278,0.000,0.000
205254,205284,0.000,0.000
205254,205311,0.000,683.024
205254,205315,0.000,0.000
205255,205256,0.000,4.701
205255,205306,0.000,0.000
205255,205312,0.000,2288.003
205256,205279,0.000,0.000
205256,205313,0.000,2328.409
205257,205288,0.000,0.000
205257,205301,0.000,0.000
205257,205304,0.000,0.000
205257,205314,0.000,557.275
205258,205287,0.000,0.000
205258,205311,0.000,0.000
205258,205315,0.000,14.250
205260,205301,0.000,72.669
205260,205304,0.000,47.719
205260,205314,0.000,210.000
205261,205262,0.000,79.665
205261,205267,0.000,37.370
205261,205273,0.000,9.053
205261,205275,0.000,99.743
205262,205267,0.000,118.439
205263,205293,0.000,371.976
205264,205300,0.000,268.163
205265,205283,0.000,22.682
205265,205290,0.000,17.411
205266,205269,0.000,16.803
205266,205295,0.000,58.527
205268,205305,0.000,27.438
205268,205308,0.000,44.226
205269,205295,0.000,62.698
205270,205272,0.000,61.793
205270,205276,0.000,276.838
205270,205281,0.000,318.345
205270,205283,0.000,55.896
205270,205310,0.000,70.476
205271,205272,0.000,66.010
205271,205282,0.000,37.924
205271,205283,0.000,293.533
205271,205290,0.000,151.297
205272,205283,0.000,270.000
205273,205274,0.000,199.992
205273,205275,0.000,132.899
205277,205284,0.000,21.593
205277,205311,0.000,437.407
205278,205307,0.000,119.275
205278,205311,0.000,120.363
205279,205296,0.000,87.434
205279,205313,0.000,109.538
205280,205305,0.000,119.572
205280,205307,0.000,87.544
205281,205310,0.000,72.311
205283,205290,0.000,98.113
205284,205311,0.000,95.542
205285,205298,0.000,17.462
205285,205309,0.000,302.577
205286,205309,0.000,12.103
205287,205315,0.000,41.644
205288,205301,0.000,70.549
205288,205314,0.000,104.312
205289,205308,0.000,24.386
205289,205310,0.000,149.914
205293,205302,0.000,344.188
205294,205302,0.000,44.787
205295,205298,0.000,858.295
205295,205299,0.000,769.206
205297,205314,0.000,15.747
205298,205309,0.000,96.365
205301,205314,0.000,194.194
205303,205309,0.000,314.085
205304,205314,0.000,115.818
205305,205308,0.000,265.266
205306,205312,0.000,206.022
205308,205310,0.000,105.128
205311,205315,0.000,97.327
268067,268124,0.000,390.000
268067,268205,0.000,845.000
268067,268224,0.000,887.397
268067,268319,0.000,40.000
268067,268336,0.000,330.000
268068,271645,0.000,840.000
268068,275624,0.000,50.000
268068,275633,0.000,890.000
268069,268077,0.000,81.678
268069,268114,0.000,70.000
268069,268135,0.000,410.000
268069,268170,0.000,10.000
268069,268182,0.000,190.000
268070,268228,0.000,710.000
268070,268246,0.000,410.000
268070,274585,0.000,740.000
268071,268117,0.000,70.000
268071,268284,0.000,390.000
268071,274042,0.000,150.000
268071,274056,0.000,140.000
268072,268226,0.000,272.814
268072,274584,0.000,290.000
268074,268086,0.000,248.660
268074,268269,0.000,492.964
268074,272014,0.000,194.424
268075,272016,0.000,239.226
268075,272033,0.000,3.831
268075,272036,0.000,690.468
268075,274930,0.000,620.978
268075,274931,0.000,811.064
268076,268084,0.000,300.000
268076,268163,0.000,40.000
268076,268173,0.000,30.000
268076,268227,0.000,240.000
268076,268264,0.000,10.000
268076,268276,0.000,70.000
268076,268277,0.000,30.000
268076,268337,0.000,300.000
268077,268135,0.000,431.952
268077,268153,0.000,230.313
268077,268167,0.000,448.280
268077,268187,0.000,57.465
268077,268250,0.000,165.977
268077,268252,0.000,411.559
268077,268329,0.000,506.608
268078,268190,0.000,620.000
268078,268230,0.000,680.000
268078,268295,0.000,240.000
268078,274926,0.000,150.000
268079,272023,0.000,480.000
268079,272025,0.000,30.000
268079,274932,0.000,780.000
268079,274934,0.000,90.000
268080,268196,0.000,50.000
268080,272028,0.000,120.000
268081,268329,0.000,112.350
268082,268194,0.000,210.000
268082,268272,0.000,160.000
268083,268196,0.000,370.000
268083,268222,0.000,100.000
268084,268163,0.000,700.000
268084,268173,0.000,260.000
268084,268194,0.000,160.000
268085,268096,0.000,330.076
268085,268150,0.000,300.000
268085,272014,0.000,119.084
268086,272014,0.000,429.702
268087,268302,0.000,70.000
268087,271259,0.000,300.000
268087,271289,0.000,90.000
268087,274585,0.000,380.000
268088,268286,0.000,314.034
268088,268325,0.000,105.559
268088,274931,0.000,95.139
268089,268101,0.000,270.000
268089,268206,0.000,210.000
268089,268233,0.000,120.000
268090,274559,0.000,1080.000
268091,268207,0.000,390.000
268091,274553,0.000,390.000
268092,268098,0.000,30.000
268092,268204,0.000,360.504
268092,268255,0.000,200.000
268092,268275,0.000,285.728
268092,268336,0.000,200.000
268093,268134,0.000,90.000
268093,268147,0.000,610.000
268093,268152,0.000,120.000
268093,268153,0.000,400.000
268093,268167,0.000,20.000
268093,268185,0.000,480.000
268093,268187,0.000,1430.000
268093,268209,0.000,320.000
268093,268250,0.000,250.000
268093,268254,0.000,170.000
268093,268283,0.000,110.000
268093,268292,0.000,490.000
268093,268318,0.000,510.000
268093,268329,0.000,180.000
268093,274559,0.000,80.000
268094,268141,0.000,190.000
268094,268219,0.000,420.000
268094,268298,0.000,460.000
268094,268312,0.000,150.000
268094,274569,0.000,1310.000
268094,275626,0.000,130.000
268095,275633,0.000,640.000
268096,268150,0.000,0.000
268096,268285,0.000,1245.479
268096,272014,0.000,149.811
268097,268197,0.000,1055.254
268097,268214,0.000,70.000
268097,268303,0.000,290.000
268097,274567,0.000,420.000
268097,274585,0.000,670.000
268098,268275,0.000,55.195
268098,268336,0.000,111.205
268099,268220,0.000,1110.000
268099,268279,0.000,0.000
268099,268475,0.000,30.000
268099,272023,0.000,390.000
268099,272048,0.000,240.000
268099,274610,0.000,390.000
268100,268130,0.000,140.000
268100,268131,0.000,420.000
268100,268166,0.000,702.338
268100,268298,0.000,10.000
268100,268331,0.000,600.000
268100,269781,0.000,363.815
268100,270580,0.000,190.000
268100,271348,0.000,310.000
268100,271646,0.000,100.000
268100,276284,0.000,90.000
268100,276292,0.000,0.000
268100,276294,0.000,270.000
268101,268206,0.000,210.000
268101,268233,0.000,180.000
268101,268267,0.000,120.000
268101,268291,0.000,120.000
268101,274553,0.000,450.000
268101,275631,0.000,510.000
268102,268124,0.000,440.000
268102,274933,0.000,320.000
268103,268105,0.000,1755.930
268103,268119,0.000,1800.000
268103,268134,0.000,40.000
268103,268204,0.000,179.897
268103,268212,0.000,1080.000
268103,268255,0.000,1220.000
268103,268281,0.000,1140.000
268103,268491,0.000,890.000
268103,272034,0.000,330.000
268103,274559,0.000,5730.002
268103,274571,0.000,70.000
268103,274577,0.000,810.000
268104,268125,0.000,303.052
268104,268129,0.000,6.491
268104,268163,0.000,60.000
268104,268194,0.000,380.000
268104,268272,0.000,50.000
268105,268134,0.000,2087.362
268106,268141,0.000,240.000
268106,268298,0.000,600.000
268106,268312,0.000,120.000
268107,268139,0.000,97.330
268107,268143,0.000,210.000
268107,268182,0.000,73.233
268107,268268,0.000,586.087
268107,268321,0.000,140.076
268107,274555,0.000,628.628
268107,274927,0.000,100.000
268108,268205,0.000,100.000
268108,268234,0.000,200.000
268108,268282,0.000,530.000
268108,268340,0.000,620.000
268108,274597,0.000,0.000
268108,274610,0.000,90.000
268109,268291,0.000,550.000
268109,268326,0.000,450.000
268109,274552,0.000,320.000
268109,274553,0.000,110.000
268110,268231,0.000,390.000
268110,268305,0.000,470.000
268110,274584,0.000,20.000
268111,268259,0.000,50.000
268111,274576,0.000,48.286
268111,275043,0.000,2.688
268112,268134,0.000,80.000
268112,268256,0.000,200.000
268112,274559,0.000,740.000
268113,268187,0.000,1320.000
268114,268135,0.000,90.000
268114,268170,0.000,190.000
268114,268178,0.000,290.204
268114,268223,0.000,10.000
268114,268258,0.000,243.986
268115,268329,0.000,129.103
268116,268132,0.000,120.000
268116,268144,0.000,410.000
268116,268192,0.000,1397.763
268116,268198,0.000,730.000
268116,275636,0.000,100.000
268116,276294,0.000,200.000
268117,274040,0.000,50.000
268117,274056,0.000,770.000
268118,268246,0.000,70.000
268118,268302,0.000,200.000
268118,268310,0.000,20.000
268118,268324,0.000,500.000
268118,274585,0.000,90.000
268120,268221,0.000,280.000
268120,274589,0.000,40.000
268121,268268,0.000,475.614
268122,268316,0.000,250.000
268122,268332,0.000,830.000
268123,268128,0.000,530.000
268123,268213,0.000,280.000
268123,274044,0.000,130.000
268124,268165,0.000,180.000
268124,268319,0.000,300.000
268124,268330,0.000,320.000
268124,268334,0.000,60.000
268124,268336,0.000,680.000
268124,274933,0.000,540.000
268124,274934,0.000,210.000
268125,268129,0.000,1400.000
268125,268163,0.000,287.609
268125,268277,0.000,441.646
268126,268182,0.000,220.000
268126,268210,0.000,120.000
268126,268268,0.000,190.000
268126,268306,0.000,10.000
268127,274557,0.000,380.000
268127,274578,0.000,150.000
268127,276296,0.000,120.000
268128,268157,0.000,30.000
268128,268161,0.000,350.000
268128,268213,0.000,20.000
268128,268215,0.000,640.000
268128,268229,0.000,1340.000
268128,268241,0.000,10.000
268128,274044,0.000,600.000
268129,268277,0.000,10.242
268130,268131,0.000,300.000
268130,268162,0.000,230.000
268130,271348,0.000,10.000
268130,276287,0.000,30.000
268130,276292,0.000,210.000
268130,276301,0.000,60.000
268131,276292,0.000,60.000
268131,276294,0.000,0.000
268132,268133,0.000,280.000
268132,268138,0.000,210.000
268132,268144,0.000,320.000
268132,275636,0.000,70.000
268133,268138,0.000,220.000
268133,268144,0.000,680.000
268133,268183,0.000,160.000
268133,268214,0.000,1050.000
268133,268228,0.000,1640.000
268133,274585,0.000,170.000
268133,275633,0.000,40.000
268134,268146,0.000,2085.508
268134,268152,0.000,840.000
268134,268185,0.000,490.286
268134,268244,0.000,720.000
268134,268256,0.000,900.000
268134,268280,0.000,700.000
268134,268338,0.000,90.000
268134,274559,0.000,1320.000
268135,268258,0.000,186.958
268136,268228,0.000,520.000
268136,268257,0.000,360.000
268136,275633,0.000,20.000
268137,268214,0.000,249.113
268138,275633,0.000,240.000
268138,275636,0.000,230.000
268139,274927,0.000,58.121
268140,268151,0.000,60.000
268140,268169,0.000,60.000
268140,268311,0.000,90.000
268140,272035,0.000,630.000
268141,268298,0.000,120.000
268141,268312,0.000,240.000
268141,268331,0.000,240.000
268141,274569,0.000,70.000
268141,276284,0.000,420.000
268142,268166,0.000,204.373
268142,268298,0.000,441.554
268142,271646,0.000,410.000
268142,274573,0.000,30.000
268142,274579,0.000,150.000
268142,274582,0.000,240.000
268143,274555,0.000,240.000
268143,274927,0.000,450.000
268144,268183,0.000,540.000
268144,268192,0.000,1147.918
268144,268271,0.000,180.000
268145,268173,0.000,5.891
268145,268327,0.000,470.000
268146,268201,0.000,860.964
268146,268338,0.000,10.000
268147,268187,0.000,110.000
268148,268211,0.000,180.000
268148,268247,0.000,260.000
268148,272076,0.000,80.000
268148,274570,0.000,70.000
268148,274926,0.000,430.000
268149,268182,0.000,520.000
268149,268321,0.000,272.168
268150,272014,0.000,447.088
268151,268169,0.000,520.000
268151,272035,0.000,500.000
268152,268185,0.000,216.160
268153,268250,0.000,334.023
268153,268329,0.000,720.000
268154,268164,0.000,510.000
268154,268264,0.000,260.000
268154,268322,0.000,220.000
268154,268337,0.000,150.000
268155,268207,0.000,420.000
268155,268298,0.000,420.000
268155,274553,0.000,190.000
268155,274574,0.000,270.000
268156,268172,0.000,200.000
268156,268236,0.000,166.249
268156,268285,0.000,613.989
268156,268304,0.000,510.200
268156,272014,0.000,710.491
268156,272030,0.000,350.000
268157,268229,0.000,1090.000
268157,268241,0.000,1100.000
268157,268248,0.000,160.000
268157,268276,0.000,780.000
268157,272015,0.000,329.069
268157,272045,0.000,322.931
268157,272049,0.000,680.000
268158,268192,0.000,30.000
268158,268232,0.000,270.000
268158,274589,0.000,480.000
268158,276286,0.000,90.000
268158,276289,0.000,330.000
268159,268216,0.000,428.385
268159,268329,0.000,90.003
268160,268627,0.000,300.000
268161,268241,0.000,250.000
268161,274044,0.000,140.000
268161,274054,0.000,200.000
268162,271348,0.000,160.000
268162,276301,0.000,690.000
268163,268194,0.000,400.000
268163,268277,0.000,1470.000
268164,268225,0.000,952.264
268164,268264,0.000,180.000
268164,268265,0.000,281.026
268164,268322,0.000,400.000
268164,268337,0.000,50.000
268164,272014,0.000,379.128
268165,268330,0.000,150.000
268165,272035,0.000,780.000
268165,274933,0.000,510.000
268166,268298,0.000,140.040
268166,271646,0.000,618.380
268167,268187,0.000,1620.000
268167,268250,0.000,1330.000
268169,268311,0.000,170.000
268169,268330,0.000,610.000
268169,272035,0.000,40.000
268170,268182,0.000,0.000
268170,268223,0.000,70.000
268170,268306,0.000,140.000
268170,268333,0.000,200.000
268171,274927,0.000,1037.622
268172,268260,0.000,270.000
268172,268285,0.000,250.000
268172,268339,0.000,410.000
268172,272030,0.000,70.000
268172,274555,0.000,0.000
268173,268194,0.000,90.000
268173,268327,0.000,160.000
268173,268337,0.000,540.000
268174,274040,0.000,490.037
268175,272030,0.000,510.000
268175,274927,0.000,330.000
268176,268322,0.000,360.000
268176,268337,0.000,920.000
268177,268207,0.000,660.000
268177,268219,0.000,300.000
268177,268251,0.000,390.000
268177,268267,0.000,30.000
268177,268298,0.000,360.000
268178,268223,0.000,224.505
268179,274585,0.000,660.000
268180,268215,0.000,580.000
268180,268229,0.000,400.000
268181,268220,0.000,30.000
268181,268279,0.000,300.000
268181,268437,0.000,210.000
268181,274601,0.000,30.000
268181,274932,0.000,120.000
268182,268210,0.000,270.000
268182,268268,0.000,110.000
268182,268306,0.000,150.000
268182,268321,0.000,297.463
268183,268214,0.000,380.000
268183,268271,0.000,240.000
268184,272028,0.000,1260.000
268184,272033,0.000,180.000
268185,268201,0.000,133.293
268185,268280,0.000,333.299
268185,268283,0.000,373.639
268185,268338,0.000,85.226
268186,268187,0.000,900.000
268186,268254,0.000,120.000
268187,268253,0.000,1548.019
268187,268254,0.000,990.000
268187,268286,0.000,830.000
268187,268300,0.000,1020.000
268187,268320,0.000,550.535
268187,268325,0.000,674.832
268187,274559,0.000,620.000
268187,274931,0.000,540.000
268188,272028,0.000,510.000
268189,268296,0.000,780.000
268189,275635,0.000,570.000
268189,275674,0.000,30.000
268191,268294,0.000,330.000
268191,274569,0.000,330.000
268191,276289,0.000,300.000
268192,268214,0.000,604.733
268192,268232,0.000,200.000
268192,268271,0.000,271.182
268192,276289,0.000,210.000
268192,276294,0.000,120.000
268193,268325,0.000,325.723
268193,272017,0.000,0.000
268194,268272,0.000,30.000
268195,275633,0.000,340.000
268195,275636,0.000,340.000
268195,276288,0.000,150.000
268195,276300,0.000,350.000
268196,272028,0.000,90.000
268197,268214,0.000,1027.066
268197,274585,0.000,20.000
268198,275024,0.000,150.568
268198,275037,0.000,61.978
268198,275044,0.000,45.018
268198,275060,0.000,19.843
268198,275070,0.000,59.306
268198,276294,0.000,81.307
268198,276299,0.000,100.128
268198,276301,0.000,397.948
268198,277153,0.000,59.432
268198,277158,0.000,8.022
268198,277160,0.000,53.675
268198,277165,0.000,105.079
268198,277167,0.000,142.746
268199,268248,0.000,0.000
268199,268264,0.000,250.000
268199,268265,0.000,450.000
268199,268269,0.000,550.000
268199,268309,0.000,50.000
268200,268225,0.000,374.755
268200,272014,0.000,203.261
268201,268328,0.000,87.665
268201,268338,0.000,575.139
268202,274571,0.000,360.000
268202,274577,0.000,360.000
268203,274554,0.000,180.000
268203,274558,0.000,60.000
268203,274563,0.000,90.000
268203,274568,0.000,150.000
268203,274623,0.000,60.000
268204,268255,0.000,670.000
268205,268282,0.000,400.000
268205,268319,0.000,100.000
268205,268340,0.000,594.179
268205,272011,0.000,970.000
268206,274929,0.000,280.000
268206,275631,0.000,90.000
268207,268251,0.000,60.000
268207,268263,0.000,600.000
268207,268298,0.000,30.000
268207,274553,0.000,920.000
268208,268328,0.000,106.034
268209,268292,0.000,210.000
268209,268329,0.000,120.000
268210,268268,0.000,90.000
268211,268247,0.000,350.000
268211,272076,0.000,590.000
268213,268215,0.000,470.000
268213,274042,0.000,80.000
268213,274044,0.000,140.000
268213,274050,0.000,530.000
268214,268232,0.000,530.000
268214,268271,0.000,200.000
268214,274585,0.000,140.000
268215,268229,0.000,20.000
268215,268284,0.000,480.000
268215,274042,0.000,80.000
268217,268231,0.000,150.000
268219,268242,0.000,180.000
268219,268267,0.000,60.000
268219,268298,0.000,200.000
268219,275626,0.000,260.000
268219,275634,0.000,120.000
268220,268279,0.000,30.000
268220,268475,0.000,240.000
268220,272023,0.000,0.000
268220,274601,0.000,870.000
268221,268262,0.000,370.000
268221,274589,0.000,540.000
268222,274593,0.000,184.459
268222,275067,0.000,15.541
268223,268333,0.000,159.990
268224,268245,0.000,589.194
268224,268336,0.000,120.000
268225,272014,0.000,656.999
268226,268231,0.000,310.000
268226,268237,0.000,60.000
268226,274584,0.000,50.000
268227,268248,0.000,200.000
268227,268264,0.000,380.000
268227,268276,0.000,90.000
268227,268309,0.000,390.000
268228,268240,0.000,882.496
268228,268246,0.000,130.000
268228,268257,0.000,960.000
268228,268301,0.000,640.000
268228,274585,0.000,460.000
268228,275633,0.000,1360.000
268229,268276,0.000,490.000
268229,268277,0.000,630.000
268230,268295,0.000,10.000
268231,268237,0.000,320.000
268231,268247,0.000,10.000
268231,268305,0.000,90.000
268231,268501,0.000,240.000
268231,268536,0.000,360.000
268231,272076,0.000,240.000
268231,274584,0.000,70.000
268232,274589,0.000,350.000
268233,268291,0.000,510.000
268233,274924,0.000,170.000
268233,274929,0.000,50.000
268234,268282,0.000,200.000
268234,272011,0.000,940.000
268234,274610,0.000,60.000
268235,272034,0.000,490.000
268236,272014,0.000,616.307
268237,268536,0.000,30.000
268238,274557,0.000,120.000
268238,274562,0.000,480.000
268239,268272,0.000,420.000
268241,272015,0.000,40.000
268241,274054,0.000,180.000
268242,268267,0.000,210.000
268242,275629,0.000,90.000
268242,275631,0.000,330.000
268242,275634,0.000,150.000
268243,268287,0.000,180.000
268243,274558,0.000,260.000
268243,274565,0.000,100.000
268243,274568,0.000,90.000
268245,268336,0.000,679.449
268246,268324,0.000,320.000
268246,274585,0.000,160.000
268246,275633,0.000,130.000
268247,268305,0.000,110.000
268247,272076,0.000,150.000
268247,274570,0.000,360.000
268247,274576,0.000,0.000
268248,268269,0.000,30.000
268248,268276,0.000,1450.000
268248,268309,0.000,610.000
268248,272049,0.000,1350.000
268249,268307,0.000,420.000
268249,268316,0.000,720.000
268249,272034,0.000,480.000
268249,272035,0.000,60.000
268249,274923,0.000,180.000
268251,268267,0.000,390.000
268251,274553,0.000,240.000
268253,268325,0.000,247.737
268255,268273,0.000,810.000
268255,268330,0.000,270.000
268255,268332,0.000,450.000
268255,268336,0.000,910.000
268255,272034,0.000,150.000
268256,274559,0.000,40.000
268260,268285,0.000,2040.000
268260,268321,0.000,298.860
268260,268339,0.000,0.000
268260,274555,0.000,470.000
268261,268290,0.000,30.000
268261,268317,0.000,260.000
268261,272034,0.000,810.000
268261,274929,0.000,20.000
268263,274553,0.000,480.000
268264,268265,0.000,450.000
268264,268309,0.000,10.000
268264,268337,0.000,1420.000
268265,268269,0.000,190.359
268265,272014,0.000,55.114
268266,268311,0.000,340.000
268266,268316,0.000,700.000
268266,268332,0.000,150.000
268266,272035,0.000,150.000
268267,274553,0.000,60.000
268267,275629,0.000,360.000
268267,275631,0.000,90.000
268268,268306,0.000,220.000
268268,268333,0.000,266.505
268269,268309,0.000,0.000
268269,272014,0.000,650.890
268269,272049,0.000,590.000
268270,268285,0.000,651.551
268270,272014,0.000,322.972
268273,268311,0.000,0.000
268273,268330,0.000,400.000
268273,268332,0.000,610.000
268274,270263,0.000,420.000
268274,271171,0.000,60.000
268274,274573,0.000,180.000
268274,274892,0.000,420.000
268276,268277,0.000,900.000
268278,274581,0.000,310.000
268279,272023,0.000,660.000
268279,274932,0.000,390.000
268282,272011,0.000,150.000
268283,268318,0.000,10.000
268284,274042,0.000,350.000
268285,268293,0.000,284.573
268285,268297,0.000,1394.233
268285,268321,0.000,906.001
268285,272014,0.000,933.945
268286,268325,0.000,729.813
268286,274931,0.000,730.000
268287,274565,0.000,240.000
268287,274568,0.000,270.000
268287,274850,0.000,180.000
268287,274892,0.000,450.000
268288,272028,0.000,780.000
268289,268325,0.000,167.948
268289,272014,0.000,389.629
268290,268317,0.000,60.000
268290,272034,0.000,300.000
268290,274581,0.000,390.000
268291,274553,0.000,350.000
268292,268318,0.000,440.000
268293,272014,0.000,330.776
268294,274569,0.000,170.000
268294,276284,0.000,460.000
268294,276289,0.000,60.000
268295,272028,0.000,90.000
268295,274926,0.000,270.000
268296,275625,0.000,420.000
268296,275632,0.000,40.000
268296,275635,0.000,180.000
268296,275674,0.000,20.000
268297,272014,0.000,96.467
268298,268312,0.000,330.000
268298,268331,0.000,510.000
268298,274573,0.000,510.000
268298,274574,0.000,930.000
268299,274929,0.000,440.000
268302,268310,0.000,190.000
268302,271259,0.000,110.000
268302,274585,0.000,750.000
268304,272014,0.000,136.501
268305,274570,0.000,0.000
268305,274576,0.000,220.000
268305,274584,0.000,390.000
268306,268333,0.000,200.000
268307,272034,0.000,450.000
268307,274923,0.000,90.000
268308,268337,0.000,430.000
268310,268324,0.000,210.000
268310,270326,0.000,250.000
268310,271259,0.000,150.000
268310,271645,0.000,90.000
268310,275633,0.000,10.000
268311,268330,0.000,410.000
268311,268332,0.000,1660.000
268311,272035,0.000,270.000
268313,268413,0.000,260.000
268313,274558,0.000,90.000
268314,274552,0.000,320.000
268315,268325,0.000,194.037
268315,274931,0.000,705.817
268316,268332,0.000,440.000
268316,272034,0.000,1620.000
268316,272035,0.000,90.000
268317,274581,0.000,220.000
268319,272011,0.000,290.000
268319,274934,0.000,690.000
268321,274555,0.000,60.016
268322,268337,0.000,200.000
268323,268372,0.000,90.000
268323,274618,0.000,390.000
268323,274924,0.000,1110.000
268324,275633,0.000,610.000
268325,272017,0.000,645.590
268325,272026,0.000,510.883
268325,274931,0.000,505.025
268326,274552,0.000,20.000
268327,268337,0.000,280.000
268330,268332,0.000,0.000
268330,268334,0.000,840.000
268330,268336,0.000,280.000
268330,272035,0.000,120.000
268331,276284,0.000,30.000
268332,272034,0.000,480.000
268335,268627,0.000,780.000
268339,272030,0.000,650.000
268339,274555,0.000,550.000
268339,274927,0.000,90.000
268340,268385,0.000,145.500
268340,274597,0.000,240.000
268340,274610,0.000,0.000
268341,268347,0.000,520.000
268341,268353,0.000,120.000
268341,268356,0.000,220.000
268341,268415,0.000,70.000
268341,268416,0.000,10.000
268341,268427,0.000,30.000
268341,268428,0.000,70.000
268341,274616,0.000,160.000
268341,274624,0.000,220.000
268342,268432,0.000,370.000
268342,268433,0.000,20.000
268342,268435,0.000,227.202
268342,270354,0.000,209.689
268343,268393,0.000,120.000
268343,268394,0.000,260.000
268343,275638,0.000,90.000
268343,275645,0.000,270.000
268344,268368,0.000,330.000
268344,268403,0.000,0.000
268344,274628,0.000,750.000
268345,268404,0.000,120.000
268345,268413,0.000,350.000
268345,268446,0.000,300.000
268345,268448,0.000,20.007
268346,268430,0.000,210.000
268346,274600,0.000,0.000
268346,274628,0.000,480.000
268347,268353,0.000,90.000
268347,268406,0.000,660.000
268347,268416,0.000,400.000
268347,268422,0.000,270.000
268347,268425,0.000,0.000
268347,268432,0.000,120.000
268347,268453,0.000,360.000
268347,268456,0.000,240.000
268348,268368,0.000,0.000
268348,268395,0.000,260.000
268348,268403,0.000,180.000
268348,268408,0.000,510.000
268348,268440,0.000,20.000
268348,268441,0.000,310.000
268348,274628,0.000,900.000
268349,268352,0.000,60.000
268349,268452,0.000,1680.000
268350,268354,0.000,630.000
268350,274622,0.000,1470.000
268350,274628,0.000,120.000
268351,268455,0.000,90.000
268351,268462,0.000,570.000
268351,275642,0.000,660.000
268352,268355,0.000,1080.000
268352,268370,0.000,570.000
268352,268407,0.000,0.000
268352,268452,0.000,590.000
268353,268427,0.000,210.000
268353,268453,0.000,60.000
268354,268388,0.000,60.000
268354,268442,0.000,290.000
268354,268466,0.000,650.000
268354,272058,0.000,740.000
268354,274622,0.000,30.000
268354,274628,0.000,120.000
268355,268370,0.000,90.000
268355,268378,0.000,620.000
268355,268407,0.000,390.000
268355,268421,0.000,410.000
268355,268425,0.000,50.000
268355,268427,0.000,100.000
268355,268452,0.000,0.000
268355,268453,0.000,260.000
268356,268366,0.000,110.000
268356,268384,0.000,300.000
268356,268450,0.000,20.000
268356,274616,0.000,230.000
268356,274624,0.000,80.000
268357,268375,0.000,1030.000
268357,268470,0.000,710.000
268358,268383,0.000,30.000
268358,268396,0.000,30.000
268358,268406,0.000,300.000
268358,268432,0.000,60.000
268358,268433,0.000,60.000
268359,268377,0.000,140.000
268359,268380,0.000,124.609
268359,268398,0.000,27.185
268360,268440,0.000,540.000
268360,268441,0.000,360.000
268360,268465,0.000,180.000
268361,268436,0.000,30.000
268361,268439,0.000,770.000
268361,268454,0.000,660.000
268361,274598,0.000,390.000
268361,274606,0.000,0.000
268361,275640,0.000,114.699
268361,275642,0.000,240.000
268362,268425,0.000,480.000
268363,268402,0.000,90.000
268363,268410,0.000,420.000
268363,268432,0.000,810.000
268363,270354,0.000,780.000
268363,274841,0.000,60.000
268364,268367,0.000,0.000
268364,268469,0.000,330.000
268364,272050,0.000,180.000
268364,275644,0.000,150.000
268365,268411,0.000,360.000
268365,268426,0.000,690.000
268365,268436,0.000,1050.000
268365,268439,0.000,600.000
268365,268461,0.000,30.000
268365,269865,0.000,510.000
268365,270324,0.000,110.000
268365,270424,0.000,150.000
268365,270803,0.000,370.000
268365,270831,0.000,1830.000
268366,268384,0.000,440.000
268366,268450,0.000,580.000
268366,274624,0.000,250.000
268367,268464,0.000,110.000
268367,268469,0.000,780.000
268367,272050,0.000,580.000
268367,274937,0.000,660.000
268368,268403,0.000,270.000
268368,274628,0.000,120.000
268369,268451,0.000,490.000
268370,268378,0.000,190.581
268370,268452,0.000,76.898
268371,268461,0.000,240.000
268371,274629,0.000,240.000
268371,275642,0.000,480.000
268372,268391,0.000,450.000
268373,268382,0.000,270.000
268373,268465,0.000,690.000
268374,268381,0.000,210.000
268374,268420,0.000,330.000
268374,268425,0.000,780.000
268374,268463,0.000,60.000
268375,268376,0.000,840.000
268375,268382,0.000,420.000
268375,268399,0.000,60.000
268375,268401,0.000,60.000
268375,268412,0.000,390.000
268375,268438,0.000,600.000
268375,268468,0.000,1080.000
268375,268470,0.000,1059.995
268375,268474,0.000,540.000
268377,268380,0.000,280.000
268377,268398,0.000,60.000
268377,268409,0.000,90.000
268377,268452,0.000,410.000
268377,274607,0.000,1180.000
268377,274610,0.000,480.000
268378,268425,0.000,733.973
268379,268400,0.000,350.000
268379,274602,0.000,295.245
268380,268409,0.000,147.484
268381,268425,0.000,30.000
268381,268463,0.000,307.643
268382,268393,0.000,20.000
268382,268397,0.000,600.000
268382,268429,0.000,930.000
268382,268438,0.000,420.000
268382,268441,0.000,210.000
268382,268449,0.000,480.000
268382,268465,0.000,900.000
268382,268470,0.000,840.000
268382,268474,0.000,150.000
268382,272056,0.000,100.000
268382,275639,0.000,120.000
268383,268396,0.000,300.000
268383,268433,0.000,120.000
268383,268435,0.000,150.000
268384,274624,0.000,280.000
268385,268398,0.000,21.906
268385,274597,0.000,240.000
268385,274610,0.000,120.000
268386,268418,0.000,520.139
268386,268462,0.000,440.000
268386,274580,0.000,250.000
268386,274587,0.000,0.000
268386,274626,0.000,100.000
268386,275642,0.000,470.000
268387,268395,0.000,180.000
268387,268408,0.000,150.000
268387,268468,0.000,270.000
268387,268474,0.000,0.000
268388,268392,0.000,120.000
268388,268466,0.000,190.000
268388,272058,0.000,148.332
268388,274603,0.000,160.000
268388,274630,0.000,80.000
268388,274936,0.000,90.000
268389,268404,0.000,80.000
268389,268414,0.000,180.000
268389,268446,0.000,510.000
268389,268451,0.000,1170.000
268390,268452,0.000,46.083
268391,268446,0.000,960.000
268391,274552,0.000,1050.000
268392,268466,0.000,420.000
268392,274616,0.000,600.000
268392,274630,0.000,320.000
268393,268394,0.000,500.000
268393,268449,0.000,110.000
268393,272056,0.000,320.000
268393,275638,0.000,720.000
268393,275639,0.000,90.000
268394,272056,0.000,560.000
268394,272445,0.000,410.000
268394,275638,0.000,50.000
268394,275645,0.000,110.000
268394,276106,0.000,270.000
268395,268401,0.000,120.000
268395,268408,0.000,30.000
268395,268412,0.000,90.000
268395,268467,0.000,60.000
268395,268468,0.000,150.000
268395,274628,0.000,30.000
268396,268406,0.000,30.000
268396,268420,0.000,60.000
268396,268435,0.000,140.518
268396,268463,0.000,299.594
268398,274610,0.000,330.000
268399,268401,0.000,480.000
268399,268470,0.000,600.000
268399,272058,0.000,226.561
268400,274602,0.000,60.001
268401,268412,0.000,210.000
268401,268442,0.000,360.000
268401,268467,0.000,330.000
268401,272058,0.000,215.418
268401,274628,0.000,60.000
268402,268432,0.000,690.000
268403,274628,0.000,690.000
268404,268446,0.000,270.000
268405,268464,0.000,480.000
268405,275640,0.000,479.280
268405,275643,0.000,60.000
268406,268420,0.000,210.000
268406,268425,0.000,780.000
268406,268432,0.000,210.000
268406,268453,0.000,0.000
268406,268456,0.000,150.000
268407,268421,0.000,60.000
268407,268452,0.000,660.000
268407,274608,0.000,30.000
268408,268441,0.000,390.000
268408,268468,0.000,0.000
268408,268474,0.000,480.000
268409,268452,0.000,1030.669
268410,268422,0.000,430.000
268410,268432,0.000,200.000
268410,268471,0.000,320.000
268410,274841,0.000,50.000
268411,268457,0.000,610.000
268411,268461,0.000,780.000
268411,270803,0.000,320.000
268411,274629,0.000,230.000
268411,274894,0.000,0.000
268412,268468,0.000,90.000
268413,268423,0.000,780.000
268413,268445,0.000,263.742
268413,268447,0.000,30.000
268413,268448,0.000,150.000
268413,268465,0.000,60.000
268414,268451,0.000,110.000
268415,268427,0.000,780.000
268415,274596,0.000,40.000
268415,274608,0.000,0.000
268415,274616,0.000,490.000
268416,268422,0.000,180.000
268416,268428,0.000,470.000
268416,274624,0.000,60.000
268417,272056,0.000,1980.000
268418,274580,0.000,30.315
268419,275642,0.000,490.000
268419,275646,0.000,280.000
268420,268425,0.000,30.000
268420,268463,0.000,150.000
268421,268427,0.000,780.000
268421,274608,0.000,510.000
268422,268432,0.000,70.000
268422,268471,0.000,200.000
268422,274624,0.000,30.000
268423,268445,0.000,150.000
268423,268447,0.000,210.000
268424,268452,0.000,420.000
268424,274607,0.000,270.000
268424,274608,0.000,270.000
268425,268453,0.000,980.000
268425,268463,0.000,245.972
268426,268439,0.000,660.000
268426,268460,0.000,1110.000
268426,268473,0.000,450.000
268426,270424,0.000,900.000
268426,274625,0.000,210.000
268427,268453,0.000,500.000
268427,274596,0.000,0.000
268427,274608,0.000,360.000
268428,274624,0.000,540.000
268429,268465,0.000,50.000
268429,275639,0.000,120.000
268430,274602,0.000,610.000
268430,274628,0.000,210.000
268431,274601,0.000,420.000
268431,274607,0.000,450.000
268431,274608,0.000,30.000
268431,274621,0.000,0.000
268432,268433,0.000,90.000
268432,268456,0.000,390.000
268432,270354,0.000,120.000
268433,268435,0.000,210.000
268434,268440,0.000,210.000
268434,268465,0.000,480.000
268434,274617,0.000,210.000
268436,268439,0.000,300.000
268436,268461,0.000,190.000
268436,275642,0.000,450.000
268437,274929,0.000,0.000
268437,274932,0.000,660.000
268439,268460,0.000,90.000
268439,274598,0.000,1030.000
268439,274625,0.000,30.000
268440,268441,0.000,620.000
268440,268465,0.000,150.000
268440,274602,0.000,90.000
268440,274612,0.000,240.000
268440,274617,0.000,210.000
268440,274628,0.000,720.000
268440,274632,0.000,60.000
268441,268465,0.000,720.000
268441,268472,0.000,1890.000
268441,268474,0.000,720.000
268442,272058,0.000,162.828
268442,274628,0.000,60.000
268443,268451,0.000,540.000
268444,268458,0.000,300.000
268444,268470,0.000,30.000
268444,272058,0.000,1770.000
268445,268447,0.000,90.000
268445,268465,0.000,147.094
268447,268465,0.000,390.000
268448,268465,0.000,230.000
268449,275639,0.000,370.000
268450,274599,0.000,120.000
268450,274604,0.000,340.000
268450,274616,0.000,230.000
268450,274619,0.000,190.000
268450,274624,0.000,120.000
268452,274607,0.000,230.000
268452,274608,0.000,630.000
268454,275640,0.000,510.000
268454,275642,0.000,330.000
268455,268462,0.000,30.000
268455,275642,0.000,600.000
268457,270803,0.000,130.000
268457,274629,0.000,0.000
268457,274894,0.000,340.000
268458,268470,0.000,330.000
268458,272053,0.000,60.000
268458,272058,0.000,150.000
268459,272058,0.000,247.682
268459,274603,0.000,540.000
268461,274629,0.000,180.000
268461,275642,0.000,700.000
268462,275642,0.000,390.000
268464,268469,0.000,660.000
268464,275643,0.000,40.000
268464,275644,0.000,30.000
268465,268472,0.000,90.000
268465,274617,0.000,60.000
268466,274616,0.000,60.000
268466,274622,0.000,120.000
268467,274628,0.000,390.000
268468,268474,0.000,330.000
268469,272050,0.000,0.000
268469,275644,0.000,90.000
268470,272053,0.000,810.000
268470,272056,0.000,870.000
268470,272058,0.000,30.000
268471,274624,0.000,690.000
268471,274841,0.000,770.000
268473,270095,0.000,60.000
268473,270424,0.000,120.000
268473,274625,0.000,330.000
268473,274825,0.000,120.000
268475,274601,0.000,150.000
268475,274610,0.000,570.000
268475,274613,0.000,570.000
268477,268614,0.000,50.000
268477,272099,0.000,70.000
268477,274559,0.000,860.000
268479,268483,0.000,20.000
268479,268617,0.000,809.743
268479,274655,0.000,160.000
268479,274666,0.000,160.000
268479,274671,0.000,231.166
268479,274688,0.000,300.000
268479,404647,0.000,719.616
268479,404868,0.000,0.000
268479,404876,0.000,0.000
268480,268494,0.000,320.000
268480,268538,0.000,780.000
268480,268688,0.000,530.000
268480,274942,0.000,130.000
268481,268497,0.000,180.000
268481,268516,0.000,20.000
268481,268520,0.000,500.000
268481,268613,0.000,150.000
268481,268628,0.000,270.000
268481,268631,0.000,280.000
268481,268668,0.000,120.000
268481,268678,0.000,580.000
268483,268547,0.000,10.000
268483,268611,0.000,240.000
268483,268617,0.000,740.000
268483,268634,0.000,30.000
268483,268684,0.000,100.000
268483,268685,0.000,330.000
268483,268697,0.000,310.000
268483,274651,0.000,360.000
268483,274655,0.000,150.000
268483,274684,0.000,550.000
268483,274686,0.000,10.000
268483,274691,0.000,390.000
268484,268507,0.000,600.000
268484,268554,0.000,180.000
268484,268608,0.000,390.000
268484,268699,0.000,90.000
268484,274652,0.000,520.000
268484,274660,0.000,260.000
268484,274664,0.000,0.000
268491,274654,0.000,280.000
268492,268542,0.000,460.000
268492,274640,0.000,1170.000
268492,274648,0.000,280.000
268492,274662,0.000,100.000
268492,274673,0.000,70.000
268492,274680,0.000,330.000
268493,268558,0.000,30.000
268493,268585,0.000,570.000
268493,276285,0.000,350.000
268494,268499,0.000,1156.000
268494,268521,0.000,720.000
268494,268535,0.000,310.000
268494,268538,0.000,1670.000
268494,268576,0.000,370.000
268494,268594,0.000,610.000
268494,268612,0.000,690.000
268494,268630,0.000,19.805
268494,268641,0.000,740.000
268494,268649,0.000,440.000
268494,268660,0.000,160.000
268494,268663,0.000,1440.000
268494,268672,0.000,90.330
268494,268683,0.000,276.214
268494,268688,0.000,200.000
268494,272068,0.000,0.000
268494,398031,0.000,622.935
268494,398087,0.000,0.000
268494,399580,0.000,0.000
268494,400001,0.000,0.000
268494,400076,0.000,0.000
268495,268614,0.000,780.000
268495,268711,0.000,180.000
268495,274654,0.000,750.000
268495,274669,0.000,510.000
268496,268578,0.000,420.000
268496,272507,0.000,950.000
268497,268613,0.000,90.000
268497,268668,0.000,390.000
268499,268518,0.000,71.946
268499,268552,0.000,210.000
268499,268576,0.000,690.000
268499,398031,0.000,0.000
268499,398087,0.000,110.307
268499,398279,0.000,0.000
268501,268673,0.000,450.000
268501,272076,0.000,510.000
268501,274665,0.000,90.000
268501,274954,0.000,110.000
268502,268520,0.000,510.000
268502,268606,0.000,340.000
268502,268631,0.000,0.000
268502,268650,0.000,510.000
268503,268708,0.000,510.000
268503,269944,0.000,450.000
268503,274662,0.000,210.000
268504,268576,0.000,250.000
268504,268622,0.000,490.000
268504,268631,0.000,70.000
268504,268682,0.000,530.000
268507,268554,0.000,30.000
268507,268598,0.000,780.000
268507,268608,0.000,270.000
268513,268564,0.000,110.000
268513,268591,0.000,380.000
268513,268605,0.000,130.000
268513,268619,0.000,0.000
268513,268650,0.000,30.000
268513,268665,0.000,300.000
268513,268700,0.000,260.000
268513,272078,0.000,270.000
268513,272089,0.000,350.000
268513,274941,0.000,290.000
268515,268657,0.000,220.000
268515,272068,0.000,370.000
268515,274942,0.000,30.000
268516,268565,0.000,410.000
268516,268580,0.000,300.000
268516,268613,0.000,270.000
268516,268628,0.000,420.000
268516,268671,0.000,180.000
268516,268681,0.000,220.000
268516,268701,0.000,30.000
268516,268726,0.000,150.000
268518,268552,0.000,230.000
268518,268604,0.000,180.000
268518,268645,0.000,207.245
268518,268682,0.000,50.000
268518,398087,0.000,0.000
268518,398279,0.000,127.895
268518,399684,0.000,0.000
268519,268641,0.000,480.000
268520,268606,0.000,20.000
268520,268631,0.000,40.000
268520,268650,0.000,0.000
268520,268668,0.000,210.000
268525,268692,0.000,640.000
268525,274690,0.000,590.000
268525,274695,0.000,280.000
268525,274950,0.000,100.000
268526,268671,0.000,46.681
268526,268681,0.000,336.108
268526,398344,0.000,201.860
268526,399989,0.000,0.000
268526,400059,0.000,0.000
268529,274687,0.000,350.000
268530,274585,0.000,840.000
268530,274661,0.000,2390.000
268530,274693,0.000,50.000
268531,272070,0.000,250.000
268531,274942,0.000,250.000
268533,274638,0.000,622.736
268534,268576,0.000,420.000
268534,268622,0.000,0.000
268534,268631,0.000,42.361
268534,268640,0.000,330.000
268534,268665,0.000,60.000
268534,272089,0.000,420.000
268538,268560,0.000,290.000
268538,268594,0.000,160.000
268538,268612,0.000,90.000
268538,274942,0.000,160.000
268540,268684,0.000,10.000
268540,268691,0.000,310.000
268540,274941,0.000,160.000
268542,268574,0.000,360.000
268542,270009,0.000,200.000
268542,274662,0.000,260.000
268545,274657,0.000,570.000
268547,268664,0.000,410.000
268547,268684,0.000,330.000
268547,268697,0.000,160.000
268547,274651,0.000,160.000
268547,274941,0.000,130.000
268549,268555,0.000,90.509
268549,272096,0.000,300.000
268549,272099,0.000,300.000
268550,268643,0.000,275.718
268550,271627,0.000,210.077
268550,398619,0.000,40.043
268550,400723,0.000,0.000
268550,401627,0.000,0.000
268552,268576,0.000,300.000
268552,268682,0.000,200.000
268554,268598,0.000,900.000
268554,268702,0.000,340.659
268554,274660,0.000,229.122
268554,400252,0.000,0.000
268554,404764,0.000,571.687
268554,404792,0.000,0.000
268555,268614,0.000,80.000
268556,268590,0.000,320.000
268556,274638,0.000,620.000
268556,274652,0.000,0.000
268556,274663,0.000,670.000
268556,274672,0.000,60.000
268557,268664,0.000,270.000
268557,274651,0.000,0.000
268557,274941,0.000,290.000
268558,268585,0.000,120.000
268558,268711,0.000,540.000
268559,268588,0.000,210.361
268560,274942,0.000,590.000
268561,268692,0.000,390.000
268561,274944,0.000,140.000
268562,268636,0.000,420.000
268562,268718,0.000,30.000
268562,274646,0.000,90.000
268562,274659,0.000,120.000
268562,274947,0.000,210.000
268564,268619,0.000,70.000
268564,272078,0.000,330.000
268564,272089,0.000,0.000
268564,272094,0.000,510.000
268564,272112,0.000,0.000
268565,268579,0.000,470.000
268565,268628,0.000,390.000
268565,268645,0.000,153.422
268565,268681,0.000,577.778
268565,268682,0.000,90.000
268565,398804,0.000,98.324
268565,399684,0.000,0.000
268565,400059,0.000,0.000
268568,274944,0.000,720.000
268568,274952,0.000,320.000
268572,274644,0.000,150.000
268572,274663,0.000,380.000
268574,270009,0.000,480.000
268575,274559,0.000,750.000
268575,274561,0.000,90.000
268575,274931,0.000,0.000
268576,268622,0.000,470.000
268576,268631,0.000,0.000
268576,268660,0.000,570.000
268576,268675,0.000,0.000
268576,268682,0.000,200.000
268576,272068,0.000,230.000
268576,272089,0.000,2480.000
268577,268584,0.000,70.000
268577,274644,0.000,70.000
268577,274942,0.000,300.000
268578,272507,0.000,130.000
268579,268604,0.000,30.000
268579,268645,0.000,30.000
268579,268682,0.000,130.000
268580,268701,0.000,30.000
268580,268726,0.000,210.000
268581,268662,0.000,180.000
268581,274663,0.000,680.000
268581,274664,0.000,0.000
268582,268604,0.000,140.000
268582,268682,0.000,580.000
268583,268617,0.000,450.000
268583,268668,0.000,390.000
268584,274639,0.000,180.000
268584,274643,0.000,370.000
268585,268614,0.000,1200.000
268585,268711,0.000,90.000
268588,268627,0.000,270.000
268590,274638,0.000,680.000
268590,274652,0.000,180.000
268590,274672,0.000,0.000
268591,268631,0.000,250.000
268591,268650,0.000,290.000
268591,268665,0.000,100.000
268592,268614,0.000,790.000
268593,274663,0.000,1080.000
268594,268660,0.000,0.000
268594,272068,0.000,60.000
268594,274942,0.000,1150.000
268598,268608,0.000,210.000
268598,268662,0.000,150.000
268598,268702,0.000,120.000
268598,274664,0.000,300.000
268601,268627,0.000,100.000
268601,274043,0.000,320.000
268601,274062,0.000,40.000
268601,274063,0.000,160.012
268604,268645,0.000,70.000
268604,268682,0.000,480.000
268605,268609,0.000,14.142
268605,272078,0.000,780.000
268605,272097,0.000,40.000
268605,274941,0.000,290.000
268606,268617,0.000,990.000
268606,268634,0.000,120.000
268606,268650,0.000,180.000
268606,268668,0.000,630.000
268608,274652,0.000,0.000
268608,274664,0.000,750.000
268609,272081,0.000,27.735
268609,272097,0.000,40.000
268609,272124,0.000,1089.215
268609,274941,0.000,1310.000
268611,268617,0.000,1980.000
268611,268618,0.000,180.000
268611,268634,0.000,150.000
268611,268685,0.000,510.000
268611,268696,0.000,660.000
268613,268668,0.000,480.000
268613,268726,0.000,30.000
268614,268711,0.000,390.000
268614,274559,0.000,2040.000
268614,274654,0.000,330.000
268616,268698,0.000,90.000
268616,272071,0.000,170.001
268617,268618,0.000,150.000
268617,268634,0.000,60.000
268617,268668,0.000,150.000
268617,268726,0.000,1221.932
268617,400463,0.000,0.000
268617,404647,0.000,0.000
268617,404876,0.000,1245.108
268618,268634,0.000,570.000
268619,272089,0.000,1270.000
268619,272094,0.000,400.000
268622,268631,0.000,240.000
268625,268643,0.000,925.437
268625,272109,0.000,311.571
268625,274673,0.000,900.000
268625,274951,0.000,120.000
268625,401579,0.000,0.000
268625,401580,0.000,171.100
268625,401627,0.000,0.000
268627,274043,0.000,180.000
268627,274045,0.000,390.000
268628,268678,0.000,190.000
268628,268682,0.000,290.000
268630,268649,0.000,147.779
268630,398031,0.000,0.000
268630,399580,0.000,47.751
268630,399739,0.000,0.000
268631,268640,0.000,130.000
268631,268650,0.000,40.000
268631,268665,0.000,820.000
268631,268678,0.000,340.000
268631,268682,0.000,60.000
268634,268650,0.000,180.000
268634,268684,0.000,210.000
268634,268707,0.000,320.000
268635,274687,0.000,10.000
268635,274952,0.000,540.000
268636,268718,0.000,313.691
268636,268725,0.000,95.310
268636,274659,0.000,150.000
268636,274680,0.000,480.000
268636,400381,0.000,0.000
268636,404905,0.000,377.507
268636,405008,0.000,0.000
268637,274687,0.000,100.000
268637,275680,0.000,330.000
268637,275682,0.000,330.000
268640,268665,0.000,140.000
268641,268649,0.000,420.000
268641,268688,0.000,353.240
268643,268646,0.000,170.000
268643,268717,0.000,1290.000
268643,271627,0.000,30.000
268643,271672,0.000,570.000
268643,274673,0.000,30.000
268643,398619,0.000,0.000
268643,401580,0.000,0.000
268643,401627,0.000,619.954
268645,398279,0.000,0.000
268645,398804,0.000,0.000
268645,399684,0.000,166.878
268646,270009,0.000,120.000
268646,270063,0.000,610.000
268646,270094,0.000,60.000
268646,271672,0.000,330.000
268646,274673,0.000,190.000
268648,274638,0.000,340.000
268648,275003,0.000,0.000
268649,399580,0.000,0.000
268649,399739,0.000,324.999
268650,268700,0.000,10.000
268650,268707,0.000,240.000
268657,272068,0.000,30.000
268657,274942,0.000,1010.000
268658,268691,0.000,430.000
268658,274941,0.000,890.000
268660,272068,0.000,430.000
268662,268702,0.000,450.000
268662,274663,0.000,0.000
268662,274664,0.000,550.000
268662,399926,0.000,58.801
268663,268683,0.000,60.000
268664,274651,0.000,160.000
268664,274941,0.000,28.284
268665,272089,0.000,620.000
268667,272104,0.000,244.126
268668,268726,0.000,30.000
268669,274585,0.000,1740.000
268671,268681,0.000,30.000
268671,268701,0.000,110.365
268671,398344,0.000,0.000
268671,399989,0.000,196.657
268671,400242,0.000,0.000
268672,268683,0.000,75.653
268672,398031,0.000,0.000
268672,400001,0.000,0.000
268672,400076,0.000,0.000
268673,268723,0.000,80.000
268673,272076,0.000,70.000
268673,272092,0.000,260.000
268673,274954,0.000,560.000
268674,268704,0.000,120.000
268675,272089,0.000,600.000
268676,274559,0.000,450.000
268678,268682,0.000,1010.000
268679,268690,0.000,210.000
268679,268706,0.000,430.000
268679,274633,0.000,0.000
268679,274636,0.000,190.000
268679,274649,0.000,1180.000
268679,274655,0.000,100.000
268679,274668,0.000,100.000
268679,274686,0.000,110.000
268679,274690,0.000,700.000
268679,274950,0.000,320.000
268681,398344,0.000,0.000
268681,398804,0.000,0.000
268681,400059,0.000,317.161
268683,398031,0.000,0.000
268683,400001,0.000,0.000
268683,400076,0.000,136.030
268684,268691,0.000,250.000
268684,268697,0.000,230.000
268684,268707,0.000,60.000
268684,274941,0.000,230.000
268688,274644,0.000,240.000
268688,274942,0.000,620.000
268690,268706,0.000,210.000
268690,274585,0.000,310.000
268690,274633,0.000,270.000
268690,274690,0.000,420.000
268691,274941,0.000,250.000
268692,274944,0.000,1120.000
268692,274950,0.000,330.000
268692,274955,0.000,150.000
268693,274567,0.000,22.361
268693,274591,0.000,140.000
268693,274657,0.000,90.000
268699,274652,0.000,390.000
268700,268707,0.000,90.000
268700,274941,0.000,300.000
268701,268726,0.000,247.208
268701,399989,0.000,0.000
268701,400242,0.000,0.103
268701,400463,0.000,0.000
268702,400252,0.000,569.165
268702,404764,0.000,0.000
268706,274633,0.000,120.000
268706,274655,0.000,0.000
268707,274941,0.000,490.000
268708,271409,0.000,70.000
268708,274585,0.000,910.000
268708,274662,0.000,150.000
268708,274667,0.000,120.000
268709,274942,0.000,1080.000
268711,274562,0.000,120.000
268711,274669,0.000,1350.000
268711,276285,0.000,40.000
268718,274947,0.000,11.972
268718,400381,0.000,218.483
268718,404905,0.000,0.000
268718,405134,0.000,0.000
268719,272120,0.000,250.000
268719,274639,0.000,350.000
268719,274643,0.000,100.000
268723,272066,0.000,20.000
268723,272092,0.000,260.000
268723,274954,0.000,360.000
268725,274671,0.000,54.678
268725,274680,0.000,60.000
268725,404868,0.000,0.000
268725,404905,0.000,0.000
268725,405008,0.000,31.086
268726,400242,0.000,0.000
268726,400463,0.000,300.899
268726,404876,0.000,0.000
269767,270318,0.000,80.000
269767,272504,0.000,60.000
269767,274599,0.000,60.000
269767,274837,0.000,450.000
269768,270715,0.000,150.002
269768,270734,0.000,0.000
269768,270793,0.000,100.000
269768,271062,0.000,150.000
269768,274888,0.000,160.000
269771,269871,0.000,240.000
269771,271200,0.000,718.156
269781,270580,0.000,228.666
269781,271348,0.000,140.000
269782,269923,0.000,1155.573
269782,270164,0.000,1203.571
269782,271163,0.000,219.924
269782,271522,0.000,157.575
269782,272345,0.000,104.189
269782,272615,0.000,1499.676
269784,269801,0.000,176.364
269784,270883,0.000,514.860
269784,271319,0.000,552.215
269784,271435,0.000,19.017
269784,274840,0.000,147.925
269789,271163,0.000,630.388
269789,271713,0.000,83.034
269795,270483,0.000,861.332
269795,270777,0.000,522.206
269795,271470,0.000,482.956
269795,275812,0.000,870.645
269795,275899,0.000,330.320
269795,276314,0.000,409.282
269795,276328,0.000,599.578
269796,271745,0.000,40.000
269796,274825,0.000,400.000
269797,270659,0.000,240.000
269797,270703,0.000,1110.000
269798,270009,0.000,40.000
269798,270723,0.000,200.000
269798,274662,0.000,490.000
269798,275843,0.000,370.000
269800,269942,0.000,780.000
269800,270241,0.000,0.000
269801,270131,0.000,588.993
269801,270239,0.000,950.890
269801,270542,0.000,1785.352
269801,270872,0.000,828.511
269801,270883,0.000,58.085
269801,271041,0.000,697.660
269801,271043,0.000,1028.949
269801,271319,0.000,78.917
269801,271697,0.000,565.222
269801,274827,0.000,347.798
269801,275008,0.000,81.502
269814,270027,0.000,450.000
269814,272512,0.000,150.000
269821,270866,0.000,200.000
269821,271029,0.000,130.000
269821,274881,0.000,120.000
269821,274905,0.000,70.000
269822,269942,0.000,300.000
269822,270647,0.000,230.000
269822,270920,0.000,30.000
269822,271795,0.000,30.000
269822,272503,0.000,210.000
269822,272561,0.000,60.000
269828,269942,0.000,86.204
269828,270102,0.000,203.260
269828,270295,0.000,100.000
269828,270617,0.000,377.143
269841,270252,0.000,30.000
269841,270377,0.000,780.000
269841,271116,0.000,380.000
269841,271324,0.000,570.000
269841,271360,0.000,360.000
269844,272588,0.000,90.000
269844,274977,0.000,630.000
269845,274901,0.000,660.000
269847,270611,0.000,990.000
269847,271363,0.000,120.000
269847,275887,0.000,70.000
269853,270013,0.000,360.000
269853,270932,0.000,40.000
269853,272601,0.000,1400.000
269854,269951,0.000,210.000
269854,274808,0.000,30.000
269854,276361,0.000,540.000
269858,270907,0.000,90.000
269858,271276,0.000,140.000
269858,271389,0.000,10.000
269858,271485,0.000,360.000
269858,274884,0.000,360.000
269861,270466,0.000,581.548
269861,270472,0.000,50.975
269861,271471,0.000,60.000
269864,270607,0.000,1020.000
269864,271330,0.000,360.000
269864,271700,0.000,0.000
269864,272416,0.000,680.000
269864,274844,0.000,1710.000
269864,274914,0.000,150.000
269865,270324,0.000,120.000
269865,270803,0.000,210.000
269866,270831,0.000,480.000
269868,270299,0.000,230.000
269868,270466,0.000,310.000
269868,271222,0.000,30.000
269869,269885,0.000,696.187
269869,269926,0.000,336.319
269869,270512,0.000,0.000
269869,270993,0.000,0.000
269869,274974,0.000,107.163
269871,270832,0.000,120.000
269871,271200,0.000,234.194
269871,271750,0.000,838.924
269875,270156,0.000,129.077
269875,270483,0.000,323.449
269875,270743,0.000,1054.235
269875,271286,0.000,337.841
269875,271319,0.000,443.943
269885,269926,0.000,0.000
269885,270247,0.000,103.402
269885,270512,0.000,39.178
269885,270993,0.000,772.467
269885,272385,0.000,574.521
269885,274974,0.000,0.000
269891,270351,0.000,295.594
269891,270854,0.000,346.140
269891,271153,0.000,110.011
269894,270594,0.000,221.210
269894,270602,0.000,62.406
269894,270728,0.000,1175.955
269894,270873,0.000,502.640
269894,270914,0.000,1434.438
269912,270136,0.000,790.979
269912,270567,0.000,976.254
269912,270662,0.000,609.357
269912,271051,0.000,837.242
269912,271137,0.000,266.339
269912,271366,0.000,54.472
269915,270001,0.000,500.609
269915,270536,0.000,252.072
269915,270671,0.000,1096.091
269915,271271,0.000,1253.746
269915,271478,0.000,1826.438
269915,275008,0.000,729.889
269916,271697,0.000,391.962
269916,275008,0.000,412.743
269918,269944,0.000,30.000
269918,270326,0.000,210.000
269918,270723,0.000,650.000
269918,271289,0.000,270.000
269918,271645,0.000,180.000
269918,275804,0.000,20.000
269922,270934,0.000,990.000
269922,271180,0.000,1319.141
269922,276366,0.000,1748.621
269922,276401,0.000,656.911
269923,270184,0.000,330.000
269923,270291,0.000,210.000
269923,270828,0.000,606.183
269923,270875,0.000,90.000
269923,271163,0.000,354.187
269923,271315,0.000,1710.000
269923,271399,0.000,240.000
269923,272300,0.000,900.000
269923,272615,0.000,563.772
269925,270224,0.000,330.000
269925,270354,0.000,390.000
269925,270395,0.000,900.000
269925,271200,0.000,420.000
269925,271549,0.000,720.000
269925,274822,0.000,540.000
269926,270212,0.000,90.564
269926,270512,0.000,301.295
269926,271052,0.000,105.661
269926,271437,0.000,78.476
269926,271462,0.000,266.206
269926,274811,0.000,433.104
269926,274974,0.000,539.278
269927,270297,0.000,167.918
269927,400501,0.000,0.000
269927,400560,0.000,0.000
269928,272338,0.000,30.083
269928,272463,0.000,557.478
269933,270611,0.000,780.000
269936,271027,0.000,891.617
269940,270571,0.000,970.000
269940,271389,0.000,260.000
269940,271577,0.000,70.000
269942,270102,0.000,510.000
269942,270162,0.000,330.000
269942,270241,0.000,360.000
269942,270617,0.000,580.000
269942,270920,0.000,390.000
269942,271520,0.000,200.000
269942,271597,0.000,1500.000
269942,271795,0.000,390.000
269942,272288,0.000,360.000
269942,272561,0.000,390.000
269943,274831,0.000,1740.000
269944,270723,0.000,900.000
269944,271289,0.000,120.000
269944,271409,0.000,230.000
269944,274662,0.000,270.000
269945,270016,0.000,210.000
269945,270866,0.000,30.000
269945,274871,0.000,240.000
269945,274881,0.000,120.000
269950,275008,0.000,772.831
269951,270088,0.000,60.000
269951,274808,0.000,750.000
269951,275749,0.000,930.000
269951,276361,0.000,90.000
269961,270295,0.000,210.000
269961,270656,0.000,320.000
269961,271103,0.000,340.000
269961,271576,0.000,410.000
269965,271360,0.000,970.000
269965,272594,0.000,30.000
269968,270202,0.000,327.987
269968,270273,0.000,580.000
269968,270859,0.000,200.000
269979,270088,0.000,390.000
269979,270465,0.000,180.000
269979,270647,0.000,330.000
269979,271257,0.000,180.000
269979,275749,0.000,420.000
269980,270393,0.000,75.859
269980,270882,0.000,981.489
269980,271226,0.000,1859.314
269984,270141,0.000,60.000
269984,272588,0.000,80.000
269984,274969,0.000,282.281
269985,270381,0.000,850.492
269985,271533,0.000,105.974
269986,276328,0.000,498.988
269987,271163,0.000,577.152
269987,271315,0.000,170.937
269991,270264,0.000,30.000
269991,270556,0.000,170.000
269991,270617,0.000,110.000
269991,271353,0.000,120.000
269991,271487,0.000,50.175
270001,270059,0.000,362.303
270001,270546,0.000,152.447
270001,270728,0.000,420.247
270001,270873,0.000,165.173
270001,270958,0.000,702.263
270001,271271,0.000,870.000
270001,271478,0.000,705.731
270001,275008,0.000,1809.464
270004,270686,0.000,237.169
270004,276315,0.000,1224.734
270004,276319,0.000,283.031
270004,276344,0.000,16.579
270004,276356,0.000,57.009
270004,276365,0.000,2025.517
270005,270392,0.000,433.078
270005,271697,0.000,1517.514
270009,270063,0.000,1510.000
270009,274662,0.000,260.000
270009,275843,0.000,100.000
270010,270484,0.000,136.310
270010,270772,0.000,46.355
270010,270822,0.000,191.660
270010,270949,0.000,120.216
270010,270968,0.000,10.000
270010,270979,0.000,600.000
270010,271256,0.000,0.000
270010,271596,0.000,123.628
270010,272601,0.000,505.190
270012,271301,0.000,120.000
270012,274866,0.000,490.000
270012,274884,0.000,150.000
270013,272601,0.000,760.000
270014,271222,0.000,17.414
270014,271511,0.000,180.000
270014,271750,0.000,123.980
270016,270866,0.000,990.000
270016,274881,0.000,120.000
270017,274991,0.000,260.000
270020,270396,0.000,240.000
270020,270772,0.000,60.000
270020,270932,0.000,60.000
270020,272601,0.000,420.000
270023,271055,0.000,1115.691
270023,271226,0.000,1139.341
270026,270078,0.000,1170.000
270026,270276,0.000,574.156
270026,270550,0.000,815.182
270026,271188,0.000,570.018
270026,271681,0.000,1266.649
270026,275008,0.000,60.231
270027,270409,0.000,550.000
270027,270793,0.000,0.000
270027,271062,0.000,240.000
270027,271296,0.000,70.000
270027,271411,0.000,620.000
270027,272314,0.000,960.000
270027,272512,0.000,130.000
270027,274990,0.000,14.142
270032,270118,0.000,570.000
270032,272601,0.000,40.000
270032,274807,0.000,450.000
270032,274815,0.000,40.000
270046,270212,0.000,434.221
270046,270830,0.000,0.000
270046,271052,0.000,0.000
270046,271250,0.000,332.171
270046,271309,0.000,453.708
270046,271755,0.000,120.000
270051,270219,0.000,1020.000
270054,272379,0.000,290.000
270054,275395,0.000,21.046
270054,276350,0.000,247.008
270054,277219,0.000,71.946
270059,271271,0.000,1996.491
270059,275008,0.000,1061.331
270063,270094,0.000,540.000
270063,270387,0.000,1740.000
270063,274832,0.000,1260.000
270063,275843,0.000,600.000
270067,271030,0.000,291.217
270067,271200,0.000,30.000
270067,271495,0.000,344.678
270070,270466,0.000,764.791
270070,270733,0.000,130.225
270070,271276,0.000,120.000
270070,271389,0.000,270.000
270070,271577,0.000,348.139
270076,270830,0.000,75.068
270076,270946,0.000,298.795
270076,271003,0.000,123.072
270076,271231,0.000,18.137
270076,271254,0.000,1070.607
270076,271309,0.000,1077.011
270076,271397,0.000,299.272
270078,270550,0.000,420.000
270078,270744,0.000,270.059
270078,271188,0.000,72.481
270078,271488,0.000,620.341
270078,271496,0.000,1620.000
270078,271566,0.000,540.000
270079,274827,0.000,482.199
270079,274985,0.000,67.925
270087,270174,0.000,397.604
270087,275008,0.000,837.170
270088,270465,0.000,390.000
270088,274808,0.000,240.000
270088,275749,0.000,300.000
270090,275008,0.000,775.437
270094,271672,0.000,1320.000
270094,274832,0.000,240.000
270095,270424,0.000,60.000
270095,270471,0.000,270.000
270095,270831,0.000,510.000
270095,274825,0.000,360.000
270102,270249,0.000,120.000
270102,270295,0.000,1980.000
270102,270630,0.000,90.000
270102,271128,0.000,1410.000
270102,271538,0.000,240.000
270102,271597,0.000,540.000
270115,270829,0.000,307.962
270115,270925,0.000,131.960
270115,271058,0.000,597.890
270115,271153,0.000,845.790
270115,271224,0.000,177.443
270115,271366,0.000,789.849
270115,271406,0.000,740.395
270115,271740,0.000,612.636
270117,270868,0.000,30.000
270117,272338,0.000,70.000
270117,272411,0.000,269.702
270117,272426,0.000,58.027
270117,272434,0.000,350.000
270118,271063,0.000,170.000
270118,272601,0.000,340.000
270118,274815,0.000,140.000
270118,274982,0.000,560.000
270120,272472,0.000,720.000
270122,270206,0.000,890.000
270122,270496,0.000,660.000
270122,270715,0.000,880.000
270122,270991,0.000,470.000
270122,271059,0.000,230.000
270122,271060,0.000,50.000
270122,271737,0.000,1200.000
270122,272458,0.000,420.000
270122,274889,0.000,160.000
270123,274892,0.000,460.000
270123,274894,0.000,320.000
270125,270439,0.000,240.000
270125,271102,0.000,540.000
270130,270297,0.000,780.000
270131,271319,0.000,257.432
270131,274827,0.000,121.986
270133,270395,0.000,40.000
270133,271252,0.000,420.000
270133,271750,0.000,330.000
270133,274802,0.000,90.000
270136,270381,0.000,155.173
270136,270440,0.000,1085.317
270136,270549,0.000,780.828
270136,270567,0.000,823.406
270136,270744,0.000,420.000
270136,271051,0.000,224.239
270136,271188,0.000,95.859
270136,271488,0.000,224.901
270136,271681,0.000,1814.292
270141,270312,0.000,210.000
270141,270630,0.000,0.000
270141,271106,0.000,840.000
270141,271469,0.000,630.000
270141,271538,0.000,60.000
270141,272384,0.000,90.000
270141,272399,0.000,360.000
270141,272566,0.000,120.000
270141,272588,0.000,220.000
270141,274882,0.000,60.000
270142,270466,0.000,780.000
270142,271485,0.000,480.000
270142,274884,0.000,260.000
270156,271319,0.000,192.859
270159,270254,0.000,150.000
270159,274975,0.000,180.000
270159,275819,0.000,270.000
270159,275881,0.000,270.000
270161,272329,0.000,380.000
270161,272394,0.000,40.000
270161,274609,0.000,140.000
270162,270241,0.000,300.000
270162,271520,0.000,210.000
270164,271522,0.000,11.650
270164,272345,0.000,179.569
270166,270803,0.000,350.000
270166,270822,0.000,370.000
270167,270571,0.000,420.000
270167,270607,0.000,90.000
270167,274884,0.000,550.000
270168,274864,0.000,70.000
270168,276409,0.000,350.000
270169,274831,0.000,420.000
270169,274894,0.000,60.000
270174,275008,0.000,2964.047
270179,272379,0.000,690.000
270179,275893,0.000,390.000
270184,270291,0.000,245.631
270184,271399,0.000,194.741
270185,274808,0.000,590.000
270185,274915,0.000,100.000
270187,270197,0.000,510.000
270187,270200,0.000,1094.472
270187,271046,0.000,758.174
270187,271366,0.000,1316.573
270187,271557,0.000,209.027
270187,271729,0.000,49.330
270192,271600,0.000,442.413
270192,271715,0.000,213.600
270192,274840,0.000,1413.435
270192,276328,0.000,2594.053
270197,270200,0.000,1295.201
270197,270322,0.000,276.521
270197,270677,0.000,1669.686
270197,270701,0.000,1159.202
270197,271226,0.000,834.451
270197,271264,0.000,2528.954
270197,271366,0.000,186.979
270197,271444,0.000,927.801
270198,270617,0.000,1500.000
270198,271148,0.000,240.000
270200,271046,0.000,439.468
270200,271226,0.000,961.786
270200,271584,0.000,236.579
270202,270273,0.000,164.311
270202,270859,0.000,113.858
270202,272398,0.000,79.716
270202,272436,0.000,120.081
270202,276095,0.000,616.752
270205,270354,0.000,172.176
270205,270877,0.000,0.000
270205,271030,0.000,231.963
270205,271549,0.000,60.000
270206,270439,0.000,400.000
270206,271102,0.000,310.000
270206,272458,0.000,280.000
270206,274889,0.000,80.000
270212,271052,0.000,82.683
270212,271309,0.000,0.000
270212,271755,0.000,208.317
270212,274811,0.000,479.536
270219,270244,0.000,390.000
270219,270803,0.000,530.000
270219,270822,0.000,600.000
270219,270935,0.000,600.000
270219,271397,0.000,90.000
270219,274831,0.000,790.000
270223,274827,0.000,658.055
270224,270354,0.000,810.000
270224,274822,0.000,180.000
270234,272393,0.000,347.130
270234,272563,0.000,641.600
270240,270803,0.000,180.000
270240,274894,0.000,2280.000
270241,270293,0.000,60.000
270241,270556,0.000,0.000
270241,270920,0.000,960.000
270241,271520,0.000,360.000
270243,270335,0.000,150.000
270243,271337,0.000,270.000
270243,271725,0.000,80.000
270243,274807,0.000,130.000
270244,271397,0.000,120.000
270244,271609,0.000,330.000
270244,274831,0.000,20.000
270246,270831,0.000,610.000
270246,274825,0.000,490.000
270247,270512,0.000,145.491
270247,271462,0.000,65.101
270247,272385,0.000,87.067
270249,271025,0.000,490.000
270249,271106,0.000,120.000
270249,271128,0.000,30.000
270249,271538,0.000,210.000
270252,270377,0.000,1440.000
270252,270500,0.000,510.000
270252,271324,0.000,720.000
270252,271360,0.000,60.000
270252,271627,0.000,1740.000
270254,272477,0.000,10.000
270254,275819,0.000,300.000
270254,276332,0.000,120.000
270256,272482,0.000,200.000
270258,272278,0.000,440.000
270258,272458,0.000,520.000
270258,272472,0.000,100.000
270263,271171,0.000,360.000
270263,274892,0.000,60.000
270263,274901,0.000,300.000
270264,270617,0.000,570.000
270264,270644,0.000,62.290
270264,271353,0.000,630.000
270272,270645,0.000,517.785
270272,270744,0.000,319.887
270272,271566,0.000,480.000
270272,272491,0.000,555.135
270273,271774,0.000,450.000
270273,272436,0.000,144.693
270276,271681,0.000,940.689
270276,275008,0.000,852.886
270289,274888,0.000,280.001
270289,274891,0.000,240.000
270291,271315,0.000,120.000
270293,270556,0.000,870.000
270293,270627,0.000,90.000
270293,270920,0.000,1050.000
270293,271520,0.000,0.000
270293,275749,0.000,270.000
270293,275869,0.000,150.000
270293,276007,0.000,570.000
270295,270312,0.000,300.000
270295,270575,0.000,670.000
270295,270617,0.000,240.000
270295,270630,0.000,600.000
270295,270656,0.000,830.000
270295,271070,0.000,190.000
270295,271576,0.000,640.000
270295,271646,0.000,20.000
270297,270501,0.000,172.945
270297,271279,0.000,460.000
270297,271627,0.000,350.000
270297,272507,0.000,2398.531
270297,400501,0.000,0.000
270297,400560,0.000,655.580
270297,400589,0.000,0.000
270297,400671,0.000,0.000
270299,271222,0.000,265.063
270312,270630,0.000,1980.000
270312,270656,0.000,1710.000
270312,271469,0.000,0.000
270312,274882,0.000,360.000
270318,271270,0.000,200.000
270318,272504,0.000,540.000
270318,274962,0.000,31.623
270318,274970,0.000,210.000
270318,274996,0.000,240.000
270322,270677,0.000,358.027
270322,270957,0.000,613.980
270322,271055,0.000,202.802
270322,271264,0.000,735.889
270322,271315,0.000,628.012
270322,271366,0.000,197.416
270322,271623,0.000,2264.115
270322,271726,0.000,492.286
270324,270803,0.000,550.000
270326,271259,0.000,80.000
270326,271289,0.000,100.000
270326,271645,0.000,420.000
270335,270523,0.000,390.000
270335,270703,0.000,340.000
270335,271337,0.000,170.000
270335,271725,0.000,780.000
270335,272601,0.000,1190.000
270344,270983,0.000,60.000
270344,271191,0.000,510.000
270344,271727,0.000,270.000
270344,274901,0.000,660.000
270351,270381,0.000,2487.276
270351,270576,0.000,934.613
270351,270854,0.000,373.979
270351,271153,0.000,705.165
270351,271533,0.000,443.108
270354,271549,0.000,930.000
270354,274822,0.000,120.000
270354,274841,0.000,270.000
270364,274976,0.000,620.000
270365,271222,0.000,68.257
270365,271339,0.000,780.000
270365,271511,0.000,167.981
270365,271750,0.000,30.000
270366,271434,0.000,206.772
270366,272393,0.000,253.406
270366,272463,0.000,427.092
270366,272563,0.000,428.843
270369,270883,0.000,142.432
270369,271180,0.000,42.922
270369,271336,0.000,465.943
270375,271517,0.000,210.000
270375,274985,0.000,390.000
270377,271116,0.000,90.000
270377,271627,0.000,900.000
270377,274832,0.000,240.000
270377,274902,0.000,1770.000
270379,270714,0.000,290.000
270379,270793,0.000,20.000
270379,270965,0.000,100.000
270379,271168,0.000,280.000
270381,270411,0.000,223.880
270381,270527,0.000,1798.550
270381,270536,0.000,538.656
270381,270567,0.000,1450.236
270381,270576,0.000,125.719
270381,270671,0.000,1802.600
270381,270829,0.000,175.568
270381,271137,0.000,865.176
270381,271153,0.000,765.647
270381,271478,0.000,474.225
270381,271533,0.000,1584.425
270381,271595,0.000,1768.901
270381,271681,0.000,490.273
270381,271739,0.000,444.930
270387,274832,0.000,240.000
270392,270883,0.000,240.383
270392,271280,0.000,1032.959
270392,271697,0.000,1411.422
270392,271702,0.000,1850.830
270392,275008,0.000,72.989
270393,270882,0.000,253.170
270395,271200,0.000,30.000
270395,271252,0.000,1190.000
270395,271750,0.000,530.000
270395,274822,0.000,90.000
270396,270503,0.000,570.000
270396,270772,0.000,330.000
270396,270803,0.000,1760.000
270396,270822,0.000,260.000
270396,270831,0.000,570.000
270396,270932,0.000,810.000
270409,272314,0.000,50.000
270411,271478,0.000,255.013
270424,270831,0.000,750.000
270439,271102,0.000,520.000
270439,272455,0.000,500.000
270439,272458,0.000,360.000
270439,272540,0.000,120.000
270440,270549,0.000,5.546
270440,271051,0.000,874.352
270440,271366,0.000,219.110
270440,271623,0.000,580.164
270445,270624,0.000,20.000
270445,271143,0.000,280.000
270445,274804,0.000,30.000
270445,275757,0.000,60.000
270445,276373,0.000,30.000
270452,272464,0.000,677.209
270452,274985,0.000,968.520
270452,275008,0.000,726.751
270459,274834,0.000,500.000
270460,271645,0.000,420.000
270460,275624,0.000,70.000
270460,275804,0.000,350.000
270465,270647,0.000,360.000
270465,271116,0.000,60.000
270465,271257,0.000,540.000
270465,271781,0.000,1500.000
270465,274808,0.000,14.142
270465,274903,0.000,120.000
270465,274915,0.000,750.000
270466,270907,0.000,760.000
270466,271222,0.000,10.000
270466,271248,0.000,620.000
270466,271276,0.000,150.000
270466,271339,0.000,950.000
270466,271471,0.000,170.000
270466,271485,0.000,210.000
270466,271754,0.000,740.000
270466,274884,0.000,480.000
270466,274886,0.000,410.000
270471,270831,0.000,420.000
270471,274825,0.000,90.000
270476,271774,0.000,70.000
270476,272397,0.000,280.000
270476,272436,0.000,240.404
270477,271152,0.000,460.000
270477,271199,0.000,480.000
270477,275741,0.000,280.000
270477,276269,0.000,120.000
270483,270743,0.000,214.224
270483,270777,0.000,67.476
270483,270942,0.000,844.395
270483,271286,0.000,309.719
270483,271383,0.000,403.151
270483,276328,0.000,225.452
270484,270609,0.000,349.663
270484,270822,0.000,210.000
270484,270935,0.000,310.000
270484,271254,0.000,640.000
270484,271256,0.000,400.000
270484,271397,0.000,240.000
270484,271596,0.000,475.579
270484,271686,0.000,40.337
270500,270921,0.000,300.000
270500,271278,0.000,210.000
270500,271360,0.000,530.000
270500,271627,0.000,40.000
270500,272594,0.000,240.000
270500,272628,0.000,410.000
270501,271627,0.000,234.497
270501,400560,0.000,0.000
270501,400589,0.000,70.508
270501,400723,0.000,0.000
270503,270932,0.000,270.000
270512,271462,0.000,29.785
270514,271003,0.000,550.000
270514,271254,0.000,69.881
270514,271596,0.000,0.000
270514,271686,0.000,463.545
270523,270703,0.000,600.000
270523,271725,0.000,270.000
270523,274900,0.000,440.000
270527,270671,0.000,675.784
270527,271681,0.000,882.221
270531,270703,0.000,780.000
270536,270671,0.000,1189.744
270536,271478,0.000,1433.794
270541,271013,0.000,357.001
270541,271481,0.000,52.257
270541,276340,0.000,20.928
270541,277209,0.000,26.882
270542,270883,0.000,1830.041
270542,271697,0.000,574.504
270545,271047,0.000,210.000
270545,271103,0.000,150.000
270545,271539,0.000,330.000
270545,274853,0.000,450.000
270546,270688,0.000,111.864
270546,270728,0.000,1152.716
270546,270958,0.000,1070.909
270549,270665,0.000,682.291
270549,270744,0.000,1320.821
270549,271399,0.000,2032.299
270549,271623,0.000,1783.628
270549,271757,0.000,167.447
270549,272491,0.000,73.712
270550,270683,0.000,736.039
270550,271496,0.000,598.986
270550,275008,0.000,2434.982
270556,270617,0.000,50.000
270556,271353,0.000,170.000
270556,271487,0.000,128.945
270556,271520,0.000,450.000
270556,276007,0.000,410.000
270562,270698,0.000,160.000
270562,271205,0.000,240.000
270562,272488,0.000,22.361
270562,274976,0.000,700.000
270563,270607,0.000,750.000
270563,271330,0.000,710.000
270563,271446,0.000,631.620
270563,272411,0.000,93.203
270563,272591,0.000,477.352
270567,271137,0.000,292.898
270571,270607,0.000,1160.000
270571,271389,0.000,260.000
270571,271577,0.000,180.000
270571,271710,0.000,320.000
270571,274884,0.000,90.000
270575,270617,0.000,610.000
270576,270829,0.000,624.015
270576,270854,0.000,552.134
270576,271533,0.000,230.576
270577,270985,0.000,360.000
270577,271052,0.000,0.000
270577,271437,0.000,360.000
270580,271348,0.000,360.000
270580,271646,0.000,420.000
270581,272379,0.000,3040.000
270581,272431,0.000,20.000
270588,275008,0.000,1464.097
270594,270728,0.000,619.449
270602,270873,0.000,720.000
270602,270914,0.000,665.778
270607,271330,0.000,360.000
270607,271446,0.000,330.000
270607,271700,0.000,30.000
270607,271710,0.000,180.000
270607,274844,0.000,450.000
270607,274859,0.000,120.000
270607,274884,0.000,590.000
270609,271254,0.000,1030.000
270609,271686,0.000,360.400
270610,270875,0.000,32.650
270610,271399,0.000,144.550
270610,272625,0.000,429.901
270611,271363,0.000,300.000
270611,271500,0.000,80.000
270611,272403,0.000,1040.000
270611,272602,0.000,100.000
270611,275808,0.000,690.000
270611,275887,0.000,240.000
270614,271486,0.000,576.964
270614,274309,0.000,3549.821
270614,275008,0.000,1276.054
270617,270644,0.000,384.290
270617,271148,0.000,600.000
270617,271487,0.000,607.308
270617,271520,0.000,254.904
270617,271646,0.000,570.000
270617,276007,0.000,210.000
270624,270698,0.000,40.000
270624,270866,0.000,620.000
270624,271029,0.000,310.000
270624,271143,0.000,400.000
270624,274804,0.000,90.000
270627,276007,0.000,630.000
270630,271469,0.000,180.000
270630,271538,0.000,270.000
270644,270810,0.000,150.000
270644,271353,0.000,83.407
270644,276007,0.000,320.371
270645,270934,0.000,436.679
270645,271180,0.000,408.493
270645,271566,0.000,1140.000
270645,272491,0.000,227.491
270645,275008,0.000,604.361
270647,270920,0.000,1200.000
270647,271781,0.000,740.000
270647,275749,0.000,900.000
270655,272423,0.000,320.000
270655,272472,0.000,60.000
270655,274865,0.000,310.000
270655,274893,0.000,0.000
270655,274908,0.000,30.000
270656,270976,0.000,330.000
270656,271103,0.000,960.000
270656,271539,0.000,120.000
270656,271585,0.000,320.000
270656,274835,0.000,25.627
270659,270703,0.000,900.000
270659,270831,0.000,340.000
270659,271150,0.000,120.000
270659,274825,0.000,150.000
270660,271360,0.000,270.000
270660,272503,0.000,390.000
270662,271051,0.000,121.265
270665,271623,0.000,968.279
270671,271681,0.000,88.243
270671,275008,0.000,2335.902
270677,271055,0.000,741.864
270677,271226,0.000,987.348
270677,271444,0.000,662.302
270677,271726,0.000,685.245
270683,275008,0.000,427.993
270686,276319,0.000,51.179
270686,276356,0.000,248.902
270688,270958,0.000,263.187
270688,271478,0.000,96.490
270695,270714,0.000,300.000
270695,270975,0.000,120.000
270695,271770,0.000,330.000
270695,272314,0.000,210.000
270698,271029,0.000,510.000
270698,271143,0.000,150.000
270698,271498,0.000,170.000
270701,271226,0.000,1004.132
270703,270831,0.000,140.000
270703,270932,0.000,630.000
270703,271150,0.000,325.153
270703,271786,0.000,590.000
270703,272601,0.000,300.000
270703,274900,0.000,450.000
270714,271015,0.000,600.000
270714,271168,0.000,30.000
270714,271296,0.000,0.000
270714,271770,0.000,310.000
270714,272314,0.000,540.000
270714,274983,0.000,300.000
270715,270793,0.000,490.000
270715,270965,0.000,1000.000
270715,271059,0.000,40.413
270715,271060,0.000,670.000
270715,271415,0.000,150.000
270715,272458,0.000,390.000
270715,274888,0.000,300.000
270723,274662,0.000,60.000
270723,275804,0.000,100.000
270723,275843,0.000,1560.000
270723,276361,0.000,10.000
270728,270873,0.000,2847.497
270733,271424,0.000,266.969
270733,271577,0.000,390.000
270734,271062,0.000,300.000
270736,275754,0.000,250.000
270743,271319,0.000,1031.101
270743,274840,0.000,198.767
270743,276328,0.000,2793.676
270744,271488,0.000,945.178
270744,271566,0.000,360.000
270744,272491,0.000,1697.975
270772,270822,0.000,530.000
270772,270949,0.000,390.000
270772,272601,0.000,160.000
270776,274822,0.000,136.825
270776,274837,0.000,70.000
270776,274841,0.000,420.000
270777,276328,0.000,654.782
270793,270965,0.000,340.000
270793,271062,0.000,390.000
270793,271296,0.000,660.000
270794,274985,0.000,917.598
270794,275008,0.000,295.229
270803,270822,0.000,50.000
270803,270831,0.000,450.000
270803,274831,0.000,420.000
270803,274894,0.000,1600.000
270810,271353,0.000,140.000
270810,276007,0.000,790.000
270815,271011,0.000,425.275
270815,271319,0.000,625.664
270815,274827,0.000,610.032
270815,276340,0.000,90.000
270822,270935,0.000,300.000
270822,270949,0.000,334.661
270822,271256,0.000,840.000
270828,271163,0.000,1968.811
270828,271315,0.000,884.140
270829,270854,0.000,10.077
270829,270925,0.000,85.657
270829,271058,0.000,77.364
270829,271153,0.000,1298.925
270829,271595,0.000,778.099
270830,270881,0.000,317.808
270830,270946,0.000,39.739
270830,271250,0.000,206.292
270830,271309,0.000,123.608
270830,271755,0.000,151.601
270831,270932,0.000,30.000
270831,271150,0.000,130.000
270831,271510,0.000,600.000
270831,271786,0.000,1470.000
270831,274825,0.000,550.000
270832,271750,0.000,840.000
270840,275008,0.000,2326.996
270842,271764,0.000,900.000
270842,274865,0.000,350.000
270842,274874,0.000,440.000
270854,271153,0.000,607.323
270857,270975,0.000,60.000
270857,272365,0.000,0.000
270857,272412,0.000,420.000
270859,276095,0.000,190.000
270866,271029,0.000,290.000
270866,274804,0.000,1030.000
270866,274871,0.000,60.000
270866,274881,0.000,150.000
270866,274893,0.000,170.000
270868,271027,0.000,120.000
270868,272338,0.000,1000.000
270868,272411,0.000,1130.000
270872,271319,0.000,459.779
270873,270914,0.000,1043.274
270873,275008,0.000,1165.268
270875,271399,0.000,824.363
270875,272300,0.000,139.944
270877,271030,0.000,240.000
270877,271200,0.000,120.000
270877,271549,0.000,240.000
270881,270946,0.000,120.000
270881,271609,0.000,373.596
270881,271684,0.000,360.000
270881,271755,0.000,34.491
270882,271226,0.000,80.111
270883,271180,0.000,2020.744
270883,271280,0.000,617.809
270883,271336,0.000,61.885
270883,271435,0.000,555.075
270883,271697,0.000,764.400
270883,271702,0.000,541.217
270893,274834,0.000,580.000
270893,274864,0.000,70.000
270902,276314,0.000,325.205
270902,276315,0.000,267.762
270906,271223,0.000,0.000
270906,274983,0.000,160.000
270906,274994,0.000,300.000
270907,271276,0.000,300.000
270907,271485,0.000,330.000
270914,275008,0.000,2226.834
270917,271324,0.000,450.000
270917,271360,0.000,690.000
270920,271795,0.000,240.000
270920,275749,0.000,1170.000
270921,271278,0.000,350.000
270925,271595,0.000,357.545
270932,271786,0.000,0.000
270932,272601,0.000,720.000
270934,271180,0.000,720.000
270934,272491,0.000,1502.008
270934,276401,0.000,1187.976
270935,271397,0.000,510.000
270942,271208,0.000,150.000
270942,271286,0.000,630.000
270942,271383,0.000,110.000
270942,272442,0.000,520.000
270946,271397,0.000,30.000
270946,271609,0.000,470.000
270946,271684,0.000,150.000
270948,272370,0.000,180.000
270948,272507,0.000,1020.000
270957,271366,0.000,2525.025
270957,271623,0.000,11.505
270958,271478,0.000,4166.851
270965,271168,0.000,280.000
270965,271223,0.000,590.000
270965,271415,0.000,80.000
270965,271752,0.000,190.000
270965,274815,0.000,20.000
270968,270979,0.000,1.363
270968,271398,0.000,163.976
270968,272601,0.000,1280.000
270971,271360,0.000,270.000
270971,272503,0.000,370.000
270975,271770,0.000,200.000
270975,272314,0.000,880.000
270975,272365,0.000,10.000
270975,272412,0.000,318.317
270979,271003,0.000,90.000
270979,271398,0.000,238.637
270979,271596,0.000,390.000
270983,271191,0.000,150.000
270983,274894,0.000,390.000
270983,274901,0.000,60.000
270985,271052,0.000,120.000
270985,271437,0.000,30.000
270985,272539,0.000,450.000
270985,272603,0.000,1080.000
270985,274987,0.000,120.000
270991,272458,0.000,1610.000
270993,272385,0.000,120.648
270993,274974,0.000,781.941
270996,274827,0.000,665.007
270996,274985,0.000,1323.386
270996,275342,0.000,39.953
270996,275582,0.000,24.860
270996,276340,0.000,201.308
271003,271254,0.000,41.582
271003,271309,0.000,300.000
271003,271398,0.000,120.000
271003,271596,0.000,30.000
271003,271686,0.000,0.000
271003,272289,0.000,240.000
271011,274827,0.000,719.918
271011,276340,0.000,176.819
271013,271481,0.000,299.739
271013,271517,0.000,845.650
271013,274985,0.000,488.176
271025,271067,0.000,510.000
271025,271128,0.000,210.000
271025,272288,0.000,420.000
271025,272566,0.000,380.000
271027,271424,0.000,95.983
271027,271446,0.000,1570.000
271027,272338,0.000,236.454
271027,272411,0.000,380.000
271030,271200,0.000,30.000
271030,271549,0.000,0.000
271036,272533,0.000,600.000
271036,274496,0.000,825.623
271036,274497,0.000,644.616
271036,274500,0.000,0.000
271041,274827,0.000,840.677
271043,274827,0.000,545.388
271043,275008,0.000,1029.826
271046,271729,0.000,97.247
271047,271070,0.000,180.000
271047,271103,0.000,190.000
271047,271576,0.000,50.000
271047,274853,0.000,330.000
271051,271366,0.000,739.689
271052,271309,0.000,720.000
271052,271437,0.000,40.009
271052,272603,0.000,90.000
271055,271226,0.000,2526.526
271055,271315,0.000,765.977
271055,271726,0.000,77.348
271055,271767,0.000,726.653
271058,271153,0.000,379.411
271059,274889,0.000,330.000
271062,271296,0.000,0.000
271063,272601,0.000,230.000
271063,274982,0.000,180.000
271067,271128,0.000,300.000
271067,271597,0.000,540.000
271067,272288,0.000,1050.000
271070,271576,0.000,430.000
271070,271646,0.000,780.000
271070,274853,0.000,90.000
271070,274856,0.000,90.000
271102,272540,0.000,30.000
271102,274889,0.000,540.575
271103,271539,0.000,1170.000
271103,271576,0.000,430.000
271106,271538,0.000,450.000
271106,272566,0.000,470.000
271116,271277,0.000,260.000
271116,271781,0.000,780.000
271116,274902,0.000,840.000
271116,274903,0.000,120.000
271128,271597,0.000,30.000
271137,271153,0.000,583.176
271137,271366,0.000,2094.976
271143,271498,0.000,50.000
271143,274876,0.000,270.000
271143,276373,0.000,10.000
271152,272602,0.000,240.000
271152,276269,0.000,30.000
271153,271366,0.000,330.316
271153,271740,0.000,573.582
271163,271315,0.000,1748.840
271163,271643,0.000,622.556
271163,271713,0.000,58.053
271168,271223,0.000,320.000
271168,274983,0.000,770.000
271169,272314,0.000,600.000
271171,274573,0.000,90.000
271171,274901,0.000,320.000
271171,274921,0.000,50.000
271180,271280,0.000,589.910
271180,271336,0.000,887.075
271180,274861,0.000,176.345
271180,275008,0.000,1737.578
271180,276366,0.000,142.142
271188,271488,0.000,493.748
271188,271681,0.000,797.990
271191,271727,0.000,270.000
271191,274894,0.000,750.000
271196,271550,0.000,360.000
271196,274802,0.000,240.000
271199,275741,0.000,120.000
271200,271495,0.000,397.813
271200,271549,0.000,60.000
271200,271750,0.000,30.000
271205,274976,0.000,30.000
271208,271286,0.000,320.000
271208,271528,0.000,630.000
271208,272442,0.000,70.000
271208,275928,0.000,260.000
271222,271339,0.000,280.000
271222,271511,0.000,67.095
271223,274815,0.000,170.000
271223,274983,0.000,100.000
271224,271406,0.000,540.579
271226,271315,0.000,374.437
271226,271584,0.000,83.077
271226,271767,0.000,353.246
271231,271254,0.000,576.988
271248,271754,0.000,400.000
271250,271309,0.000,0.000
271250,271755,0.000,42.426
271252,274802,0.000,660.000
271252,274822,0.000,360.000
271252,274837,0.000,750.000
271254,271397,0.000,510.000
271254,271686,0.000,76.012
271259,271289,0.000,360.000
271264,271366,0.000,1690.167
271270,272389,0.000,850.000
271270,274802,0.000,750.000
271270,274887,0.000,300.000
271270,274996,0.000,360.000
271271,275008,0.000,222.251
271276,271389,0.000,730.000
271277,271781,0.000,110.000
271278,272628,0.000,620.000
271279,271627,0.000,90.000
271280,275008,0.000,2469.095
271287,272353,0.000,300.000
271287,272570,0.000,330.000
271287,272595,0.000,0.000
271287,274914,0.000,390.000
271289,271409,0.000,790.000
271289,274585,0.000,490.000
271296,272314,0.000,150.000
271301,271569,0.000,290.000
271301,271647,0.000,510.000
271301,272389,0.000,710.000
271301,274866,0.000,280.000
271301,274884,0.000,590.000
271301,274887,0.000,60.000
271301,274904,0.000,360.000
271309,272289,0.000,60.000
271309,272294,0.000,300.000
271309,272415,0.000,340.143
271309,272603,0.000,494.574
271315,271623,0.000,601.154
271315,271713,0.000,49.752
271315,271767,0.000,609.857
271319,274827,0.000,55.276
271319,274840,0.000,252.032
271324,271360,0.000,780.000
271330,272416,0.000,490.000
271330,272591,0.000,1120.000
271336,271435,0.000,247.031
271336,274861,0.000,336.995
271337,272601,0.000,1240.000
271337,274807,0.000,140.000
271339,271750,0.000,210.000
271339,274802,0.000,720.000
271339,274886,0.000,120.000
271343,275008,0.000,1131.805
271348,271646,0.000,120.000
271348,276007,0.000,780.000
271348,276295,0.000,30.000
271348,276301,0.000,1050.000
271353,276007,0.000,480.000
271360,271423,0.000,720.000
271360,272386,0.000,300.000
271360,272503,0.000,790.000
271360,272530,0.000,450.000
271360,272594,0.000,450.000
271363,271500,0.000,340.000
271363,274828,0.000,250.000
271363,274876,0.000,22.361
271363,274896,0.000,0.000
271363,275887,0.000,1010.000
271363,276373,0.000,240.000
271366,271406,0.000,293.835
271366,271557,0.000,618.541
271366,271623,0.000,133.833
271371,272566,0.000,460.000
271383,272442,0.000,70.000
271389,271577,0.000,740.000
271389,274884,0.000,30.000
271397,271609,0.000,290.000
271398,272289,0.000,120.000
271398,272388,0.000,165.736
271398,272601,0.000,50.230
271399,271757,0.000,480.000
271399,272491,0.000,3126.228
271399,272625,0.000,1358.807
271406,271557,0.000,551.953
271409,274585,0.000,160.000
271411,272512,0.000,90.000
271412,271539,0.000,310.000
271412,271585,0.000,630.000
271412,274853,0.000,30.000
271412,274910,0.000,1170.000
271414,274976,0.000,560.000
271415,271752,0.000,20.000
271415,271764,0.000,900.000
271415,272458,0.000,650.000
271415,272472,0.000,180.000
271419,274582,0.000,100.000
271419,274853,0.000,60.000
271419,274856,0.000,90.000
271419,274875,0.000,367.057
271419,274921,0.000,576.090
271422,276328,0.000,596.557
271422,276355,0.000,414.793
271422,276365,0.000,197.216
271424,271446,0.000,360.000
271424,271577,0.000,40.000
271433,272379,0.000,670.000
271433,275893,0.000,170.000
271433,276060,0.000,16.427
271433,276350,0.000,144.637
271433,276864,0.000,103.573
271433,277219,0.000,15.363
271434,272393,0.000,203.766
271434,272563,0.000,105.290
271435,274840,0.000,1581.738
271435,274861,0.000,16.320
271437,271462,0.000,181.573
271437,272385,0.000,279.037
271437,272467,0.000,180.000
271437,272536,0.000,510.000
271437,272539,0.000,240.000
271446,271577,0.000,320.000
271446,271710,0.000,60.000
271446,272411,0.000,80.000
271459,271627,0.000,0.000
271462,272385,0.000,224.024
271469,271538,0.000,30.000
271470,276328,0.000,589.401
271476,276328,0.000,551.592
271478,271739,0.000,467.102
271481,274985,0.000,3.472
271481,276340,0.000,635.573
271483,275008,0.000,690.431
271485,274884,0.000,1080.000
271486,272259,0.000,835.477
271486,274309,0.000,186.957
271486,275008,0.000,1612.582
271496,271566,0.000,1080.000
271496,275008,0.000,232.939
271498,274876,0.000,290.000
271500,272403,0.000,150.000
271500,272452,0.000,210.000
271500,274828,0.000,420.000
271502,274352,0.000,618.582
271511,271750,0.000,480.000
271515,274901,0.000,460.000
271515,274921,0.000,220.000
271517,274985,0.000,452.636
271517,275748,0.000,11.017
271517,276547,0.000,28.983
271539,271585,0.000,570.000
271539,274853,0.000,120.000
271545,274804,0.000,110.000
271545,274893,0.000,225.599
271545,274900,0.000,173.093
271545,275451,0.000,14.401
271545,275463,0.000,6.907
271550,274802,0.000,120.000
271550,274886,0.000,90.000
271550,274887,0.000,90.000
271550,274904,0.000,480.000
271557,271729,0.000,242.445
271566,275008,0.000,607.866
271569,274884,0.000,610.000
271577,271710,0.000,400.000
271582,274853,0.000,289.321
271582,274910,0.000,353.387
271582,274921,0.000,615.004
271585,274910,0.000,500.000
271593,271609,0.000,720.000
271596,271686,0.000,120.000
271597,272288,0.000,210.000
271600,274840,0.000,67.418
271600,276328,0.000,663.992
271609,271684,0.000,450.000
271609,271755,0.000,208.118
271609,274831,0.000,1010.000
271627,271672,0.000,750.000
271627,274832,0.000,570.000
271627,398619,0.000,0.000
271627,400503,0.000,0.000
271627,400589,0.000,0.000
271627,400723,0.000,1426.585
271643,271713,0.000,347.815
271645,275624,0.000,150.000
271645,275633,0.000,90.000
271645,275804,0.000,150.000
271646,274582,0.000,60.000
271646,274856,0.000,540.000
271646,274875,0.000,450.000
271646,276007,0.000,200.000
271647,274884,0.000,120.000
271647,274904,0.000,330.000
271665,272473,0.000,480.000
271665,275554,0.000,56.151
271665,275561,0.000,16.368
271665,275932,0.000,257.224
271665,276334,0.000,390.000
271665,276395,0.000,128.230
271665,276398,0.000,295.749
271665,276735,0.000,252.776
271665,277265,0.000,295.619
271665,277269,0.000,27.883
271672,274832,0.000,90.000
271681,275008,0.000,208.415
271683,275008,0.000,890.576
271697,275008,0.000,3113.652
271700,274844,0.000,750.000
271701,276328,0.000,515.837
271712,274985,0.000,158.651
271712,275008,0.000,495.086
271714,275008,0.000,868.399
271715,274840,0.000,64.096
271715,276328,0.000,348.866
271727,274894,0.000,270.000
271727,274901,0.000,330.000
271745,272051,0.000,150.000
271745,272059,0.000,300.000
271745,274825,0.000,600.000
271745,274834,0.000,120.000
271750,274802,0.000,350.000
271752,271764,0.000,210.000
271752,274815,0.000,380.000
271755,274803,0.000,99.156
271755,274811,0.000,81.254
271755,274831,0.000,32.277
271764,272472,0.000,970.000
271764,274815,0.000,40.000
271764,274865,0.000,420.000
271764,274874,0.000,360.000
271770,272412,0.000,30.000
271770,274983,0.000,630.000
271774,272397,0.000,160.000
271774,272436,0.000,105.991
272010,272019,0.000,134.235
272010,272666,0.000,197.392
272010,272685,0.000,0.000
272010,272709,0.000,0.000
272010,274566,0.000,70.000
272010,274930,0.000,75.722
272011,272669,0.000,50.211
272011,272734,0.000,0.000
272011,274610,0.000,870.000
272011,274934,0.000,638.860
272012,272015,0.000,137.367
272012,272046,0.000,2.307
272012,272049,0.000,6.644
272012,272670,0.000,127.401
272012,272678,0.000,0.000
272012,272738,0.000,0.000
272012,272742,0.000,0.000
272013,272016,0.000,28.002
272013,272038,0.000,35.869
272013,272675,0.000,46.964
272013,272682,0.000,0.000
272014,272030,0.000,212.947
272014,272041,0.000,448.172
272014,272043,0.000,113.881
272014,272046,0.000,559.904
272014,272049,0.000,676.330
272014,272738,0.000,0.000
272014,272742,0.000,0.000
272015,272045,0.000,1297.761
272015,272046,0.000,104.504
272015,272049,0.000,179.505
272015,272670,0.000,0.000
272015,272678,0.000,352.309
272015,272735,0.000,0.000
272015,272742,0.000,0.000
272015,274049,0.000,91.013
272015,274052,0.000,1075.779
272015,274054,0.000,576.286
272015,274057,0.000,233.139
272016,272036,0.000,7.423
272016,272038,0.000,420.000
272016,272675,0.000,0.000
272016,272682,0.000,44.817
272016,272719,0.000,0.000
272016,274931,0.000,160.280
272017,272026,0.000,119.636
272017,272027,0.000,82.759
272017,272038,0.000,61.848
272017,272683,0.000,1316.747
272017,272703,0.000,0.000
272017,272704,0.000,0.000
272018,272684,0.000,80.638
272018,272693,0.000,0.000
272018,272701,0.000,0.000
272018,274926,0.000,76.477
272018,274928,0.000,84.713
272019,272666,0.000,0.000
272019,272681,0.000,0.000
272019,272685,0.000,166.307
272019,274566,0.000,520.000
272019,274925,0.000,134.423
272020,272047,0.000,25.890
272020,272687,0.000,70.273
272020,272698,0.000,0.000
272020,272739,0.000,0.000
272020,274927,0.000,102.472
272021,272024,0.000,86.490
272021,272047,0.000,77.828
272021,272688,0.000,120.670
272021,272691,0.000,0.000
272021,272739,0.000,0.000
272022,272031,0.000,263.784
272022,272110,0.000,74.391
272022,272689,0.000,190.001
272022,272711,0.000,0.000
272022,272864,0.000,0.000
272023,272025,0.000,252.725
272023,272048,0.000,570.000
272023,272690,0.000,103.255
272023,272700,0.000,0.000
272023,274932,0.000,270.000
272023,274934,0.000,360.000
272024,272047,0.000,20.000
272024,272688,0.000,0.000
272024,272691,0.000,70.729
272024,274927,0.000,156.274
272025,272690,0.000,0.000
272025,272700,0.000,372.756
272025,272734,0.000,0.000
272025,274934,0.000,269.005
272026,272038,0.000,980.000
272026,272683,0.000,0.000
272026,272703,0.000,90.827
272026,274931,0.000,325.021
272027,272032,0.000,46.522
272027,272683,0.000,0.000
272027,272704,0.000,415.343
272027,272713,0.000,0.000
272028,272033,0.000,2808.097
272028,272036,0.000,61.881
272028,272706,0.000,52.316
272028,272714,0.000,0.000
272028,272719,0.000,0.000
272028,274926,0.000,490.000
272028,274928,0.000,190.000
272029,272040,0.000,2.025
272029,272044,0.000,9.410
272029,272707,0.000,422.311
272029,272725,0.000,0.000
272029,272733,0.000,0.000
272030,272046,0.000,84.698
272030,272738,0.000,0.000
272030,274927,0.000,675.540
272031,272110,0.000,250.000
272031,272689,0.000,0.000
272031,272711,0.000,50.000
272031,272717,0.000,0.000
272031,274931,0.000,863.625
272032,272704,0.000,0.000
272032,272713,0.000,61.189
272033,272036,0.000,651.720
272033,272706,0.000,0.000
272033,272714,0.000,43.916
272033,272719,0.000,0.000
272033,274928,0.000,160.000
272033,274930,0.000,1576.443
272034,272672,0.000,0.000
272034,272705,0.000,0.000
272034,272715,0.000,547.423
272034,274577,0.000,1140.000
272034,274581,0.000,240.000
272034,274923,0.000,210.364
272034,274929,0.000,1480.094
272035,272672,0.000,0.000
272035,272716,0.000,523.545
272035,272730,0.000,0.000
272035,274923,0.000,905.220
272035,274933,0.000,88.590
272036,272682,0.000,0.000
272036,272706,0.000,0.000
272036,272714,0.000,0.000
272036,272719,0.000,548.630
272038,272675,0.000,0.000
272038,272683,0.000,0.000
272038,274931,0.000,430.000
272039,272681,0.000,0.000
272039,272709,0.000,0.000
272039,272723,0.000,184.204
272039,274556,0.000,170.000
272039,274925,0.000,55.811
272039,274930,0.000,266.712
272040,272707,0.000,0.000
272040,272725,0.000,333.781
272041,272043,0.000,57.883
272041,272726,0.000,88.473
272041,272729,0.000,0.000
272043,272044,0.000,2.314
272043,272726,0.000,0.000
272043,272729,0.000,231.952
272043,272733,0.000,0.000
272044,272707,0.000,0.000
272044,272729,0.000,0.000
272044,272733,0.000,163.312
272045,272049,0.000,216.528
272045,272678,0.000,0.000
272045,272735,0.000,28.237
272045,272742,0.000,0.000
272046,272670,0.000,0.000
272046,272680,0.000,0.000
272046,272698,0.000,0.000
272046,272738,0.000,1196.475
272046,274048,0.000,66.671
272046,274052,0.000,106.443
272046,274096,0.000,248.229
272046,274927,0.000,209.881
272047,272687,0.000,0.000
272047,272688,0.000,0.000
272047,272739,0.000,66.946
272047,274927,0.000,80.000
272048,272734,0.000,0.000
272048,272740,0.000,495.958
272048,274610,0.000,180.000
272048,274934,0.000,397.277
272049,272670,0.000,0.000
272049,272678,0.000,0.000
272049,272735,0.000,0.000
272049,272742,0.000,931.684
272050,272743,0.000,461.141
272050,272753,0.000,0.000
272050,273640,0.000,0.000
272050,274937,0.000,585.208
272050,275644,0.000,596.459
272050,276404,0.000,228.557
272050,276436,0.000,3.541
272051,272059,0.000,1830.215
272051,272333,0.000,566.428
272051,272744,0.000,316.941
272051,272754,0.000,0.000
272051,273317,0.000,0.000
272051,274834,0.000,960.000
272051,274864,0.000,480.000
272051,274895,0.000,170.000
272051,274984,0.000,10.000
272052,272056,0.000,742.543
272052,272395,0.000,330.109
272052,272746,0.000,204.106
272052,272750,0.000,0.000
272052,273425,0.000,0.000
272053,272056,0.000,240.421
272053,272058,0.000,782.576
272053,272395,0.000,88.650
272053,272747,0.000,573.899
272053,272750,0.000,0.000
272053,272752,0.000,0.000
272053,273425,0.000,0.000
272054,272055,0.000,423.459
272054,272059,0.000,380.262
272054,272748,0.000,741.990
272054,272749,0.000,0.000
272054,272754,0.000,0.000
272055,272057,0.000,574.542
272055,272059,0.000,120.000
272055,272333,0.000,247.019
272055,272748,0.000,0.000
272055,272749,0.000,2494.050
272055,272751,0.000,0.000
272055,273317,0.000,0.000
272055,273674,0.000,0.000
272055,274606,0.000,420.000
272055,274937,0.000,360.000
272055,274972,0.000,330.000
272055,274991,0.000,584.360
272056,272395,0.000,120.860
272056,272445,0.000,242.277
272056,272746,0.000,0.000
272056,272747,0.000,0.000
272056,272750,0.000,189.885
272056,273425,0.000,0.000
272056,273517,0.000,0.000
272057,272749,0.000,0.000
272057,272751,0.000,459.948
272057,272753,0.000,0.000
272057,273407,0.000,0.000
272057,274937,0.000,55.600
272057,274972,0.000,119.067
272058,272395,0.000,320.000
272058,272747,0.000,0.000
272058,272752,0.000,284.708
272058,274603,0.000,1250.000
272058,274979,0.000,1858.327
272058,274980,0.000,30.000
272059,272744,0.000,0.000
272059,272748,0.000,0.000
272059,272754,0.000,157.543
272059,274606,0.000,30.000
272059,274625,0.000,1380.000
272059,274631,0.000,180.000
272059,274825,0.000,270.000
272060,272076,0.000,82.132
272060,272755,0.000,73.092
272060,272791,0.000,0.000
272066,272069,0.000,43.328
272066,272092,0.000,90.000
272066,272765,0.000,34.636
272066,272772,0.000,0.000
272066,272850,0.000,0.000
272066,274949,0.000,26.181
272066,274954,0.000,100.000
272068,272089,0.000,539.116
272068,272114,0.000,216.206
272068,272134,0.000,190.594
272068,272770,0.000,650.074
272068,272822,0.000,0.000
272068,272870,0.000,0.000
272068,272915,0.000,0.000
272068,274942,0.000,190.000
272069,272092,0.000,51.432
272069,272765,0.000,0.000
272069,272772,0.000,34.494
272069,272826,0.000,0.000
272070,272773,0.000,0.000
272070,272776,0.000,249.277
272070,272813,0.000,0.000
272070,274938,0.000,31.904
272070,274942,0.000,119.584
272071,272087,0.000,680.000
272071,272096,0.000,210.567
272071,272778,0.000,426.913
272071,272836,0.000,0.000
272073,272099,0.000,236.308
272073,272123,0.000,55.925
272073,272782,0.000,120.001
272073,272843,0.000,0.000
272073,272895,0.000,0.000
272074,272786,0.000,186.606
272074,272798,0.000,0.000
272074,274939,0.000,241.965
272075,272089,0.000,310.000
272075,272090,0.000,49.777
272075,272094,0.000,115.675
272075,272787,0.000,182.114
272075,272824,0.000,0.000
272075,272830,0.000,0.000
272076,272092,0.000,622.219
272076,272693,0.000,0.000
272076,272755,0.000,0.000
272076,272791,0.000,250.162
272076,272826,0.000,0.000
272076,274926,0.000,373.964
272077,272104,0.000,176.977
272077,272126,0.000,5.694
272077,272792,0.000,598.858
272077,272808,0.000,0.000
272077,272853,0.000,0.000
272077,272901,0.000,0.000
272077,274940,0.000,470.544
272078,272079,0.000,89.163
272078,272083,0.000,84.456
272078,272094,0.000,0.000
272078,272097,0.000,201.911
272078,272112,0.000,937.166
272078,272793,0.000,182.975
272078,272796,0.000,0.000
272078,272806,0.000,0.000
272078,272841,0.000,0.000
272078,272867,0.000,0.000
272079,272097,0.000,448.241
272079,272101,0.000,14.458
272079,272130,0.000,86.543
272079,272793,0.000,0.000
272079,272796,0.000,321.842
272079,272841,0.000,0.000
272079,272846,0.000,0.000
272079,272908,0.000,0.000
272080,272084,0.000,204.191
272080,272120,0.000,260.000
272080,272797,0.000,276.861
272080,272811,0.000,0.000
272081,272097,0.000,16.182
272081,272103,0.000,1.183
272081,272124,0.000,21.406
272081,272802,0.000,460.899
272081,272809,0.000,0.000
272081,272819,0.000,0.000
272081,272841,0.000,0.000
272081,272852,0.000,0.000
272081,272854,0.000,0.000
272081,272892,0.000,0.000
272081,274939,0.000,30.000
272081,274941,0.000,54.548
272081,274944,0.000,290.525
272081,274950,0.000,52.733
272081,274955,0.000,30.065
272081,275522,0.000,19.798
272081,275529,0.000,1.695
272081,275535,0.000,48.642
272083,272095,0.000,19.043
272083,272112,0.000,26.205
272083,272793,0.000,0.000
272083,272798,0.000,0.000
272083,272806,0.000,143.621
272083,272833,0.000,0.000
272083,272867,0.000,0.000
272083,274939,0.000,61.020
272084,272120,0.000,120.358
272084,272797,0.000,0.000
272084,272811,0.000,959.625
272084,272887,0.000,0.000
272087,272096,0.000,55.915
272087,272105,0.000,14.755
272087,272131,0.000,298.814
272087,272816,0.000,873.365
272087,272836,0.000,0.000
272087,272855,0.000,0.000
272087,272871,0.000,0.000
272087,272912,0.000,0.000
272087,274952,0.000,121.825
272089,272090,0.000,16.941
272089,272094,0.000,129.456
272089,272098,0.000,15.919
272089,272113,0.000,56.843
272089,272770,0.000,0.000
272089,272822,0.000,227.439
272089,272824,0.000,0.000
272089,272830,0.000,0.000
272089,272842,0.000,0.000
272089,272868,0.000,0.000
272090,272787,0.000,0.000
272090,272822,0.000,0.000
272090,272824,0.000,52.870
272092,272772,0.000,0.000
272092,272791,0.000,0.000
272092,272826,0.000,217.705
272094,272112,0.000,110.000
272094,272132,0.000,1.435
272094,272787,0.000,0.000
272094,272822,0.000,0.000
272094,272830,0.000,300.257
272094,272913,0.000,0.000
272095,272112,0.000,36.701
272095,272132,0.000,1.869
272095,272798,0.000,0.000
272095,272806,0.000,0.000
272095,272833,0.000,154.902
272095,272867,0.000,0.000
272095,272913,0.000,0.000
272095,274939,0.000,147.314
272096,272099,0.000,146.596
272096,272778,0.000,0.000
272096,272816,0.000,0.000
272096,272836,0.000,426.374
272096,272843,0.000,0.000
272097,272101,0.000,84.880
272097,272124,0.000,620.000
272097,272793,0.000,0.000
272097,272796,0.000,0.000
272097,272802,0.000,0.000
272097,272841,0.000,104.958
272097,272846,0.000,0.000
272098,272113,0.000,4.141
272098,272822,0.000,0.000
272098,272842,0.000,14.990
272098,272868,0.000,0.000
272099,272110,0.000,150.000
272099,272123,0.000,90.000
272099,272782,0.000,0.000
272099,272836,0.000,0.000
272099,272843,0.000,90.000
272099,274559,0.000,200.000
272101,272130,0.000,3.243
272101,272796,0.000,0.000
272101,272841,0.000,0.000
272101,272846,0.000,78.395
272101,272908,0.000,0.000
272103,272798,0.000,0.000
272103,272802,0.000,0.000
272103,272852,0.000,48.635
272103,274939,0.000,68.775
272104,272126,0.000,230.344
272104,272792,0.000,0.000
272104,272808,0.000,0.000
272104,272853,0.000,159.966
272104,272901,0.000,0.000
272104,274940,0.000,47.568
272105,272816,0.000,0.000
272105,272855,0.000,12.543
272109,274951,0.000,388.098
272109,401579,0.000,73.342
272109,401580,0.000,0.000
272109,403407,0.000,0.000
272110,272123,0.000,355.637
272110,272689,0.000,0.000
272110,272864,0.000,390.002
272110,272895,0.000,0.000
272110,274559,0.000,590.000
272110,274931,0.000,160.000
272112,272132,0.000,126.584
272112,272793,0.000,0.000
272112,272806,0.000,0.000
272112,272833,0.000,0.000
272112,272867,0.000,181.047
272112,272913,0.000,0.000
272113,272822,0.000,0.000
272113,272842,0.000,0.000
272113,272868,0.000,57.279
272114,272770,0.000,0.000
272114,272870,0.000,160.593
272120,272811,0.000,0.000
272120,272887,0.000,15.370
272123,272782,0.000,0.000
272123,272864,0.000,0.000
272123,272895,0.000,90.000
272124,272802,0.000,0.000
272126,272773,0.000,0.000
272126,272792,0.000,0.000
272126,272853,0.000,0.000
272126,272901,0.000,689.237
272126,274938,0.000,3.125
272130,272796,0.000,0.000
272130,272846,0.000,0.000
272130,272908,0.000,61.223
272131,272816,0.000,0.000
272131,272912,0.000,237.592
272132,272798,0.000,0.000
272132,272830,0.000,0.000
272132,272833,0.000,0.000
272132,272867,0.000,0.000
272132,272913,0.000,292.727
272132,274939,0.000,230.189
272134,272770,0.000,0.000
272134,272813,0.000,0.000
272134,272915,0.000,192.530
272134,274942,0.000,81.589
272252,272416,0.000,12.438
272252,272591,0.000,54.598
272252,273168,0.000,80.697
272252,273462,0.000,0.000
272252,273788,0.000,0.000
272258,272288,0.000,1080.000
272258,272543,0.000,104.145
272258,272561,0.000,69.575
272258,272578,0.000,214.829
272258,273184,0.000,325.165
272258,273696,0.000,0.000
272258,273729,0.000,0.000
272258,273764,0.000,0.000
272259,274309,0.000,1053.926
272259,274497,0.000,800.625
272259,275008,0.000,618.423
272260,272268,0.000,71.293
272260,272464,0.000,638.590
272260,273186,0.000,1338.622
272260,273195,0.000,0.000
272260,273379,0.000,0.000
272260,273557,0.000,0.000
272260,273622,0.000,0.000
272260,273689,0.000,0.000
272260,273759,0.000,0.000
272260,274352,0.000,216.051
272260,274354,0.000,14.487
272260,274971,0.000,12.651
272260,274985,0.000,719.307
272261,272313,0.000,390.000
272261,272368,0.000,74.855
272261,272383,0.000,0.000
272261,272398,0.000,300.000
272261,272505,0.000,330.000
272261,273188,0.000,96.328
272261,273381,0.000,0.000
272261,276095,0.000,450.000
272266,272378,0.000,239.456
272266,272425,0.000,0.564
272266,273193,0.000,210.826
272266,273397,0.000,0.000
272266,273478,0.000,0.000
272267,272416,0.000,180.000
272267,272595,0.000,165.666
272267,273194,0.000,123.351
272267,273793,0.000,0.000
272268,272542,0.000,887.080
272268,273186,0.000,0.000
272268,273195,0.000,555.687
272268,273379,0.000,0.000
272268,273695,0.000,0.000
272268,274971,0.000,474.373
272268,275562,0.000,14.726
272269,272516,0.000,13.261
272269,273196,0.000,439.547
272269,273225,0.000,0.000
272269,273243,0.000,0.000
272269,273652,0.000,0.000
272269,274962,0.000,21.720
272269,274964,0.000,4.185
272271,272411,0.000,73.710
272271,272426,0.000,80.475
272271,273199,0.000,145.657
272271,273453,0.000,0.000
272271,273479,0.000,0.000
272273,272316,0.000,3.483
272273,272378,0.000,167.321
272273,272507,0.000,88.744
272273,272628,0.000,0.000
272273,273202,0.000,184.295
272273,273290,0.000,0.000
272273,273397,0.000,0.000
272273,273635,0.000,0.000
272278,272305,0.000,20.000
272278,272364,0.000,347.121
272278,272458,0.000,320.000
272278,272472,0.000,620.000
272278,273213,0.000,113.775
272278,273370,0.000,0.000
272282,273222,0.000,1312.183
272282,273377,0.000,0.000
272282,273444,0.000,0.000
272282,276201,0.000,1128.818
272282,277027,0.000,115.562
272282,277040,0.000,26.009
272283,273223,0.000,453.661
272283,273588,0.000,0.000
272283,273674,0.000,0.000
272283,274984,0.000,306.393
272283,274991,0.000,1140.005
272286,272293,0.000,1.499
272286,273231,0.000,223.696
272286,273244,0.000,0.000
272287,272382,0.000,305.568
272287,272477,0.000,150.000
272287,272520,0.000,58.614
272287,272619,0.000,60.000
272287,273233,0.000,149.339
272287,273402,0.000,0.000
272287,273427,0.000,0.000
272287,273659,0.000,0.000
272287,274975,0.000,89.196
272288,272481,0.000,94.353
272288,272561,0.000,491.722
272288,272566,0.000,360.000
272288,272578,0.000,88.431
272288,273234,0.000,424.063
272288,273584,0.000,0.000
272288,273729,0.000,0.000
272288,273764,0.000,0.000
272289,272294,0.000,270.000
272289,272388,0.000,298.852
272289,273235,0.000,104.879
272289,273415,0.000,0.000
272290,272314,0.000,38.051
272290,273237,0.000,30.823
272290,273288,0.000,0.000
272293,273231,0.000,0.000
272293,273244,0.000,265.545
272294,272388,0.000,72.111
272294,272415,0.000,90.000
272294,272461,0.000,122.639
272294,272468,0.000,198.185
272294,273245,0.000,61.546
272294,273415,0.000,0.000
272294,273554,0.000,0.000
272294,273561,0.000,0.000
272298,272547,0.000,29.660
272298,272557,0.000,20.155
272298,273255,0.000,163.336
272298,273490,0.000,0.000
272298,273701,0.000,0.000
272298,273722,0.000,0.000
272298,274976,0.000,169.387
272300,272615,0.000,344.053
272300,273258,0.000,533.720
272300,273832,0.000,0.000
272302,273268,0.000,137.714
272305,272364,0.000,0.546
272305,272423,0.000,217.727
272305,272472,0.000,260.702
272305,273275,0.000,377.546
272305,273370,0.000,0.000
272305,273473,0.000,0.000
272305,273568,0.000,0.000
272313,272383,0.000,28.345
272313,272435,0.000,437.839
272313,272445,0.000,270.134
272313,272505,0.000,0.000
272313,273287,0.000,417.000
272313,273405,0.000,0.000
272313,273496,0.000,0.000
272313,273517,0.000,0.000
272313,276095,0.000,60.000
272314,272326,0.000,237.251
272314,272365,0.000,881.150
272314,273237,0.000,0.000
272314,273288,0.000,262.647
272314,273309,0.000,0.000
272314,273371,0.000,0.000
272314,274990,0.000,260.000
272316,272407,0.000,177.032
272316,272447,0.000,31.439
272316,272507,0.000,0.000
272316,272549,0.000,210.000
272316,272594,0.000,676.802
272316,272628,0.000,341.648
272316,273202,0.000,0.000
272316,273290,0.000,1116.919
272316,273447,0.000,0.000
272316,273519,0.000,0.000
272316,273792,0.000,0.000
272316,273859,0.000,0.000
272324,272550,0.000,330.108
272324,272553,0.000,29.451
272324,272563,0.000,485.645
272324,272615,0.000,0.033
272324,273306,0.000,1128.884
272324,273704,0.000,0.000
272324,273709,0.000,0.000
272324,273832,0.000,0.000
272326,273288,0.000,0.000
272326,273309,0.000,177.984
272326,273661,0.000,0.000
272326,274990,0.000,212.044
272329,272394,0.000,129.567
272329,272504,0.000,370.000
272329,273312,0.000,7.435
272329,273422,0.000,0.000
272329,274599,0.000,720.000
272329,274609,0.000,190.000
272329,274630,0.000,240.000
272332,272338,0.000,164.226
272332,272350,0.000,154.690
272332,272408,0.000,0.054
272332,272463,0.000,460.393
272332,273316,0.000,513.840
272332,273328,0.000,0.000
272332,273350,0.000,0.000
272332,273450,0.000,0.000
272332,273556,0.000,0.000
272333,272744,0.000,0.000
272333,272749,0.000,0.000
272333,273317,0.000,513.558
272333,273588,0.000,0.000
272333,274984,0.000,121.018
272338,272408,0.000,4.248
272338,272434,0.000,400.000
272338,272463,0.000,361.061
272338,273316,0.000,0.000
272338,273328,0.000,178.124
272339,272391,0.000,1287.819
272339,272424,0.000,1190.000
272339,272469,0.000,18.547
272339,272528,0.000,45.039
272339,272567,0.000,102.814
272339,272573,0.000,377.987
272339,273329,0.000,651.309
272339,273418,0.000,0.000
272339,273562,0.000,0.000
272339,273671,0.000,0.000
272339,273740,0.000,0.000
272339,273755,0.000,0.000
272339,276271,0.000,250.000
272339,276396,0.000,150.000
272345,272615,0.000,126.705
272350,272393,0.000,480.000
272350,272463,0.000,270.000
272350,273316,0.000,0.000
272350,273350,0.000,204.685
272350,273495,0.000,0.000
272350,276217,0.000,79.814
272351,272364,0.000,69.847
272351,272455,0.000,1637.571
272351,272540,0.000,331.758
272351,272551,0.000,690.000
272351,273353,0.000,182.704
272351,273370,0.000,0.000
272351,273536,0.000,0.000
272351,273693,0.000,0.000
272353,272456,0.000,385.962
272353,272570,0.000,0.000
272353,272595,0.000,30.000
272353,273355,0.000,109.016
272353,273537,0.000,0.000
272353,274914,0.000,500.000
272353,274998,0.000,1650.000
272354,272455,0.000,12.668
272354,272621,0.000,107.004
272354,273358,0.000,107.853
272354,273536,0.000,0.000
272355,272379,0.000,169.736
272355,273360,0.000,351.637
272355,273399,0.000,0.000
272355,273605,0.000,0.000
272355,274099,0.000,30.000
272355,274103,0.000,161.897
272355,275893,0.000,330.000
272360,272473,0.000,276.675
272360,273366,0.000,205.204
272360,273407,0.000,0.000
272360,273571,0.000,0.000
272360,274972,0.000,308.049
272364,272375,0.000,69.220
272364,272455,0.000,0.070
272364,272458,0.000,318.242
272364,272551,0.000,102.139
272364,273213,0.000,0.000
272364,273275,0.000,0.000
272364,273353,0.000,0.000
272364,273370,0.000,571.216
272364,273392,0.000,0.000
272364,273490,0.000,0.000
272364,273536,0.000,0.000
272364,273544,0.000,0.000
272364,273705,0.000,0.000
272364,274976,0.000,33.345
272365,272412,0.000,396.344
272365,273288,0.000,0.000
272365,273371,0.000,587.841
272365,273454,0.000,0.000
272365,273576,0.000,0.000
272365,274983,0.000,29.043
272366,273372,0.000,68.472
272366,273811,0.000,0.000
272366,274864,0.000,0.000
272366,275000,0.000,242.525
272366,276409,0.000,90.000
272368,272398,0.000,23.596
272368,272436,0.000,60.000
272368,272470,0.000,26.492
272368,272505,0.000,28.812
272368,272546,0.000,3.804
272368,273188,0.000,0.000
272368,273216,0.000,0.000
272368,273381,0.000,528.128
272368,273430,0.000,0.000
272368,273566,0.000,0.000
272368,273629,0.000,0.000
272368,273700,0.000,0.000
272368,274961,0.000,399.702
272369,272445,0.000,284.588
272369,273382,0.000,33.421
272369,273517,0.000,0.000
272369,276095,0.000,630.000
272369,276106,0.000,60.000
272370,272507,0.000,171.879
272370,273385,0.000,313.439
272370,273635,0.000,0.000
272373,272401,0.000,40.000
272373,272572,0.000,39.008
272373,273389,0.000,51.949
272373,273752,0.000,0.000
272373,274975,0.000,90.000
272375,272547,0.000,305.179
272375,273370,0.000,0.000
272375,273392,0.000,239.417
272375,273490,0.000,0.000
272375,273701,0.000,0.000
272375,274976,0.000,468.614
272378,272425,0.000,30.000
272378,272507,0.000,780.000
272378,273193,0.000,0.000
272378,273202,0.000,0.000
272378,273397,0.000,164.004
272379,272431,0.000,207.085
272379,273169,0.000,0.000
272379,273360,0.000,0.000
272379,273399,0.000,1043.868
272379,273487,0.000,0.000
272379,273631,0.000,0.000
272379,274343,0.000,746.751
272379,274350,0.000,332.321
272379,275395,0.000,44.633
272379,275893,0.000,1150.000
272379,276350,0.000,45.367
272381,273401,0.000,59.525
272381,273576,0.000,0.000
272381,274983,0.000,79.894
272382,272520,0.000,11.088
272382,272619,0.000,64.228
272382,273233,0.000,0.000
272382,273402,0.000,458.324
272382,273427,0.000,0.000
272382,273659,0.000,0.000
272382,273840,0.000,0.000
272382,274975,0.000,88.171
272383,272505,0.000,206.432
272383,273287,0.000,0.000
272383,273405,0.000,275.252
272383,273529,0.000,0.000
272383,273629,0.000,0.000
272383,274980,0.000,92.686
272384,272399,0.000,72.732
272384,272559,0.000,154.019
272384,272588,0.000,487.389
272384,273406,0.000,442.237
272384,273433,0.000,0.000
272384,273726,0.000,0.000
272384,273782,0.000,0.000
272385,272536,0.000,129.016
272385,272583,0.000,51.586
272385,273411,0.000,290.521
272385,273497,0.000,0.000
272385,273688,0.000,0.000
272385,274974,0.000,7.624
272385,274977,0.000,154.546
272386,272530,0.000,136.524
272386,272594,0.000,1146.842
272386,273412,0.000,565.464
272386,273675,0.000,0.000
272386,273792,0.000,0.000
272388,272538,0.000,82.666
272388,272601,0.000,53.490
272388,273235,0.000,0.000
272388,273245,0.000,0.000
272388,273415,0.000,547.460
272388,273691,0.000,0.000
272388,273801,0.000,0.000
272389,273325,0.000,0.000
272389,273416,0.000,152.997
272389,273744,0.000,0.000
272389,274866,0.000,970.000
272389,274887,0.000,30.000
272389,274970,0.000,319.621
272389,274996,0.000,570.217
272391,272406,0.000,166.282
272391,272439,0.000,45.487
272391,272567,0.000,1.031
272391,272577,0.000,258.586
272391,273329,0.000,0.000
272391,273418,0.000,355.063
272391,273446,0.000,0.000
272391,273508,0.000,0.000
272391,273740,0.000,0.000
272391,273761,0.000,0.000
272391,276271,0.000,10.000
272391,276273,0.000,160.000
272393,272463,0.000,348.028
272393,272563,0.000,682.768
272393,273420,0.000,680.333
272393,273495,0.000,0.000
272393,273733,0.000,0.000
272393,276217,0.000,499.474
272394,272504,0.000,24.944
272394,273225,0.000,0.000
272394,273312,0.000,0.000
272394,273422,0.000,198.305
272394,273628,0.000,0.000
272394,274609,0.000,290.000
272394,274936,0.000,330.000
272394,274962,0.000,52.187
272395,272435,0.000,401.072
272395,272746,0.000,0.000
272395,272747,0.000,0.000
272395,272750,0.000,0.000
272395,273425,0.000,1105.085
272395,273496,0.000,0.000
272395,273529,0.000,0.000
272395,274980,0.000,269.810
272397,272413,0.000,165.472
272397,272436,0.000,94.358
272397,272620,0.000,0.000
272397,273428,0.000,80.054
272397,273456,0.000,0.000
272398,272436,0.000,333.405
272398,273381,0.000,0.000
272398,273430,0.000,80.202
272398,273503,0.000,0.000
272398,276095,0.000,300.000
272399,272566,0.000,51.272
272399,273406,0.000,0.000
272399,273433,0.000,198.400
272399,273739,0.000,0.000
272401,273427,0.000,0.000
272401,273435,0.000,107.707
272401,274975,0.000,105.819
272403,272422,0.000,539.045
272403,272452,0.000,110.000
272403,272469,0.000,102.662
272403,272528,0.000,21.287
272403,272567,0.000,61.441
272403,272602,0.000,240.000
272403,273439,0.000,172.407
272403,273472,0.000,0.000
272403,273562,0.000,0.000
272403,273671,0.000,0.000
272403,273740,0.000,0.000
272404,272477,0.000,240.000
272404,272619,0.000,150.000
272404,272623,0.000,143.967
272404,273442,0.000,51.570
272404,273724,0.000,0.000
272404,273847,0.000,0.000
272404,276247,0.000,133.970
272406,272439,0.000,71.895
272406,272488,0.000,121.366
272406,273418,0.000,0.000
272406,273446,0.000,466.607
272406,273508,0.000,0.000
272406,273596,0.000,0.000
272407,272447,0.000,63.197
272407,273290,0.000,0.000
272407,273447,0.000,107.550
272407,273519,0.000,0.000
272408,272409,0.000,4.973
272408,272434,0.000,120.000
272408,273316,0.000,0.000
272408,273450,0.000,120.247
272408,273451,0.000,0.000
272409,272426,0.000,3.901
272409,272434,0.000,60.000
272409,273450,0.000,0.000
272409,273451,0.000,60.067
272409,273479,0.000,0.000
272411,272426,0.000,672.789
272411,272591,0.000,115.572
272411,273199,0.000,0.000
272411,273453,0.000,540.291
272411,273479,0.000,0.000
272412,273371,0.000,0.000
272412,273454,0.000,106.067
272412,274983,0.000,750.000
272413,272436,0.000,0.000
272413,272620,0.000,20.982
272413,273428,0.000,0.000
272413,273456,0.000,150.101
272413,273841,0.000,0.000
272415,272461,0.000,227.240
272415,272603,0.000,610.000
272415,273460,0.000,413.579
272415,273554,0.000,0.000
272416,272570,0.000,90.000
272416,272591,0.000,550.000
272416,272595,0.000,265.575
272416,273168,0.000,0.000
272416,273201,0.000,0.000
272416,273322,0.000,0.000
272416,273462,0.000,891.332
272416,273793,0.000,0.000
272416,274914,0.000,140.000
272416,276192,0.000,74.642
272416,276392,0.000,1.653
272417,273464,0.000,35.531
272417,273674,0.000,0.000
272417,274991,0.000,44.950
272419,272448,0.000,1.041
272419,273468,0.000,237.897
272419,273521,0.000,0.000
272422,272469,0.000,17.101
272422,272602,0.000,266.632
272422,273439,0.000,0.000
272422,273472,0.000,570.112
272422,273562,0.000,0.000
272422,273802,0.000,0.000
272423,272472,0.000,1190.000
272423,273275,0.000,0.000
272423,273473,0.000,58.095
272423,273742,0.000,0.000
272423,274871,0.000,420.000
272423,274893,0.000,60.000
272423,274908,0.000,0.000
272423,274995,0.000,339.662
272424,272469,0.000,27.147
272424,273476,0.000,58.981
272424,273562,0.000,0.000
272425,272450,0.000,5.330
272425,272507,0.000,59.863
272425,273193,0.000,0.000
272425,273478,0.000,87.836
272425,273523,0.000,0.000
272425,273635,0.000,0.000
272425,273849,0.000,0.000
272426,272434,0.000,149.890
272426,272591,0.000,370.532
272426,273199,0.000,0.000
272426,273451,0.000,0.000
272426,273453,0.000,0.000
272426,273479,0.000,950.873
272426,273494,0.000,0.000
272426,273495,0.000,0.000
272426,273788,0.000,0.000
272426,276217,0.000,141.510
272431,272542,0.000,428.588
272431,273276,0.000,0.000
272431,273399,0.000,0.000
272431,273487,0.000,432.713
272431,273695,0.000,0.000
272431,274968,0.000,20.030
272431,275555,0.000,60.557
272432,273488,0.000,121.974
272433,272530,0.000,30.000
272433,272543,0.000,509.073
272433,272559,0.000,109.629
272433,272594,0.000,621.397
272433,273493,0.000,947.257
272433,273696,0.000,0.000
272433,273726,0.000,0.000
272433,273792,0.000,0.000
272434,273479,0.000,0.000
272434,273494,0.000,20.154
272435,273287,0.000,0.000
272435,273425,0.000,0.000
272435,273496,0.000,817.661
272436,272470,0.000,60.000
272436,272546,0.000,128.204
272436,272620,0.000,90.000
272436,273430,0.000,0.000
272436,273503,0.000,232.486
272436,273700,0.000,0.000
272439,272567,0.000,742.379
272439,273418,0.000,0.000
272439,273446,0.000,0.000
272439,273508,0.000,343.905
272439,273740,0.000,0.000
272440,272545,0.000,166.814
272440,273509,0.000,104.750
272440,273699,0.000,0.000
272440,273728,0.000,0.000
272440,275008,0.000,671.355
272442,272482,0.000,252.315
272442,273427,0.000,0.000
272442,273512,0.000,327.253
272442,273586,0.000,0.000
272442,274975,0.000,39.654
272445,272750,0.000,0.000
272445,273287,0.000,0.000
272445,273382,0.000,0.000
272445,273517,0.000,300.503
272445,276095,0.000,60.000
272445,276106,0.000,90.000
272446,272588,0.000,279.636
272446,273497,0.000,0.000
272446,273518,0.000,247.987
272446,273782,0.000,0.000
272446,274977,0.000,147.262
272447,272594,0.000,0.483
272447,273290,0.000,0.000
272447,273447,0.000,0.000
272447,273519,0.000,107.185
272447,273792,0.000,0.000
272448,273468,0.000,0.000
272448,273521,0.000,52.216
272448,273811,0.000,0.000
272448,275000,0.000,13.459
272450,272507,0.000,33.650
272450,273478,0.000,0.000
272450,273523,0.000,37.260
272450,273635,0.000,0.000
272452,272567,0.000,435.433
272452,273527,0.000,25.847
272452,273740,0.000,0.000
272452,274828,0.000,150.000
272454,272461,0.000,21.802
272454,272603,0.000,188.145
272454,273533,0.000,267.389
272454,273554,0.000,0.000
272454,273637,0.000,0.000
272454,273650,0.000,0.000
272454,273807,0.000,0.000
272454,274987,0.000,213.367
272454,274988,0.000,76.090
272455,272458,0.000,430.000
272455,272540,0.000,156.500
272455,272621,0.000,958.834
272455,273353,0.000,0.000
272455,273358,0.000,0.000
272455,273370,0.000,0.000
272455,273536,0.000,249.183
272455,273693,0.000,0.000
272456,272595,0.000,37.599
272456,273216,0.000,0.000
272456,273355,0.000,0.000
272456,273537,0.000,789.034
272456,273753,0.000,0.000
272456,273793,0.000,0.000
272456,274961,0.000,2.881
272456,274998,0.000,688.612
272458,272472,0.000,200.000
272458,273370,0.000,0.000
272458,273544,0.000,158.066
272460,272509,0.000,1.523
272460,273552,0.000,169.020
272460,273639,0.000,0.000
272461,272468,0.000,29.928
272461,272601,0.000,232.229
272461,272603,0.000,30.000
272461,273245,0.000,0.000
272461,273460,0.000,0.000
272461,273533,0.000,0.000
272461,273554,0.000,604.260
272461,273561,0.000,0.000
272461,273574,0.000,0.000
272461,273801,0.000,0.000
272461,274982,0.000,22.471
272463,272563,0.000,163.803
272463,273316,0.000,0.000
272463,273556,0.000,13.268
272464,272545,0.000,379.418
272464,273186,0.000,0.000
272464,273557,0.000,1657.989
272464,273699,0.000,0.000
272464,273728,0.000,0.000
272464,274985,0.000,231.598
272464,275008,0.000,1032.407
272467,272536,0.000,94.379
272467,272539,0.000,319.156
272467,273252,0.000,0.000
272467,273497,0.000,0.000
272467,273560,0.000,653.584
272467,273688,0.000,0.000
272467,273692,0.000,0.000
272467,274966,0.000,66.210
272467,274977,0.000,265.400
272468,272601,0.000,398.743
272468,273245,0.000,0.000
272468,273554,0.000,0.000
272468,273561,0.000,515.711
272468,273801,0.000,0.000
272469,273329,0.000,0.000
272469,273439,0.000,0.000
272469,273472,0.000,0.000
272469,273476,0.000,0.000
272469,273562,0.000,119.845
272470,272620,0.000,24.288
272470,273381,0.000,0.000
272470,273566,0.000,60.040
272470,273841,0.000,0.000
272472,273275,0.000,0.000
272472,273568,0.000,69.468
272472,274865,0.000,50.000
272473,272753,0.000,0.000
272473,273249,0.000,0.000
272473,273274,0.000,0.000
272473,273366,0.000,0.000
272473,273376,0.000,0.000
272473,273407,0.000,0.000
272473,273571,0.000,839.673
272473,274937,0.000,30.116
272473,274965,0.000,99.791
272473,274972,0.000,543.108
272473,275550,0.000,20.288
272473,275564,0.000,88.681
272473,276395,0.000,193.324
272473,276398,0.000,945.069
272473,277265,0.000,16.302
272474,273407,0.000,0.000
272474,273573,0.000,82.245
272474,273674,0.000,0.000
272474,274972,0.000,95.224
272474,274991,0.000,11.461
272477,272619,0.000,240.000
272477,273427,0.000,0.000
272477,273578,0.000,383.019
272477,274975,0.000,207.684
272477,276247,0.000,90.000
272477,276332,0.000,600.000
272479,272488,0.000,114.579
272479,272557,0.000,0.000
272479,272577,0.000,149.719
272479,273449,0.000,0.000
272479,273581,0.000,61.288
272479,273596,0.000,0.000
272479,273761,0.000,0.000
272479,274976,0.000,90.000
272479,276210,0.000,109.381
272481,272543,0.000,223.271
272481,272566,0.000,441.594
272481,272578,0.000,111.366
272481,273234,0.000,0.000
272481,273584,0.000,1132.014
272481,273696,0.000,0.000
272481,273739,0.000,0.000
272481,273764,0.000,0.000
272482,273427,0.000,0.000
272482,273512,0.000,0.000
272482,273586,0.000,436.033
272482,274975,0.000,148.010
272488,272577,0.000,94.547
272488,273446,0.000,0.000
272488,273581,0.000,0.000
272488,273596,0.000,172.505
272488,273761,0.000,0.000
272488,274976,0.000,1460.000
272490,272592,0.000,31.297
272490,273574,0.000,0.000
272490,273601,0.000,155.052
272490,273789,0.000,0.000
272490,274982,0.000,150.896
272491,272625,0.000,429.669
272491,273261,0.000,0.000
272491,273445,0.000,0.000
272491,273602,0.000,43.555
272491,276394,0.000,60.728
272491,276401,0.000,557.906
272503,272530,0.000,210.000
272503,272543,0.000,416.162
272503,272561,0.000,606.037
272503,273625,0.000,422.467
272503,273696,0.000,0.000
272503,273729,0.000,0.000
272504,273422,0.000,0.000
272504,273628,0.000,10.715
272504,274599,0.000,480.000
272504,274962,0.000,190.000
272505,273381,0.000,0.000
272505,273405,0.000,0.000
272505,273629,0.000,71.827
272507,272628,0.000,1900.000
272507,273202,0.000,0.000
272507,273385,0.000,0.000
272507,273478,0.000,0.000
272507,273523,0.000,0.000
272507,273635,0.000,250.892
272507,400560,0.000,0.000
272507,400671,0.000,240.648
272509,272589,0.000,0.698
272509,273552,0.000,0.000
272509,273639,0.000,459.098
272509,273786,0.000,0.000
272512,273644,0.000,355.926
272512,273661,0.000,0.000
272512,274990,0.000,435.312
272516,272745,0.000,0.000
272516,273196,0.000,0.000
272516,273225,0.000,0.000
272516,273243,0.000,0.000
272516,273652,0.000,293.853
272516,274627,0.000,300.000
272516,274936,0.000,638.118
272516,274962,0.000,0.908
272516,274964,0.000,139.880
272517,272588,0.000,427.233
272517,273655,0.000,261.719
272517,273782,0.000,0.000
272520,272619,0.000,162.602
272520,273233,0.000,0.000
272520,273402,0.000,0.000
272520,273659,0.000,116.052
272520,273840,0.000,0.000
272528,273329,0.000,0.000
272528,273439,0.000,0.000
272528,273671,0.000,47.154
272530,272543,0.000,480.000
272530,272594,0.000,577.452
272530,273412,0.000,0.000
272530,273675,0.000,171.248
272530,273792,0.000,0.000
272533,273441,0.000,0.000
272533,273631,0.000,0.000
272533,273682,0.000,1045.325
272533,274350,0.000,29.043
272533,274354,0.000,786.537
272533,274496,0.000,0.000
272533,274500,0.000,133.463
272536,273411,0.000,0.000
272536,273497,0.000,0.000
272536,273560,0.000,0.000
272536,273688,0.000,269.815
272536,274977,0.000,8.354
272538,272601,0.000,978.664
272538,273415,0.000,0.000
272538,273691,0.000,94.901
272538,273801,0.000,0.000
272539,273560,0.000,0.000
272539,273637,0.000,0.000
272539,273692,0.000,92.772
272539,274987,0.000,111.878
272540,272551,0.000,132.480
272540,273353,0.000,0.000
272540,273536,0.000,0.000
272540,273680,0.000,0.000
272540,273693,0.000,604.176
272540,273705,0.000,0.000
272540,276239,0.000,0.959
272542,273195,0.000,0.000
272542,273276,0.000,0.000
272542,273487,0.000,0.000
272542,273695,0.000,1092.150
272542,274833,0.000,270.000
272542,274968,0.000,880.479
272542,274971,0.000,220.000
272542,274985,0.000,130.000
272542,275555,0.000,26.346
272543,272559,0.000,117.086
272543,273184,0.000,0.000
272543,273493,0.000,0.000
272543,273584,0.000,0.000
272543,273625,0.000,0.000
272543,273696,0.000,702.887
272543,273726,0.000,0.000
272545,273509,0.000,0.000
272545,273557,0.000,0.000
272545,273689,0.000,0.000
272545,273699,0.000,574.740
272545,274352,0.000,1640.442
272545,274496,0.000,411.852
272545,275008,0.000,472.931
272546,273381,0.000,0.000
272546,273503,0.000,0.000
272546,273700,0.000,120.081
272547,272551,0.000,258.803
272547,272557,0.000,58.112
272547,273255,0.000,0.000
272547,273392,0.000,0.000
272547,273449,0.000,0.000
272547,273701,0.000,768.005
272547,273705,0.000,0.000
272547,273722,0.000,0.000
272547,274976,0.000,240.000
272547,276210,0.000,2.011
272549,272594,0.000,2104.313
272549,273703,0.000,181.498
272549,273792,0.000,0.000
272550,272563,0.000,123.879
272550,272615,0.000,542.589
272550,273306,0.000,0.000
272550,273704,0.000,240.791
272551,273370,0.000,0.000
272551,273449,0.000,0.000
272551,273693,0.000,0.000
272551,273701,0.000,0.000
272551,273705,0.000,704.352
272551,276210,0.000,534.475
272553,272563,0.000,195.113
272553,273227,0.000,0.000
272553,273306,0.000,0.000
272553,273709,0.000,445.224
272553,273716,0.000,0.000
272553,273733,0.000,0.000
272553,274963,0.000,106.713
272553,274993,0.000,0.019
272557,273255,0.000,0.000
272557,273449,0.000,0.000
272557,273490,0.000,0.000
272557,273701,0.000,0.000
272557,273722,0.000,399.819
272557,274976,0.000,388.607
272557,276210,0.000,134.923
272559,273406,0.000,0.000
272559,273493,0.000,0.000
272559,273696,0.000,0.000
272559,273726,0.000,328.894
272561,273184,0.000,0.000
272561,273234,0.000,0.000
272561,273625,0.000,0.000
272561,273729,0.000,549.911
272563,272615,0.000,869.025
272563,273420,0.000,0.000
272563,273709,0.000,0.000
272563,273733,0.000,244.406
272566,273433,0.000,0.000
272566,273584,0.000,0.000
272566,273739,0.000,413.943
272567,273329,0.000,0.000
272567,273418,0.000,0.000
272567,273439,0.000,0.000
272567,273508,0.000,0.000
272567,273527,0.000,0.000
272567,273740,0.000,527.169
272567,274828,0.000,280.000
272570,272595,0.000,476.705
272570,273747,0.000,57.297
272570,273793,0.000,0.000
272570,274914,0.000,250.000
272572,273389,0.000,0.000
272572,273427,0.000,0.000
272572,273752,0.000,96.726
272572,274975,0.000,72.428
272573,273226,0.000,0.000
272573,273299,0.000,0.000
272573,273329,0.000,0.000
272573,273755,0.000,581.920
272573,276181,0.000,212.046
272573,276396,0.000,124.914
272577,273418,0.000,0.000
272577,273449,0.000,0.000
272577,273502,0.000,0.000
272577,273581,0.000,0.000
272577,273596,0.000,0.000
272577,273761,0.000,501.227
272577,276210,0.000,1.453
272577,276273,0.000,99.794
272578,273184,0.000,0.000
272578,273234,0.000,0.000
272578,273584,0.000,0.000
272578,273764,0.000,200.660
272579,273765,0.000,473.916
272583,273298,0.000,0.000
272583,273424,0.000,0.000
272583,273497,0.000,0.000
272583,273776,0.000,112.580
272583,274969,0.000,22.728
272583,274974,0.000,30.563
272583,274977,0.000,98.224
272588,273406,0.000,0.000
272588,273518,0.000,0.000
272588,273655,0.000,0.000
272588,273782,0.000,504.223
272588,274969,0.000,540.000
272588,274977,0.000,450.000
272589,273639,0.000,0.000
272589,273786,0.000,71.744
272591,273168,0.000,0.000
272591,273479,0.000,0.000
272591,273788,0.000,1269.882
272592,273574,0.000,0.000
272592,273601,0.000,0.000
272592,273789,0.000,314.277
272592,274982,0.000,461.010
272594,272628,0.000,390.000
272594,273290,0.000,0.000
272594,273412,0.000,0.000
272594,273493,0.000,0.000
272594,273519,0.000,0.000
272594,273675,0.000,0.000
272594,273703,0.000,0.000
272594,273792,0.000,2017.439
272595,273194,0.000,0.000
272595,273322,0.000,0.000
272595,273462,0.000,0.000
272595,273537,0.000,0.000
272595,273747,0.000,0.000
272595,273793,0.000,649.291
272595,276192,0.000,173.237
272601,273415,0.000,0.000
272601,273554,0.000,0.000
272601,273561,0.000,0.000
272601,273574,0.000,0.000
272601,273691,0.000,0.000
272601,273801,0.000,515.109
272601,274807,0.000,410.000
272601,274982,0.000,35.832
272602,273226,0.000,0.000
272602,273472,0.000,0.000
272602,273802,0.000,109.017
272602,275808,0.000,990.000
272602,276181,0.000,719.967
272602,276269,0.000,340.000
272602,276272,0.000,20.000
272603,273533,0.000,0.000
272603,273807,0.000,24.389
272603,274987,0.000,38.055
272603,275584,0.000,21.945
272615,273258,0.000,0.000
272615,273306,0.000,0.000
272615,273832,0.000,557.327
272619,272623,0.000,160.904
272619,273402,0.000,0.000
272619,273659,0.000,0.000
272619,273840,0.000,139.365
272619,273847,0.000,0.000
272620,273456,0.000,0.000
272620,273566,0.000,0.000
272620,273841,0.000,90.061
272621,273358,0.000,0.000
272621,273536,0.000,0.000
272622,273438,0.000,0.000
272622,273844,0.000,198.957
272622,276400,0.000,1.933
272623,273254,0.000,0.000
272623,273375,0.000,0.000
272623,273442,0.000,0.000
272623,273724,0.000,0.000
272623,273840,0.000,0.000
272623,273847,0.000,242.917
272623,276184,0.000,31.624
272623,276200,0.000,26.178
272623,276247,0.000,28.975
272625,273261,0.000,0.000
272625,273852,0.000,704.695
272625,276394,0.000,500.829
272628,273290,0.000,0.000
272628,273859,0.000,125.817
272666,272685,0.000,475.765
272666,272686,0.000,230.000
272666,272701,0.000,20.000
272666,272709,0.000,144.278
272666,272712,0.000,130.000
272666,274930,0.000,0.000
272667,272679,0.000,0.000
272667,272694,0.000,107.071
272667,272695,0.000,30.123
272667,272702,0.000,329.919
272667,272731,0.000,96.984
272667,272738,0.000,216.609
272667,272741,0.000,286.326
272668,272734,0.000,16.676
272668,274922,0.000,12.308
272668,274934,0.000,0.000
272669,272734,0.000,61.140
272669,274934,0.000,0.000
272670,272678,0.000,319.009
272670,272738,0.000,238.293
272670,272742,0.000,505.598
272671,272680,0.000,257.447
272671,272694,0.000,32.188
272671,272737,0.000,216.440
272671,272738,0.000,87.272
272671,274095,0.000,0.000
272671,274096,0.000,0.000
272671,274194,0.000,0.000
272672,272715,0.000,329.636
272672,272716,0.000,414.780
272672,272724,0.000,167.550
272672,272734,0.000,210.000
272672,274923,0.000,840.474
272672,274932,0.000,0.000
272672,275498,0.000,18.085
272672,275507,0.000,0.000
272673,272705,0.000,27.849
272673,274924,0.000,21.826
272673,274929,0.000,0.000
272674,272676,0.000,128.848
272674,272728,0.000,122.562
272675,272682,0.000,51.998
272675,272683,0.000,429.950
272675,272704,0.000,100.050
272675,272713,0.000,20.000
272675,272719,0.000,430.000
272676,272687,0.000,36.280
272676,272708,0.000,259.366
272676,272718,0.000,241.594
272676,272720,0.000,220.000
272676,272727,0.000,178.578
272676,272728,0.000,31.422
272676,272736,0.000,0.000
272676,272739,0.000,64.332
272678,272735,0.000,2.239
272678,272742,0.000,60.495
272679,272695,0.000,0.000
272679,272696,0.000,240.000
272679,272697,0.000,493.404
272679,272702,0.000,92.484
272679,272731,0.000,240.615
272679,272741,0.000,507.904
272680,272738,0.000,332.826
272680,274095,0.000,0.000
272680,274096,0.000,99.669
272681,272685,0.000,5.577
272681,272709,0.000,130.093
272681,272711,0.000,0.000
272681,272717,0.000,251.797
272681,272722,0.000,60.000
272681,272723,0.000,204.189
272681,272732,0.000,280.000
272681,272790,0.000,870.000
272681,272803,0.000,220.000
272681,272877,0.000,250.000
272681,272903,0.000,1110.000
272681,274925,0.000,478.699
272681,274930,0.000,0.000
272681,274931,0.000,0.000
272681,275500,0.000,26.479
272681,275506,0.000,0.000
272682,272719,0.000,9.063
272683,272703,0.000,120.364
272683,272704,0.000,7.242
272684,272693,0.000,663.523
272684,272701,0.000,255.287
272684,274926,0.000,0.000
272684,274928,0.000,0.000
272685,272686,0.000,50.000
272685,272732,0.000,160.000
272685,274925,0.000,0.000
272686,272712,0.000,220.000
272686,272732,0.000,10.000
272686,272789,0.000,200.000
272686,272877,0.000,50.000
272687,272698,0.000,267.528
272687,272708,0.000,0.000
272687,272718,0.000,121.350
272687,272736,0.000,40.634
272687,272739,0.000,208.690
272687,274927,0.000,0.000
272688,272691,0.000,113.536
272688,272739,0.000,362.172
272689,272711,0.000,106.216
272689,272864,0.000,245.609
272689,272903,0.000,350.000
272690,272700,0.000,137.275
272692,272720,0.000,251.471
272692,272728,0.000,177.132
272692,274196,0.000,32.926
272692,274198,0.000,0.000
272693,272701,0.000,20.000
272693,272755,0.000,130.000
272693,272791,0.000,56.036
272693,272799,0.000,590.000
272693,274926,0.000,554.849
272693,275501,0.000,0.000
272694,272737,0.000,75.766
272694,272738,0.000,258.277
272694,272741,0.000,108.266
272695,272697,0.000,130.133
272695,272698,0.000,24.992
272695,272702,0.000,226.596
272695,272708,0.000,0.000
272695,272736,0.000,234.059
272695,272738,0.000,274.908
272696,272741,0.000,160.000
272696,274197,0.000,387.701
272697,272702,0.000,0.000
272697,272708,0.000,105.941
272697,272736,0.000,0.000
272698,272736,0.000,698.845
272698,272738,0.000,222.665
272698,274927,0.000,239.999
272698,274935,0.000,0.000
272698,275502,0.000,0.000
272698,275510,0.000,0.000
272699,272700,0.000,180.000
272699,272734,0.000,360.000
272700,272734,0.000,1110.995
272700,274934,0.000,0.000
272701,272709,0.000,100.756
272701,272712,0.000,1650.000
272701,272772,0.000,30.000
272701,272781,0.000,470.000
272701,272799,0.000,560.000
272701,272828,0.000,330.000
272701,272877,0.000,810.000
272701,272878,0.000,390.000
272701,274928,0.000,342.862
272701,274930,0.000,0.000
272701,275503,0.000,0.000
272702,272731,0.000,0.000
272704,272713,0.000,233.478
272705,272715,0.000,199.906
272705,272724,0.000,99.820
272705,274924,0.000,0.000
272705,274929,0.000,379.901
272705,274932,0.000,0.000
272706,272714,0.000,1.903
272706,272719,0.000,58.119
272707,272725,0.000,277.975
272707,272733,0.000,490.590
272708,272736,0.000,192.120
272709,272723,0.000,83.288
272709,274925,0.000,0.000
272709,274928,0.000,0.000
272709,274930,0.000,117.780
272711,272717,0.000,96.375
272711,272903,0.000,40.000
272711,274931,0.000,0.000
272712,272877,0.000,160.000
272713,272719,0.000,140.000
272714,272719,0.000,56.856
272715,272724,0.000,120.000
272715,274923,0.000,0.000
272715,274929,0.000,0.000
272716,272730,0.000,61.410
272716,272734,0.000,210.000
272716,274923,0.000,0.000
272716,274933,0.000,0.000
272717,272903,0.000,0.000
272717,274925,0.000,0.000
272717,274931,0.000,186.710
272717,275500,0.000,0.000
272717,275506,0.000,17.077
272718,272739,0.000,0.000
272720,272727,0.000,95.385
272720,272728,0.000,37.133
272722,272790,0.000,420.000
272723,274925,0.000,0.000
272723,274930,0.000,0.000
272724,272734,0.000,11.494
272724,274923,0.000,0.000
272724,274929,0.000,0.000
272724,274932,0.000,262.327
272724,274934,0.000,0.000
272724,275498,0.000,0.000
272724,275507,0.000,0.000
272726,272729,0.000,67.541
272727,272739,0.000,62.966
272728,274196,0.000,0.000
272728,274198,0.000,165.043
272729,272733,0.000,297.686
272730,272734,0.000,248.500
272730,274933,0.000,233.972
272730,274934,0.000,0.000
272730,275508,0.000,0.000
272730,275509,0.000,0.000
272731,272741,0.000,22.605
272732,272877,0.000,310.000
272734,272740,0.000,1012.723
272734,274922,0.000,0.000
272734,274932,0.000,0.000
272734,274933,0.000,0.000
272734,274934,0.000,1494.781
272734,275508,0.000,0.000
272734,275509,0.000,0.000
272735,272742,0.000,21.009
272736,274927,0.000,0.000
272736,274935,0.000,85.146
272736,275502,0.000,0.000
272736,275510,0.000,0.000
272737,272741,0.000,82.235
272738,272742,0.000,568.887
272738,274096,0.000,0.000
272738,274927,0.000,0.000
272740,274934,0.000,0.000
272743,272753,0.000,264.792
272743,273640,0.000,311.443
272743,274937,0.000,0.000
272743,276404,0.000,0.000
272744,272748,0.000,120.000
272744,272749,0.000,390.000
272744,272754,0.000,29.785
272744,273317,0.000,3.572
272745,273225,0.000,11.905
272745,273652,0.000,21.882
272745,274936,0.000,33.244
272745,274962,0.000,0.000
272746,272750,0.000,7.457
272746,273425,0.000,149.891
272746,273496,0.000,90.000
272747,272750,0.000,9.579
272747,272752,0.000,317.424
272747,273425,0.000,711.350
272748,272749,0.000,716.541
272748,272754,0.000,279.738
272749,272751,0.000,115.458
272749,273317,0.000,352.981
272749,273674,0.000,705.640
272749,274991,0.000,0.000
272750,273287,0.000,60.000
272750,273425,0.000,49.140
272750,273496,0.000,60.000
272750,273517,0.000,17.723
272751,272753,0.000,154.400
272751,273249,0.000,210.000
272751,273407,0.000,150.933
272751,274937,0.000,0.000
272751,274972,0.000,0.000
272753,273249,0.000,150.000
272753,273376,0.000,39.137
272753,273571,0.000,299.884
272753,273640,0.000,215.549
272753,274937,0.000,1232.300
272753,275512,0.000,51.612
272753,276398,0.000,0.000
272753,276404,0.000,0.000
272755,272772,0.000,190.000
272755,272791,0.000,187.868
272755,272799,0.000,190.000
272762,272786,0.000,290.000
272762,272796,0.000,160.000
272762,272802,0.000,130.000
272762,272806,0.000,90.000
272762,272852,0.000,10.000
272764,272765,0.000,720.000
272764,272783,0.000,180.000
272764,272830,0.000,110.000
272764,272880,0.000,550.000
272764,272898,0.000,180.000
272765,272772,0.000,226.672
272765,272781,0.000,120.000
272765,272801,0.000,480.000
272765,272816,0.000,130.000
272765,272830,0.000,110.000
272765,272844,0.000,550.000
272765,272850,0.000,193.819
272765,272871,0.000,0.000
272765,272876,0.000,70.000
272765,272878,0.000,120.000
272765,272879,0.000,80.000
272765,272888,0.000,930.000
272765,272891,0.000,400.000
272765,272898,0.000,20.000
272765,272912,0.000,30.000
272765,274949,0.000,0.000
272769,272832,0.000,710.000
272769,272842,0.000,320.000
272769,272868,0.000,80.000
272769,272869,0.000,330.000
272770,272822,0.000,60.884
272770,272834,0.000,680.000
272770,272842,0.000,240.000
272770,272870,0.000,1163.794
272770,272915,0.000,899.406
272771,272782,0.000,360.000
272771,272836,0.000,30.000
272771,272847,0.000,150.000
272771,272851,0.000,510.000
272771,272864,0.000,360.000
272771,272889,0.000,30.000
272771,272895,0.000,180.000
272772,272791,0.000,10.000
272772,272799,0.000,60.000
272772,272826,0.000,128.568
272772,272828,0.000,30.000
272772,272878,0.000,150.000
272773,272776,0.000,58.096
272773,272813,0.000,60.000
272773,272901,0.000,256.875
272773,274938,0.000,143.821
272773,275514,0.000,4.883
272774,272824,0.000,220.000
272774,272832,0.000,190.000
272774,272868,0.000,330.000
272774,272869,0.000,160.000
272776,272813,0.000,180.416
272776,274938,0.000,0.000
272776,274942,0.000,0.000
272778,272836,0.000,599.433
272781,272801,0.000,200.000
272781,272803,0.000,770.000
272781,272877,0.000,1090.000
272781,272878,0.000,80.000
272781,272879,0.000,440.000
272781,272888,0.000,90.000
272782,272836,0.000,150.000
272782,272843,0.000,93.692
272782,272895,0.000,64.075
272783,272880,0.000,270.000
272783,272898,0.000,490.000
272783,272910,0.000,20.000
272786,272798,0.000,168.035
272786,272806,0.000,150.000
272786,272852,0.000,90.000
272786,274939,0.000,0.000
272787,272824,0.000,140.223
272787,272830,0.000,104.325
272789,272877,0.000,520.000
272790,272903,0.000,210.000
272791,272826,0.000,127.781
272791,274926,0.000,0.000
272792,272808,0.000,759.456
272792,272853,0.000,3.023
272792,272901,0.000,4.306
272792,274940,0.000,0.000
272793,272796,0.000,40.837
272793,272806,0.000,155.544
272793,272841,0.000,8.089
272793,272867,0.000,2.834
272794,272796,0.000,90.000
272794,272806,0.000,390.000
272795,272799,0.000,370.000
272795,272828,0.000,270.000
272796,272802,0.000,150.000
272796,272806,0.000,200.000
272796,272841,0.000,1.759
272796,272846,0.000,25.542
272796,272908,0.000,513.457
272797,272811,0.000,379.889
272798,272806,0.000,8.980
272798,272833,0.000,182.686
272798,272852,0.000,111.225
272798,272876,0.000,253.908
272798,272913,0.000,199.811
272798,274939,0.000,743.771
272798,274953,0.000,0.000
272799,272828,0.000,90.000
272801,272878,0.000,280.000
272802,272809,0.000,35.452
272802,272819,0.000,279.677
272802,272841,0.000,53.818
272802,272846,0.000,440.000
272802,272852,0.000,298.817
272802,272854,0.000,35.572
272802,272892,0.000,51.292
272802,272908,0.000,90.000
272802,274941,0.000,0.000
272802,274944,0.000,0.000
272802,274950,0.000,0.000
272802,274955,0.000,0.000
272802,275522,0.000,0.000
272802,275535,0.000,0.000
272803,272847,0.000,870.000
272803,272848,0.000,130.000
272803,272877,0.000,200.000
272803,272888,0.000,250.000
272803,272903,0.000,840.000
272803,272909,0.000,220.000
272806,272833,0.000,380.957
272806,272867,0.000,13.795
272806,274939,0.000,0.000
272808,272832,0.000,570.000
272808,272839,0.000,300.379
272808,272850,0.000,3.580
272808,272853,0.000,102.432
272808,272883,0.000,44.846
272808,272901,0.000,280.000
272808,272904,0.000,718.814
272808,274940,0.000,1064.231
272808,274948,0.000,0.000
272808,274949,0.000,0.000
272808,274954,0.000,0.000
272808,275517,0.000,13.076
272808,275526,0.000,0.000
272808,275536,0.000,0.000
272809,274941,0.000,30.273
272811,272887,0.000,19.642
272813,272832,0.000,130.000
272813,272901,0.000,170.000
272813,272915,0.000,368.411
272813,274942,0.000,347.975
272816,272836,0.000,654.085
272816,272847,0.000,430.000
272816,272855,0.000,395.245
272816,272871,0.000,18.229
272816,272888,0.000,40.000
272816,272912,0.000,451.186
272816,274952,0.000,0.000
272819,272892,0.000,1.350
272819,274944,0.000,238.530
272819,274955,0.000,0.000
272819,275522,0.000,0.000
272822,272824,0.000,3.059
272822,272830,0.000,40.544
272822,272842,0.000,54.081
272822,272868,0.000,93.157
272824,272830,0.000,520.000
272824,272832,0.000,380.000
272824,272868,0.000,340.000
272824,272880,0.000,850.000
272830,272880,0.000,510.000
272830,272891,0.000,130.000
272830,272906,0.000,120.000
272830,272913,0.000,988.565
272832,272842,0.000,70.000
272832,272844,0.000,260.000
272832,272869,0.000,300.000
272832,272880,0.000,10.000
272832,272901,0.000,40.000
272832,272904,0.000,50.000
272832,272910,0.000,240.000
272832,272915,0.000,710.000
272833,272867,0.000,13.299
272833,272913,0.000,198.131
272833,274939,0.000,0.000
272834,272842,0.000,420.000
272834,272915,0.000,180.000
272836,272843,0.000,3.404
272836,272847,0.000,1880.000
272839,274940,0.000,0.000
272839,274948,0.000,238.783
272839,275517,0.000,0.000
272839,275526,0.000,11.180
272841,272846,0.000,85.120
272842,272868,0.000,565.859
272842,272915,0.000,250.000
272844,272850,0.000,230.000
272844,272898,0.000,590.000
272844,272904,0.000,840.000
272844,272910,0.000,530.000
272846,272908,0.000,626.757
272847,272855,0.000,590.000
272847,272888,0.000,570.000
272847,272889,0.000,1050.000
272847,272903,0.000,900.000
272847,272909,0.000,620.000
272848,272877,0.000,590.000
272850,272904,0.000,330.014
272850,274940,0.000,0.000
272850,274949,0.000,130.656
272850,274956,0.000,0.000
272850,275528,0.000,62.754
272850,275536,0.000,0.000
272851,272864,0.000,30.000
272851,272889,0.000,360.000
272851,272903,0.000,240.000
272852,274939,0.000,0.000
272853,272901,0.000,109.656
272853,274940,0.000,0.000
272854,274950,0.000,28.624
272864,272895,0.000,34.363
272864,272903,0.000,450.000
272867,272913,0.000,213.416
272868,272869,0.000,70.000
272871,272876,0.000,721.517
272871,272912,0.000,720.000
272871,274952,0.000,16.782
272871,274953,0.000,0.000
272871,275531,0.000,0.000
272876,272891,0.000,300.000
272876,272906,0.000,120.000
272876,272912,0.000,0.000
272876,272913,0.000,290.000
272876,274939,0.000,0.000
272876,274952,0.000,0.000
272876,274953,0.000,338.289
272879,272888,0.000,300.000
272880,272910,0.000,70.000
272883,274940,0.000,0.000
272883,274954,0.000,34.055
272889,272903,0.000,120.000
272891,272906,0.000,610.000
272892,274944,0.000,0.000
272892,274955,0.000,38.580
272892,275535,0.000,7.900
272898,272910,0.000,160.000
272901,274938,0.000,0.000
272904,274949,0.000,0.000
272904,274956,0.000,152.188
272904,275517,0.000,0.000
272904,275528,0.000,0.000
272904,275536,0.000,86.533
272906,272913,0.000,630.000
272913,274939,0.000,0.000
272915,274942,0.000,0.000
273168,273201,0.000,180.000
273168,273352,0.000,60.000
273168,273462,0.000,287.562
273168,273465,0.000,840.000
273168,273479,0.000,570.000
273168,273745,0.000,180.000
273168,273788,0.000,485.402
273168,273803,0.000,240.000
273169,273177,0.000,250.000
273169,273268,0.000,1190.000
273169,273360,0.000,0.000
273169,273399,0.000,543.249
273169,273631,0.000,1765.932
273169,274343,0.000,1607.987
273169,274350,0.000,0.000
273172,273387,0.000,7.875
273172,273449,0.000,295.447
273172,276990,0.000,189.042
273172,277042,0.000,0.000
273172,277270,0.000,0.000
273177,273268,0.000,1720.000
273178,273631,0.000,440.000
273178,273682,0.000,260.000
273181,273444,0.000,262.474
273181,273546,0.000,58.503
273181,276993,0.000,348.106
273181,277040,0.000,0.000
273181,277060,0.000,0.000
273184,273584,0.000,30.000
273184,273696,0.000,105.855
273184,273729,0.000,170.425
273184,273764,0.000,145.171
273186,273195,0.000,858.707
273186,273276,0.000,60.000
273186,273379,0.000,36.513
273186,273557,0.000,1581.410
273186,273622,0.000,157.901
273186,273689,0.000,175.698
273186,273759,0.000,15.513
273186,274352,0.000,0.000
273186,274354,0.000,0.000
273186,274971,0.000,0.000
273186,274985,0.000,0.000
273188,273381,0.000,135.145
273193,273202,0.000,70.000
273193,273397,0.000,110.544
273193,273478,0.000,239.436
273194,273793,0.000,434.334
273195,273276,0.000,30.000
273195,273379,0.000,210.900
273195,273695,0.000,812.920
273195,274971,0.000,0.000
273196,273225,0.000,148.308
273196,273243,0.000,45.815
273196,273652,0.000,246.739
273196,274962,0.000,0.000
273196,274964,0.000,0.000
273199,273453,0.000,64.953
273199,273479,0.000,616.298
273201,273322,0.000,327.214
273201,273462,0.000,298.347
273201,276192,0.000,0.000
273201,276392,0.000,127.490
273201,277261,0.000,47.853
273202,273290,0.000,1076.517
273202,273397,0.000,92.679
273202,273478,0.000,390.000
273202,273635,0.000,1.256
273202,273849,0.000,210.000
273204,273427,0.000,1260.000
273204,273752,0.000,60.000
273212,273237,0.000,720.000
273212,273335,0.000,180.000
273212,273726,0.000,0.000
273213,273370,0.000,152.879
273216,273381,0.000,220.298
273216,273529,0.000,37.594
273216,273537,0.000,87.119
273216,273753,0.000,7.615
273216,274961,0.000,290.500
273216,274980,0.000,0.000
273216,274998,0.000,0.000
273216,275544,0.000,3.178
273216,275576,0.000,0.000
273218,273231,0.000,90.000
273218,273237,0.000,60.000
273218,273324,0.000,240.000
273218,273466,0.000,30.000
273218,273493,0.000,270.000
273218,273519,0.000,90.000
273218,273639,0.000,30.000
273218,273762,0.000,0.000
273218,273786,0.000,270.000
273218,273820,0.000,60.000
273222,273377,0.000,435.619
273222,273396,0.000,180.000
273222,273444,0.000,3.991
273222,273680,0.000,360.000
273222,273785,0.000,180.000
273222,276201,0.000,0.000
273222,277040,0.000,0.000
273223,273317,0.000,0.000
273223,273588,0.000,143.607
273223,273674,0.000,1229.995
273223,274984,0.000,0.000
273223,274991,0.000,0.000
273225,273325,0.000,686.846
273225,273422,0.000,207.813
273225,273514,0.000,3.062
273225,273529,0.000,60.000
273225,273652,0.000,329.092
273225,273657,0.000,460.000
273225,273758,0.000,120.000
273225,274936,0.000,0.000
273225,274962,0.000,846.045
273225,274970,0.000,0.000
273225,274979,0.000,0.000
273225,275545,0.000,129.169
273226,273299,0.000,249.668
273226,273562,0.000,20.000
273226,273755,0.000,377.954
273226,273802,0.000,70.033
273226,276181,0.000,563.584
273226,276396,0.000,0.000
273227,273488,0.000,55.665
273227,273709,0.000,283.287
273227,273716,0.000,3.545
273227,274963,0.000,449.958
273227,274993,0.000,0.000
273231,273244,0.000,168.501
273231,273466,0.000,60.000
273231,273786,0.000,190.000
273232,273492,0.000,120.000
273232,273495,0.000,780.000
273232,273833,0.000,17.838
273232,277263,0.000,189.892
273232,277281,0.000,0.000
273233,273402,0.000,144.432
273233,273427,0.000,270.804
273233,273659,0.000,61.386
273233,274975,0.000,0.000
273234,273584,0.000,385.647
273234,273729,0.000,18.278
273234,273764,0.000,121.569
273235,273415,0.000,112.256
273237,273288,0.000,101.949
273237,273309,0.000,230.000
273237,273335,0.000,300.000
273237,273371,0.000,710.000
273237,273401,0.000,210.000
273237,273429,0.000,390.000
273237,273493,0.000,30.000
273237,273518,0.000,300.000
273237,273541,0.000,360.000
273237,273552,0.000,410.000
273237,273639,0.000,270.000
273237,273661,0.000,210.000
273237,273726,0.000,1410.000
273237,273771,0.000,150.000
273237,273791,0.000,330.000
273237,273820,0.000,390.000
273243,273652,0.000,10.120
273243,274964,0.000,53.043
273244,273466,0.000,450.000
273245,273415,0.000,2.978
273245,273554,0.000,57.361
273245,273561,0.000,11.815
273249,273407,0.000,66.853
273249,273571,0.000,29.921
273249,274965,0.000,76.236
273249,274972,0.000,0.000
273249,275550,0.000,13.295
273252,273497,0.000,615.873
273252,273560,0.000,263.790
273252,274966,0.000,141.195
273252,274977,0.000,0.000
273252,275551,0.000,0.000
273252,275573,0.000,0.000
273254,273375,0.000,240.519
273254,273724,0.000,39.179
273254,273847,0.000,208.376
273254,276184,0.000,126.764
273254,276247,0.000,0.000
273254,277003,0.000,35.968
273254,277026,0.000,0.000
273255,273490,0.000,150.613
273255,273701,0.000,810.340
273255,273722,0.000,99.845
273255,274976,0.000,0.000
273258,273306,0.000,232.929
273258,273832,0.000,375.947
273261,273445,0.000,779.438
273261,273489,0.000,187.512
273261,273499,0.000,302.429
273261,273602,0.000,40.716
273261,273678,0.000,30.000
273261,273852,0.000,542.829
273261,275552,0.000,0.000
273261,275574,0.000,0.000
273261,276394,0.000,1617.474
273261,276401,0.000,0.000
273261,277050,0.000,0.000
273261,277264,0.000,432.217
273262,273605,0.000,19.150
273262,274099,0.000,617.553
273262,274103,0.000,0.000
273263,273357,0.000,330.000
273263,273438,0.000,960.000
273263,273501,0.000,150.000
273263,273751,0.000,210.000
273263,273842,0.000,0.000
273263,273854,0.000,270.000
273268,273360,0.000,150.000
273268,273399,0.000,0.000
273268,273765,0.000,560.000
273273,273529,0.000,119.364
273273,274967,0.000,93.121
273273,274980,0.000,0.000
273274,273332,0.000,94.054
273274,273571,0.000,210.374
273274,273674,0.000,208.680
273274,274991,0.000,0.000
273274,276395,0.000,253.512
273274,277265,0.000,382.241
273274,277268,0.000,0.000
273275,273370,0.000,139.454
273275,273473,0.000,62.273
273275,273568,0.000,89.298
273275,273742,0.000,550.000
273276,273399,0.000,40.000
273276,273487,0.000,189.414
273276,273598,0.000,1230.000
273276,273631,0.000,411.574
273276,273695,0.000,833.175
273276,273759,0.000,226.459
273276,274350,0.000,0.000
273276,274354,0.000,0.000
273276,274968,0.000,1957.472
273276,275555,0.000,20.066
273287,273405,0.000,271.655
273287,273496,0.000,462.161
273287,273517,0.000,299.866
273288,273309,0.000,72.749
273288,273371,0.000,138.850
273290,273447,0.000,332.968
273290,273519,0.000,238.561
273290,273792,0.000,33.198
273290,273849,0.000,60.000
273290,273859,0.000,138.352
273298,273424,0.000,4.053
273298,273497,0.000,19.117
273298,273776,0.000,127.272
273298,274969,0.000,144.098
273298,274974,0.000,0.000
273298,274977,0.000,0.000
273299,273755,0.000,55.086
273299,276181,0.000,0.000
273299,276396,0.000,223.695
273306,273704,0.000,240.187
273306,273709,0.000,293.647
273306,273832,0.000,85.177
273309,273661,0.000,27.956
273309,274990,0.000,0.000
273312,273422,0.000,10.433
273316,273328,0.000,177.944
273316,273350,0.000,25.310
273316,273450,0.000,325.698
273316,273556,0.000,8.557
273317,273588,0.000,208.982
273317,273674,0.000,60.000
273317,274984,0.000,0.000
273322,273438,0.000,564.591
273322,273462,0.000,405.358
273322,273501,0.000,30.000
273322,273793,0.000,186.763
273322,276192,0.000,1622.284
273322,276392,0.000,0.000
273322,276400,0.000,0.000
273322,277015,0.000,261.508
273324,273493,0.000,540.000
273324,273519,0.000,180.000
273325,273416,0.000,130.379
273325,273744,0.000,591.785
273325,273758,0.000,309.361
273325,274962,0.000,0.000
273325,274970,0.000,1083.792
273325,274996,0.000,0.000
273325,274999,0.000,0.000
273325,275559,0.000,7.416
273325,275597,0.000,0.000
273329,273418,0.000,2.181
273329,273562,0.000,31.453
273329,273671,0.000,214.961
273329,273740,0.000,187.186
273329,273755,0.000,402.013
273330,273333,0.000,255.662
273330,273349,0.000,20.000
273330,273546,0.000,278.376
273330,273611,0.000,260.000
273330,273806,0.000,6.144
273330,276195,0.000,0.000
273330,276254,0.000,0.000
273330,277017,0.000,190.249
273330,277060,0.000,0.000
273332,273375,0.000,150.000
273332,273402,0.000,660.000
273332,273674,0.000,1110.000
273332,275560,0.000,0.000
273332,277265,0.000,0.000
273332,277268,0.000,653.219
273333,273349,0.000,132.526
273333,276195,0.000,0.000
273333,277018,0.000,83.786
273333,277022,0.000,0.000
273335,273429,0.000,120.000
273335,273493,0.000,180.000
273335,273726,0.000,3300.000
273349,277018,0.000,0.000
273349,277022,0.000,404.807
273350,273450,0.000,30.000
273350,273495,0.000,160.186
273350,276217,0.000,0.000
273352,273479,0.000,450.000
273352,273492,0.000,480.000
273352,273495,0.000,0.000
273352,273718,0.000,180.000
273352,273803,0.000,150.000
273353,273370,0.000,20.153
273353,273536,0.000,2.429
273353,273693,0.000,188.242
273355,273537,0.000,114.038
273356,273449,0.000,437.046
273356,273474,0.000,40.000
273356,273809,0.000,455.243
273356,277024,0.000,53.311
273356,277042,0.000,0.000
273356,277106,0.000,0.000
273357,273501,0.000,240.000
273357,273677,0.000,60.000
273357,273751,0.000,120.000
273357,273793,0.000,90.000
273358,273370,0.000,420.000
273358,273536,0.000,107.332
273360,273399,0.000,220.264
273360,273605,0.000,718.103
273360,274103,0.000,0.000
273366,273407,0.000,21.951
273366,273571,0.000,23.325
273366,273573,0.000,0.000
273366,273674,0.000,270.000
273366,274972,0.000,0.000
273370,273392,0.000,170.780
273370,273490,0.000,56.655
273370,273536,0.000,149.930
273370,273544,0.000,221.758
273370,273701,0.000,570.000
273370,273705,0.000,17.861
273370,273742,0.000,120.000
273370,274976,0.000,0.000
273371,273401,0.000,240.901
273371,273454,0.000,133.656
273371,273576,0.000,40.957
273371,274983,0.000,0.000
273372,273811,0.000,117.475
273372,275000,0.000,0.000
273375,273402,0.000,420.000
273375,273847,0.000,123.822
273375,276200,0.000,18.627
273375,277003,0.000,0.000
273375,277026,0.000,532.118
273376,273571,0.000,14.931
273376,274937,0.000,0.000
273376,276398,0.000,42.052
273377,273396,0.000,30.000
273377,273449,0.000,43.054
273377,276201,0.000,469.654
273377,277027,0.000,93.640
273377,277042,0.000,0.000
273379,273622,0.000,0.038
273379,274971,0.000,232.331
273379,274985,0.000,0.000
273381,273405,0.000,210.000
273381,273430,0.000,126.404
273381,273529,0.000,40.000
273381,273537,0.000,120.000
273381,273566,0.000,273.508
273381,273629,0.000,1.188
273381,273700,0.000,476.196
273381,274961,0.000,0.000
273382,273517,0.000,45.412
273385,273635,0.000,28.121
273387,273449,0.000,460.000
273387,275563,0.000,10.543
273387,276399,0.000,265.783
273387,276990,0.000,0.000
273387,277270,0.000,105.439
273389,273427,0.000,30.000
273389,273752,0.000,20.992
273392,273490,0.000,1.386
273392,273701,0.000,124.821
273392,274976,0.000,0.000
273396,273449,0.000,708.830
273396,273680,0.000,230.000
273396,277032,0.000,8.119
273396,277042,0.000,0.000
273399,273487,0.000,112.915
273399,273598,0.000,410.000
273399,273631,0.000,177.679
273399,274343,0.000,0.000
273399,274350,0.000,0.000
273401,273576,0.000,60.106
273401,273771,0.000,120.000
273401,273783,0.000,240.000
273401,274983,0.000,0.000
273402,273427,0.000,151.829
273402,273464,0.000,90.000
273402,273659,0.000,228.912
273402,273674,0.000,30.000
273402,273840,0.000,55.772
273402,273847,0.000,30.000
273402,274975,0.000,0.000
273403,273546,0.000,341.577
273403,273611,0.000,73.940
273403,277034,0.000,292.377
273403,277060,0.000,0.000
273403,277069,0.000,0.000
273405,273425,0.000,0.000
273405,273496,0.000,60.000
273405,273529,0.000,717.314
273405,273629,0.000,93.568
273405,274980,0.000,0.000
273406,273433,0.000,107.268
273406,273655,0.000,270.000
273406,273726,0.000,3175.981
273406,273782,0.000,202.611
273407,273571,0.000,58.211
273407,273573,0.000,234.776
273407,273674,0.000,0.000
273407,274965,0.000,0.000
273407,274972,0.000,896.182
273407,275564,0.000,44.555
273408,273601,0.000,120.000
273408,273783,0.000,240.000
273411,273497,0.000,147.805
273411,273688,0.000,135.539
273411,274977,0.000,0.000
273412,273675,0.000,13.476
273412,273792,0.000,683.158
273415,273561,0.000,750.000
273415,273691,0.000,97.334
273415,273801,0.000,6.321
273416,273744,0.000,59.783
273416,274970,0.000,0.000
273416,274996,0.000,0.000
273418,273446,0.000,193.718
273418,273508,0.000,134.513
273418,273740,0.000,108.969
273418,273761,0.000,11.414
273420,273495,0.000,98.531
273420,273709,0.000,67.837
273420,273733,0.000,15.839
273420,276217,0.000,0.000
273422,273628,0.000,15.056
273422,274962,0.000,0.000
273424,273776,0.000,69.437
273424,274969,0.000,0.000
273424,274974,0.000,93.980
273425,273496,0.000,888.928
273425,273529,0.000,90.190
273425,274980,0.000,0.000
273427,273435,0.000,824.181
273427,273464,0.000,840.000
273427,273512,0.000,110.346
273427,273578,0.000,582.316
273427,273586,0.000,411.990
273427,273749,0.000,189.753
273427,273752,0.000,527.572
273427,274975,0.000,1700.350
273427,274997,0.000,0.000
273427,275567,0.000,146.195
273428,273456,0.000,374.528
273429,273493,0.000,330.000
273430,273503,0.000,156.317
273430,273700,0.000,60.000
273433,273726,0.000,120.000
273433,273739,0.000,68.728
273435,273464,0.000,60.000
273435,273674,0.000,50.000
273435,274975,0.000,0.000
273438,273501,0.000,390.000
273438,273844,0.000,278.067
273438,273854,0.000,210.000
273438,275568,0.000,145.688
273438,275592,0.000,0.000
273438,276192,0.000,0.000
273438,276400,0.000,685.482
273438,277271,0.000,11.012
273439,273472,0.000,120.955
273439,273562,0.000,57.338
273439,273671,0.000,18.713
273439,273740,0.000,38.559
273441,273631,0.000,1379.309
273441,273682,0.000,511.265
273441,274350,0.000,0.000
273442,273724,0.000,46.030
273442,273847,0.000,6.033
273442,276247,0.000,0.000
273444,273546,0.000,295.030
273444,273785,0.000,518.940
273444,276993,0.000,0.000
273444,277040,0.000,838.041
273444,277060,0.000,0.000
273444,277101,0.000,0.000
273445,273602,0.000,1.686
273445,273678,0.000,351.938
273445,276394,0.000,0.000
273445,276401,0.000,947.384
273445,276405,0.000,0.000
273446,273508,0.000,578.105
273446,273596,0.000,58.634
273446,273761,0.000,700.000
273447,273519,0.000,416.803
273447,273849,0.000,150.000
273449,273474,0.000,10.000
273449,273581,0.000,20.619
273449,273680,0.000,40.000
273449,273687,0.000,280.000
273449,273693,0.000,80.000
273449,273701,0.000,767.989
273449,273705,0.000,365.525
273449,273722,0.000,185.077
273449,273737,0.000,70.000
273449,273761,0.000,98.547
273449,273809,0.000,181.697
273449,276210,0.000,629.292
273449,276990,0.000,0.000
273449,277024,0.000,0.000
273449,277027,0.000,0.000
273449,277032,0.000,0.000
273449,277042,0.000,418.279
273449,277106,0.000,0.000
273450,273451,0.000,325.027
273450,273495,0.000,330.000
273451,273479,0.000,296.099
273451,273495,0.000,30.000
273453,273479,0.000,535.678
273456,273641,0.000,180.000
273456,273841,0.000,339.018
273457,273855,0.000,36.334
273457,277273,0.000,43.436
273457,277283,0.000,0.000
273460,273554,0.000,522.760
273462,273793,0.000,304.425
273462,276192,0.000,0.000
273462,276392,0.000,0.000
273464,273674,0.000,885.050
273464,274991,0.000,0.000
273465,273803,0.000,316.835
273465,275571,0.000,151.271
273465,277103,0.000,0.000
273465,277274,0.000,64.903
273466,273519,0.000,0.000
273466,273607,0.000,90.000
273466,273762,0.000,450.000
273468,273521,0.000,198.959
273468,273674,0.000,450.000
273472,273562,0.000,852.899
273472,273802,0.000,23.368
273473,273742,0.000,10.338
273473,274995,0.000,0.000
273474,273506,0.000,99.000
273474,273735,0.000,150.000
273474,273748,0.000,184.891
273474,273761,0.000,740.000
273474,273809,0.000,270.000
273474,277047,0.000,60.247
273474,277054,0.000,0.000
273474,277096,0.000,0.000
273476,273562,0.000,82.853
273478,273523,0.000,234.670
273478,273635,0.000,30.137
273478,273849,0.000,15.795
273479,273492,0.000,0.000
273479,273494,0.000,20.110
273479,273495,0.000,1298.490
273479,273745,0.000,780.000
273479,273788,0.000,949.468
273479,273845,0.000,480.000
273479,276217,0.000,0.000
273487,273695,0.000,111.412
273487,274968,0.000,0.000
273487,275555,0.000,0.000
273488,273499,0.000,265.246
273488,273709,0.000,360.000
273489,277050,0.000,80.648
273489,277264,0.000,0.000
273490,273722,0.000,1.393
273490,273742,0.000,131.303
273490,274976,0.000,287.575
273490,274995,0.000,0.000
273492,273495,0.000,480.000
273492,273803,0.000,30.000
273493,273519,0.000,990.000
273493,273696,0.000,0.927
273493,273726,0.000,700.371
273493,273792,0.000,2108.603
273495,273833,0.000,63.403
273495,276217,0.000,358.079
273495,277052,0.000,149.513
273495,277281,0.000,0.000
273496,273529,0.000,0.000
273497,273518,0.000,242.738
273497,273560,0.000,270.444
273497,273601,0.000,150.000
273497,273637,0.000,150.000
273497,273650,0.000,290.048
273497,273688,0.000,381.646
273497,273770,0.000,480.000
273497,273776,0.000,181.776
273497,273783,0.000,690.000
273497,274966,0.000,0.000
273497,274969,0.000,0.000
273497,274977,0.000,1346.883
273497,274988,0.000,0.000
273497,275551,0.000,0.000
273497,275573,0.000,44.625
273497,275586,0.000,0.000
273499,274978,0.000,247.532
273499,275552,0.000,0.000
273499,275574,0.000,4.277
273501,273793,0.000,690.000
273502,273506,0.000,335.265
273502,273761,0.000,220.206
273502,276219,0.000,0.000
273502,276273,0.000,371.146
273503,273700,0.000,171.796
273506,273761,0.000,130.000
273506,276219,0.000,11.434
273506,276273,0.000,0.000
273506,277047,0.000,0.000
273506,277054,0.000,178.458
273508,273740,0.000,797.621
273509,273699,0.000,87.948
273509,273728,0.000,0.008
273509,275008,0.000,0.000
273512,273520,0.000,120.000
273512,273586,0.000,127.685
273512,274975,0.000,0.000
273514,273657,0.000,29.904
273514,274962,0.000,0.000
273514,274979,0.000,26.536
273514,274989,0.000,0.000
273518,273726,0.000,390.000
273518,273771,0.000,120.000
273518,273782,0.000,830.364
273518,273783,0.000,150.000
273518,274977,0.000,0.000
273519,273607,0.000,750.000
273519,273762,0.000,300.000
273519,273792,0.000,209.517
273519,273849,0.000,420.000
273520,273586,0.000,540.000
273521,273674,0.000,120.000
273521,273811,0.000,1276.541
273521,275000,0.000,0.000
273523,273635,0.000,26.350
273525,273546,0.000,360.000
273525,273785,0.000,540.000
273527,273740,0.000,34.567
273529,273657,0.000,53.959
273529,273758,0.000,26.441
273529,274961,0.000,0.000
273529,274967,0.000,0.000
273529,274980,0.000,931.127
273529,274989,0.000,0.000
273529,274999,0.000,0.000
273529,275544,0.000,0.000
273529,275576,0.000,24.806
273529,275587,0.000,0.000
273533,273554,0.000,248.198
273533,273601,0.000,90.000
273533,273630,0.000,180.000
273533,273637,0.000,56.633
273533,273650,0.000,43.910
273533,273807,0.000,21.855
273533,274987,0.000,0.000
273533,274988,0.000,0.000
273536,273693,0.000,3.500
273537,273566,0.000,600.000
273537,273677,0.000,30.000
273537,273753,0.000,121.388
273537,273793,0.000,502.401
273537,273841,0.000,690.000
273537,274961,0.000,0.000
273537,274998,0.000,0.000
273541,273639,0.000,270.000
273541,273820,0.000,30.000
273546,273611,0.000,183.562
273546,273785,0.000,360.000
273546,276993,0.000,0.000
273546,277017,0.000,0.000
273546,277034,0.000,0.000
273546,277040,0.000,0.000
273546,277060,0.000,1105.213
273546,277069,0.000,0.000
273552,273639,0.000,138.477
273552,273791,0.000,150.000
273554,273561,0.000,330.072
273554,273574,0.000,17.529
273554,273601,0.000,480.000
273554,273630,0.000,330.000
273554,273789,0.000,210.000
273554,273801,0.000,237.771
273554,274982,0.000,0.000
273557,273689,0.000,120.000
273557,273699,0.000,912.737
273557,273728,0.000,159.249
273557,275008,0.000,0.000
273560,273688,0.000,145.621
273560,273692,0.000,40.844
273560,274966,0.000,0.000
273560,274977,0.000,0.000
273561,273691,0.000,30.000
273561,273801,0.000,371.257
273562,273671,0.000,550.000
273562,273755,0.000,1130.000
273562,273802,0.000,50.000
273566,273841,0.000,455.712
273571,273674,0.000,210.000
273571,274937,0.000,0.000
273571,274972,0.000,0.000
273571,275550,0.000,0.000
273571,276395,0.000,0.000
273571,276398,0.000,0.000
273573,273674,0.000,1578.539
273573,274972,0.000,0.000
273573,274991,0.000,0.000
273574,273601,0.000,319.104
273574,273789,0.000,8.990
273574,273801,0.000,4.168
273574,274982,0.000,287.774
273576,274983,0.000,460.312
273578,274975,0.000,0.000
273581,273596,0.000,5.421
273581,273761,0.000,70.281
273581,276210,0.000,0.000
273584,273696,0.000,406.729
273584,273726,0.000,2430.000
273584,273739,0.000,158.406
273584,273764,0.000,698.634
273586,274975,0.000,0.000
273588,273674,0.000,0.000
273588,273811,0.000,324.962
273588,274984,0.000,209.463
273588,275000,0.000,0.000
273588,275581,0.000,62.769
273588,275602,0.000,0.000
273596,273761,0.000,165.453
273598,273631,0.000,400.000
273601,273630,0.000,2730.000
273601,273650,0.000,720.000
273601,273770,0.000,240.000
273601,273783,0.000,210.000
273601,273789,0.000,228.703
273601,274982,0.000,0.000
273602,276394,0.000,0.000
273602,276401,0.000,0.000
273605,274099,0.000,0.000
273605,274103,0.000,555.839
273605,274206,0.000,99.277
273607,273762,0.000,90.000
273611,277034,0.000,0.000
273611,277060,0.000,0.000
273611,277069,0.000,268.283
273622,274971,0.000,0.000
273622,274985,0.000,152.796
273624,273726,0.000,600.000
273625,273696,0.000,93.838
273625,273729,0.000,323.963
273631,273682,0.000,110.957
273631,274343,0.000,0.000
273631,274350,0.000,1225.072
273631,274968,0.000,0.000
273637,273650,0.000,122.100
273637,273692,0.000,8.122
273637,274987,0.000,375.829
273637,274988,0.000,0.000
273637,275584,0.000,58.769
273639,273786,0.000,79.302
273639,273820,0.000,480.000
273640,274937,0.000,0.000
273640,276404,0.000,71.016
273641,273841,0.000,300.000
273644,273661,0.000,184.688
273644,274990,0.000,0.000
273650,273770,0.000,180.000
273650,274977,0.000,0.000
273650,274987,0.000,0.000
273650,274988,0.000,599.691
273650,275573,0.000,0.000
273650,275586,0.000,19.670
273652,274936,0.000,0.000
273652,274962,0.000,0.000
273652,274964,0.000,0.000
273655,273726,0.000,180.000
273655,273782,0.000,922.767
273657,274979,0.000,0.000
273657,274980,0.000,0.000
273657,274989,0.000,271.920
273657,275576,0.000,0.000
273657,275587,0.000,5.813
273659,273840,0.000,17.398
273661,273791,0.000,90.000
273661,274990,0.000,480.489
273661,275588,0.000,0.000
273671,273740,0.000,390.000
273674,273811,0.000,92.727
273674,274991,0.000,2983.715
273674,275000,0.000,0.000
273674,275589,0.000,22.168
273674,276395,0.000,0.000
273675,273792,0.000,202.548
273677,273751,0.000,180.000
273677,273793,0.000,210.000
273677,273841,0.000,300.000
273677,273842,0.000,180.000
273678,273833,0.000,61.528
273678,275590,0.000,33.454
273678,275603,0.000,0.000
273678,276401,0.000,0.000
273678,276405,0.000,338.258
273678,277277,0.000,633.460
273678,277281,0.000,0.000
273680,273687,0.000,230.000
273680,273693,0.000,299.043
273680,273730,0.000,600.000
273680,276239,0.000,438.974
273682,274350,0.000,0.000
273687,273693,0.000,590.000
273687,273730,0.000,540.000
273688,274977,0.000,0.000
273689,273699,0.000,66.471
273689,274352,0.000,348.399
273691,273801,0.000,11.336
273692,274987,0.000,0.000
273693,273705,0.000,47.520
273693,276239,0.000,0.000
273695,274968,0.000,0.000
273696,273726,0.000,152.914
273696,273729,0.000,30.000
273699,273728,0.000,6.851
273699,274352,0.000,0.000
273701,273705,0.000,411.197
273701,273722,0.000,271.888
273701,273737,0.000,870.000
273701,276210,0.000,0.000
273703,273792,0.000,145.687
273705,276210,0.000,0.000
273709,273716,0.000,431.889
273709,273733,0.000,11.050
273709,274963,0.000,0.000
273709,274993,0.000,0.000
273716,274963,0.000,0.000
273716,274993,0.000,252.684
273718,273803,0.000,300.000
273722,274976,0.000,0.000
273722,276210,0.000,0.000
273724,273847,0.000,31.025
273724,276184,0.000,0.000
273724,276247,0.000,144.793
273725,274994,0.000,29.287
273726,273739,0.000,90.000
273726,273782,0.000,30.000
273728,275008,0.000,161.944
273735,273748,0.000,147.961
273735,273809,0.000,100.000
273735,277094,0.000,312.391
273735,277096,0.000,0.000
273742,274976,0.000,0.000
273742,274995,0.000,449.511
273742,275596,0.000,45.265
273744,274970,0.000,0.000
273744,274996,0.000,555.960
273744,275559,0.000,0.000
273744,275597,0.000,0.000
273747,273793,0.000,73.295
273748,277047,0.000,0.000
273748,277094,0.000,0.000
273748,277096,0.000,167.051
273749,274975,0.000,0.000
273749,274997,0.000,132.477
273751,273842,0.000,330.000
273751,273854,0.000,0.000
273752,274975,0.000,0.000
273753,274961,0.000,0.000
273753,274998,0.000,100.011
273755,276181,0.000,0.000
273755,276396,0.000,0.000
273758,274970,0.000,0.000
273758,274980,0.000,0.000
273758,274999,0.000,346.840
273758,275600,0.000,0.000
273759,274354,0.000,178.414
273759,274968,0.000,0.000
273761,276210,0.000,0.000
273761,276273,0.000,0.000
273771,273783,0.000,390.000
273776,274969,0.000,0.000
273776,274974,0.000,0.000
273776,274977,0.000,0.000
273785,277040,0.000,0.000
273785,277101,0.000,517.779
273789,274982,0.000,0.000
273793,276192,0.000,0.000
273801,274982,0.000,0.000
273802,276181,0.000,0.000
273803,277103,0.000,56.928
273803,277274,0.000,0.000
273806,276254,0.000,9.246
273809,277024,0.000,0.000
273809,277042,0.000,0.000
273809,277106,0.000,331.377
273811,273855,0.000,974.949
273811,274984,0.000,0.000
273811,274991,0.000,0.000
273811,275000,0.000,774.187
273811,275581,0.000,0.000
273811,275602,0.000,0.486
273811,276409,0.000,0.000
273833,275590,0.000,0.000
273833,275603,0.000,7.007
273833,277052,0.000,0.000
273833,277263,0.000,0.000
273833,277277,0.000,0.000
273833,277281,0.000,95.210
273840,273847,0.000,49.096
273841,273842,0.000,160.000
273842,273854,0.000,119.502
273842,275604,0.000,19.740
273842,277115,0.000,0.000
273842,277282,0.000,405.110
273844,276400,0.000,0.000
273847,276184,0.000,0.000
273847,276200,0.000,0.000
273847,276247,0.000,0.000
273852,276394,0.000,0.000
273854,277115,0.000,27.122
273854,277282,0.000,0.000
273855,275000,0.000,0.000
273855,276409,0.000,1288.363
273855,277273,0.000,0.000
273855,277283,0.000,59.411
274040,274056,0.000,600.000
274040,274058,0.000,62.383
274040,274105,0.000,329.531
274040,274128,0.000,0.000
274041,274050,0.000,77.740
274041,274107,0.000,78.322
274041,274117,0.000,0.000
274042,274050,0.000,39.045
274042,274056,0.000,147.937
274042,274108,0.000,440.175
274042,274117,0.000,0.000
274042,274126,0.000,0.000
274043,274045,0.000,198.930
274043,274051,0.000,138.560
274043,274062,0.000,38.258
274043,274109,0.000,86.975
274043,274111,0.000,0.000
274043,274121,0.000,0.000
274044,274049,0.000,120.000
274044,274050,0.000,79.583
274044,274054,0.000,60.000
274044,274055,0.000,287.171
274044,274110,0.000,270.385
274044,274117,0.000,0.000
274044,274125,0.000,0.000
274045,274046,0.000,240.002
274045,274051,0.000,25.861
274045,274109,0.000,0.000
274045,274111,0.000,17.979
274045,274121,0.000,0.000
274046,274047,0.000,292.597
274046,274051,0.000,47.591
274046,274112,0.000,358.341
274046,274113,0.000,0.000
274046,274121,0.000,0.000
274047,274112,0.000,0.000
274047,274113,0.000,212.137
274048,274052,0.000,190.113
274048,274053,0.000,4.528
274048,274096,0.000,125.283
274048,274115,0.000,241.623
274048,274122,0.000,0.000
274048,274123,0.000,0.000
274049,274054,0.000,367.386
274049,274055,0.000,80.000
274049,274057,0.000,251.909
274049,274116,0.000,420.348
274049,274124,0.000,0.000
274049,274127,0.000,0.000
274050,274107,0.000,0.000
274050,274108,0.000,0.000
274050,274110,0.000,0.000
274050,274117,0.000,334.784
274051,274062,0.000,8.754
274051,274109,0.000,0.000
274051,274111,0.000,0.000
274051,274112,0.000,0.000
274051,274121,0.000,156.369
274051,274136,0.000,0.000
274052,274115,0.000,0.000
274052,274122,0.000,375.988
274053,274096,0.000,198.975
274053,274115,0.000,0.000
274053,274123,0.000,147.342
274053,274195,0.000,0.000
274054,274057,0.000,0.000
274054,274116,0.000,0.000
274054,274124,0.000,209.452
274055,274110,0.000,0.000
274055,274125,0.000,280.522
274056,274058,0.000,242.184
274056,274108,0.000,0.000
274056,274126,0.000,325.751
274056,274128,0.000,0.000
274057,274116,0.000,0.000
274057,274127,0.000,60.238
274058,274105,0.000,0.000
274058,274126,0.000,0.000
274058,274128,0.000,188.158
274059,274062,0.000,36.711
274059,274130,0.000,27.427
274059,274136,0.000,0.000
274060,274132,0.000,74.856
274060,274143,0.000,0.000
274060,275005,0.000,158.089
274061,274064,0.000,383.827
274061,274133,0.000,221.593
274061,274138,0.000,0.000
274062,274063,0.000,629.768
274062,274121,0.000,0.000
274062,274130,0.000,0.000
274062,274136,0.000,493.171
274062,274137,0.000,0.000
274063,274136,0.000,0.000
274063,274137,0.000,241.080
274064,274065,0.000,73.393
274064,274133,0.000,0.000
274064,274138,0.000,134.835
274064,274140,0.000,0.000
274065,274134,0.000,0.000
274065,274138,0.000,0.000
274065,274140,0.000,253.950
274065,275002,0.000,183.698
274067,274135,0.000,0.000
274067,274143,0.000,0.000
274067,274144,0.000,188.613
274067,274652,0.000,180.000
274067,274681,0.000,180.406
274067,275003,0.000,449.713
274067,275005,0.000,280.135
274077,274099,0.000,524.908
274077,274164,0.000,20.289
274077,274200,0.000,0.000
274083,274099,0.000,22.271
274083,274171,0.000,17.397
274083,274200,0.000,0.000
274088,274099,0.000,1105.953
274088,274156,0.000,0.000
274088,274163,0.000,0.000
274088,274178,0.000,0.000
274088,274179,0.000,698.322
274088,274200,0.000,0.000
274088,275905,0.000,30.000
274088,276266,0.000,287.959
274088,276268,0.000,64.040
274088,276270,0.000,835.359
274088,277122,0.000,19.203
274088,277124,0.000,0.680
274088,277126,0.000,95.655
274095,274096,0.000,34.989
274095,274194,0.000,46.376
274095,274195,0.000,0.000
274096,274123,0.000,0.000
274096,274194,0.000,0.000
274096,274195,0.000,99.287
274099,274103,0.000,207.009
274099,274164,0.000,0.000
274099,274171,0.000,0.000
274099,274179,0.000,0.000
274099,274200,0.000,579.452
274099,274206,0.000,0.000
274099,275893,0.000,210.000
274099,275905,0.000,180.000
274099,276266,0.000,90.000
274099,276268,0.000,110.000
274103,274200,0.000,0.000
274103,274206,0.000,397.175
274105,274128,0.000,237.803
274106,274120,0.000,500.000
274107,274108,0.000,0.000
274107,274117,0.000,352.260
274108,274117,0.000,80.955
274108,274126,0.000,92.063
274108,274128,0.000,0.000
274109,274111,0.000,11.070
274109,274121,0.000,111.440
274110,274117,0.000,53.820
274110,274125,0.000,242.829
274111,274121,0.000,14.139
274112,274113,0.000,167.403
274112,274121,0.000,182.409
274113,274121,0.000,0.000
274115,274122,0.000,54.956
274115,274123,0.000,65.472
274116,274124,0.000,232.614
274116,274127,0.000,68.091
274119,274197,0.000,90.000
274120,274121,0.000,240.064
274120,274130,0.000,230.000
274121,274130,0.000,110.000
274121,274136,0.000,188.457
274123,274194,0.000,0.000
274123,274195,0.000,134.796
274126,274128,0.000,367.816
274129,404385,0.000,0.000
274130,274136,0.000,446.485
274130,274137,0.000,5.395
274131,274139,0.000,50.401
274131,274143,0.000,125.895
274131,275001,0.000,62.499
274131,275004,0.000,0.000
274131,275005,0.000,0.000
274131,275606,0.000,5.033
274132,274142,0.000,160.000
274132,274143,0.000,298.361
274132,275005,0.000,0.000
274133,274138,0.000,186.173
274134,274139,0.000,45.294
274134,274140,0.000,145.972
274134,275002,0.000,134.563
274134,275607,0.000,2.906
274134,275609,0.000,0.000
274135,274143,0.000,46.623
274135,274144,0.000,200.287
274135,275003,0.000,181.678
274136,274137,0.000,30.233
274137,274141,0.000,195.823
274138,274140,0.000,236.607
274139,274140,0.000,20.000
274139,275001,0.000,0.000
274139,275004,0.000,26.948
274139,275607,0.000,0.000
274139,275609,0.000,23.095
274140,275002,0.000,0.000
274141,274143,0.000,229.658
274142,274143,0.000,110.297
274142,275005,0.000,0.000
274143,274144,0.000,96.951
274143,275001,0.000,0.000
274143,275005,0.000,316.510
274144,275003,0.000,0.000
274144,275005,0.000,0.000
274151,274182,0.000,112.110
274151,274183,0.000,50.912
274151,276264,0.000,17.937
274151,276412,0.000,0.000
274151,277120,0.000,106.188
274151,277128,0.000,0.000
274155,276265,0.000,19.764
274155,277121,0.000,135.513
274156,274179,0.000,62.837
274156,276266,0.000,10.138
274156,277122,0.000,36.743
274162,274172,0.000,162.392
274162,274181,0.000,34.282
274162,276267,0.000,80.417
274162,276271,0.000,0.000
274162,276410,0.000,0.000
274162,277123,0.000,138.332
274162,277127,0.000,0.000
274162,277284,0.000,0.000
274163,274179,0.000,245.280
274163,277124,0.000,84.120
274164,274200,0.000,35.092
274170,276269,0.000,80.376
274170,277125,0.000,221.961
274171,274200,0.000,557.729
274172,274181,0.000,112.215
274172,276267,0.000,0.000
274172,276271,0.000,0.000
274172,276410,0.000,116.851
274172,277123,0.000,0.000
274172,277284,0.000,59.218
274178,274179,0.000,78.986
274178,276270,0.000,51.580
274178,277126,0.000,207.254
274179,274200,0.000,284.047
274179,276266,0.000,0.000
274179,277122,0.000,0.000
274179,277124,0.000,0.000
274179,277126,0.000,0.000
274181,274204,0.000,28.638
274181,276267,0.000,0.000
274181,276271,0.000,123.121
274181,276410,0.000,0.000
274181,277123,0.000,0.000
274181,277127,0.000,31.004
274181,277129,0.000,0.000
274182,274183,0.000,35.859
274182,275615,0.000,20.540
274182,276264,0.000,0.000
274182,276412,0.000,0.000
274182,277128,0.000,0.000
274182,277286,0.000,178.282
274183,277120,0.000,0.000
274183,277128,0.000,230.997
274183,277286,0.000,0.000
274194,274195,0.000,4.947
274196,274198,0.000,0.315
274200,274206,0.000,193.841
274204,276273,0.000,1.233
274204,277127,0.000,0.000
274204,277129,0.000,91.901
274290,274372,0.000,443.498
274290,274497,0.000,0.000
274290,275008,0.000,1274.712
274343,274350,0.000,195.955
274350,274354,0.000,150.000
274350,274968,0.000,358.426
274352,274354,0.000,1192.479
274352,274496,0.000,250.149
274352,274497,0.000,0.000
274352,274500,0.000,0.000
274352,275008,0.000,139.227
274354,274496,0.000,0.000
274354,274500,0.000,61.625
274354,274968,0.000,993.541
274372,274413,0.000,161.980
274372,274497,0.000,1587.158
274372,275008,0.000,0.000
274413,274496,0.000,164.639
274413,274497,0.000,185.607
274496,274497,0.000,349.989
274496,274500,0.000,87.521
274496,275008,0.000,0.000
274497,275008,0.000,950.951
274552,274553,0.000,1860.000
274552,274564,0.000,614.621
274552,274574,0.000,22.317
274552,275009,0.000,40.813
274552,275026,0.000,0.000
274552,275041,0.000,0.000
274553,274574,0.000,726.271
274553,275010,0.000,85.072
274553,275041,0.000,0.000
274554,274558,0.000,248.748
274554,274563,0.000,90.000
274554,274611,0.000,330.000
274554,274623,0.000,449.912
274554,275012,0.000,377.227
274554,275016,0.000,0.000
274554,275098,0.000,0.000
274555,274927,0.000,300.932
274555,275013,0.000,317.662
274555,275502,0.000,0.000
274556,274594,0.000,120.000
274556,274925,0.000,285.257
274556,274930,0.000,339.585
274556,275014,0.000,466.787
274556,275500,0.000,0.000
274556,275505,0.000,0.000
274557,274562,0.000,630.000
274557,274571,0.000,613.109
274557,274581,0.000,106.616
274557,274654,0.000,210.000
274557,275015,0.000,215.533
274557,275035,0.000,0.000
274557,275052,0.000,0.000
274557,276296,0.000,170.000
274558,274563,0.000,470.577
274558,274568,0.000,90.000
274558,274580,0.000,196.552
274558,274583,0.000,688.433
274558,274587,0.000,185.085
274558,274611,0.000,27.703
274558,275012,0.000,0.000
274558,275016,0.000,511.492
274558,275048,0.000,0.000
274558,275054,0.000,0.000
274558,275058,0.000,0.000
274558,275086,0.000,0.000
274559,274561,0.000,60.000
274559,274654,0.000,200.000
274559,274931,0.000,1598.677
274559,275017,0.000,41.935
274559,275506,0.000,0.000
274560,274927,0.000,2447.430
274560,275018,0.000,298.337
274560,275502,0.000,0.000
274561,274931,0.000,412.598
274561,275021,0.000,95.264
274561,275506,0.000,0.000
274562,274586,0.000,436.738
274562,274654,0.000,90.000
274562,274669,0.000,304.742
274562,275019,0.000,0.000
274562,275022,0.000,202.086
274562,275057,0.000,0.000
274562,275145,0.000,0.000
274562,276285,0.000,59.812
274562,276296,0.000,10.000
274563,275016,0.000,0.000
274564,274565,0.000,270.000
274564,274574,0.000,22.655
274564,274850,0.000,60.000
274564,274892,0.000,450.000
274564,275009,0.000,0.000
274564,275026,0.000,412.373
274564,275041,0.000,0.000
274565,274850,0.000,279.985
274565,275027,0.000,360.842
274565,275379,0.000,0.000
274566,274925,0.000,380.000
274566,274930,0.000,850.780
274566,275028,0.000,370.260
274566,275505,0.000,0.000
274567,274585,0.000,383.356
274567,274657,0.000,393.847
274567,275030,0.000,307.129
274567,275056,0.000,0.000
274567,275133,0.000,0.000
274568,274623,0.000,1719.723
274568,274892,0.000,380.000
274568,275031,0.000,180.862
274568,275098,0.000,0.000
274569,275029,0.000,0.000
274569,275032,0.000,46.156
274569,275626,0.000,60.000
274569,276284,0.000,10.000
274569,276289,0.000,457.243
274570,274576,0.000,90.000
274570,274595,0.000,378.458
274570,274926,0.000,170.000
274570,275034,0.000,40.023
274570,275069,0.000,0.000
274571,274577,0.000,1032.351
274571,274581,0.000,114.676
274571,274654,0.000,470.001
274571,275015,0.000,0.000
274571,275035,0.000,49.610
274571,275045,0.000,0.000
274571,275052,0.000,0.000
274572,275038,0.000,443.197
274573,274574,0.000,400.234
274573,274582,0.000,410.938
274573,274892,0.000,60.000
274573,274921,0.000,120.000
274573,275039,0.000,413.140
274573,275041,0.000,0.000
274573,275053,0.000,0.000
274574,274892,0.000,210.000
274574,275009,0.000,0.000
274574,275010,0.000,0.000
274574,275026,0.000,0.000
274574,275039,0.000,0.000
274574,275041,0.000,515.031
274575,274588,0.000,28.662
274575,274593,0.000,61.042
274575,275042,0.000,722.423
274575,275061,0.000,0.000
274575,275067,0.000,0.000
274576,274584,0.000,21.317
274576,275043,0.000,181.241
274577,274581,0.000,346.732
274577,275035,0.000,0.000
274577,275045,0.000,1082.973
274577,275052,0.000,0.000
274578,275046,0.000,40.199
274578,275050,0.000,0.000
274578,276296,0.000,572.165
274579,274582,0.000,352.256
274579,275047,0.000,300.254
274579,275053,0.000,0.000
274580,274587,0.000,211.926
274580,274626,0.000,0.000
274580,275016,0.000,0.000
274580,275048,0.000,210.596
274580,275058,0.000,0.000
274581,275015,0.000,0.000
274581,275035,0.000,0.000
274581,275045,0.000,0.000
274581,275052,0.000,219.715
274582,274875,0.000,71.527
274582,274921,0.000,450.000
274582,275039,0.000,0.000
274582,275047,0.000,0.000
274582,275053,0.000,359.655
274582,275419,0.000,0.000
274583,275016,0.000,0.000
274583,275054,0.000,106.385
274584,275055,0.000,35.500
274585,274633,0.000,570.030
274585,274635,0.000,2511.872
274585,274642,0.000,1181.940
274585,274657,0.000,150.000
274585,274661,0.000,90.000
274585,274667,0.000,120.000
274585,274680,0.000,180.000
274585,274690,0.000,170.000
274585,274692,0.000,473.849
274585,274693,0.000,860.000
274585,275030,0.000,0.000
274585,275056,0.000,4026.630
274585,275108,0.000,0.000
274585,275110,0.000,0.000
274585,275117,0.000,0.000
274585,275169,0.000,0.000
274586,275019,0.000,0.000
274586,275022,0.000,0.000
274586,275057,0.000,40.943
274586,276285,0.000,166.354
274587,274611,0.000,47.661
274587,274626,0.000,140.319
274587,275016,0.000,0.000
274587,275048,0.000,0.000
274587,275058,0.000,241.664
274587,275086,0.000,0.000
274587,275101,0.000,0.000
274588,275042,0.000,0.000
274588,275061,0.000,361.636
274589,275020,0.000,0.000
274589,275062,0.000,143.142
274589,275625,0.000,660.000
274589,276286,0.000,1061.539
274590,275019,0.000,0.000
274590,275063,0.000,121.934
274590,276285,0.000,54.185
274591,274657,0.000,951.975
274591,275064,0.000,261.990
274591,275133,0.000,0.000
274592,275020,0.000,0.000
274592,275065,0.000,281.607
274592,276286,0.000,280.872
274593,275042,0.000,0.000
274593,275067,0.000,332.115
274594,274925,0.000,80.000
274594,274930,0.000,826.746
274594,274931,0.000,129.627
274594,275068,0.000,502.398
274594,275505,0.000,0.000
274594,275506,0.000,0.000
274595,274926,0.000,255.761
274595,275034,0.000,0.000
274595,275069,0.000,583.261
274595,275501,0.000,0.000
274596,274608,0.000,150.000
274596,274616,0.000,817.209
274596,274620,0.000,72.678
274596,275071,0.000,451.997
274596,275091,0.000,0.000
274596,275095,0.000,0.000
274597,274610,0.000,1464.939
274597,275072,0.000,298.287
274597,275085,0.000,0.000
274598,274606,0.000,936.686
274598,274625,0.000,811.278
274598,275073,0.000,542.520
274598,275081,0.000,0.000
274598,275100,0.000,0.000
274599,274604,0.000,262.400
274599,274619,0.000,392.310
274599,274624,0.000,390.000
274599,274630,0.000,90.000
274599,274837,0.000,290.000
274599,274841,0.000,0.000
274599,275074,0.000,695.022
274599,275079,0.000,0.000
274599,275094,0.000,0.000
274600,274601,0.000,2189.928
274600,274605,0.000,480.000
274600,274628,0.000,1297.918
274600,275075,0.000,2426.379
274600,275076,0.000,0.000
274600,275103,0.000,0.000
274601,274605,0.000,30.000
274601,274607,0.000,0.000
274601,274608,0.000,30.000
274601,274613,0.000,60.000
274601,274615,0.000,172.983
274601,274621,0.000,440.491
274601,275075,0.000,0.000
274601,275076,0.000,206.312
274601,275090,0.000,0.000
274601,275096,0.000,0.000
274602,274612,0.000,114.652
274602,274617,0.000,23.783
274602,274628,0.000,600.000
274602,274632,0.000,326.000
274602,275077,0.000,121.926
274602,275087,0.000,0.000
274602,275092,0.000,0.000
274602,275107,0.000,0.000
274603,274627,0.000,528.297
274603,274936,0.000,488.228
274603,275078,0.000,284.870
274603,275102,0.000,0.000
274603,275511,0.000,0.000
274604,274614,0.000,423.921
274604,274616,0.000,209.603
274604,274630,0.000,419.504
274604,275074,0.000,0.000
274604,275079,0.000,644.305
274604,275089,0.000,0.000
274604,275091,0.000,0.000
274604,275105,0.000,0.000
274605,274608,0.000,639.096
274605,274628,0.000,65.309
274605,275080,0.000,64.646
274605,275083,0.000,0.000
274605,275103,0.000,0.000
274606,274625,0.000,540.000
274606,274937,0.000,120.000
274606,275073,0.000,0.000
274606,275081,0.000,399.835
274607,274608,0.000,650.000
274607,274610,0.000,522.334
274607,274613,0.000,57.158
274607,274615,0.000,2.070
274607,274621,0.000,370.000
274607,275082,0.000,411.084
274607,275085,0.000,0.000
274607,275088,0.000,0.000
274607,275090,0.000,0.000
274608,274620,0.000,150.000
274608,274622,0.000,1113.780
274608,274628,0.000,90.000
274608,275080,0.000,0.000
274608,275083,0.000,119.284
274608,275097,0.000,0.000
274609,274630,0.000,698.814
274609,274936,0.000,779.403
274609,275084,0.000,126.243
274609,275105,0.000,0.000
274609,275511,0.000,0.000
274610,274613,0.000,60.000
274610,274934,0.000,60.000
274610,275072,0.000,0.000
274610,275082,0.000,0.000
274610,275085,0.000,155.030
274611,274623,0.000,9.880
274611,274626,0.000,324.959
274611,274629,0.000,330.000
274611,275016,0.000,0.000
274611,275058,0.000,0.000
274611,275086,0.000,279.038
274611,275098,0.000,0.000
274611,275101,0.000,0.000
274611,275642,0.000,80.000
274612,274632,0.000,244.039
274612,275077,0.000,0.000
274612,275087,0.000,510.570
274612,275107,0.000,0.000
274613,274615,0.000,290.000
274613,275082,0.000,0.000
274613,275088,0.000,35.751
274614,274616,0.000,187.917
274614,274630,0.000,130.000
274614,275079,0.000,0.000
274614,275089,0.000,299.006
274614,275091,0.000,0.000
274615,274621,0.000,4.732
274615,275076,0.000,0.000
274615,275082,0.000,0.000
274615,275090,0.000,146.695
274615,275096,0.000,0.000
274616,274620,0.000,20.000
274616,274622,0.000,150.000
274616,274630,0.000,209.074
274616,275071,0.000,0.000
274616,275079,0.000,0.000
274616,275089,0.000,0.000
274616,275091,0.000,502.948
274616,275105,0.000,0.000
274617,274632,0.000,42.859
274617,275077,0.000,0.000
274617,275092,0.000,20.753
274617,275107,0.000,0.000
274618,275093,0.000,82.661
274619,274624,0.000,593.019
274619,275074,0.000,0.000
274619,275094,0.000,279.866
274619,275099,0.000,0.000
274620,274622,0.000,186.281
274620,275071,0.000,0.000
274620,275095,0.000,291.663
274620,275097,0.000,0.000
274621,275076,0.000,0.000
274621,275090,0.000,0.000
274621,275096,0.000,75.919
274622,274628,0.000,775.917
274622,275083,0.000,0.000
274622,275095,0.000,0.000
274622,275097,0.000,1837.235
274622,275103,0.000,0.000
274623,274629,0.000,2413.454
274623,274892,0.000,498.604
274623,274894,0.000,2049.994
274623,275012,0.000,0.000
274623,275031,0.000,0.000
274623,275086,0.000,0.000
274623,275098,0.000,1300.861
274623,275104,0.000,0.000
274623,275450,0.000,0.000
274623,275454,0.000,0.000
274624,274837,0.000,0.000
274624,274841,0.000,1623.665
274624,275094,0.000,0.000
274624,275099,0.000,245.898
274624,275366,0.000,0.000
274625,274631,0.000,1223.640
274625,274825,0.000,528.202
274625,275073,0.000,0.000
274625,275100,0.000,1408.975
274625,275106,0.000,0.000
274626,275058,0.000,0.000
274626,275086,0.000,0.000
274626,275101,0.000,128.303
274626,275642,0.000,160.000
274627,274936,0.000,90.000
274627,274964,0.000,110.000
274627,275078,0.000,0.000
274627,275102,0.000,536.531
274628,275075,0.000,0.000
274628,275080,0.000,0.000
274628,275097,0.000,0.000
274628,275103,0.000,204.303
274629,274894,0.000,170.000
274629,275098,0.000,0.000
274629,275104,0.000,103.767
274629,275642,0.000,520.000
274630,274936,0.000,90.000
274630,275079,0.000,0.000
274630,275084,0.000,0.000
274630,275091,0.000,0.000
274630,275105,0.000,343.324
274631,275100,0.000,0.000
274631,275106,0.000,30.259
274632,275077,0.000,0.000
274632,275087,0.000,0.000
274632,275092,0.000,0.000
274632,275107,0.000,130.252
274633,274655,0.000,660.000
274633,274661,0.000,370.000
274633,274692,0.000,281.770
274633,275056,0.000,0.000
274633,275108,0.000,168.046
274633,275169,0.000,0.000
274634,274652,0.000,630.616
274634,274664,0.000,288.818
274634,275109,0.000,534.549
274634,275128,0.000,0.000
274634,275140,0.000,0.000
274635,274692,0.000,110.000
274635,275056,0.000,0.000
274635,275110,0.000,126.102
274636,274649,0.000,471.687
274636,274684,0.000,111.942
274636,274686,0.000,10.000
274636,275111,0.000,264.977
274636,275125,0.000,0.000
274636,275161,0.000,0.000
274638,274652,0.000,580.000
274638,274682,0.000,8.420
274638,274683,0.000,160.000
274638,275003,0.000,299.565
274638,275113,0.000,50.948
274638,275159,0.000,0.000
274638,275608,0.000,0.000
274639,274643,0.000,8.367
274639,275114,0.000,704.482
274639,275118,0.000,0.000
274640,274646,0.000,451.864
274640,274673,0.000,107.349
274640,274678,0.000,429.379
274640,274680,0.000,150.000
274640,274951,0.000,90.000
274640,275115,0.000,122.442
274640,275122,0.000,0.000
274640,275149,0.000,0.000
274640,275154,0.000,0.000
274641,274658,0.000,130.388
274641,274694,0.000,32.308
274641,275002,0.000,0.000
274641,275116,0.000,87.696
274641,275134,0.000,0.000
274641,404780,0.000,0.000
274641,405219,0.000,32.588
274642,274657,0.000,260.000
274642,274675,0.000,309.079
274642,274690,0.000,131.142
274642,275056,0.000,0.000
274642,275117,0.000,592.446
274642,275151,0.000,0.000
274642,275167,0.000,0.000
274643,275114,0.000,0.000
274643,275118,0.000,752.870
274644,274653,0.000,238.116
274644,274663,0.000,720.000
274644,274942,0.000,1230.000
274644,275119,0.000,464.479
274644,275129,0.000,0.000
274645,274679,0.000,0.000
274645,274942,0.000,879.546
274645,275519,0.000,0.000
274646,274947,0.000,360.000
274646,274951,0.000,309.005
274646,275115,0.000,0.000
274646,275122,0.000,859.576
274646,275530,0.000,0.000
274647,274947,0.000,541.183
274647,275123,0.000,24.868
274647,275525,0.000,0.000
274647,404715,0.000,494.376
274647,405134,0.000,0.000
274648,274662,0.000,175.104
274648,274667,0.000,0.000
274648,274680,0.000,87.182
274648,275124,0.000,140.458
274648,275138,0.000,0.000
274648,275156,0.000,0.000
274649,274668,0.000,582.742
274649,274684,0.000,360.000
274649,274691,0.000,410.000
274649,275111,0.000,0.000
274649,275125,0.000,479.646
274649,275144,0.000,0.000
274650,274661,0.000,982.270
274650,274666,0.000,125.202
274650,275126,0.000,128.608
274650,275137,0.000,0.000
274650,275142,0.000,0.000
274651,274668,0.000,116.469
274651,274691,0.000,224.984
274651,274941,0.000,189.488
274651,275127,0.000,573.117
274651,275144,0.000,0.000
274651,275168,0.000,0.000
274651,275518,0.000,0.000
274652,274660,0.000,387.289
274652,274664,0.000,90.000
274652,274672,0.000,1129.870
274652,274674,0.000,0.000
274652,274681,0.000,1475.015
274652,274682,0.000,729.896
274652,274683,0.000,341.325
274652,275003,0.000,50.000
274652,275109,0.000,0.000
274652,275128,0.000,1090.327
274652,275136,0.000,0.000
274652,275148,0.000,0.000
274652,275157,0.000,0.000
274652,275159,0.000,0.000
274652,275160,0.000,0.000
274653,274663,0.000,40.000
274653,275119,0.000,0.000
274653,275129,0.000,497.773
274654,274669,0.000,1020.497
274654,275130,0.000,300.779
274654,275145,0.000,0.000
274655,274661,0.000,260.000
274655,274666,0.000,119.415
274655,274686,0.000,509.881
274655,275131,0.000,265.218
274655,275142,0.000,0.000
274655,275163,0.000,0.000
274656,274687,0.000,291.897
274656,275132,0.000,834.558
274656,275164,0.000,0.000
274657,274675,0.000,1366.951
274657,275030,0.000,0.000
274657,275064,0.000,0.000
274657,275133,0.000,808.192
274657,275151,0.000,0.000
274658,274660,0.000,257.770
274658,274694,0.000,94.194
274658,275116,0.000,0.000
274658,275134,0.000,150.084
274658,404780,0.000,283.617
274658,404792,0.000,0.000
274658,405219,0.000,0.000
274658,405484,0.000,0.000
274659,274680,0.000,176.818
274659,275135,0.000,211.224
274659,275156,0.000,0.000
274660,274694,0.000,1219.178
274660,275001,0.000,432.508
274660,275004,0.000,0.000
274660,275128,0.000,0.000
274660,275136,0.000,131.281
274660,404764,0.000,0.000
274660,404780,0.000,0.000
274660,404792,0.000,341.598
274661,274666,0.000,173.770
274661,274671,0.000,215.977
274661,274688,0.000,223.541
274661,274692,0.000,370.000
274661,274693,0.000,380.000
274661,275126,0.000,0.000
274661,275137,0.000,320.184
274661,275142,0.000,0.000
274661,275147,0.000,0.000
274661,275165,0.000,0.000
274662,274667,0.000,510.000
274662,274680,0.000,0.000
274662,275124,0.000,0.000
274662,275138,0.000,353.122
274663,274664,0.000,520.000
274663,274672,0.000,137.830
274663,274674,0.000,150.000
274663,275139,0.000,714.790
274663,275148,0.000,0.000
274664,274672,0.000,0.000
274664,274674,0.000,511.611
274664,275109,0.000,0.000
274664,275140,0.000,943.898
274664,275150,0.000,0.000
274665,274940,0.000,20.000
274665,274948,0.000,117.810
274665,274954,0.000,248.780
274665,275141,0.000,250.455
274665,275526,0.000,0.000
274665,275533,0.000,0.000
274666,274688,0.000,435.264
274666,275126,0.000,0.000
274666,275131,0.000,0.000
274666,275137,0.000,0.000
274666,275142,0.000,776.268
274666,275165,0.000,0.000
274667,274680,0.000,518.349
274667,275143,0.000,256.469
274667,275156,0.000,0.000
274668,274691,0.000,470.975
274668,274941,0.000,72.782
274668,274950,0.000,369.962
274668,275125,0.000,0.000
274668,275127,0.000,0.000
274668,275144,0.000,586.960
274668,275168,0.000,0.000
274668,275518,0.000,0.000
274668,275529,0.000,0.000
274669,275022,0.000,0.000
274669,275130,0.000,0.000
274669,275145,0.000,408.029
274671,274680,0.000,129.681
274671,274688,0.000,655.978
274671,274693,0.000,16.406
274671,275137,0.000,0.000
274671,275147,0.000,370.859
274671,275156,0.000,0.000
274671,275165,0.000,0.000
274671,275170,0.000,0.000
274671,404647,0.000,0.000
274671,404868,0.000,611.415
274671,405008,0.000,0.000
274672,274674,0.000,180.000
274672,275128,0.000,0.000
274672,275139,0.000,0.000
274672,275148,0.000,270.965
274673,274951,0.000,867.975
274673,275115,0.000,0.000
274673,275149,0.000,803.171
274673,275530,0.000,0.000
274674,275140,0.000,0.000
274674,275150,0.000,107.232
274675,274690,0.000,179.658
274675,274695,0.000,169.869
274675,275117,0.000,0.000
274675,275133,0.000,0.000
274675,275151,0.000,492.950
274675,275167,0.000,0.000
274675,275173,0.000,0.000
274678,274951,0.000,122.821
274678,275115,0.000,0.000
274678,275154,0.000,118.277
274678,275530,0.000,0.000
274679,274942,0.000,780.107
274679,275155,0.000,301.866
274679,275519,0.000,0.000
274680,274693,0.000,637.388
274680,275124,0.000,0.000
274680,275135,0.000,0.000
274680,275143,0.000,0.000
274680,275147,0.000,0.000
274680,275156,0.000,1823.012
274680,275170,0.000,0.000
274681,275128,0.000,0.000
274681,275157,0.000,211.821
274682,274683,0.000,104.870
274682,275003,0.000,130.000
274682,275113,0.000,0.000
274682,275128,0.000,0.000
274682,275159,0.000,364.159
274682,275160,0.000,0.000
274683,275128,0.000,0.000
274683,275159,0.000,0.000
274683,275160,0.000,331.666
274684,274686,0.000,479.995
274684,274691,0.000,110.000
274684,275111,0.000,0.000
274684,275161,0.000,218.028
274684,275163,0.000,0.000
274686,275131,0.000,0.000
274686,275161,0.000,0.000
274686,275163,0.000,224.358
274687,274952,0.000,100.000
274687,275132,0.000,0.000
274687,275164,0.000,1074.965
274688,275137,0.000,0.000
274688,275142,0.000,0.000
274688,275147,0.000,0.000
274688,275165,0.000,567.423
274690,274695,0.000,90.000
274690,274950,0.000,230.000
274690,275117,0.000,0.000
274690,275151,0.000,0.000
274690,275167,0.000,68.680
274691,275127,0.000,0.000
274691,275144,0.000,0.000
274691,275168,0.000,262.127
274692,275056,0.000,0.000
274692,275108,0.000,0.000
274692,275169,0.000,412.737
274693,275147,0.000,0.000
274693,275156,0.000,0.000
274693,275170,0.000,46.462
274694,275001,0.000,0.000
274694,275002,0.000,302.195
274694,275004,0.000,134.977
274694,275171,0.000,219.007
274694,275607,0.000,0.000
274694,275609,0.000,0.000
274695,275151,0.000,0.000
274695,275173,0.000,427.524
274802,274837,0.000,1462.597
274802,274886,0.000,630.000
274802,274887,0.000,211.268
274802,275297,0.000,411.313
274802,275360,0.000,0.000
274802,275443,0.000,0.000
274803,274811,0.000,1110.000
274803,274817,0.000,30.000
274803,274831,0.000,2380.000
274803,274836,0.000,54.567
274803,274898,0.000,244.447
274803,274901,0.000,520.000
274803,275298,0.000,261.149
274803,275359,0.000,0.000
274803,275461,0.000,0.000
274804,274893,0.000,100.000
274804,275299,0.000,20.329
274807,274815,0.000,231.672
274807,275307,0.000,116.681
274808,274830,0.000,241.444
274808,274915,0.000,134.204
274808,275308,0.000,649.430
274808,275352,0.000,0.000
274808,275456,0.000,0.000
274808,275485,0.000,0.000
274808,276361,0.000,300.000
274808,276377,0.000,586.363
274811,274817,0.000,181.586
274811,274868,0.000,517.828
274811,274974,0.000,167.763
274811,275313,0.000,64.134
274811,275326,0.000,0.000
274811,275407,0.000,0.000
274815,274874,0.000,326.778
274815,274982,0.000,90.000
274815,275323,0.000,712.269
274815,275418,0.000,0.000
274817,274868,0.000,181.792
274817,274898,0.000,61.317
274817,274910,0.000,930.000
274817,275313,0.000,0.000
274817,275326,0.000,542.632
274817,275407,0.000,0.000
274817,275461,0.000,0.000
274822,274837,0.000,818.114
274822,274841,0.000,90.000
274822,275332,0.000,267.757
274822,275360,0.000,0.000
274825,275100,0.000,0.000
274827,274985,0.000,732.759
274827,275008,0.000,193.356
274827,275342,0.000,1111.083
274827,275361,0.000,0.000
274827,276340,0.000,625.487
274828,275347,0.000,250.202
274830,274852,0.000,460.000
274830,274915,0.000,71.332
274830,275308,0.000,0.000
274830,275352,0.000,191.867
274830,275485,0.000,0.000
274830,275843,0.000,470.000
274830,276377,0.000,280.000
274831,274894,0.000,669.994
274831,274901,0.000,630.000
274831,275353,0.000,395.250
274831,275454,0.000,0.000
274832,274852,0.000,1262.311
274832,274902,0.000,870.000
274832,275354,0.000,65.567
274832,275381,0.000,0.000
274832,275843,0.000,530.000
274833,274985,0.000,360.000
274833,275356,0.000,63.505
274834,274864,0.000,352.573
274834,275400,0.000,0.000
274835,274974,0.000,759.396
274835,275358,0.000,501.904
274836,274898,0.000,63.549
274836,274901,0.000,157.910
274836,274910,0.000,250.000
274836,275298,0.000,0.000
274836,275359,0.000,322.256
274836,275461,0.000,0.000
274836,275464,0.000,0.000
274837,274841,0.000,510.000
274837,275297,0.000,0.000
274837,275332,0.000,0.000
274837,275360,0.000,1344.255
274840,274857,0.000,734.488
274840,274861,0.000,306.447
274840,275365,0.000,123.095
274840,275386,0.000,0.000
274840,275393,0.000,0.000
274840,276328,0.000,705.727
274841,275099,0.000,0.000
274841,275366,0.000,388.870
274844,274859,0.000,60.000
274844,274866,0.000,1234.661
274844,274914,0.000,854.931
274844,274998,0.000,910.000
274844,275372,0.000,1119.424
274844,275404,0.000,0.000
274844,275483,0.000,0.000
274845,274881,0.000,360.000
274845,274905,0.000,154.343
274845,275374,0.000,25.971
274845,275469,0.000,0.000
274850,274892,0.000,1425.739
274850,275027,0.000,0.000
274850,275379,0.000,915.273
274850,275450,0.000,0.000
274852,274878,0.000,488.657
274852,274902,0.000,630.000
274852,274915,0.000,208.591
274852,275354,0.000,0.000
274852,275381,0.000,925.183
274852,275426,0.000,0.000
274852,275485,0.000,0.000
274852,275843,0.000,120.000
274853,274856,0.000,379.848
274853,274910,0.000,1200.000
274853,274921,0.000,20.001
274853,275382,0.000,78.530
274853,275385,0.000,0.000
274856,274875,0.000,466.912
274856,275382,0.000,0.000
274856,275385,0.000,570.664
274856,275419,0.000,0.000
274857,274861,0.000,808.443
274857,275337,0.000,0.000
274857,275365,0.000,0.000
274857,275386,0.000,1456.273
274857,275429,0.000,0.000
274857,276328,0.000,879.824
274857,276366,0.000,824.665
274859,274866,0.000,360.354
274859,274884,0.000,244.896
274859,275390,0.000,181.696
274859,275404,0.000,0.000
274859,275440,0.000,0.000
274861,275365,0.000,0.000
274861,275393,0.000,636.775
274861,276366,0.000,474.449
274863,274980,0.000,60.000
274863,274999,0.000,888.098
274863,275398,0.000,151.445
274863,275600,0.000,0.000
274864,274895,0.000,152.931
274864,275400,0.000,507.092
274864,276409,0.000,420.000
274865,274908,0.000,90.000
274865,275401,0.000,71.991
274866,274884,0.000,60.000
274866,274970,0.000,40.000
274866,274998,0.000,90.000
274866,274999,0.000,490.000
274866,275372,0.000,0.000
274866,275390,0.000,0.000
274866,275404,0.000,384.861
274868,275313,0.000,0.000
274868,275326,0.000,0.000
274868,275407,0.000,524.630
274871,274881,0.000,532.401
274871,274893,0.000,330.311
274871,274905,0.000,10.000
274871,274995,0.000,314.181
274871,275411,0.000,908.733
274871,275436,0.000,0.000
274871,275451,0.000,0.000
274871,275596,0.000,0.000
274872,274894,0.000,1376.684
274872,275413,0.000,768.908
274872,275454,0.000,0.000
274874,275323,0.000,0.000
274874,275418,0.000,136.080
274875,275053,0.000,0.000
274875,275385,0.000,0.000
274875,275419,0.000,668.683
274876,275421,0.000,411.801
274876,275444,0.000,0.000
274876,276373,0.000,477.725
274877,274901,0.000,396.710
274877,275425,0.000,303.112
274877,275464,0.000,0.000
274878,274902,0.000,150.000
274878,274903,0.000,480.000
274878,274915,0.000,695.190
274878,275381,0.000,0.000
274878,275426,0.000,646.020
274878,275485,0.000,0.000
274881,274905,0.000,181.036
274881,275411,0.000,0.000
274881,275436,0.000,771.389
274881,275469,0.000,0.000
274882,275437,0.000,20.519
274884,274886,0.000,361.698
274884,274904,0.000,150.000
274884,275390,0.000,0.000
274884,275440,0.000,2232.804
274884,275442,0.000,0.000
274886,274904,0.000,531.420
274886,275440,0.000,0.000
274886,275442,0.000,172.700
274886,275468,0.000,0.000
274887,274904,0.000,125.148
274887,275297,0.000,0.000
274887,275443,0.000,228.984
274887,275468,0.000,0.000
274888,274891,0.000,80.026
274888,275445,0.000,94.606
274888,275449,0.000,0.000
274889,274911,0.000,124.513
274889,275446,0.000,355.050
274889,275480,0.000,0.000
274891,274981,0.000,231.461
274891,275445,0.000,0.000
274891,275449,0.000,646.768
274891,275577,0.000,0.000
274892,274894,0.000,849.881
274892,274901,0.000,939.994
274892,275098,0.000,0.000
274892,275379,0.000,0.000
274892,275450,0.000,866.105
274892,275454,0.000,0.000
274892,275464,0.000,0.000
274893,274908,0.000,181.029
274893,275411,0.000,0.000
274893,275451,0.000,243.927
274893,275474,0.000,0.000
274894,274901,0.000,770.000
274894,275098,0.000,0.000
274894,275353,0.000,0.000
274894,275413,0.000,0.000
274894,275450,0.000,0.000
274894,275454,0.000,1875.449
274895,275455,0.000,168.077
274896,275458,0.000,209.436
274898,274910,0.000,260.000
274898,275298,0.000,0.000
274898,275326,0.000,0.000
274898,275359,0.000,0.000
274898,275461,0.000,479.732
274900,275463,0.000,28.937
274901,274910,0.000,130.000
274901,274921,0.000,861.128
274901,275359,0.000,0.000
274901,275425,0.000,0.000
274901,275450,0.000,0.000
274901,275464,0.000,642.520
274901,275496,0.000,0.000
274902,274903,0.000,578.605
274902,275465,0.000,215.106
274902,275466,0.000,0.000
274903,274915,0.000,92.756
274903,275465,0.000,0.000
274903,275466,0.000,636.963
274903,275485,0.000,0.000
274904,275442,0.000,0.000
274904,275443,0.000,0.000
274904,275468,0.000,874.617
274905,275374,0.000,0.000
274905,275436,0.000,0.000
274905,275469,0.000,117.928
274908,275451,0.000,0.000
274908,275474,0.000,100.473
274910,274921,0.000,728.410
274910,275479,0.000,37.902
274911,274981,0.000,470.000
274911,275446,0.000,0.000
274911,275480,0.000,39.013
274914,274998,0.000,120.000
274914,275372,0.000,0.000
274914,275483,0.000,118.221
274915,275308,0.000,0.000
274915,275352,0.000,0.000
274915,275381,0.000,0.000
274915,275426,0.000,0.000
274915,275466,0.000,0.000
274915,275485,0.000,964.360
274921,275464,0.000,0.000
274921,275496,0.000,891.470
274922,274933,0.000,706.609
274922,274934,0.000,73.324
274922,275497,0.000,272.836
274922,275508,0.000,0.000
274923,274932,0.000,520.231
274923,275498,0.000,14.497
274923,275507,0.000,0.000
274924,274929,0.000,803.099
274924,275499,0.000,209.906
274924,275504,0.000,0.000
274925,274930,0.000,79.907
274925,274931,0.000,668.844
274925,275014,0.000,0.000
274925,275500,0.000,291.134
274925,275506,0.000,0.000
274926,274928,0.000,10.000
274926,275069,0.000,0.000
274926,275501,0.000,172.846
274927,274935,0.000,258.666
274927,275013,0.000,0.000
274927,275018,0.000,0.000
274927,275502,0.000,1367.629
274927,275510,0.000,0.000
274928,274930,0.000,371.301
274928,275503,0.000,304.886
274928,275505,0.000,0.000
274929,274932,0.000,1139.374
274929,275499,0.000,0.000
274929,275504,0.000,461.200
274929,275507,0.000,0.000
274930,274931,0.000,783.326
274930,275014,0.000,0.000
274930,275028,0.000,0.000
274930,275068,0.000,0.000
274930,275503,0.000,0.000
274930,275505,0.000,1481.263
274930,275506,0.000,0.000
274931,275017,0.000,0.000
274931,275021,0.000,0.000
274931,275068,0.000,0.000
274931,275500,0.000,0.000
274931,275505,0.000,0.000
274931,275506,0.000,2524.949
274932,274934,0.000,348.506
274932,275498,0.000,0.000
274932,275504,0.000,0.000
274932,275507,0.000,395.802
274933,274934,0.000,984.681
274933,275497,0.000,0.000
274933,275508,0.000,453.000
274933,275509,0.000,0.000
274934,275508,0.000,0.000
274934,275509,0.000,1.647
274935,275502,0.000,0.000
274935,275510,0.000,71.602
274936,274962,0.000,138.095
274936,275078,0.000,0.000
274936,275084,0.000,0.000
274936,275511,0.000,263.195
274937,275512,0.000,723.928
274937,275585,0.000,0.000
274937,276398,0.000,140.863
274937,276404,0.000,575.655
274938,275514,0.000,4.546
274939,274944,0.000,1010.290
274939,274952,0.000,340.000
274939,274953,0.000,976.554
274939,275516,0.000,647.759
274939,275522,0.000,0.000
274939,275532,0.000,0.000
274940,274948,0.000,531.499
274940,274949,0.000,37.708
274940,274954,0.000,115.154
274940,275517,0.000,15.872
274940,275526,0.000,0.000
274940,275528,0.000,0.000
274941,274950,0.000,400.000
274941,275127,0.000,0.000
274941,275144,0.000,0.000
274941,275518,0.000,38.464
274942,275155,0.000,0.000
274942,275519,0.000,489.873
274944,274952,0.000,310.000
274944,274955,0.000,48.650
274944,275516,0.000,0.000
274944,275522,0.000,76.114
274947,274951,0.000,1223.539
274947,275123,0.000,0.000
274947,275525,0.000,694.086
274947,275530,0.000,0.000
274947,400381,0.000,0.000
274947,403215,0.000,0.000
274947,404715,0.000,0.000
274947,405134,0.000,950.930
274948,274954,0.000,570.000
274948,275141,0.000,0.000
274948,275517,0.000,0.000
274948,275526,0.000,674.283
274949,274954,0.000,170.000
274949,274956,0.000,205.043
274949,275517,0.000,0.000
274949,275528,0.000,242.196
274950,274955,0.000,183.106
274950,275144,0.000,0.000
274950,275529,0.000,420.058
274950,275535,0.000,0.000
274951,275122,0.000,0.000
274951,275149,0.000,0.000
274951,275154,0.000,0.000
274951,275525,0.000,0.000
274951,275530,0.000,992.071
274952,274953,0.000,308.468
274952,275531,0.000,269.376
274952,275532,0.000,0.000
274953,275516,0.000,0.000
274953,275531,0.000,0.000
274953,275532,0.000,159.060
274954,275141,0.000,0.000
274954,275533,0.000,29.147
274955,275529,0.000,0.000
274955,275535,0.000,50.227
274961,274980,0.000,602.164
274961,274998,0.000,1252.385
274961,275544,0.000,32.958
274961,275576,0.000,0.000
274962,274970,0.000,473.154
274962,274979,0.000,31.626
274962,275545,0.000,163.291
274962,275575,0.000,0.000
274963,274993,0.000,0.058
274963,275546,0.000,60.540
274964,275549,0.000,54.270
274965,274972,0.000,23.147
274965,275550,0.000,23.419
274966,274977,0.000,111.150
274966,275551,0.000,22.637
274966,275573,0.000,0.000
274967,274979,0.000,200.000
274967,274980,0.000,563.263
274967,275553,0.000,397.319
274967,275576,0.000,0.000
274968,275555,0.000,265.420
274969,274974,0.000,285.947
274969,274977,0.000,678.959
274969,275556,0.000,503.893
274969,275573,0.000,0.000
274970,274996,0.000,651.874
274970,274999,0.000,40.639
274970,275559,0.000,6.558
274970,275597,0.000,0.000
274971,274985,0.000,1427.334
274971,275562,0.000,562.994
274971,275582,0.000,0.000
274972,274991,0.000,180.000
274972,275564,0.000,82.614
274974,275566,0.000,215.454
274975,274997,0.000,776.381
274975,275567,0.000,305.062
274975,275598,0.000,0.000
274975,275881,0.000,210.000
274976,274995,0.000,239.791
274976,275572,0.000,68.236
274976,275596,0.000,0.000
274976,276210,0.000,0.000
274977,274988,0.000,180.547
274977,275551,0.000,0.000
274977,275556,0.000,0.000
274977,275573,0.000,90.499
274977,275586,0.000,0.000
274978,275552,0.000,0.000
274978,275574,0.000,14.796
274978,276394,0.000,187.236
274979,274980,0.000,835.843
274979,274989,0.000,226.567
274979,275545,0.000,0.000
274979,275575,0.000,33.575
274979,275576,0.000,0.000
274979,275587,0.000,0.000
274980,274989,0.000,70.361
274980,274998,0.000,818.278
274980,274999,0.000,863.627
274980,275544,0.000,0.000
274980,275553,0.000,0.000
274980,275575,0.000,0.000
274980,275576,0.000,2967.653
274980,275599,0.000,0.000
274980,275600,0.000,0.000
274981,275449,0.000,0.000
274981,275577,0.000,27.527
274982,274994,0.000,539.982
274982,275579,0.000,173.024
274982,275595,0.000,0.000
274983,274994,0.000,131.341
274983,275580,0.000,21.984
274983,275595,0.000,0.000
274984,274991,0.000,169.714
274984,275000,0.000,38.999
274984,275581,0.000,182.115
274984,275589,0.000,0.000
274984,275602,0.000,0.000
274985,275008,0.000,331.189
274985,275562,0.000,0.000
274985,275582,0.000,344.532
274985,276340,0.000,6.528
274987,274988,0.000,327.900
274987,275584,0.000,433.410
274988,275573,0.000,0.000
274988,275586,0.000,94.883
274989,275575,0.000,0.000
274989,275587,0.000,10.552
274990,275588,0.000,19.005
274991,275000,0.000,8.000
274991,275581,0.000,0.000
274991,275589,0.000,48.760
274991,275602,0.000,0.000
274991,276395,0.000,1.320
274994,275579,0.000,0.000
274994,275580,0.000,0.000
274994,275595,0.000,513.357
274995,275411,0.000,0.000
274995,275572,0.000,0.000
274995,275596,0.000,446.761
274996,275559,0.000,0.000
274996,275597,0.000,63.275
274997,275567,0.000,0.000
274997,275598,0.000,39.681
274998,274999,0.000,380.000
274998,275576,0.000,0.000
274998,275599,0.000,426.098
274999,275398,0.000,0.000
274999,275576,0.000,0.000
274999,275600,0.000,325.742
275000,275581,0.000,0.000
275000,275589,0.000,0.000
275000,275602,0.000,45.931
275000,276409,0.000,215.051
275001,275004,0.000,165.693
275001,275005,0.000,64.410
275001,275606,0.000,269.533
275001,275610,0.000,0.000
275002,275004,0.000,124.628
275002,275171,0.000,0.000
275002,275607,0.000,217.883
275002,275609,0.000,0.000
275003,275113,0.000,0.000
275003,275608,0.000,51.582
275004,275171,0.000,0.000
275004,275607,0.000,0.000
275004,275609,0.000,264.830
275005,275606,0.000,0.000
275005,275610,0.000,77.562
275008,275620,0.000,4422.424
275009,275026,0.000,15.379
275009,275041,0.000,37.683
275010,275041,0.000,103.729
275011,275029,0.000,16.179
275011,275044,0.000,45.948
275011,276284,0.000,0.000
275011,276289,0.000,0.000
275011,277150,0.000,26.103
275011,277160,0.000,0.000
275012,275016,0.000,21.252
275012,275098,0.000,20.088
275013,275502,0.000,29.068
275014,275500,0.000,54.743
275014,275505,0.000,30.415
275015,275035,0.000,16.891
275015,275052,0.000,43.384
275016,275048,0.000,53.448
275016,275054,0.000,151.567
275016,275058,0.000,54.915
275016,275086,0.000,2.297
275017,275506,0.000,21.323
275018,275502,0.000,72.570
275019,275022,0.000,0.188
275019,275057,0.000,33.646
275019,275063,0.000,65.815
275019,276285,0.000,640.111
275020,275051,0.000,192.439
275020,275062,0.000,108.461
275020,275065,0.000,29.128
275020,276286,0.000,438.992
275020,276297,0.000,0.000
275021,275506,0.000,97.402
275022,275057,0.000,23.262
275022,275145,0.000,25.258
275022,276285,0.000,0.000
275024,275037,0.000,2.931
275024,277153,0.000,135.376
275024,277158,0.000,0.000
275025,275066,0.000,14.356
275025,276288,0.000,1.269
275025,276300,0.000,0.000
275025,277154,0.000,9.188
275025,277166,0.000,0.000
275026,275041,0.000,7.345
275027,275379,0.000,20.015
275028,275505,0.000,219.220
275029,275032,0.000,52.757
275029,275044,0.000,31.600
275029,275059,0.000,20.014
275029,276284,0.000,0.000
275029,276289,0.000,1187.815
275029,276294,0.000,0.000
275029,276298,0.000,0.000
275029,277155,0.000,0.169
275029,277164,0.000,0.000
275030,275056,0.000,66.644
275030,275133,0.000,26.153
275031,275098,0.000,40.277
275032,276289,0.000,0.000
275033,275036,0.000,22.449
275033,275049,0.000,20.385
275033,276290,0.000,15.349
275033,276291,0.000,0.000
275033,276295,0.000,0.000
275033,277156,0.000,78.691
275033,277157,0.000,0.000
275034,275069,0.000,11.542
275035,275045,0.000,17.649
275035,275052,0.000,35.324
275036,275049,0.000,20.858
275036,275066,0.000,146.670
275036,276290,0.000,0.000
275036,276291,0.000,0.000
275036,276300,0.000,0.000
275036,277156,0.000,0.000
275036,277157,0.000,665.933
275036,277161,0.000,0.000
275036,277166,0.000,0.000
275037,277153,0.000,0.000
275037,277158,0.000,47.164
275039,275041,0.000,49.766
275039,275053,0.000,49.062
275040,276293,0.000,43.843
275040,277159,0.000,94.563
275042,275061,0.000,31.338
275042,275067,0.000,20.749
275044,276289,0.000,0.000
275044,276294,0.000,48.908
275044,277150,0.000,0.000
275044,277160,0.000,481.189
275045,275052,0.000,13.268
275046,275050,0.000,27.835
275046,276296,0.000,0.000
275047,275053,0.000,217.744
275048,275058,0.000,48.074
275049,275066,0.000,8.103
275049,276290,0.000,0.000
275049,276295,0.000,16.913
275049,276300,0.000,0.000
275049,277157,0.000,0.000
275049,277161,0.000,0.000
275050,276296,0.000,476.254
275051,276286,0.000,0.000
275051,276297,0.000,417.967
275053,275419,0.000,48.473
275056,275108,0.000,119.970
275056,275110,0.000,78.128
275056,275117,0.000,138.060
275056,275169,0.000,56.151
275057,276285,0.000,0.000
275058,275086,0.000,2.339
275058,275101,0.000,29.681
275059,276289,0.000,0.000
275059,276298,0.000,3.112
275059,277155,0.000,0.000
275059,277164,0.000,118.164
275060,277165,0.000,70.270
275062,276286,0.000,0.000
275063,276285,0.000,0.000
275064,275133,0.000,118.025
275065,276286,0.000,0.000
275066,276288,0.000,0.000
275066,276291,0.000,0.000
275066,276295,0.000,0.000
275066,276300,0.000,175.754
275066,277154,0.000,0.000
275066,277157,0.000,0.000
275066,277166,0.000,124.937
275068,275505,0.000,63.254
275068,275506,0.000,0.373
275069,275501,0.000,4.239
275070,277167,0.000,30.303
275071,275091,0.000,92.791
275071,275095,0.000,27.322
275072,275085,0.000,35.061
275073,275081,0.000,23.314
275073,275100,0.000,28.722
275074,275079,0.000,27.600
275074,275094,0.000,167.690
275075,275076,0.000,90.072
275075,275103,0.000,52.082
275076,275090,0.000,37.017
275076,275096,0.000,9.509
275077,275087,0.000,35.348
275077,275092,0.000,6.217
275077,275107,0.000,4.000
275078,275102,0.000,101.754
275078,275511,0.000,21.772
275079,275089,0.000,36.079
275079,275091,0.000,80.397
275079,275105,0.000,40.496
275080,275083,0.000,20.904
275080,275103,0.000,24.691
275082,275085,0.000,47.666
275082,275088,0.000,42.842
275082,275090,0.000,57.930
275083,275097,0.000,26.220
275084,275105,0.000,21.186
275084,275511,0.000,20.597
275086,275098,0.000,20.120
275086,275101,0.000,25.041
275087,275107,0.000,25.961
275089,275091,0.000,22.083
275090,275096,0.000,75.268
275091,275105,0.000,40.926
275092,275107,0.000,17.141
275094,275099,0.000,36.981
275095,275097,0.000,23.719
275097,275103,0.000,64.083
275098,275104,0.000,76.546
275098,275450,0.000,21.396
275098,275454,0.000,20.006
275099,275366,0.000,26.335
275100,275106,0.000,36.360
275108,275169,0.000,68.230
275109,275128,0.000,29.384
275109,275140,0.000,131.182
275111,275125,0.000,28.313
275111,275161,0.000,28.058
275113,275159,0.000,31.580
275113,275608,0.000,20.435
275114,275118,0.000,21.633
275115,275122,0.000,58.136
275115,275149,0.000,42.651
275115,275154,0.000,20.621
275116,275134,0.000,100.760
275117,275151,0.000,20.921
275117,275167,0.000,78.858
275119,275129,0.000,31.884
275122,275530,0.000,20.995
275123,275525,0.000,21.281
275124,275138,0.000,34.896
275124,275156,0.000,62.818
275125,275144,0.000,27.258
275126,275137,0.000,7.730
275126,275142,0.000,144.798
275127,275144,0.000,3.531
275127,275168,0.000,35.016
275127,275518,0.000,50.512
275128,275136,0.000,31.241
275128,275148,0.000,20.130
275128,275157,0.000,129.661
275128,275159,0.000,20.104
275128,275160,0.000,78.675
275130,275145,0.000,29.503
275131,275142,0.000,20.585
275131,275163,0.000,20.119
275132,275164,0.000,24.078
275133,275151,0.000,3.049
275134,404780,0.000,0.000
275134,405484,0.000,20.389
275135,275156,0.000,213.182
275137,275142,0.000,126.230
275137,275147,0.000,4.023
275137,275165,0.000,246.459
275139,275148,0.000,112.170
275140,275150,0.000,58.389
275141,275526,0.000,22.190
275141,275533,0.000,41.220
275142,275165,0.000,14.736
275143,275156,0.000,231.651
275144,275168,0.000,39.025
275144,275518,0.000,27.218
275144,275529,0.000,30.038
275147,275156,0.000,20.319
275147,275165,0.000,64.022
275147,275170,0.000,33.594
275149,275530,0.000,32.025
275151,275167,0.000,10.342
275151,275173,0.000,20.131
275154,275530,0.000,87.179
275155,275519,0.000,59.893
275156,275170,0.000,22.612
275159,275160,0.000,275.130
275161,275163,0.000,20.005
275171,275607,0.000,156.095
275171,275609,0.000,34.752
275297,275360,0.000,127.403
275297,275443,0.000,28.732
275298,275359,0.000,225.433
275298,275461,0.000,85.553
275301,275315,0.000,82.698
275301,277182,0.000,191.580
275301,277189,0.000,0.000
275303,275330,0.000,10.840
275303,275409,0.000,1.240
275303,275471,0.000,73.566
275303,277183,0.000,115.083
275303,277195,0.000,0.000
275303,277225,0.000,0.000
275303,277250,0.000,0.000
275304,277184,0.000,40.407
275308,275352,0.000,178.556
275308,275456,0.000,33.637
275308,275485,0.000,15.796
275308,276377,0.000,0.000
275311,275369,0.000,8.214
275311,277187,0.000,55.795
275311,277213,0.000,0.000
275313,275326,0.000,28.414
275313,275407,0.000,59.096
275315,276320,0.000,49.417
275315,277182,0.000,0.000
275315,277189,0.000,141.984
275323,275418,0.000,183.222
275325,275343,0.000,9.564
275325,275346,0.000,49.025
275325,277194,0.000,69.458
275325,277201,0.000,0.000
275325,277204,0.000,0.000
275326,275407,0.000,108.208
275326,275461,0.000,28.683
275330,277183,0.000,0.000
275330,277195,0.000,126.969
275332,275360,0.000,21.886
275337,275349,0.000,22.056
275337,275386,0.000,40.826
275337,276328,0.000,127.093
275337,276337,0.000,0.000
275342,275361,0.000,20.681
275342,276340,0.000,0.000
275343,275346,0.000,16.185
275343,277194,0.000,0.000
275343,277201,0.000,24.509
275343,277204,0.000,0.000
275345,275346,0.000,20.234
275345,277203,0.000,268.637
275345,277204,0.000,0.000
275346,275424,0.000,54.168
275346,277194,0.000,0.000
275346,277201,0.000,0.000
275346,277203,0.000,0.000
275346,277204,0.000,284.375
275346,277233,0.000,0.000
275348,275605,0.000,20.284
275348,276336,0.000,153.205
275348,277205,0.000,244.967
275348,277283,0.000,0.000
275349,275406,0.000,66.221
275349,276328,0.000,0.000
275349,276337,0.000,245.816
275349,277206,0.000,612.671
275349,277224,0.000,0.000
275352,275485,0.000,18.668
275353,275454,0.000,20.006
275354,275381,0.000,57.689
275359,275461,0.000,16.451
275359,275464,0.000,72.090
275361,276340,0.000,238.996
275365,275386,0.000,25.693
275365,275393,0.000,23.017
275369,275427,0.000,21.524
275369,276344,0.000,1.179
275369,277187,0.000,0.000
275369,277213,0.000,147.324
275369,277234,0.000,0.000
275372,275404,0.000,35.339
275372,275483,0.000,135.069
275374,275469,0.000,25.657
275379,275450,0.000,194.261
275381,275426,0.000,51.343
275381,275485,0.000,1.409
275382,275385,0.000,20.152
275385,275419,0.000,113.088
275386,275429,0.000,190.586
275386,276328,0.000,0.000
275386,276366,0.000,0.000
275387,275420,0.000,23.913
275387,276346,0.000,25.891
275387,276361,0.000,0.000
275387,277215,0.000,259.734
275387,277230,0.000,0.000
275390,275404,0.000,29.646
275390,275440,0.000,25.104
275391,277217,0.000,26.010
275395,276350,0.000,92.447
275395,277219,0.000,45.637
275398,275600,0.000,71.902
275402,275412,0.000,44.518
275402,276353,0.000,34.012
275402,277222,0.000,322.907
275402,277226,0.000,0.000
275406,275569,0.000,85.587
275406,276355,0.000,19.961
275406,276401,0.000,0.000
275406,277206,0.000,0.000
275406,277224,0.000,403.251
275406,277272,0.000,0.000
275409,275471,0.000,49.395
275409,277183,0.000,0.000
275409,277225,0.000,371.879
275411,275436,0.000,67.599
275411,275451,0.000,29.689
275411,275596,0.000,85.819
275412,277222,0.000,0.000
275412,277226,0.000,334.380
275413,275454,0.000,83.316
275416,275467,0.000,48.725
275416,276359,0.000,152.162
275416,276380,0.000,0.000
275416,277228,0.000,71.774
275420,275456,0.000,28.012
275420,276346,0.000,0.000
275420,276361,0.000,39.782
275420,277215,0.000,0.000
275420,277230,0.000,221.985
275420,277246,0.000,0.000
275421,275444,0.000,22.275
275421,276373,0.000,0.000
275424,275477,0.000,74.050
275424,277204,0.000,0.000
275424,277233,0.000,737.329
275424,277253,0.000,0.000
275425,275464,0.000,83.290
275426,275485,0.000,114.810
275427,277213,0.000,0.000
275427,277234,0.000,197.708
275429,275569,0.000,79.275
275429,276366,0.000,403.216
275429,276401,0.000,0.000
275436,275469,0.000,28.964
275440,275442,0.000,28.302
275442,275468,0.000,128.580
275443,275468,0.000,54.852
275444,276373,0.000,152.224
275444,277242,0.000,54.840
275445,275449,0.000,20.105
275446,275480,0.000,35.487
275449,275577,0.000,38.539
275450,275454,0.000,20.119
275450,275464,0.000,20.006
275451,275474,0.000,28.971
275456,276377,0.000,267.429
275456,277230,0.000,0.000
275456,277246,0.000,80.244
275464,275496,0.000,28.872
275465,275466,0.000,21.395
275466,275485,0.000,27.244
275467,276359,0.000,0.000
275467,276380,0.000,120.154
275471,277183,0.000,0.000
275471,277250,0.000,191.663
275477,276384,0.000,67.392
275477,277233,0.000,0.000
275477,277253,0.000,338.418
275484,277255,0.000,112.919
275490,277257,0.000,55.903
275497,275508,0.000,43.391
275498,275507,0.000,32.219
275499,275504,0.000,39.052
275500,275506,0.000,39.359
275502,275510,0.000,52.490
275503,275505,0.000,27.943
275504,275507,0.000,20.806
275505,275506,0.000,22.312
275508,275509,0.000,16.819
275512,275585,0.000,48.796
275512,276404,0.000,0.000
275516,275522,0.000,49.710
275516,275532,0.000,39.538
275517,275526,0.000,38.122
275517,275528,0.000,8.712
275517,275536,0.000,1.186
275525,275530,0.000,35.707
275528,275536,0.000,114.943
275529,275535,0.000,26.894
275531,275532,0.000,20.015
275544,275576,0.000,30.242
275545,275575,0.000,5.312
275551,275573,0.000,22.977
275552,275574,0.000,21.433
275552,276394,0.000,436.929
275553,275576,0.000,197.373
275554,276395,0.000,5.421
275554,277265,0.000,216.890
275556,275573,0.000,21.923
275557,275615,0.000,80.145
275557,277266,0.000,57.798
275557,277286,0.000,0.000
275559,275597,0.000,6.340
275560,277268,0.000,417.401
275561,276398,0.000,8.200
275561,277269,0.000,4.642
275562,275582,0.000,54.274
275563,276399,0.000,4.311
275563,277270,0.000,4.094
275567,275598,0.000,53.866
275568,275592,0.000,65.223
275568,276400,0.000,24.544
275568,276407,0.000,0.000
275568,277271,0.000,39.885
275569,276355,0.000,0.000
275569,276366,0.000,0.000
275569,276401,0.000,1154.143
275569,277224,0.000,0.000
275569,277272,0.000,10.717
275570,275605,0.000,20.017
275570,276402,0.000,172.113
275570,277273,0.000,255.788
275570,277283,0.000,0.000
275571,277274,0.000,3.071
275572,275596,0.000,28.906
275573,275586,0.000,39.405
275574,276394,0.000,0.000
275575,275576,0.000,24.157
275575,275587,0.000,13.529
275576,275587,0.000,5.680
275576,275599,0.000,21.722
275576,275600,0.000,69.932
275579,275595,0.000,50.018
275580,275595,0.000,18.659
275581,275589,0.000,10.286
275581,275602,0.000,46.039
275585,276404,0.000,36.413
275585,277276,0.000,59.129
275589,275602,0.000,19.274
275590,275603,0.000,1.346
275590,277277,0.000,134.295
275590,277281,0.000,0.000
275592,276400,0.000,0.000
275592,276407,0.000,46.267
275592,277279,0.000,3.827
275603,277263,0.000,0.000
275603,277277,0.000,0.000
275603,277281,0.000,68.087
275604,277282,0.000,26.820
275605,277205,0.000,0.000
275605,277273,0.000,0.000
275605,277283,0.000,121.496
275606,275610,0.000,87.085
275607,275609,0.000,71.115
275613,275615,0.000,21.993
275613,277284,0.000,32.458
275613,277286,0.000,0.000
275615,277266,0.000,0.000
275615,277284,0.000,0.000
275615,277286,0.000,458.964
275624,275633,0.000,158.527
275624,275804,0.000,70.000
275624,276075,0.000,506.693
275624,276416,0.000,350.280
275624,276425,0.000,0.000
275624,276879,0.000,0.000
275625,276286,0.000,60.936
275625,276417,0.000,815.980
275626,275634,0.000,306.410
275626,276289,0.000,60.000
275626,276298,0.000,71.402
275626,276418,0.000,133.713
275626,276426,0.000,0.000
275626,277164,0.000,0.000
275627,275631,0.000,345.408
275627,276419,0.000,335.083
275627,276423,0.000,0.000
275628,276296,0.000,420.135
275629,275631,0.000,76.702
275629,276421,0.000,110.015
275629,276423,0.000,0.000
275630,275633,0.000,1608.871
275630,276422,0.000,116.809
275630,276425,0.000,0.000
275631,275634,0.000,20.518
275631,276419,0.000,0.000
275631,276421,0.000,0.000
275631,276423,0.000,654.507
275631,276426,0.000,0.000
275632,275635,0.000,318.414
275632,276424,0.000,131.055
275632,276427,0.000,0.000
275633,275636,0.000,190.000
275633,276288,0.000,270.000
275633,276416,0.000,0.000
275633,276422,0.000,0.000
275633,276425,0.000,15.063
275634,276418,0.000,0.000
275634,276423,0.000,0.000
275634,276426,0.000,178.895
275635,275674,0.000,296.679
275635,276424,0.000,0.000
275635,276427,0.000,504.858
275636,276300,0.000,145.236
275636,276428,0.000,91.791
275636,277166,0.000,0.000
275637,275642,0.000,349.356
275637,275646,0.000,587.280
275637,276429,0.000,511.060
275637,276434,0.000,0.000
275638,275639,0.000,210.441
275638,275645,0.000,477.886
275638,276106,0.000,35.102
275638,276430,0.000,1055.199
275638,276431,0.000,0.000
275638,276437,0.000,0.000
275638,276910,0.000,0.000
275639,276430,0.000,0.000
275639,276431,0.000,194.912
275640,275641,0.000,166.309
275640,275642,0.000,557.534
275640,275643,0.000,244.153
275640,276432,0.000,1335.556
275640,276433,0.000,0.000
275640,276435,0.000,0.000
275641,275642,0.000,781.135
275641,276432,0.000,0.000
275641,276433,0.000,383.950
275641,276434,0.000,0.000
275642,275646,0.000,120.000
275642,276429,0.000,0.000
275642,276433,0.000,0.000
275642,276434,0.000,238.123
275643,275644,0.000,157.449
275643,276432,0.000,0.000
275643,276435,0.000,150.386
275643,276436,0.000,0.000
275644,276435,0.000,0.000
275644,276436,0.000,652.605
275645,276430,0.000,0.000
275645,276437,0.000,62.564
275646,276429,0.000,0.000
275656,275674,0.000,98.556
275656,275682,0.000,57.634
275656,276448,0.000,370.318
275656,276475,0.000,0.000
275674,276427,0.000,0.000
275674,276448,0.000,0.000
275680,275682,0.000,120.000
275680,276473,0.000,41.531
275682,276448,0.000,0.000
275682,276475,0.000,213.228
275741,275754,0.000,63.095
275741,275984,0.000,158.509
275741,276540,0.000,248.317
275741,276553,0.000,0.000
275741,276787,0.000,0.000
275745,275791,0.000,157.920
275745,276109,0.000,822.808
275745,276264,0.000,34.738
275745,276353,0.000,191.769
275745,276544,0.000,555.737
275745,276592,0.000,0.000
275745,276913,0.000,0.000
275745,277120,0.000,0.000
275745,277222,0.000,0.000
275748,276350,0.000,110.000
275748,276353,0.000,148.381
275748,276357,0.000,47.290
275748,276547,0.000,747.599
275748,277222,0.000,0.000
275748,277226,0.000,0.000
275749,275869,0.000,425.610
275749,276361,0.000,437.861
275749,276388,0.000,14.147
275749,276548,0.000,127.782
275749,276671,0.000,0.000
275749,277230,0.000,0.000
275749,277257,0.000,0.000
275754,275984,0.000,311.304
275754,276011,0.000,431.189
275754,276540,0.000,0.000
275754,276553,0.000,1225.569
275754,276787,0.000,0.000
275754,276814,0.000,0.000
275757,276373,0.000,173.368
275757,276556,0.000,72.742
275757,277242,0.000,0.000
275764,275893,0.000,407.264
275764,276060,0.000,57.985
275764,276563,0.000,203.270
275764,276695,0.000,0.000
275764,276864,0.000,0.000
275779,276353,0.000,137.790
275779,276578,0.000,254.776
275779,277222,0.000,0.000
275791,276544,0.000,0.000
275791,276592,0.000,58.820
275804,276075,0.000,67.775
275804,276346,0.000,4.603
275804,276361,0.000,90.000
275804,276605,0.000,315.461
275804,276879,0.000,0.000
275804,277215,0.000,0.000
275806,275808,0.000,87.581
275806,276020,0.000,353.962
275806,276607,0.000,372.587
275806,276609,0.000,0.000
275806,276823,0.000,0.000
275808,275887,0.000,200.000
275808,276104,0.000,399.692
275808,276380,0.000,78.701
275808,276607,0.000,0.000
275808,276609,0.000,686.960
275808,276908,0.000,0.000
275808,277249,0.000,0.000
275812,275881,0.000,94.058
275812,275899,0.000,459.928
275812,276613,0.000,555.369
275812,276683,0.000,0.000
275819,275881,0.000,43.468
275819,276079,0.000,700.664
275819,276332,0.000,132.397
275819,276381,0.000,319.448
275819,276620,0.000,543.160
275819,276683,0.000,0.000
275819,276883,0.000,0.000
275819,277201,0.000,0.000
275819,277250,0.000,0.000
275838,275893,0.000,118.132
275838,276109,0.000,60.000
275838,276353,0.000,150.525
275838,276357,0.000,89.746
275838,276639,0.000,280.896
275838,276695,0.000,0.000
275838,277222,0.000,0.000
275838,277226,0.000,0.000
275840,276641,0.000,1560.012
275843,276361,0.000,75.533
275843,276377,0.000,1958.047
275843,276644,0.000,87.850
275843,277230,0.000,0.000
275843,277246,0.000,0.000
275846,275954,0.000,294.867
275846,276647,0.000,1749.524
275846,276757,0.000,0.000
275850,276316,0.000,192.096
275850,276651,0.000,50.048
275850,277184,0.000,0.000
275851,276184,0.000,72.517
275851,276334,0.000,25.437
275851,276335,0.000,276.848
275851,276652,0.000,870.257
275851,277003,0.000,0.000
275851,277203,0.000,0.000
275851,277204,0.000,0.000
275869,276007,0.000,200.218
275869,276119,0.000,369.967
275869,276548,0.000,0.000
275869,276671,0.000,152.465
275869,276810,0.000,0.000
275869,276923,0.000,0.000
275881,276613,0.000,0.000
275881,276620,0.000,0.000
275881,276683,0.000,126.243
275887,276104,0.000,137.302
275887,276336,0.000,32.021
275887,276373,0.000,774.531
275887,276689,0.000,982.451
275887,276908,0.000,0.000
275887,277205,0.000,0.000
275887,277242,0.000,0.000
275893,276000,0.000,489.957
275893,276060,0.000,121.345
275893,276109,0.000,744.888
275893,276266,0.000,1210.000
275893,276357,0.000,63.312
275893,276563,0.000,0.000
275893,276639,0.000,0.000
275893,276695,0.000,324.071
275893,276803,0.000,0.000
275893,276864,0.000,0.000
275893,276913,0.000,0.000
275893,277226,0.000,0.000
275899,276314,0.000,98.177
275899,276381,0.000,285.865
275899,276701,0.000,312.920
275899,277182,0.000,0.000
275899,277250,0.000,0.000
275904,276109,0.000,297.854
275904,276266,0.000,0.000
275904,276270,0.000,198.553
275904,276706,0.000,106.818
275904,276913,0.000,0.000
275904,277126,0.000,0.000
275905,275946,0.000,749.246
275905,275988,0.000,836.442
275905,276228,0.000,22.403
275905,276707,0.000,376.059
275905,276749,0.000,0.000
275905,276791,0.000,0.000
275905,277069,0.000,0.000
275928,276011,0.000,260.829
275928,276730,0.000,451.627
275928,276814,0.000,0.000
275932,276334,0.000,819.388
275932,276735,0.000,272.206
275932,277203,0.000,0.000
275946,276707,0.000,0.000
275946,276749,0.000,233.607
275954,276647,0.000,0.000
275954,276757,0.000,316.274
275966,276359,0.000,149.523
275966,276409,0.000,33.782
275966,276769,0.000,292.013
275966,277228,0.000,0.000
275966,277283,0.000,0.000
275984,276540,0.000,0.000
275984,276553,0.000,0.000
275984,276787,0.000,366.616
275988,276254,0.000,213.884
275988,276270,0.000,528.578
275988,276707,0.000,0.000
275988,276791,0.000,330.807
275988,277105,0.000,0.000
275988,277126,0.000,0.000
276000,276109,0.000,57.624
276000,276695,0.000,0.000
276000,276803,0.000,203.037
276000,276913,0.000,0.000
276007,276295,0.000,420.000
276007,276300,0.000,150.000
276007,276331,0.000,449.679
276007,276388,0.000,133.793
276007,276671,0.000,0.000
276007,276810,0.000,178.772
276007,277200,0.000,0.000
276007,277257,0.000,0.000
276011,276553,0.000,0.000
276011,276730,0.000,0.000
276011,276814,0.000,187.020
276020,276607,0.000,0.000
276020,276823,0.000,11.920
276060,276357,0.000,125.746
276060,276563,0.000,0.000
276060,276695,0.000,0.000
276060,276864,0.000,633.580
276060,277226,0.000,0.000
276064,276316,0.000,300.876
276064,276868,0.000,29.912
276064,277184,0.000,0.000
276075,276416,0.000,0.000
276075,276605,0.000,0.000
276075,276879,0.000,464.675
276079,276381,0.000,96.922
276079,276620,0.000,0.000
276079,276883,0.000,548.687
276079,277250,0.000,0.000
276095,276106,0.000,275.291
276095,276899,0.000,471.919
276095,276910,0.000,0.000
276097,276334,0.000,292.905
276097,276901,0.000,234.343
276097,277203,0.000,0.000
276104,276609,0.000,0.000
276104,276689,0.000,0.000
276104,276908,0.000,265.112
276106,276430,0.000,0.000
276106,276899,0.000,0.000
276106,276910,0.000,115.651
276109,276264,0.000,165.032
276109,276266,0.000,60.000
276109,276270,0.000,0.000
276109,276353,0.000,139.915
276109,276544,0.000,0.000
276109,276695,0.000,0.000
276109,276706,0.000,0.000
276109,276803,0.000,0.000
276109,276913,0.000,1218.168
276109,277120,0.000,0.000
276109,277222,0.000,0.000
276112,276384,0.000,232.523
276112,276916,0.000,345.547
276112,277253,0.000,0.000
276119,276671,0.000,0.000
276119,276923,0.000,196.466
276181,276272,0.000,341.158
276181,276396,0.000,320.332
276181,276999,0.000,36.611
276181,277128,0.000,0.000
276184,276247,0.000,350.821
276184,276335,0.000,332.423
276184,276652,0.000,0.000
276184,277003,0.000,290.902
276184,277204,0.000,0.000
276192,276392,0.000,132.786
276192,276400,0.000,445.409
276192,277015,0.000,6.071
276195,276254,0.000,151.484
276195,277018,0.000,14.431
276195,277105,0.000,0.000
276201,277027,0.000,1110.561
276219,276273,0.000,4.735
276219,277054,0.000,4.246
276228,276707,0.000,0.000
276228,277069,0.000,16.014
276247,276332,0.000,437.669
276247,276335,0.000,81.360
276247,277093,0.000,15.122
276247,277201,0.000,0.000
276247,277204,0.000,0.000
276254,276270,0.000,11.452
276254,276791,0.000,0.000
276254,277018,0.000,0.000
276254,277105,0.000,479.863
276254,277126,0.000,0.000
276264,276412,0.000,141.708
276264,276544,0.000,0.000
276264,276913,0.000,0.000
276264,277120,0.000,687.716
276264,277286,0.000,0.000
276265,276410,0.000,146.299
276265,276412,0.000,102.080
276265,277121,0.000,158.550
276265,277284,0.000,0.000
276265,277286,0.000,0.000
276266,276268,0.000,492.613
276266,276270,0.000,533.270
276266,277122,0.000,535.383
276266,277124,0.000,0.000
276266,277126,0.000,0.000
276267,276271,0.000,26.095
276267,276410,0.000,58.055
276267,277123,0.000,1032.682
276267,277127,0.000,0.000
276268,277122,0.000,0.000
276268,277124,0.000,70.699
276269,276272,0.000,47.071
276269,277125,0.000,163.043
276269,277128,0.000,0.000
276270,276706,0.000,0.000
276270,276791,0.000,0.000
276270,277105,0.000,0.000
276270,277122,0.000,0.000
276270,277126,0.000,1598.301
276271,276273,0.000,67.787
276271,276396,0.000,110.000
276271,276410,0.000,237.785
276271,277123,0.000,0.000
276271,277127,0.000,40.014
276271,277129,0.000,0.000
276272,276396,0.000,352.489
276272,276999,0.000,0.000
276272,277125,0.000,0.000
276272,277128,0.000,492.344
276272,277266,0.000,0.000
276273,277127,0.000,0.000
276273,277129,0.000,456.009
276284,276289,0.000,34.093
276284,276294,0.000,595.270
276284,277150,0.000,131.657
276284,277155,0.000,0.000
276284,277160,0.000,0.000
276285,277151,0.000,30.604
276286,276289,0.000,480.000
276286,276297,0.000,1307.561
276286,277152,0.000,325.026
276287,276292,0.000,481.847
276287,276301,0.000,184.220
276287,277153,0.000,159.866
276287,277158,0.000,0.000
276287,277167,0.000,0.000
276288,276300,0.000,124.529
276288,277154,0.000,238.248
276289,276294,0.000,88.400
276289,276297,0.000,60.000
276289,276298,0.000,123.927
276289,277150,0.000,0.000
276289,277155,0.000,81.730
276289,277164,0.000,0.000
276290,276291,0.000,6.971
276290,276295,0.000,379.933
276290,276299,0.000,145.470
276290,276301,0.000,0.000
276290,277156,0.000,77.402
276290,277161,0.000,0.000
276290,277165,0.000,0.000
276291,276295,0.000,409.204
276291,276300,0.000,21.589
276291,277157,0.000,340.860
276291,277161,0.000,0.000
276291,277166,0.000,0.000
276292,276294,0.000,397.640
276292,277153,0.000,0.000
276292,277158,0.000,93.904
276292,277160,0.000,0.000
276293,277159,0.000,160.573
276294,277150,0.000,0.000
276294,277158,0.000,0.000
276294,277160,0.000,446.789
276295,276299,0.000,0.000
276295,276300,0.000,197.424
276295,276301,0.000,1200.000
276295,277156,0.000,0.000
276295,277157,0.000,0.000
276295,277161,0.000,253.851
276295,277166,0.000,0.000
276296,277162,0.000,218.019
276297,276298,0.000,196.988
276297,277163,0.000,200.012
276297,277164,0.000,0.000
276298,276418,0.000,0.000
276298,277155,0.000,0.000
276298,277163,0.000,0.000
276298,277164,0.000,295.100
276299,276301,0.000,90.000
276299,277156,0.000,0.000
276299,277165,0.000,339.506
276300,276331,0.000,138.880
276300,276428,0.000,0.000
276300,277157,0.000,0.000
276300,277161,0.000,0.000
276300,277166,0.000,476.159
276300,277200,0.000,0.000
276301,277153,0.000,0.000
276301,277167,0.000,202.014
276314,276315,0.000,125.090
276314,276328,0.000,1562.680
276314,276701,0.000,0.000
276314,277182,0.000,1203.222
276314,277183,0.000,0.000
276314,277197,0.000,0.000
276315,276320,0.000,24.790
276315,276326,0.000,250.806
276315,276328,0.000,215.540
276315,276356,0.000,112.080
276315,276365,0.000,114.167
276315,277182,0.000,0.000
276315,277183,0.000,1201.327
276315,277189,0.000,0.000
276315,277195,0.000,0.000
276315,277225,0.000,0.000
276316,276651,0.000,0.000
276316,276868,0.000,0.000
276316,277184,0.000,737.753
276319,276344,0.000,61.135
276319,276356,0.000,47.882
276319,277187,0.000,219.596
276319,277213,0.000,0.000
276319,277225,0.000,0.000
276320,277183,0.000,0.000
276320,277189,0.000,557.696
276325,276332,0.000,378.712
276325,276344,0.000,11.648
276325,276386,0.000,220.000
276325,276407,0.000,106.428
276325,277194,0.000,839.389
276325,277201,0.000,0.000
276325,277213,0.000,0.000
276325,277279,0.000,0.000
276326,277183,0.000,0.000
276326,277195,0.000,181.692
276328,276337,0.000,997.993
276328,276355,0.000,16.969
276328,276365,0.000,753.141
276328,276366,0.000,41.932
276328,277182,0.000,0.000
276328,277197,0.000,181.546
276328,277206,0.000,0.000
276328,277234,0.000,0.000
276331,276388,0.000,76.076
276331,276810,0.000,0.000
276331,277166,0.000,0.000
276331,277200,0.000,240.774
276331,277257,0.000,0.000
276332,276381,0.000,34.464
276332,276620,0.000,0.000
276332,277093,0.000,0.000
276332,277194,0.000,0.000
276332,277201,0.000,790.235
276332,277250,0.000,0.000
276334,276335,0.000,59.696
276334,276652,0.000,0.000
276334,276735,0.000,0.000
276334,276901,0.000,0.000
276334,277203,0.000,649.941
276334,277204,0.000,0.000
276335,276364,0.000,93.287
276335,276652,0.000,0.000
276335,277003,0.000,0.000
276335,277093,0.000,0.000
276335,277203,0.000,0.000
276335,277204,0.000,690.166
276335,277233,0.000,0.000
276336,276373,0.000,33.209
276336,276409,0.000,388.685
276336,276689,0.000,0.000
276336,277205,0.000,914.322
276336,277242,0.000,0.000
276336,277283,0.000,0.000
276337,276355,0.000,179.294
276337,276366,0.000,336.367
276337,277197,0.000,0.000
276337,277206,0.000,1186.289
276337,277224,0.000,0.000
276337,277235,0.000,0.000
276340,277209,0.000,357.153
276344,276365,0.000,30.048
276344,277187,0.000,0.000
276344,277194,0.000,0.000
276344,277213,0.000,78.749
276344,277234,0.000,0.000
276346,276361,0.000,230.452
276346,276605,0.000,0.000
276346,277215,0.000,213.254
276346,277230,0.000,0.000
276348,277217,0.000,561.772
276350,276357,0.000,4.066
276350,277219,0.000,611.527
276350,277226,0.000,0.000
276353,276357,0.000,207.428
276353,276544,0.000,0.000
276353,276547,0.000,0.000
276353,276578,0.000,0.000
276353,276639,0.000,0.000
276353,276913,0.000,0.000
276353,277222,0.000,1421.726
276353,277226,0.000,0.000
276355,276365,0.000,452.573
276355,276366,0.000,46.881
276355,276401,0.000,98.998
276355,277206,0.000,0.000
276355,277224,0.000,1156.140
276355,277234,0.000,0.000
276355,277272,0.000,0.000
276356,277183,0.000,0.000
276356,277187,0.000,0.000
276356,277225,0.000,372.929
276357,276547,0.000,0.000
276357,276639,0.000,0.000
276357,276695,0.000,0.000
276357,276864,0.000,0.000
276357,277219,0.000,0.000
276357,277222,0.000,0.000
276357,277226,0.000,995.482
276359,276380,0.000,145.642
276359,276769,0.000,0.000
276359,277228,0.000,34.991
276359,277249,0.000,0.000
276361,276377,0.000,137.903
276361,276548,0.000,0.000
276361,276644,0.000,0.000
276361,277215,0.000,0.000
276361,277230,0.000,590.643
276361,277246,0.000,0.000
276363,277232,0.000,273.528
276364,276384,0.000,256.661
276364,277204,0.000,0.000
276364,277233,0.000,846.059
276364,277253,0.000,0.000
276365,277197,0.000,0.000
276365,277213,0.000,0.000
276365,277224,0.000,0.000
276365,277234,0.000,1624.703
276366,276401,0.000,1403.216
276366,277206,0.000,0.000
276366,277235,0.000,30.803
276373,276556,0.000,0.000
276373,276689,0.000,0.000
276373,277205,0.000,0.000
276373,277242,0.000,502.736
276377,276644,0.000,0.000
276377,277230,0.000,0.000
276377,277246,0.000,77.512
276380,276609,0.000,0.000
276380,277228,0.000,0.000
276380,277249,0.000,473.536
276381,276620,0.000,0.000
276381,276701,0.000,0.000
276381,276883,0.000,0.000
276381,277201,0.000,0.000
276381,277250,0.000,961.659
276384,276916,0.000,0.000
276384,277233,0.000,0.000
276384,277253,0.000,849.083
276385,276401,0.000,357.115
276385,277254,0.000,1073.368
276385,277272,0.000,0.000
276386,276407,0.000,229.032
276386,277255,0.000,310.148
276386,277279,0.000,0.000
276388,276548,0.000,0.000
276388,276810,0.000,0.000
276388,277200,0.000,0.000
276388,277257,0.000,400.113
276394,276401,0.000,447.406
276395,277265,0.000,194.346
276396,276410,0.000,110.431
276396,277128,0.000,0.000
276396,277266,0.000,363.375
276396,277284,0.000,0.000
276398,276404,0.000,194.300
276398,277269,0.000,412.596
276398,277276,0.000,0.000
276399,277270,0.000,6.795
276400,276407,0.000,24.130
276400,277271,0.000,19.642
276400,277279,0.000,0.000
276401,276405,0.000,698.062
276401,277224,0.000,0.000
276401,277254,0.000,0.000
276401,277272,0.000,685.919
276402,276409,0.000,91.025
276402,277273,0.000,912.613
276402,277283,0.000,0.000
276404,277269,0.000,0.000
276404,277276,0.000,554.406
276405,277277,0.000,960.446
276407,277194,0.000,0.000
276407,277255,0.000,0.000
276407,277271,0.000,0.000
276407,277279,0.000,405.811
276409,276769,0.000,0.000
276409,277205,0.000,0.000
276409,277273,0.000,0.000
276409,277283,0.000,1303.719
276410,276412,0.000,56.250
276410,277121,0.000,0.000
276410,277266,0.000,0.000
276410,277284,0.000,196.230
276410,277286,0.000,0.000
276412,277120,0.000,0.000
276412,277121,0.000,0.000
276412,277284,0.000,0.000
276412,277286,0.000,330.946
276416,276422,0.000,60.000
276416,276425,0.000,21.473
276416,276879,0.000,13.307
276417,277162,0.000,120.000
276418,276426,0.000,43.596
276418,277164,0.000,18.616
276419,276423,0.000,134.592
276421,276423,0.000,73.298
276422,276425,0.000,1.129
276423,276426,0.000,39.502
276424,276427,0.000,81.586
276427,276448,0.000,40.000
276428,277166,0.000,34.764
276429,276434,0.000,30.644
276430,276431,0.000,39.559
276430,276437,0.000,62.114
276430,276910,0.000,24.898
276432,276433,0.000,21.524
276432,276435,0.000,135.090
276433,276434,0.000,18.911
276435,276436,0.000,22.551
276448,276475,0.000,82.366
276540,276553,0.000,6.905
276540,276787,0.000,111.491
276544,276592,0.000,702.080
276544,276913,0.000,877.192
276544,277120,0.000,265.262
276544,277222,0.000,8.231
276547,277222,0.000,91.619
276547,277226,0.000,222.710
276548,276671,0.000,24.390
276548,276923,0.000,0.000
276548,277215,0.000,20.000
276548,277230,0.000,12.139
276548,277257,0.000,45.853
276553,276787,0.000,278.696
276553,276814,0.000,48.811
276556,277242,0.000,6.632
276563,276695,0.000,62.736
276563,276864,0.000,272.015
276578,277222,0.000,192.210
276605,276879,0.000,42.225
276605,277215,0.000,115.397
276607,276609,0.000,72.419
276607,276823,0.000,16.038
276607,277232,0.000,0.000
276609,276908,0.000,60.308
276609,277249,0.000,161.299
276613,276683,0.000,25.942
276620,276683,0.000,16.532
276620,276883,0.000,319.336
276620,277201,0.000,17.603
276620,277250,0.000,250.552
276639,276695,0.000,91.868
276639,277222,0.000,439.475
276639,277226,0.000,50.254
276644,277230,0.000,94.467
276644,277246,0.000,21.953
276647,276757,0.000,219.871
276651,277184,0.000,47.904
276652,277003,0.000,27.483
276652,277203,0.000,19.109
276652,277204,0.000,113.152
276671,276810,0.000,19.782
276671,276923,0.000,90.050
276689,276908,0.000,22.698
276689,277205,0.000,167.979
276689,277242,0.000,255.469
276689,277273,0.000,150.000
276695,276803,0.000,90.043
276695,276864,0.000,88.655
276695,276913,0.000,85.112
276695,277226,0.000,116.688
276701,277182,0.000,30.153
276701,277183,0.000,60.000
276701,277250,0.000,74.135
276706,276913,0.000,22.146
276706,277126,0.000,51.447
276707,276749,0.000,0.754
276707,276791,0.000,3.558
276707,277069,0.000,427.597
276730,276814,0.000,19.211
276735,277203,0.000,60.612
276769,277228,0.000,23.084
276769,277283,0.000,86.222
276791,277069,0.000,90.000
276791,277105,0.000,136.116
276791,277126,0.000,48.798
276803,276913,0.000,202.376
276810,277200,0.000,180.321
276810,277257,0.000,16.207
276864,277226,0.000,84.254
276868,277184,0.000,39.124
276883,277250,0.000,443.078
276899,276910,0.000,54.709
276901,277203,0.000,47.095
276913,277120,0.000,44.968
276913,277222,0.000,20.085
276916,277253,0.000,47.477
276990,277042,0.000,4.553
276990,277270,0.000,0.010
276993,277040,0.000,7.526
276993,277060,0.000,1.497
276999,277128,0.000,48.842
277003,277026,0.000,89.481
277003,277204,0.000,27.577
277017,277060,0.000,181.624
277018,277022,0.000,57.474
277018,277105,0.000,18.516
277024,277042,0.000,92.954
277024,277106,0.000,94.757
277027,277040,0.000,390.000
277027,277042,0.000,16.946
277032,277042,0.000,11.170
277034,277060,0.000,28.423
277034,277069,0.000,376.060
277040,277060,0.000,34.970
277040,277101,0.000,471.060
277042,277106,0.000,228.303
277047,277054,0.000,51.000
277047,277096,0.000,25.109
277050,277264,0.000,52.500
277052,277281,0.000,56.597
277060,277069,0.000,186.438
277093,277201,0.000,12.331
277093,277204,0.000,8.640
277094,277096,0.000,32.039
277103,277274,0.000,3.165
277105,277126,0.000,8.548
277115,277282,0.000,0.498
277120,277128,0.000,79.088
277120,277222,0.000,0.000
277120,277286,0.000,6.182
277121,277284,0.000,23.701
277121,277286,0.000,17.920
277122,277124,0.000,27.387
277122,277126,0.000,180.915
277123,277127,0.000,9.623
277123,277284,0.000,19.553
277125,277128,0.000,22.929
277127,277129,0.000,33.574
277128,277266,0.000,207.511
277128,277286,0.000,74.141
277150,277155,0.000,39.728
277150,277160,0.000,138.781
277152,277159,0.000,30.000
277153,277158,0.000,85.221
277153,277167,0.000,145.780
277154,277166,0.000,1.115
277155,277164,0.000,36.060
277156,277157,0.000,0.580
277156,277161,0.000,49.682
277156,277165,0.000,34.931
277156,277166,0.000,0.000
277157,277161,0.000,289.938
277157,277166,0.000,341.741
277158,277160,0.000,32.360
277161,277166,0.000,34.474
277163,277164,0.000,13.012
277166,277200,0.000,101.120
277182,277183,0.000,328.505
277182,277189,0.000,181.356
277182,277197,0.000,137.715
277183,277189,0.000,39.004
277183,277195,0.000,46.831
277183,277225,0.000,18.088
277183,277250,0.000,50.449
277187,277213,0.000,13.218
277187,277225,0.000,30.728
277194,277201,0.000,61.724
277194,277204,0.000,40.975
277194,277213,0.000,228.352
277194,277279,0.000,73.572
277197,277206,0.000,11.568
277197,277234,0.000,28.481
277200,277257,0.000,33.924
277201,277204,0.000,133.815
277201,277250,0.000,535.752
277203,277204,0.000,130.070
277204,277233,0.000,452.545
277205,277242,0.000,96.791
277205,277283,0.000,271.031
277206,277224,0.000,238.787
277206,277235,0.000,81.245
277213,277234,0.000,25.760
277215,277230,0.000,435.634
277219,277226,0.000,45.934
277222,277226,0.000,148.054
277224,277234,0.000,57.427
277224,277272,0.000,292.142
277228,277249,0.000,65.634
277230,277246,0.000,54.086
277233,277253,0.000,119.288
277254,277272,0.000,263.497
277255,277279,0.000,40.968
277263,277281,0.000,6.745
277265,277268,0.000,85.946
277266,277284,0.000,29.569
277266,277286,0.000,229.855
277269,277276,0.000,15.700
277271,277279,0.000,19.819
277273,277283,0.000,712.624
277277,277281,0.000,237.126
277284,277286,0.000,31.757
278434,278566,0.000,353.068
278434,279412,0.000,701.194
278434,279731,0.000,397.365
278434,280196,0.000,47.663
278434,280426,0.000,33.741
278434,283081,0.000,408.431
278435,279412,0.000,389.107
278435,279731,0.000,305.418
278435,283965,0.000,551.361
278436,278851,0.000,600.000
278436,278969,0.000,570.000
278436,278999,0.000,0.000
278436,279617,0.000,90.000
278436,279692,0.000,240.000
278436,279897,0.000,270.000
278436,279975,0.000,870.000
278436,280313,0.000,270.000
278436,284046,0.000,90.000
278438,278513,0.000,436.525
278438,279184,0.000,402.529
278438,280176,0.000,503.092
278438,280227,0.000,480.000
278440,283530,0.000,34.140
278440,284081,0.000,552.585
278443,278561,0.000,720.000
278443,278924,0.000,270.000
278443,279124,0.000,219.128
278447,280140,0.000,252.571
278447,280825,0.000,355.686
278447,281658,0.000,156.973
278447,284009,0.000,483.083
278449,280453,0.000,0.000
278449,283728,0.000,79.553
278449,283978,0.000,334.838
278449,284123,0.000,50.743
278449,284174,0.000,281.924
278449,284508,0.000,98.078
278449,285292,0.000,30.990
278449,285569,0.000,9.137
278449,285730,0.000,0.000
278449,286139,0.000,0.000
278450,278680,0.000,276.066
278450,278823,0.000,42.414
278450,279879,0.000,141.158
278450,283735,0.000,204.140
278451,280006,0.000,134.221
278451,280853,0.000,213.615
278451,280973,0.000,125.432
278452,278548,0.000,210.000
278452,279870,0.000,220.000
278452,280250,0.000,100.000
278452,280324,0.000,100.000
278452,281801,0.000,130.000
278455,279420,0.000,794.613
278455,280115,0.000,272.722
278455,280704,0.000,468.755
278455,283508,0.000,548.261
278455,286466,0.000,664.348
278455,286648,0.000,226.866
278455,286658,0.000,388.139
278460,278618,0.000,393.408
278460,278747,0.000,1325.074
278460,279165,0.000,110.548
278460,279721,0.000,484.401
278460,280193,0.000,1302.965
278460,280586,0.000,910.640
278460,280752,0.000,94.459
278463,278603,0.000,522.039
278463,279706,0.000,304.712
278463,279997,0.000,447.482
278463,280293,0.000,246.002
278463,280901,0.000,1085.657
278463,283965,0.000,422.804
278464,278681,0.000,159.367
278464,279048,0.000,82.859
278464,280204,0.000,147.383
278464,283947,0.000,571.882
278466,283819,0.000,265.129
278466,283821,0.000,29.094
278466,284027,0.000,565.299
278466,284029,0.000,188.823
278467,283895,0.000,730.000
278478,280049,0.000,409.875
278478,280337,0.000,298.125
278478,282026,0.000,182.930
278478,282079,0.000,58.834
278481,279016,0.000,205.431
278481,279386,0.000,190.379
278481,279461,0.000,153.823
278481,279954,0.000,0.000
278481,280262,0.000,155.832
278483,283434,0.000,627.764
278483,284091,0.000,150.823
278493,280758,0.000,1037.890
278499,278923,0.000,217.773
278499,279834,0.000,4.159
278499,279994,0.000,215.659
278499,280163,0.000,356.572
278499,283511,0.000,0.000
278499,283947,0.000,264.704
278500,278627,0.000,321.800
278500,279913,0.000,98.907
278500,279926,0.000,51.372
278500,280280,0.000,70.712
278500,280495,0.000,69.872
278500,280743,0.000,21.431
278503,278716,0.000,0.000
278503,278995,0.000,177.321
278503,279362,0.000,0.000
278503,280119,0.000,49.527
278503,280936,0.000,164.755
278509,279826,0.000,895.609
278509,279911,0.000,536.933
278513,279462,0.000,540.197
278513,280227,0.000,551.395
278513,280522,0.000,122.021
278513,280679,0.000,516.766
278513,286382,0.000,0.000
278513,286411,0.000,198.269
278513,286898,0.000,0.000
278513,286929,0.000,37.588
278514,282031,0.000,169.466
278514,283955,0.000,598.782
278516,280649,0.000,0.229
278516,280776,0.000,219.020
278516,283742,0.000,447.495
278516,283987,0.000,685.013
278516,284007,0.000,65.452
278517,278926,0.000,673.482
278517,278934,0.000,356.569
278517,283585,0.000,88.302
278517,285125,0.000,2.852
278520,279163,0.000,216.294
278520,280010,0.000,26.438
278520,280135,0.000,254.326
278523,278748,0.000,276.305
278523,279114,0.000,6.225
278523,279350,0.000,841.176
278523,279712,0.000,675.476
278523,279942,0.000,138.171
278523,280653,0.000,434.156
278523,283993,0.000,717.941
278528,278618,0.000,330.000
278528,279124,0.000,852.696
278528,279584,0.000,579.594
278528,279917,0.000,689.053
278528,280193,0.000,626.806
278528,280525,0.000,502.397
278528,280752,0.000,300.000
278529,280653,0.000,210.000
278529,280821,0.000,362.783
278529,280967,0.000,940.772
278529,283631,0.000,271.551
278529,283887,0.000,711.698
278529,285177,0.000,0.000
278529,285467,0.000,28.202
278530,278787,0.000,355.629
278530,279069,0.000,217.627
278530,279258,0.000,581.780
278530,279898,0.000,1055.946
278530,280539,0.000,19.153
278530,280705,0.000,430.824
278531,278588,0.000,222.935
278531,279609,0.000,221.037
278531,286425,0.000,292.814
278531,286655,0.000,59.814
278531,286943,0.000,14.222
278531,287197,0.000,1195.099
278533,278923,0.000,119.597
278533,278925,0.000,109.461
278533,279472,0.000,129.345
278533,280163,0.000,201.160
278533,280520,0.000,93.094
278535,279516,0.000,194.610
278535,282064,0.000,109.123
278535,283802,0.000,17.206
278535,283901,0.000,343.729
278535,284511,0.000,40.993
278536,278577,0.000,84.882
278536,278941,0.000,100.179
278536,279621,0.000,64.770
278536,280113,0.000,72.526
278536,280674,0.000,82.772
278536,280869,0.000,55.303
278536,280979,0.000,0.000
278536,283431,0.000,140.779
278536,283889,0.000,29.410
278548,278667,0.000,660.000
278548,278710,0.000,120.000
278548,279449,0.000,270.000
278548,279900,0.000,210.000
278548,280250,0.000,60.000
278548,280324,0.000,180.000
278548,280882,0.000,720.000
278548,281713,0.000,300.000
278552,279800,0.000,910.269
278552,279814,0.000,567.120
278552,283005,0.000,277.771
278554,283955,0.000,388.454
278555,279533,0.000,351.207
278555,280507,0.000,1342.894
278555,283988,0.000,33.358
278555,284424,0.000,336.290
278557,282053,0.000,116.698
278557,284431,0.000,101.342
278560,278937,0.000,264.746
278560,280141,0.000,0.000
278560,280765,0.000,410.913
278560,282000,0.000,750.000
278560,284431,0.000,299.619
278561,278924,0.000,88.038
278561,279735,0.000,233.430
278561,280037,0.000,237.601
278562,279420,0.000,303.173
278562,280631,0.000,16.230
278562,286346,0.000,373.350
278565,278590,0.000,64.011
278565,280514,0.000,304.851
278565,280676,0.000,260.227
278566,280196,0.000,602.321
278566,280426,0.000,437.729
278566,283081,0.000,373.384
278569,279375,0.000,396.762
278572,280645,0.000,30.538
278572,283858,0.000,504.772
278574,278940,0.000,50.879
278574,279743,0.000,196.302
278574,280279,0.000,166.975
278574,283947,0.000,284.211
278577,278716,0.000,46.194
278577,278941,0.000,145.016
278577,279595,0.000,39.858
278577,280674,0.000,111.117
278584,279824,0.000,46.829
278584,279902,0.000,63.374
278588,280570,0.000,67.045
278588,286443,0.000,84.801
278588,286655,0.000,0.000
278588,287197,0.000,0.000
278590,279588,0.000,37.426
278590,280514,0.000,81.684
278590,280676,0.000,389.876
278590,283810,0.000,465.959
278590,283953,0.000,663.083
278590,285540,0.000,20.156
278591,279185,0.000,63.917
278591,279993,0.000,309.014
278591,280314,0.000,216.738
278591,280418,0.000,21.463
278592,279785,0.000,565.248
278592,284027,0.000,201.518
278595,279168,0.000,30.000
278595,280231,0.000,230.000
278595,280730,0.000,180.000
278595,283452,0.000,60.000
278595,283809,0.000,60.000
278595,284063,0.000,420.000
278599,279557,0.000,345.525
278599,280048,0.000,917.620
278603,279706,0.000,138.240
278603,279997,0.000,130.244
278603,280334,0.000,21.981
278603,280485,0.000,508.841
278607,284413,0.000,420.000
278609,279018,0.000,456.616
278609,279496,0.000,283.559
278609,280866,0.000,771.103
278618,279917,0.000,90.000
278618,280193,0.000,572.978
278618,280752,0.000,879.128
278621,280455,0.000,53.638
278621,280624,0.000,302.955
278621,280763,0.000,310.922
278621,280826,0.000,158.018
278622,280297,0.000,306.524
278623,279568,0.000,832.029
278623,280094,0.000,137.177
278627,279261,0.000,269.497
278627,279343,0.000,0.000
278627,279514,0.000,658.543
278627,279913,0.000,59.812
278627,280126,0.000,199.142
278627,280280,0.000,48.578
278627,280743,0.000,149.870
278627,283889,0.000,94.568
278632,280930,0.000,592.108
278632,283961,0.000,374.941
278632,286421,0.000,686.593
278632,286451,0.000,362.060
278644,279348,0.000,191.124
278644,280542,0.000,29.621
278644,280557,0.000,257.060
278645,284029,0.000,116.337
278646,278717,0.000,220.480
278646,279020,0.000,488.931
278646,279246,0.000,0.000
278646,280127,0.000,366.957
278646,283907,0.000,0.000
278646,284102,0.000,0.000
278651,278847,0.000,158.015
278652,278859,0.000,425.875
278652,284506,0.000,20.777
278654,279536,0.000,233.750
278654,280122,0.000,329.476
278654,280167,0.000,74.928
278654,280341,0.000,398.220
278654,283443,0.000,39.517
278660,279170,0.000,377.865
278660,279684,0.000,57.808
278660,279865,0.000,39.037
278660,280442,0.000,74.068
278660,283791,0.000,299.907
278665,278809,0.000,89.780
278665,279594,0.000,306.995
278665,281675,0.000,243.155
278665,281777,0.000,806.757
278665,284027,0.000,131.565
278666,279046,0.000,194.950
278666,279065,0.000,33.955
278666,279574,0.000,104.123
278666,287241,0.000,171.105
278667,278710,0.000,30.000
278667,280992,0.000,500.000
278667,281713,0.000,370.000
278667,281821,0.000,40.000
278667,281839,0.000,280.000
278668,279590,0.000,9.341
278668,279726,0.000,50.420
278668,280175,0.000,576.585
278668,280281,0.000,179.446
278671,279175,0.000,284.805
278674,279206,0.000,137.098
278674,279879,0.000,117.182
278674,280938,0.000,122.814
278674,283800,0.000,106.308
278675,278684,0.000,202.528
278675,279364,0.000,295.136
278675,280455,0.000,247.337
278675,280784,0.000,351.341
278675,280798,0.000,296.112
278676,279035,0.000,7.651
278676,279131,0.000,315.780
278676,279368,0.000,550.686
278676,279424,0.000,641.856
278676,279937,0.000,335.732
278676,279945,0.000,1072.090
278676,280200,0.000,293.686
278676,280435,0.000,474.969
278676,280577,0.000,1263.015
278676,280810,0.000,90.668
278676,280944,0.000,485.799
278676,284064,0.000,108.551
278678,280514,0.000,180.000
278678,280967,0.000,480.000
278680,279585,0.000,1526.882
278680,279879,0.000,57.402
278680,280350,0.000,12.705
278680,283735,0.000,548.290
278680,283903,0.000,417.341
278680,284182,0.000,94.910
278681,278835,0.000,80.862
278681,279048,0.000,102.954
278681,280204,0.000,144.780
278681,280359,0.000,164.365
278684,280455,0.000,600.555
278684,280784,0.000,602.766
278686,278953,0.000,120.443
278686,279001,0.000,661.474
278686,279294,0.000,1171.544
278686,280077,0.000,732.008
278686,280753,0.000,77.782
278686,283965,0.000,2399.344
278689,279267,0.000,210.658
278689,284064,0.000,696.379
278693,279034,0.000,1350.000
278693,279473,0.000,330.000
278693,280571,0.000,836.779
278693,280959,0.000,30.000
278696,278851,0.000,240.000
278696,284046,0.000,480.000
278698,279230,0.000,53.729
278698,280146,0.000,334.574
278703,279123,0.000,778.430
278703,279481,0.000,402.944
278703,279565,0.000,1142.457
278703,280831,0.000,771.061
278705,278823,0.000,910.000
278705,279914,0.000,811.065
278705,280060,0.000,50.000
278705,280618,0.000,160.000
278705,280692,0.000,110.000
278705,283504,0.000,1000.000
278705,283735,0.000,360.000
278705,283793,0.000,260.000
278705,284535,0.000,530.000
278705,284543,0.000,270.000
278709,283791,0.000,374.962
278710,279449,0.000,330.000
278710,280882,0.000,750.000
278710,280992,0.000,90.000
278710,283765,0.000,1080.000
278710,283857,0.000,600.000
278710,283938,0.000,0.000
278712,280570,0.000,470.132
278712,280750,0.000,171.895
278712,286443,0.000,514.503
278714,279165,0.000,136.771
278714,286388,0.000,148.497
278714,286451,0.000,225.751
278715,279311,0.000,50.000
278715,280470,0.000,90.000
278715,283798,0.000,690.000
278715,283994,0.000,630.000
278716,278717,0.000,372.925
278716,278941,0.000,209.404
278716,279595,0.000,181.893
278716,280119,0.000,244.576
278716,280465,0.000,500.317
278716,280869,0.000,0.000
278716,280936,0.000,118.016
278716,280969,0.000,312.010
278716,283907,0.000,1181.280
278717,279020,0.000,0.000
278717,280127,0.000,0.000
278717,283502,0.000,250.801
278717,283907,0.000,662.330
278717,284102,0.000,60.005
278718,281982,0.000,1290.000
278718,282085,0.000,259.494
278718,283013,0.000,90.000
278718,283571,0.000,178.077
278718,284089,0.000,1235.927
278718,284532,0.000,285.670
278720,279311,0.000,240.000
278720,279868,0.000,60.000
278720,280231,0.000,190.000
278720,280730,0.000,430.000
278720,280993,0.000,280.000
278723,280124,0.000,196.001
278723,280238,0.000,289.165
278723,283970,0.000,97.236
278724,279684,0.000,367.411
278724,280442,0.000,160.097
278724,280446,0.000,0.314
278724,282027,0.000,285.593
278732,279124,0.000,269.387
278732,279157,0.000,37.521
278732,279568,0.000,206.718
278732,280038,0.000,40.873
278732,280974,0.000,155.546
278733,280039,0.000,195.181
278733,283732,0.000,27.979
278733,284137,0.000,447.626
278733,284154,0.000,390.000
278733,284180,0.000,852.302
278736,279971,0.000,158.167
278736,283895,0.000,47.983
278736,283953,0.000,444.714
278737,279364,0.000,290.489
278737,280002,0.000,205.963
278737,280455,0.000,1139.830
278737,280521,0.000,101.871
278737,280624,0.000,216.846
278737,280737,0.000,616.255
278738,278862,0.000,130.910
278738,279637,0.000,196.031
278738,279785,0.000,245.710
278738,280716,0.000,375.960
278738,283430,0.000,89.474
278744,278745,0.000,111.324
278744,278895,0.000,676.067
278744,279012,0.000,180.236
278744,279179,0.000,498.215
278744,283851,0.000,565.610
278744,286659,0.000,178.419
278745,279012,0.000,223.917
278745,279158,0.000,764.725
278745,279633,0.000,497.115
278745,279858,0.000,123.771
278745,286663,0.000,107.758
278747,278748,0.000,507.004
278747,279165,0.000,679.166
278747,280586,0.000,261.525
278748,278994,0.000,927.833
278748,279165,0.000,1258.817
278748,279712,0.000,518.196
278748,279942,0.000,55.400
278748,280086,0.000,1517.922
278748,280514,0.000,509.587
278748,280586,0.000,134.334
278748,283769,0.000,111.757
278750,278900,0.000,359.971
278750,279288,0.000,135.304
278750,279348,0.000,215.466
278750,280127,0.000,127.747
278750,280278,0.000,74.216
278750,280391,0.000,552.717
278750,280557,0.000,153.162
278750,280592,0.000,145.199
278750,283502,0.000,26.723
278750,284102,0.000,315.738
278753,278924,0.000,191.970
278753,279124,0.000,236.174
278753,279675,0.000,130.251
278753,280037,0.000,275.006
278755,279267,0.000,376.672
278755,279840,0.000,265.497
278755,280603,0.000,509.829
278761,280455,0.000,172.913
278761,280763,0.000,274.384
278761,280826,0.000,562.572
278761,280903,0.000,207.013
278761,283582,0.000,1260.004
278761,284441,0.000,398.356
278764,279099,0.000,460.000
278764,279236,0.000,40.000
278764,279283,0.000,480.000
278767,284508,0.000,418.699
278768,278943,0.000,42.910
278768,279406,0.000,275.672
278768,280000,0.000,120.754
278768,280624,0.000,284.100
278768,280840,0.000,214.396
278770,279184,0.000,108.890
278770,279289,0.000,300.235
278770,279302,0.000,8.487
278770,280006,0.000,56.437
278770,280224,0.000,132.118
278774,279731,0.000,869.018
278774,280293,0.000,545.507
278774,280901,0.000,314.474
278774,283081,0.000,17.983
278774,283827,0.000,433.909
278774,283965,0.000,290.164
278774,284064,0.000,216.179
278774,285400,0.000,81.316
278774,285553,0.000,20.235
278776,278825,0.000,820.000
278776,280870,0.000,220.000
278776,280952,0.000,320.000
278777,279101,0.000,881.219
278777,279701,0.000,14.192
278777,280539,0.000,500.912
278777,280705,0.000,842.880
278781,278815,0.000,486.459
278781,279363,0.000,330.271
278781,279889,0.000,252.337
278781,280187,0.000,960.028
278781,280967,0.000,128.348
278781,283673,0.000,644.965
278782,278911,0.000,38.614
278782,278991,0.000,486.347
278782,279045,0.000,37.312
278782,279551,0.000,649.906
278782,280110,0.000,307.773
278782,280174,0.000,885.661
278782,280791,0.000,565.588
278782,283612,0.000,325.682
278782,283921,0.000,0.000
278782,286434,0.000,430.016
278783,278925,0.000,71.671
278783,278936,0.000,655.687
278783,280468,0.000,115.502
278783,280520,0.000,16.019
278783,280542,0.000,282.179
278783,280971,0.000,98.271
278783,283675,0.000,242.869
278783,283849,0.000,214.421
278783,283960,0.000,215.768
278785,279397,0.000,181.376
278785,280341,0.000,210.635
278785,284008,0.000,291.222
278785,284032,0.000,65.974
278787,279069,0.000,746.258
278787,279313,0.000,1395.765
278787,279316,0.000,463.536
278787,279369,0.000,68.399
278787,279670,0.000,287.813
278787,279771,0.000,643.797
278787,279869,0.000,667.167
278787,279898,0.000,36.954
278787,279965,0.000,880.726
278787,280158,0.000,244.982
278787,280337,0.000,11.798
278787,280672,0.000,49.020
278787,280827,0.000,1216.894
278787,283530,0.000,1184.266
278789,279684,0.000,604.732
278789,280442,0.000,214.601
278790,279802,0.000,390.443
278790,280236,0.000,142.442
278790,280983,0.000,316.837
278793,278896,0.000,30.000
278793,278969,0.000,210.000
278793,279110,0.000,270.000
278793,279708,0.000,40.000
278793,280051,0.000,330.000
278798,279985,0.000,20.048
278798,280808,0.000,203.037
278809,279676,0.000,289.782
278809,279757,0.000,52.328
278809,281675,0.000,65.969
278815,280101,0.000,131.217
278815,280187,0.000,297.339
278815,283456,0.000,271.435
278815,283673,0.000,5.440
278815,284065,0.000,351.671
278815,284985,0.000,6.081
278815,285661,0.000,33.410
278823,279206,0.000,19.893
278823,279879,0.000,327.693
278823,280060,0.000,60.000
278823,283735,0.000,150.000
278823,284542,0.000,470.000
278823,284552,0.000,60.000
278824,279147,0.000,120.000
278824,279846,0.000,120.000
278824,280483,0.000,180.000
278824,280632,0.000,130.000
278824,280807,0.000,320.000
278824,281692,0.000,410.000
278825,278898,0.000,200.000
278825,279470,0.000,420.000
278825,279501,0.000,420.000
278825,280061,0.000,740.000
278825,280229,0.000,60.000
278825,280284,0.000,0.000
278825,280870,0.000,240.000
278825,280952,0.000,460.000
278825,283504,0.000,410.000
278825,284046,0.000,510.000
278829,279294,0.000,415.403
278829,279714,0.000,180.818
278829,280753,0.000,268.424
278832,278985,0.000,93.740
278832,279128,0.000,436.746
278832,279375,0.000,119.543
278832,279420,0.000,260.923
278832,279884,0.000,4.801
278832,280115,0.000,1435.285
278832,283421,0.000,293.682
278834,284431,0.000,768.421
278834,286057,0.000,24.342
278835,279048,0.000,179.695
278835,279472,0.000,165.807
278835,280359,0.000,110.521
278835,280427,0.000,354.479
278836,280728,0.000,576.749
278836,283016,0.000,1044.673
278836,283911,0.000,47.365
278841,278931,0.000,319.027
278841,279157,0.000,922.624
278841,279609,0.000,464.423
278841,286457,0.000,560.139
278843,279089,0.000,194.329
278843,279788,0.000,346.707
278843,280594,0.000,525.775
278843,283761,0.000,102.577
278843,284139,0.000,196.580
278843,284509,0.000,0.000
278845,283565,0.000,426.303
278845,283596,0.000,133.459
278845,283675,0.000,270.087
278845,283977,0.000,126.240
278845,284415,0.000,211.110
278846,280507,0.000,388.804
278846,280556,0.000,483.487
278846,280801,0.000,476.219
278846,284424,0.000,388.316
278846,286674,0.000,566.728
278847,279089,0.000,395.229
278847,279676,0.000,244.620
278847,280015,0.000,239.302
278847,280594,0.000,49.992
278851,279692,0.000,90.000
278851,280984,0.000,390.000
278851,284046,0.000,180.000
278853,279280,0.000,1000.000
278853,279282,0.000,210.000
278853,280061,0.000,760.000
278853,280720,0.000,340.000
278853,280872,0.000,0.000
278853,283503,0.000,10.000
278858,280220,0.000,150.171
278858,283742,0.000,1110.012
278859,282786,0.000,93.075
278860,279916,0.000,66.871
278860,283016,0.000,819.785
278862,279197,0.000,427.419
278862,279585,0.000,312.232
278862,279637,0.000,318.658
278862,279785,0.000,133.656
278862,283430,0.000,605.789
278862,283680,0.000,419.793
278867,280752,0.000,490.730
278867,286388,0.000,78.716
278871,284431,0.000,1788.647
278887,286425,0.000,563.020
278889,279140,0.000,235.750
278889,280002,0.000,300.067
278889,283884,0.000,559.999
278895,279000,0.000,30.000
278895,279018,0.000,401.673
278895,279159,0.000,440.167
278895,279179,0.000,390.000
278895,279302,0.000,1020.000
278896,278908,0.000,240.000
278896,279085,0.000,660.000
278896,279110,0.000,720.000
278896,279194,0.000,600.000
278896,279280,0.000,540.000
278896,279708,0.000,510.000
278896,280051,0.000,240.000
278896,280582,0.000,510.000
278896,283798,0.000,550.000
278898,279501,0.000,0.000
278898,280061,0.000,620.000
278898,280284,0.000,240.000
278898,283503,0.000,740.000
278900,279348,0.000,74.255
278900,280391,0.000,43.136
278900,280542,0.000,53.495
278900,280987,0.000,291.532
278906,283635,0.000,248.033
278906,284442,0.000,55.707
278906,287278,0.000,155.957
278906,287294,0.000,235.661
278908,279280,0.000,780.000
278911,279161,0.000,130.079
278911,279481,0.000,80.386
278911,279548,0.000,1084.714
278911,279565,0.000,330.000
278911,280616,0.000,241.808
278911,280824,0.000,323.792
278911,283612,0.000,0.000
278911,283921,0.000,1615.847
278911,285505,0.000,0.000
278912,279993,0.000,570.000
278912,280418,0.000,36.586
278923,279834,0.000,240.571
278923,280163,0.000,252.570
278923,280520,0.000,270.281
278923,280542,0.000,28.153
278924,279124,0.000,150.000
278924,280037,0.000,277.122
278925,279472,0.000,304.872
278925,280520,0.000,424.509
278925,283960,0.000,474.744
278926,278934,0.000,99.605
278926,279386,0.000,0.000
278926,279513,0.000,157.137
278926,279954,0.000,63.008
278926,280928,0.000,130.407
278926,283585,0.000,217.464
278927,279192,0.000,179.215
278927,279950,0.000,522.667
278927,279998,0.000,1385.413
278927,280152,0.000,758.875
278927,283457,0.000,275.402
278927,283585,0.000,487.519
278927,284054,0.000,24.689
278928,279267,0.000,22.204
278928,279656,0.000,232.631
278930,281985,0.000,785.940
278930,284431,0.000,457.460
278931,279157,0.000,423.067
278931,280974,0.000,600.000
278931,286406,0.000,991.408
278931,286457,0.000,963.723
278932,279032,0.000,105.793
278932,279131,0.000,224.578
278932,279937,0.000,1388.462
278932,280810,0.000,0.000
278932,284064,0.000,34.689
278932,286658,0.000,572.942
278932,287200,0.000,50.484
278934,278973,0.000,227.587
278934,279320,0.000,336.022
278934,279954,0.000,107.837
278934,283585,0.000,394.062
278935,280784,0.000,653.651
278935,283582,0.000,617.451
278936,278965,0.000,88.427
278936,280520,0.000,348.277
278936,280542,0.000,183.159
278936,280971,0.000,495.670
278937,284431,0.000,542.355
278938,280452,0.000,176.548
278938,281731,0.000,0.000
278938,282780,0.000,80.057
278938,282790,0.000,163.523
278939,279291,0.000,210.753
278939,280001,0.000,17.961
278939,280427,0.000,423.397
278939,283443,0.000,957.959
278939,284016,0.000,142.167
278939,284173,0.000,21.096
278940,279743,0.000,29.766
278940,279913,0.000,17.389
278940,279926,0.000,130.072
278940,280495,0.000,160.244
278940,280508,0.000,0.000
278940,283947,0.000,96.411
278942,284431,0.000,124.428
278943,280000,0.000,526.477
278943,280123,0.000,343.503
278943,280840,0.000,50.890
278943,284004,0.000,495.716
278943,284032,0.000,17.158
278944,279219,0.000,581.548
278944,280822,0.000,126.024
278944,284038,0.000,50.543
278944,284154,0.000,500.857
278953,280753,0.000,265.579
278956,286658,0.000,1019.010
278965,280520,0.000,68.704
278965,280542,0.000,625.912
278969,279110,0.000,210.000
278969,279617,0.000,660.000
278969,279897,0.000,60.000
278969,280168,0.000,60.000
278969,280889,0.000,90.000
278969,280961,0.000,300.000
278973,279320,0.000,245.395
278973,283585,0.000,258.604
278973,283848,0.000,83.642
278973,283945,0.000,360.413
278979,279246,0.000,4.882
278979,279677,0.000,402.674
278979,280100,0.000,79.198
278979,280201,0.000,47.184
278979,280209,0.000,76.366
278979,280787,0.000,79.306
278980,279016,0.000,195.928
278980,279320,0.000,217.020
278980,279954,0.000,262.760
278980,280152,0.000,191.647
278982,279076,0.000,341.664
278982,279307,0.000,254.278
278982,280300,0.000,274.381
278985,279420,0.000,820.327
278985,280631,0.000,174.303
278991,280791,0.000,112.863
278991,283612,0.000,332.978
278991,286353,0.000,412.932
278991,286385,0.000,30.449
278991,286434,0.000,66.202
278994,280028,0.000,1670.908
278994,280086,0.000,871.392
278994,280146,0.000,686.621
278994,280586,0.000,337.235
278994,283858,0.000,801.996
278995,279284,0.000,51.827
278995,279362,0.000,301.858
278995,279558,0.000,127.956
278995,279995,0.000,69.083
278995,280119,0.000,237.877
278995,280433,0.000,49.731
278995,280776,0.000,139.175
278995,280869,0.000,45.998
278995,280936,0.000,0.000
278995,280978,0.000,155.478
278995,283431,0.000,103.413
278995,283740,0.000,169.794
278995,283742,0.000,0.000
278995,285306,0.000,0.000
278997,279247,0.000,89.469
278997,279261,0.000,99.684
278997,279743,0.000,188.622
278997,279913,0.000,89.481
278997,280306,0.000,76.883
278997,280585,0.000,122.642
278997,283688,0.000,59.508
278999,279282,0.000,420.000
278999,279897,0.000,360.000
278999,280720,0.000,0.000
278999,284046,0.000,480.000
279000,279018,0.000,229.221
279000,279302,0.000,330.000
279001,279294,0.000,188.580
279005,284064,0.000,1509.356
279012,283851,0.000,145.056
279012,286659,0.000,113.843
279012,286663,0.000,17.450
279015,279802,0.000,313.257
279015,280753,0.000,183.932
279015,280983,0.000,76.339
279015,283965,0.000,143.102
279016,279386,0.000,0.000
279016,279440,0.000,48.088
279016,279954,0.000,210.884
279016,280152,0.000,688.281
279016,280262,0.000,39.883
279018,279159,0.000,118.477
279018,280475,0.000,105.726
279020,279246,0.000,123.188
279020,280127,0.000,0.000
279020,280303,0.000,1246.003
279020,280787,0.000,89.971
279020,283907,0.000,712.314
279025,279840,0.000,83.587
279025,279973,0.000,202.610
279025,280603,0.000,362.207
279027,279724,0.000,30.000
279027,279827,0.000,90.000
279027,279936,0.000,360.000
279027,280456,0.000,300.000
279027,283083,0.000,510.000
279030,279254,0.000,628.430
279030,280769,0.000,143.945
279030,282105,0.000,674.246
279030,284452,0.000,916.797
279032,280659,0.000,293.876
279032,280924,0.000,200.915
279032,287200,0.000,0.000
279034,279473,0.000,750.000
279034,279652,0.000,310.204
279034,279911,0.000,319.073
279034,280577,0.000,570.000
279034,283508,0.000,546.643
279034,283972,0.000,172.041
279034,285040,0.000,83.357
279034,285563,0.000,143.092
279034,285692,0.000,20.180
279034,286658,0.000,1179.820
279035,279368,0.000,383.064
279035,280900,0.000,127.603
279035,283489,0.000,140.198
279038,279124,0.000,596.852
279040,279541,0.000,182.409
279040,280669,0.000,161.253
279043,279334,0.000,283.382
279045,280174,0.000,92.853
279046,279574,0.000,60.000
279046,280860,0.000,185.827
279048,279472,0.000,29.801
279048,280163,0.000,526.957
279048,283947,0.000,53.481
279049,281960,0.000,526.790
279049,283012,0.000,163.966
279050,286840,0.000,48.202
279060,279380,0.000,93.141
279060,280935,0.000,410.921
279061,279124,0.000,73.906
279061,279568,0.000,610.905
279061,280906,0.000,0.000
279064,279532,0.000,255.814
279064,280142,0.000,258.255
279064,280160,0.000,196.873
279064,284101,0.000,408.097
279065,279574,0.000,129.154
279065,281993,0.000,292.728
279065,287223,0.000,66.154
279065,287228,0.000,204.945
279065,287241,0.000,216.992
279065,287261,0.000,506.795
279066,279101,0.000,109.853
279066,279103,0.000,230.299
279066,280838,0.000,71.141
279066,280968,0.000,377.813
279069,280539,0.000,272.929
279069,280672,0.000,723.311
279070,279360,0.000,196.424
279070,279502,0.000,745.305
279070,284431,0.000,835.392
279076,279307,0.000,182.800
279076,280101,0.000,242.208
279076,280187,0.000,107.198
279076,280300,0.000,220.464
279076,280576,0.000,600.066
279076,284117,0.000,210.921
279080,279914,0.000,288.387
279080,280229,0.000,113.145
279080,280618,0.000,1410.000
279080,280952,0.000,420.000
279080,283735,0.000,420.733
279080,284038,0.000,855.679
279085,279280,0.000,220.000
279085,279845,0.000,230.000
279085,283465,0.000,30.000
279085,283798,0.000,20.000
279085,283971,0.000,160.000
279089,279676,0.000,45.289
279089,280594,0.000,42.586
279089,283761,0.000,175.199
279091,279902,0.000,642.497
279091,280425,0.000,645.162
279091,281959,0.000,470.934
279091,283016,0.000,184.436
279099,279236,0.000,430.000
279099,279283,0.000,10.000
279101,279103,0.000,403.068
279101,279313,0.000,73.262
279101,279456,0.000,894.687
279101,279573,0.000,373.779
279101,279701,0.000,251.153
279101,280121,0.000,391.290
279101,280539,0.000,785.959
279101,280551,0.000,280.413
279101,280668,0.000,452.368
279101,280838,0.000,231.627
279103,279369,0.000,183.152
279103,279965,0.000,152.184
279103,280551,0.000,8.400
279103,280968,0.000,244.955
279106,280475,0.000,486.070
279108,280693,0.000,84.584
279108,286332,0.000,118.665
279108,286340,0.000,261.499
279108,286434,0.000,755.027
279108,286954,0.000,280.699
279110,279280,0.000,550.000
279110,279282,0.000,170.000
279110,280168,0.000,90.000
279110,280889,0.000,390.000
279111,280242,0.000,374.460
279111,280263,0.000,226.658
279114,279350,0.000,257.063
279114,284058,0.000,297.333
279117,279721,0.000,239.390
279117,280193,0.000,210.000
279118,279192,0.000,154.213
279118,283585,0.000,672.369
279122,283600,0.000,210.033
279122,286425,0.000,248.722
279123,279481,0.000,57.084
279123,279548,0.000,809.678
279124,279203,0.000,325.025
279124,279274,0.000,662.089
279124,279498,0.000,182.882
279124,279568,0.000,643.574
279124,279584,0.000,204.427
279124,279650,0.000,518.123
279124,279675,0.000,1754.594
279124,279716,0.000,771.673
279124,279721,0.000,763.988
279124,279736,0.000,30.110
279124,279877,0.000,684.280
279124,280094,0.000,600.320
279124,280423,0.000,132.438
279124,280525,0.000,1140.216
279124,280906,0.000,437.371
279128,279884,0.000,469.029
279130,283661,0.000,58.748
279130,283970,0.000,294.345
279130,284039,0.000,20.891
279131,279937,0.000,433.171
279131,280810,0.000,574.249
279131,284064,0.000,0.000
279140,279207,0.000,5.360
279140,280002,0.000,341.425
279140,280729,0.000,183.628
279140,283884,0.000,58.069
279140,284434,0.000,397.851
279142,279889,0.000,149.013
279142,280161,0.000,53.413
279142,280514,0.000,262.644
279142,280676,0.000,501.462
279143,279681,0.000,1021.086
279143,279972,0.000,504.993
279143,280118,0.000,689.383
279143,280927,0.000,0.000
279143,284537,0.000,834.369
279147,279846,0.000,260.000
279147,279900,0.000,210.000
279147,281692,0.000,60.000
279147,281729,0.000,330.000
279155,279409,0.000,203.788
279155,279436,0.000,145.697
279155,280706,0.000,19.308
279155,283692,0.000,190.642
279156,280728,0.000,50.710
279157,280038,0.000,485.705
279157,280490,0.000,118.216
279157,280547,0.000,364.471
279157,280974,0.000,691.006
279158,280475,0.000,61.830
279161,280824,0.000,608.630
279163,280010,0.000,251.027
279163,280135,0.000,50.754
279165,286388,0.000,83.321
279168,280619,0.000,900.000
279168,280730,0.000,60.000
279168,284063,0.000,330.000
279170,279684,0.000,376.629
279170,280442,0.000,109.634
279175,279702,0.000,254.903
279175,279840,0.000,248.222
279175,280079,0.000,190.625
279175,280569,0.000,349.606
279175,284064,0.000,0.000
279177,284511,0.000,685.426
279179,279302,0.000,510.000
279179,279629,0.000,431.388
279179,280227,0.000,1127.900
279179,286659,0.000,446.193
279183,279972,0.000,200.439
279183,280118,0.000,59.593
279183,280927,0.000,175.616
279183,283895,0.000,351.034
279184,279302,0.000,388.029
279184,280224,0.000,49.280
279184,280410,0.000,293.495
279185,279791,0.000,156.775
279185,279818,0.000,108.485
279185,279993,0.000,755.737
279185,280165,0.000,493.823
279185,280314,0.000,15.814
279185,280917,0.000,281.198
279185,280972,0.000,171.217
279186,279807,0.000,84.854
279186,283087,0.000,322.263
279186,284546,0.000,176.092
279186,284550,0.000,235.690
279187,279349,0.000,227.611
279187,280088,0.000,492.559
279187,284542,0.000,184.776
279188,280764,0.000,61.441
279188,282045,0.000,96.531
279188,283009,0.000,207.221
279188,283015,0.000,235.113
279191,280645,0.000,97.341
279191,283599,0.000,388.241
279191,283698,0.000,553.884
279191,283858,0.000,1436.491
279191,283953,0.000,651.405
279192,279487,0.000,474.871
279192,280112,0.000,293.934
279192,283457,0.000,374.930
279192,283585,0.000,434.293
279194,279632,0.000,440.000
279194,279708,0.000,270.000
279194,280510,0.000,470.000
279194,280582,0.000,180.000
279197,279585,0.000,540.122
279197,279785,0.000,216.492
279197,280861,0.000,157.248
279203,280525,0.000,472.762
279206,279879,0.000,235.313
279206,280938,0.000,28.734
279206,284542,0.000,147.200
279207,279951,0.000,54.324
279207,283884,0.000,162.428
279207,283990,0.000,183.727
279207,284430,0.000,295.768
279207,284434,0.000,29.965
279207,285463,0.000,48.686
279207,285581,0.000,23.006
279207,286056,0.000,20.707
279210,280498,0.000,644.165
279210,282057,0.000,270.000
279210,282084,0.000,770.000
279210,283452,0.000,540.000
279210,284127,0.000,60.000
279219,280822,0.000,1122.140
279219,284038,0.000,464.222
279230,279721,0.000,474.580
279230,279852,0.000,935.381
279230,280028,0.000,1214.679
279230,280146,0.000,190.128
279230,280289,0.000,0.000
279236,279283,0.000,490.000
279236,279692,0.000,90.000
279236,280456,0.000,270.000
279236,284046,0.000,30.000
279236,284543,0.000,1440.000
279241,279577,0.000,244.096
279241,280852,0.000,0.000
279241,280908,0.000,138.506
279241,282077,0.000,146.079
279241,283547,0.000,0.000
279241,284053,0.000,529.652
279241,284437,0.000,215.026
279246,279288,0.000,0.000
279246,280100,0.000,137.299
279246,280127,0.000,364.274
279246,280201,0.000,38.884
279246,280278,0.000,127.022
279246,280787,0.000,401.165
279247,283688,0.000,112.787
279249,279800,0.000,133.965
279249,279985,0.000,781.352
279254,279423,0.000,248.527
279254,280769,0.000,659.343
279254,280798,0.000,425.556
279254,280811,0.000,501.984
279254,284452,0.000,27.145
279257,286406,0.000,409.887
279258,280539,0.000,684.965
279261,279913,0.000,58.615
279261,283889,0.000,28.741
279266,279714,0.000,1226.928
279266,279898,0.000,330.000
279266,280705,0.000,577.673
279267,279915,0.000,52.091
279267,279973,0.000,292.876
279267,280603,0.000,40.442
279267,284064,0.000,338.735
279267,285660,0.000,3.292
279274,279721,0.000,647.896
279274,280005,0.000,1301.532
279274,284164,0.000,94.590
279280,279282,0.000,160.000
279280,279845,0.000,10.000
279280,280872,0.000,600.000
279280,283503,0.000,920.000
279282,279897,0.000,240.000
279282,280168,0.000,210.000
279282,280720,0.000,450.000
279282,284046,0.000,0.000
279283,279617,0.000,30.000
279283,279692,0.000,330.000
279283,280313,0.000,600.000
279284,279362,0.000,52.398
279284,280776,0.000,0.000
279284,283742,0.000,389.911
279287,279889,0.000,580.027
279287,280187,0.000,177.560
279287,280576,0.000,332.459
279287,283509,0.000,119.064
279288,280127,0.000,209.118
279288,280278,0.000,74.189
279289,280006,0.000,1221.474
279289,280224,0.000,90.592
279291,279464,0.000,56.823
279291,279623,0.000,192.288
279291,280427,0.000,28.732
279291,283661,0.000,95.428
279291,284016,0.000,241.863
279294,279815,0.000,2423.933
279294,280058,0.000,678.598
279294,280550,0.000,1092.235
279294,280753,0.000,680.846
279294,283965,0.000,126.566
279302,279391,0.000,143.847
279302,280227,0.000,870.000
279307,279681,0.000,546.733
279307,280101,0.000,181.151
279307,280300,0.000,63.603
279311,279868,0.000,320.000
279311,280231,0.000,170.000
279311,280470,0.000,370.000
279311,283798,0.000,330.000
279313,279316,0.000,356.017
279313,279369,0.000,330.251
279313,280539,0.000,948.369
279313,280551,0.000,408.973
279313,280672,0.000,127.733
279317,282043,0.000,414.647
279317,283019,0.000,37.687
279317,287298,0.000,707.555
279318,279522,0.000,115.996
279318,283846,0.000,232.044
279318,283894,0.000,140.644
279318,284441,0.000,334.066
279319,283901,0.000,441.772
279319,285481,0.000,70.889
279320,279954,0.000,113.926
279320,280152,0.000,408.365
279320,283848,0.000,457.183
279321,279757,0.000,377.937
279321,280477,0.000,186.328
279321,281615,0.000,28.362
279321,281618,0.000,255.954
279322,280784,0.000,1088.941
279322,283582,0.000,357.677
279322,283983,0.000,819.911
279330,279496,0.000,99.326
279330,279684,0.000,590.373
279330,280446,0.000,203.244
279330,280598,0.000,121.362
279330,280758,0.000,340.017
279330,280833,0.000,261.495
279334,279562,0.000,301.130
279334,279656,0.000,30.000
279334,286329,0.000,98.689
279334,286406,0.000,686.208
279336,282217,0.000,540.000
279342,279558,0.000,133.806
279342,280776,0.000,134.164
279342,283688,0.000,0.000
279342,284995,0.000,98.509
279342,285245,0.000,38.060
279343,279514,0.000,524.199
279343,280126,0.000,54.492
279343,283613,0.000,70.469
279343,283889,0.000,75.966
279344,279682,0.000,0.000
279344,280160,0.000,512.160
279344,283790,0.000,0.000
279344,283933,0.000,293.522
279347,279902,0.000,161.599
279347,279985,0.000,165.857
279347,280591,0.000,223.482
279348,280542,0.000,322.287
279348,280557,0.000,55.169
279349,279936,0.000,330.000
279349,280088,0.000,230.000
279349,280228,0.000,190.000
279349,283085,0.000,430.000
279349,284542,0.000,71.552
279350,280653,0.000,254.996
279352,284064,0.000,1114.353
279354,279643,0.000,707.136
279354,279813,0.000,1200.932
279354,280049,0.000,119.203
279354,280337,0.000,34.424
279354,282026,0.000,446.737
279354,283530,0.000,345.282
279354,284081,0.000,119.362
279360,279502,0.000,211.499
279360,284431,0.000,54.459
279362,280936,0.000,114.521
279362,283742,0.000,154.028
279363,279889,0.000,964.242
279363,280514,0.000,124.811
279363,280967,0.000,910.588
279364,280455,0.000,329.711
279364,280521,0.000,470.122
279364,280708,0.000,849.363
279364,280798,0.000,308.437
279364,280811,0.000,544.025
279366,283009,0.000,447.837
279368,280944,0.000,164.211
279368,283489,0.000,90.604
279369,279965,0.000,346.896
279369,280551,0.000,101.469
279375,279884,0.000,274.402
279375,280537,0.000,180.000
279376,279585,0.000,712.529
279376,280350,0.000,200.000
279376,283695,0.000,201.383
279376,283800,0.000,194.495
279380,279381,0.000,109.213
279380,280446,0.000,485.464
279380,282027,0.000,21.504
279381,280446,0.000,437.463
279381,282027,0.000,352.423
279385,283009,0.000,299.208
279385,283011,0.000,211.645
279386,279461,0.000,250.300
279386,279513,0.000,116.978
279386,279954,0.000,531.509
279386,280820,0.000,569.509
279386,284505,0.000,175.306
279391,280227,0.000,285.379
279395,279487,0.000,168.672
279395,283457,0.000,399.092
279397,280341,0.000,14.482
279397,283443,0.000,352.109
279397,284032,0.000,0.000
279397,285625,0.000,74.921
279399,279807,0.000,159.206
279399,283847,0.000,322.825
279399,284550,0.000,519.079
279405,279589,0.000,1080.789
279405,279833,0.000,145.324
279405,279848,0.000,292.419
279405,280801,0.000,594.406
279405,284076,0.000,70.881
279405,284095,0.000,307.965
279406,280000,0.000,601.595
279406,280624,0.000,33.730
279406,280737,0.000,898.863
279407,280476,0.000,267.691
279409,279436,0.000,4.714
279409,280325,0.000,212.186
279409,282032,0.000,181.097
279409,287294,0.000,63.651
279412,280426,0.000,1225.290
279412,283965,0.000,729.569
279420,280115,0.000,965.629
279420,280631,0.000,348.066
279420,280694,0.000,1344.863
279420,286346,0.000,414.570
279420,286466,0.000,574.502
279423,280769,0.000,238.098
279423,280798,0.000,301.791
279423,283983,0.000,895.011
279423,284421,0.000,325.864
279423,284537,0.000,30.000
279424,279937,0.000,228.155
279424,280239,0.000,457.408
279424,280577,0.000,370.825
279436,280325,0.000,238.209
279436,280395,0.000,88.883
279436,282032,0.000,72.019
279436,283422,0.000,0.000
279436,283692,0.000,419.152
279440,280035,0.000,50.052
279440,280152,0.000,85.978
279440,280262,0.000,170.281
279440,280288,0.000,134.684
279440,280453,0.000,199.413
279440,283720,0.000,0.000
279440,283730,0.000,178.256
279443,279772,0.000,415.838
279443,284537,0.000,541.778
279453,279633,0.000,0.000
279453,280499,0.000,307.972
279453,286663,0.000,114.324
279461,280262,0.000,44.901
279461,280820,0.000,107.911
279461,283745,0.000,375.562
279461,284505,0.000,18.050
279463,280048,0.000,330.000
279463,280067,0.000,180.000
279463,286455,0.000,390.000
279464,283507,0.000,473.495
279464,283661,0.000,179.228
279464,284016,0.000,176.335
279464,284039,0.000,429.853
279464,285039,0.000,30.591
279464,285211,0.000,21.822
279464,285608,0.000,21.317
279464,285634,0.000,21.201
279470,283504,0.000,280.000
279470,284046,0.000,80.000
279472,280001,0.000,198.836
279472,280163,0.000,231.605
279472,280427,0.000,263.236
279472,283960,0.000,221.699
279473,280959,0.000,360.000
279473,283972,0.000,180.000
279479,279529,0.000,352.478
279479,280214,0.000,158.712
279479,280908,0.000,491.268
279479,283547,0.000,21.367
279479,283730,0.000,25.815
279481,279548,0.000,357.893
279481,279565,0.000,25.297
279482,281731,0.000,179.263
279482,281844,0.000,260.739
279482,282777,0.000,178.843
279482,284336,0.000,135.669
279487,280112,0.000,538.479
279487,280621,0.000,0.000
279487,283457,0.000,31.467
279487,283625,0.000,469.510
279496,279684,0.000,14.970
279496,280598,0.000,89.919
279496,280718,0.000,57.543
279497,279734,0.000,75.836
279497,279858,0.000,18.690
279497,280085,0.000,88.966
279497,280878,0.000,371.621
279497,283791,0.000,367.826
279498,279877,0.000,16.746
279498,280525,0.000,473.217
279501,279622,0.000,100.000
279501,280229,0.000,210.000
279501,280284,0.000,330.000
279502,279545,0.000,359.566
279502,279670,0.000,252.139
279502,279965,0.000,285.138
279502,280559,0.000,85.765
279502,280838,0.000,566.942
279502,284431,0.000,339.622
279503,279542,0.000,78.792
279503,279684,0.000,490.717
279513,279954,0.000,0.000
279513,280928,0.000,226.677
279513,284505,0.000,125.080
279514,280126,0.000,0.000
279514,283889,0.000,372.559
279516,283901,0.000,0.000
279516,284106,0.000,339.807
279516,284511,0.000,389.391
279522,280823,0.000,635.103
279522,280903,0.000,268.939
279522,280916,0.000,88.808
279522,283846,0.000,311.666
279522,284074,0.000,29.678
279522,284441,0.000,606.922
279529,279746,0.000,595.765
279529,280214,0.000,100.507
279529,280287,0.000,76.816
279529,280398,0.000,373.884
279529,283730,0.000,50.026
279532,279818,0.000,335.189
279532,280039,0.000,139.345
279532,280142,0.000,1978.334
279532,280165,0.000,713.394
279532,280220,0.000,183.132
279532,280739,0.000,202.693
279532,280972,0.000,443.928
279532,283579,0.000,445.577
279532,283742,0.000,178.917
279532,284101,0.000,176.483
279532,284149,0.000,972.122
279532,284153,0.000,459.435
279532,284180,0.000,501.923
279532,285119,0.000,51.297
279532,285760,0.000,35.217
279533,280507,0.000,416.565
279533,283988,0.000,1046.176
279534,280140,0.000,46.465
279534,280479,0.000,79.447
279534,283747,0.000,471.880
279534,283929,0.000,193.402
279534,284009,0.000,788.846
279534,284114,0.000,24.973
279534,284125,0.000,236.805
279535,280799,0.000,16.432
279535,283955,0.000,670.520
279536,279872,0.000,213.436
279536,280001,0.000,47.492
279536,280002,0.000,473.678
279536,280122,0.000,139.219
279536,280167,0.000,175.046
279536,283443,0.000,32.679
279536,283884,0.000,188.963
279536,283960,0.000,384.684
279538,283791,0.000,332.336
279541,280669,0.000,48.589
279541,282081,0.000,381.813
279541,286664,0.000,39.673
279542,279684,0.000,1184.855
279545,279808,0.000,201.670
279545,280131,0.000,309.496
279545,280559,0.000,261.752
279545,280668,0.000,13.787
279545,280838,0.000,95.471
279545,284431,0.000,107.346
279549,281981,0.000,200.078
279549,282071,0.000,212.651
279549,283988,0.000,348.990
279551,280174,0.000,1230.000
279551,286461,0.000,1084.216
279551,286673,0.000,449.279
279557,280006,0.000,346.026
279557,280048,0.000,53.916
279558,280776,0.000,81.731
279558,283431,0.000,59.939
279558,283688,0.000,92.723
279558,284959,0.000,1.513
279558,284995,0.000,0.000
279558,285245,0.000,0.000
279558,285469,0.000,61.110
279562,279656,0.000,267.108
279565,280206,0.000,36.364
279565,280831,0.000,1140.000
279568,280094,0.000,150.000
279568,280906,0.000,364.423
279574,280860,0.000,180.000
279574,281993,0.000,186.613
279574,281998,0.000,8.682
279577,282077,0.000,268.196
279577,284437,0.000,122.718
279584,280490,0.000,748.554
279584,280525,0.000,334.869
279584,280907,0.000,448.406
279584,286464,0.000,129.215
279585,280350,0.000,64.778
279585,280861,0.000,238.200
279585,283680,0.000,42.141
279585,283695,0.000,213.734
279585,284037,0.000,206.824
279585,284182,0.000,264.032
279588,280514,0.000,874.908
279589,279833,0.000,371.445
279589,279848,0.000,366.146
279589,283456,0.000,359.801
279589,284095,0.000,246.244
279590,280175,0.000,323.175
279590,280281,0.000,79.294
279590,280426,0.000,216.457
279590,280875,0.000,481.516
279590,280900,0.000,83.832
279594,284027,0.000,333.515
279595,280674,0.000,99.319
279595,280869,0.000,116.406
279595,280969,0.000,0.000
279609,286443,0.000,46.963
279609,286457,0.000,386.767
279616,283791,0.000,449.645
279616,284061,0.000,134.478
279617,280313,0.000,380.000
279620,280570,0.000,67.805
279620,280679,0.000,333.630
279621,279987,0.000,0.000
279621,280113,0.000,0.000
279621,280979,0.000,281.106
279621,283431,0.000,258.203
279622,280229,0.000,80.260
279622,280284,0.000,380.000
279622,280390,0.000,300.000
279622,280627,0.000,741.860
279622,283503,0.000,50.000
279622,283992,0.000,520.000
279623,280427,0.000,351.478
279623,283661,0.000,195.765
279625,283961,0.000,415.154
279625,286425,0.000,1812.759
279629,280227,0.000,223.182
279629,286659,0.000,128.779
279630,284160,0.000,50.009
279630,284537,0.000,543.162
279632,279708,0.000,40.000
279632,279968,0.000,300.000
279632,280582,0.000,420.000
279632,280782,0.000,260.000
279633,279858,0.000,204.003
279633,280499,0.000,67.989
279633,286663,0.000,189.932
279637,279785,0.000,488.904
279643,280337,0.000,148.969
279643,280827,0.000,413.137
279643,283530,0.000,504.200
279646,279756,0.000,570.000
279646,279853,0.000,360.000
279646,280299,0.000,241.113
279646,280488,0.000,670.000
279646,281665,0.000,120.000
279646,281780,0.000,160.000
279646,281975,0.000,302.112
279646,282192,0.000,60.000
279646,282207,0.000,880.000
279646,282211,0.000,80.000
279646,284328,0.000,30.000
279652,280577,0.000,59.273
279670,279771,0.000,655.078
279670,279869,0.000,30.332
279670,279965,0.000,846.194
279670,280337,0.000,274.118
279670,280374,0.000,1684.158
279670,282070,0.000,123.201
279670,284431,0.000,1142.110
279671,283736,0.000,214.588
279675,279716,0.000,365.378
279675,280037,0.000,85.900
279675,280476,0.000,136.881
279675,280841,0.000,316.114
279676,279757,0.000,563.099
279676,283761,0.000,54.110
279677,280209,0.000,63.509
279677,280303,0.000,39.104
279677,280509,0.000,502.473
279677,280542,0.000,0.000
279677,280787,0.000,107.053
279681,279686,0.000,675.380
279681,279772,0.000,56.979
279681,279775,0.000,448.007
279681,279972,0.000,0.000
279681,280101,0.000,799.226
279681,280300,0.000,284.347
279681,280927,0.000,59.471
279681,284537,0.000,732.878
279682,279737,0.000,90.397
279682,280160,0.000,312.240
279682,280392,0.000,187.666
279682,280649,0.000,166.793
279682,283933,0.000,15.429
279684,279865,0.000,489.955
279684,280442,0.000,535.979
279684,280446,0.000,431.658
279686,284537,0.000,208.778
279689,280738,0.000,231.403
279692,280313,0.000,390.000
279692,280984,0.000,310.000
279692,284046,0.000,750.000
279702,280334,0.000,37.914
279702,280485,0.000,171.430
279702,280569,0.000,0.000
279702,280626,0.000,338.801
279702,284064,0.000,364.322
279705,280109,0.000,18.353
279705,280425,0.000,495.240
279705,281959,0.000,92.115
279705,281998,0.000,322.148
279706,280485,0.000,113.168
279706,283965,0.000,196.061
279706,284124,0.000,447.146
279706,285553,0.000,0.000
279706,285731,0.000,24.654
279708,279968,0.000,260.000
279708,280051,0.000,90.000
279708,280510,0.000,730.000
279708,280782,0.000,100.000
279711,280035,0.000,0.000
279711,280164,0.000,371.993
279711,280214,0.000,134.917
279711,280398,0.000,84.119
279711,280852,0.000,0.000
279711,283720,0.000,98.346
279711,284053,0.000,371.588
279712,283769,0.000,201.549
279712,284058,0.000,325.357
279712,285654,0.000,14.481
279714,279898,0.000,482.379
279714,280504,0.000,495.713
279714,280753,0.000,752.740
279716,280094,0.000,259.424
279716,280476,0.000,544.978
279721,279736,0.000,558.655
279721,279852,0.000,0.000
279721,280193,0.000,277.521
279721,280289,0.000,611.792
279721,280586,0.000,842.604
279721,284164,0.000,291.947
279724,279827,0.000,150.000
279724,279936,0.000,210.000
279724,283083,0.000,270.000
279724,283085,0.000,0.000
279724,283090,0.000,60.000
279726,280175,0.000,136.764
279726,280281,0.000,189.956
279726,280900,0.000,213.867
279726,283489,0.000,75.790
279726,284541,0.000,75.933
279731,283081,0.000,16.954
279731,283965,0.000,17.575
279734,280085,0.000,241.239
279734,280878,0.000,159.458
279735,280037,0.000,125.126
279735,280070,0.000,137.323
279735,280617,0.000,390.593
279735,280841,0.000,328.987
279737,280142,0.000,221.181
279737,280160,0.000,189.259
279737,280392,0.000,238.987
279743,279913,0.000,366.245
279743,280010,0.000,237.018
279743,280279,0.000,93.761
279743,280306,0.000,9.815
279744,280135,0.000,384.406
279744,283790,0.000,118.560
279746,279956,0.000,57.848
279746,280287,0.000,133.836
279746,283730,0.000,204.474
279749,279861,0.000,15.713
279749,280042,0.000,381.851
279749,280974,0.000,268.175
279749,286406,0.000,539.091
279751,280088,0.000,163.018
279751,280479,0.000,344.820
279751,283765,0.000,435.046
279751,284542,0.000,158.728
279756,279853,0.000,270.000
279756,281780,0.000,390.000
279756,282217,0.000,150.000
279757,280477,0.000,47.143
279757,281615,0.000,168.750
279757,281675,0.000,11.076
279757,281777,0.000,117.512
279757,281855,0.000,103.476
279757,283761,0.000,101.282
279770,284537,0.000,309.371
279770,284540,0.000,934.737
279771,279965,0.000,252.707
279772,280101,0.000,934.323
279772,283456,0.000,175.536
279772,284537,0.000,100.050
279775,280300,0.000,677.430
279775,280927,0.000,499.172
279775,283895,0.000,290.884
279779,283783,0.000,15.679
279779,284004,0.000,270.179
279779,284016,0.000,356.977
279785,280013,0.000,285.625
279785,280625,0.000,211.993
279785,280634,0.000,22.461
279785,280652,0.000,862.257
279785,280716,0.000,287.529
279785,280861,0.000,298.563
279785,283430,0.000,331.615
279785,283695,0.000,134.472
279785,283844,0.000,55.402
279785,283893,0.000,851.696
279785,284027,0.000,368.556
279785,284181,0.000,448.618
279785,284324,0.000,37.039
279788,283761,0.000,166.832
279788,284139,0.000,104.794
279791,279809,0.000,155.581
279791,279993,0.000,581.652
279791,280039,0.000,245.330
279791,280165,0.000,189.698
279791,283680,0.000,266.180
279800,279814,0.000,319.916
279800,279985,0.000,805.560
279800,283005,0.000,92.877
279802,280236,0.000,66.579
279802,280615,0.000,138.922
279802,280753,0.000,132.895
279802,280983,0.000,386.755
279807,283087,0.000,116.624
279807,283456,0.000,368.529
279807,283847,0.000,236.875
279807,284550,0.000,159.548
279808,284431,0.000,1.413
279809,280039,0.000,216.090
279809,283680,0.000,19.372
279809,284037,0.000,74.803
279809,284137,0.000,150.542
279809,285631,0.000,59.204
279809,285746,0.000,0.000
279813,282026,0.000,786.810
279814,279985,0.000,327.551
279814,280808,0.000,206.741
279818,280314,0.000,230.724
279818,280917,0.000,238.464
279818,280972,0.000,36.691
279818,284101,0.000,340.566
279824,279902,0.000,14.216
279824,280591,0.000,258.218
279826,279911,0.000,187.022
279826,280959,0.000,692.989
279826,283417,0.000,215.946
279827,283083,0.000,420.000
279828,280753,0.000,596.153
279831,280010,0.000,170.687
279831,280208,0.000,0.000
279831,280817,0.000,57.942
279831,283625,0.000,73.587
279831,283815,0.000,155.737
279833,284095,0.000,1011.097
279834,279994,0.000,94.582
279840,280603,0.000,108.691
279843,286461,0.000,396.453
279843,286673,0.000,166.181
279845,283465,0.000,300.000
279845,283503,0.000,60.000
279846,279900,0.000,80.000
279846,280632,0.000,220.000
279848,283456,0.000,569.572
279848,283847,0.000,1402.619
279848,284076,0.000,822.014
279852,280028,0.000,502.983
279852,280289,0.000,18.302
279852,284164,0.000,175.436
279853,281975,0.000,30.000
279853,281987,0.000,180.000
279853,281997,0.000,150.000
279853,282217,0.000,270.000
279858,280475,0.000,89.475
279858,280878,0.000,491.686
279861,280659,0.000,166.429
279861,280924,0.000,94.405
279867,280010,0.000,566.211
279867,280238,0.000,223.800
279867,280817,0.000,257.463
279867,283625,0.000,0.000
279868,279968,0.000,150.000
279868,280582,0.000,720.000
279868,280619,0.000,80.000
279868,280730,0.000,330.000
279868,280993,0.000,410.000
279868,283798,0.000,330.000
279869,280337,0.000,490.957
279870,280250,0.000,20.000
279870,281588,0.000,20.000
279870,281729,0.000,240.000
279870,281740,0.000,200.000
279870,281801,0.000,220.000
279872,280800,0.000,50.826
279872,283884,0.000,113.409
279872,283960,0.000,355.583
279877,280525,0.000,35.531
279879,280350,0.000,167.445
279879,283800,0.000,92.719
279889,280187,0.000,19.751
279889,280276,0.000,469.653
279889,280514,0.000,150.000
279889,280676,0.000,583.111
279889,283509,0.000,179.981
279889,283953,0.000,135.484
279897,279975,0.000,30.000
279897,280168,0.000,120.000
279897,284046,0.000,0.000
279898,280615,0.000,482.280
279898,280753,0.000,359.281
279898,283530,0.000,1024.291
279899,280195,0.000,164.836
279899,286428,0.000,37.237
279900,280095,0.000,1370.000
279900,280250,0.000,330.000
279900,280473,0.000,310.000
279900,280632,0.000,590.000
279900,280807,0.000,80.000
279900,281729,0.000,90.000
279900,282092,0.000,440.000
279902,279985,0.000,49.808
279902,280297,0.000,493.573
279902,280591,0.000,195.423
279911,283417,0.000,417.253
279911,283508,0.000,1711.948
279911,283972,0.000,375.766
279913,280495,0.000,171.014
279914,280618,0.000,50.000
279914,283735,0.000,412.122
279915,283616,0.000,165.666
279915,284064,0.000,420.642
279915,285162,0.000,28.695
279915,285660,0.000,45.945
279916,283016,0.000,365.929
279926,280280,0.000,220.035
279926,280495,0.000,95.000
279926,280508,0.000,117.930
279926,283947,0.000,0.000
279936,283085,0.000,300.000
279936,283090,0.000,0.000
279937,280239,0.000,416.691
279937,280577,0.000,832.630
279937,286658,0.000,1020.045
279945,280435,0.000,75.376
279945,280944,0.000,150.429
279947,283907,0.000,383.258
279947,284149,0.000,429.663
279947,284153,0.000,361.628
279947,284154,0.000,35.699
279947,284180,0.000,582.779
279950,280152,0.000,167.756
279950,280288,0.000,132.006
279950,280349,0.000,638.752
279950,283730,0.000,190.700
279950,284054,0.000,863.860
279951,280468,0.000,75.212
279951,283960,0.000,122.430
279951,283990,0.000,3.289
279951,284430,0.000,266.936
279953,284509,0.000,22.707
279956,280287,0.000,308.570
279956,283730,0.000,327.655
279965,280120,0.000,660.582
279965,280838,0.000,783.170
279965,280968,0.000,592.385
279968,280582,0.000,10.000
279968,280619,0.000,520.000
279968,280782,0.000,560.000
279968,284063,0.000,540.000
279971,283895,0.000,813.264
279971,283953,0.000,100.188
279972,280118,0.000,1426.023
279972,280927,0.000,775.233
279973,280603,0.000,240.290
279983,280654,0.000,385.547
279983,283791,0.000,408.802
279985,280297,0.000,178.780
279985,280591,0.000,430.736
279985,280808,0.000,152.197
279985,283005,0.000,81.001
279987,279995,0.000,119.034
279987,280979,0.000,79.000
279987,283431,0.000,254.494
279990,280000,0.000,44.564
279990,280002,0.000,345.138
279990,280123,0.000,100.259
279990,280341,0.000,5.638
279990,280737,0.000,97.143
279990,284008,0.000,247.257
279992,280395,0.000,0.000
279992,283422,0.000,486.215
279992,287271,0.000,368.970
279993,280418,0.000,531.569
279994,283450,0.000,11.218
279994,283511,0.000,20.746
279994,283613,0.000,46.767
279994,283947,0.000,0.000
279995,280113,0.000,0.000
279995,280433,0.000,102.426
279995,280979,0.000,45.515
279995,283431,0.000,50.219
279995,283740,0.000,137.298
279996,283730,0.000,474.968
279997,280293,0.000,452.641
279997,280334,0.000,153.085
279998,280152,0.000,114.623
279998,283585,0.000,153.635
280000,280123,0.000,368.268
280000,280737,0.000,18.214
280001,280427,0.000,415.110
280001,283443,0.000,450.816
280001,283960,0.000,616.951
280002,280167,0.000,497.550
280002,280341,0.000,512.566
280002,280521,0.000,134.566
280002,280729,0.000,593.281
280002,280737,0.000,1333.779
280002,283884,0.000,316.571
280006,280048,0.000,474.601
280006,280224,0.000,298.578
280006,280790,0.000,835.479
280006,280866,0.000,415.394
280006,280973,0.000,14.615
280006,286504,0.000,914.818
280010,280135,0.000,258.056
280010,280208,0.000,25.847
280010,280238,0.000,67.568
280010,280279,0.000,94.020
280010,280306,0.000,21.466
280010,280817,0.000,11.594
280010,283815,0.000,0.000
280011,283921,0.000,673.418
280011,285505,0.000,41.776
280013,283893,0.000,362.052
280013,284324,0.000,265.546
280028,280146,0.000,733.551
280029,280304,0.000,13.137
280029,284416,0.000,212.761
280029,284508,0.000,106.985
280034,281474,0.000,414.970
280034,283506,0.000,83.812
280034,287240,0.000,119.556
280034,287267,0.000,295.444
280034,287281,0.000,977.174
280035,280287,0.000,15.724
280035,280398,0.000,379.859
280035,280453,0.000,0.000
280035,280454,0.000,29.329
280035,283720,0.000,145.415
280035,283730,0.000,244.313
280037,280841,0.000,756.329
280039,280165,0.000,156.108
280039,284137,0.000,209.086
280039,284180,0.000,119.353
280040,280928,0.000,345.710
280040,284505,0.000,56.806
280048,280067,0.000,466.316
280048,280790,0.000,177.422
280048,286420,0.000,193.684
280048,286423,0.000,150.000
280048,286504,0.000,205.201
280049,280337,0.000,963.365
280049,282026,0.000,513.028
280060,280692,0.000,230.000
280060,284552,0.000,240.000
280061,280720,0.000,340.000
280061,283503,0.000,190.000
280061,284046,0.000,150.000
280067,286420,0.000,25.484
280067,286455,0.000,266.803
280069,284431,0.000,987.626
280070,280537,0.000,180.000
280070,280617,0.000,415.360
280085,283791,0.000,93.173
280086,280514,0.000,1153.360
280086,283858,0.000,151.235
280086,284051,0.000,205.377
280088,280228,0.000,430.000
280088,283765,0.000,350.000
280088,283857,0.000,300.000
280088,284542,0.000,130.000
280090,280729,0.000,277.612
280090,281967,0.000,657.113
280090,282082,0.000,77.089
280090,284434,0.000,133.159
280094,280906,0.000,132.436
280095,282092,0.000,760.000
280100,280201,0.000,138.212
280101,280187,0.000,460.588
280101,283456,0.000,189.642
280101,284065,0.000,425.317
280109,281998,0.000,28.465
280112,283585,0.000,47.642
280112,283625,0.000,279.834
280113,280433,0.000,115.595
280113,280869,0.000,175.509
280113,280978,0.000,9.895
280113,280979,0.000,153.722
280115,283508,0.000,1033.880
280118,283895,0.000,1254.787
280118,284112,0.000,60.000
280118,284537,0.000,1206.135
280119,280869,0.000,10.136
280119,280936,0.000,0.000
280119,280969,0.000,0.000
280121,280668,0.000,24.703
280122,283443,0.000,439.960
280123,284008,0.000,470.601
280123,284032,0.000,148.324
280124,283970,0.000,178.096
280124,285560,0.000,0.000
280126,280280,0.000,133.564
280126,283511,0.000,124.482
280126,283613,0.000,151.620
280127,280278,0.000,0.000
280127,280592,0.000,162.336
280127,284102,0.000,96.125
280130,280294,0.000,370.059
280130,280303,0.000,261.281
280130,280509,0.000,293.159
280130,280627,0.000,477.223
280131,280559,0.000,25.987
280135,280208,0.000,232.335
280135,280306,0.000,424.120
280135,283790,0.000,102.456
280140,284009,0.000,244.809
280141,284431,0.000,945.324
280142,280160,0.000,608.750
280142,280220,0.000,55.003
280142,280392,0.000,342.807
280151,280225,0.000,263.972
280152,280288,0.000,472.511
280152,280478,0.000,422.847
280152,283585,0.000,26.371
280152,283848,0.000,238.875
280158,280337,0.000,943.942
280158,280827,0.000,622.145
280160,283933,0.000,0.000
280160,284010,0.000,33.640
280160,284101,0.000,40.409
280161,280676,0.000,770.200
280163,283947,0.000,481.679
280164,283720,0.000,295.227
280164,284053,0.000,59.469
280165,280972,0.000,202.473
280166,280306,0.000,158.971
280166,283688,0.000,322.103
280167,280341,0.000,309.730
280168,280889,0.000,360.000
280174,280584,0.000,489.678
280174,283530,0.000,1521.882
280174,284081,0.000,102.269
280174,285064,0.000,64.455
280174,285680,0.000,91.144
280174,286058,0.000,4.784
280174,286673,0.000,115.216
280175,280900,0.000,402.768
280176,280227,0.000,210.011
280181,280421,0.000,306.845
280181,284413,0.000,600.190
280187,280576,0.000,1074.133
280195,286428,0.000,435.714
280195,286501,0.000,59.223
280195,287024,0.000,7.897
280200,280944,0.000,336.524
280200,283489,0.000,64.621
280201,280209,0.000,68.213
280201,280278,0.000,158.088
280201,280557,0.000,340.330
280204,280359,0.000,182.528
280204,280862,0.000,163.734
280204,283661,0.000,35.705
280204,283970,0.000,322.107
280206,280831,0.000,201.406
280207,280418,0.000,422.537
280207,283819,0.000,82.575
280208,283790,0.000,145.556
280208,283815,0.000,252.971
280209,280509,0.000,0.000
280209,280542,0.000,212.014
280209,280557,0.000,203.792
280211,280767,0.000,81.808
280211,286466,0.000,319.015
280211,286648,0.000,205.848
280211,286861,0.000,11.433
280212,284119,0.000,149.846
280212,287281,0.000,198.984
280212,287284,0.000,270.977
280214,280398,0.000,500.865
280214,280852,0.000,182.168
280214,280908,0.000,149.476
280214,284053,0.000,0.000
280220,280392,0.000,512.288
280220,280649,0.000,162.378
280220,283742,0.000,301.565
280228,283857,0.000,640.000
280229,280627,0.000,509.176
280229,280870,0.000,390.000
280229,280952,0.000,20.000
280229,284038,0.000,480.518
280231,280240,0.000,440.000
280231,280396,0.000,120.000
280231,280470,0.000,330.000
280231,280730,0.000,240.000
280231,280818,0.000,780.000
280231,282075,0.000,150.000
280231,283809,0.000,90.000
280236,280615,0.000,248.370
280236,280983,0.000,528.734
280236,283530,0.000,262.231
280238,280279,0.000,213.713
280238,280817,0.000,0.000
280238,283625,0.000,391.117
280238,283970,0.000,215.354
280240,280470,0.000,700.000
280240,282075,0.000,1280.000
280240,283994,0.000,220.000
280242,280263,0.000,86.700
280250,281729,0.000,90.000
280252,280811,0.000,464.618
280252,281967,0.000,206.830
280252,281994,0.000,163.693
280252,282011,0.000,91.756
280252,284452,0.000,48.890
280260,284431,0.000,722.539
280262,280453,0.000,761.903
280262,280806,0.000,324.705
280262,283441,0.000,121.915
280262,283745,0.000,574.759
280262,284123,0.000,218.151
280262,284174,0.000,288.993
280263,280338,0.000,154.383
280276,283509,0.000,675.265
280276,283953,0.000,63.236
280278,280557,0.000,46.596
280279,283947,0.000,27.831
280279,283970,0.000,105.881
280280,280508,0.000,155.280
280280,280743,0.000,207.277
280280,280779,0.000,332.818
280280,283511,0.000,115.303
280280,283947,0.000,0.000
280281,280875,0.000,473.921
280281,284541,0.000,183.133
280284,283503,0.000,10.000
280287,280398,0.000,344.498
280287,280454,0.000,234.636
280287,283730,0.000,302.884
280288,280478,0.000,138.063
280288,283730,0.000,504.685
280289,284164,0.000,270.920
280290,287239,0.000,287.183
280290,287254,0.000,141.881
280290,287281,0.000,334.042
280293,280334,0.000,10.508
280293,280901,0.000,13.354
280293,284064,0.000,459.624
280294,280303,0.000,1129.207
280294,280627,0.000,244.574
280294,280822,0.000,1572.522
280294,284038,0.000,736.152
280297,283005,0.000,411.009
280299,280488,0.000,429.814
280299,281975,0.000,430.000
280299,284413,0.000,44.631
280300,283895,0.000,82.332
280300,284117,0.000,596.363
280303,280509,0.000,569.575
280303,280787,0.000,289.851
280303,280813,0.000,657.481
280303,280822,0.000,109.195
280303,283907,0.000,102.343
280304,283978,0.000,311.776
280304,284416,0.000,331.811
280304,284508,0.000,416.942
280306,280585,0.000,205.489
280306,283688,0.000,28.228
280324,281713,0.000,100.000
280324,281801,0.000,180.000
280325,282032,0.000,9.258
280334,280485,0.000,73.656
280334,284064,0.000,150.008
280337,280374,0.000,156.195
280337,280481,0.000,336.882
280337,280827,0.000,23.822
280337,282079,0.000,384.123
280340,280389,0.000,165.181
280340,280512,0.000,144.023
280340,280866,0.000,121.270
280340,280935,0.000,23.900
280341,283443,0.000,13.916
280341,284008,0.000,39.928
280349,283730,0.000,826.961
280349,283828,0.000,67.050
280349,284054,0.000,143.200
280349,284152,0.000,23.909
280349,285295,0.000,3.611
280349,285649,0.000,18.162
280350,283800,0.000,295.165
280359,280427,0.000,135.681
280359,280862,0.000,74.114
280359,283661,0.000,106.855
280369,280509,0.000,565.222
280369,280627,0.000,477.829
280374,280481,0.000,1039.570
280374,282070,0.000,808.072
280383,283565,0.000,179.912
280383,283589,0.000,638.252
280389,280512,0.000,191.971
280389,280758,0.000,967.490
280389,280935,0.000,19.264
280390,283503,0.000,940.000
280390,283663,0.000,0.000
280390,283992,0.000,60.000
280391,280987,0.000,190.721
280392,280649,0.000,148.262
280395,282032,0.000,201.328
280395,283422,0.000,361.318
280395,283692,0.000,0.000
280395,287271,0.000,38.846
280396,280470,0.000,480.000
280398,283720,0.000,0.000
280408,282087,0.000,162.209
280411,281731,0.000,37.891
280411,283761,0.000,386.061
280411,284141,0.000,286.448
280411,284362,0.000,423.077
280418,280703,0.000,329.682
280418,283639,0.000,354.955
280418,283819,0.000,43.704
280421,280488,0.000,170.969
280421,284328,0.000,124.820
280421,284413,0.000,150.692
280423,280525,0.000,532.956
280425,281959,0.000,376.533
280426,280875,0.000,476.562
280426,283081,0.000,325.776
280427,283661,0.000,60.563
280433,280978,0.000,139.972
280433,280979,0.000,0.000
280435,280944,0.000,153.338
280442,282003,0.000,1105.542
280442,282027,0.000,11.572
280442,283791,0.000,446.793
280446,282027,0.000,206.311
280452,281731,0.000,265.977
280452,282777,0.000,89.360
280452,282780,0.000,79.908
280453,283720,0.000,341.236
280453,283978,0.000,660.172
280453,284174,0.000,6.682
280454,283730,0.000,547.364
280455,280624,0.000,130.552
280455,280763,0.000,425.226
280455,280784,0.000,85.116
280455,283582,0.000,1028.413
280456,283083,0.000,330.000
280456,284543,0.000,120.000
280465,283907,0.000,475.702
280468,283675,0.000,244.869
280468,283960,0.000,349.867
280468,284430,0.000,64.402
280470,280818,0.000,140.000
280470,283994,0.000,130.000
280473,280483,0.000,560.000
280473,280807,0.000,80.000
280473,282036,0.000,70.000
280473,282072,0.000,60.000
280473,282092,0.000,220.000
280476,280841,0.000,202.242
280477,281618,0.000,216.534
280477,283761,0.000,390.000
280479,283747,0.000,305.551
280479,283765,0.000,372.475
280479,284125,0.000,270.210
280479,284183,0.000,341.864
280479,284542,0.000,195.841
280480,280837,0.000,781.422
280481,282070,0.000,292.933
280481,282079,0.000,660.000
280483,280807,0.000,160.000
280483,281692,0.000,90.000
280483,281715,0.000,310.000
280483,282072,0.000,460.000
280488,284328,0.000,300.000
280488,284413,0.000,247.316
280490,280907,0.000,341.060
280498,282084,0.000,10.000
280498,284127,0.000,326.762
280499,280654,0.000,15.069
280499,282081,0.000,421.439
280499,286663,0.000,0.000
280500,280822,0.000,823.961
280500,284038,0.000,811.321
280507,280801,0.000,84.817
280507,283988,0.000,520.360
280507,284076,0.000,287.693
280507,284424,0.000,746.283
280508,280779,0.000,128.171
280508,283511,0.000,0.000
280508,283947,0.000,631.016
280509,280542,0.000,542.888
280509,280627,0.000,140.710
280509,283756,0.000,824.048
280509,283849,0.000,513.864
280512,280866,0.000,75.227
280513,280825,0.000,328.220
280513,281824,0.000,210.000
280513,281839,0.000,210.000
280513,283929,0.000,200.000
280514,280676,0.000,395.132
280514,280967,0.000,470.484
280514,283769,0.000,280.287
280514,283810,0.000,432.432
280514,284051,0.000,169.829
280514,284058,0.000,537.015
280514,285337,0.000,51.926
280514,285646,0.000,21.138
280519,282776,0.000,209.996
280520,280542,0.000,482.364
280521,280708,0.000,691.092
280521,280729,0.000,243.478
280522,280679,0.000,440.383
280537,280981,0.000,276.671
280539,280672,0.000,293.663
280539,280705,0.000,307.835
280541,284028,0.000,283.479
280542,280557,0.000,64.507
280542,283849,0.000,328.646
280547,286428,0.000,413.346
280550,283965,0.000,669.752
280556,280801,0.000,336.418
280556,283600,0.000,210.000
280556,284095,0.000,554.505
280556,286674,0.000,945.387
280559,280838,0.000,677.781
280569,284064,0.000,393.831
280570,280679,0.000,527.800
280570,280750,0.000,340.613
280570,286443,0.000,117.373
280570,286609,0.000,195.375
280570,286659,0.000,72.420
280570,287147,0.000,6.291
280571,280959,0.000,1286.845
280576,283509,0.000,388.850
280576,284117,0.000,1368.522
280577,286658,0.000,600.723
280582,283798,0.000,180.000
280584,283530,0.000,940.744
280585,283688,0.000,44.560
280592,284102,0.000,0.000
280594,284509,0.000,19.587
280598,280718,0.000,58.932
280615,280753,0.000,8.968
280615,283530,0.000,187.833
280616,280824,0.000,576.423
280616,280932,0.000,285.128
280616,283921,0.000,55.941
280618,280952,0.000,440.000
280618,283504,0.000,360.000
280619,280730,0.000,730.000
280619,284063,0.000,360.000
280621,283625,0.000,498.903
280624,280737,0.000,449.446
280624,280826,0.000,215.915
280624,280840,0.000,592.801
280625,280634,0.000,123.524
280625,281848,0.000,151.684
280625,284027,0.000,162.441
280627,283756,0.000,324.138
280627,283992,0.000,1704.870
280627,284038,0.000,75.656
280628,283988,0.000,430.598
280628,284424,0.000,30.147
280628,284426,0.000,184.340
280632,280807,0.000,160.000
280634,281848,0.000,89.289
280634,284324,0.000,557.113
280645,283599,0.000,678.265
280645,283858,0.000,335.535
280649,283742,0.000,430.344
280649,283933,0.000,193.239
280649,283987,0.000,659.031
280652,280861,0.000,272.786
280653,280967,0.000,595.849
280653,283887,0.000,16.558
280653,283993,0.000,420.388
280653,285584,0.000,22.101
280654,281973,0.000,383.877
280654,282081,0.000,245.319
280654,283791,0.000,210.206
280654,284061,0.000,162.366
280659,280924,0.000,120.000
280668,280838,0.000,967.619
280669,280775,0.000,226.129
280669,286425,0.000,1137.519
280669,286458,0.000,47.790
280669,286664,0.000,136.222
280669,286936,0.000,7.347
280669,286943,0.000,234.954
280669,286978,0.000,0.000
280669,287206,0.000,90.795
280674,280869,0.000,328.909
280676,283953,0.000,300.055
280679,286411,0.000,559.364
280689,280817,0.000,181.798
280689,283625,0.000,198.650
280692,283686,0.000,50.000
280692,284535,0.000,480.000
280692,284552,0.000,50.000
280693,286434,0.000,830.420
280704,283508,0.000,166.758
280704,286658,0.000,332.205
280706,283657,0.000,325.527
280706,283692,0.000,439.620
280706,283699,0.000,46.188
280706,283736,0.000,508.359
280706,283989,0.000,247.361
280706,287281,0.000,36.770
280708,280729,0.000,251.312
280708,280811,0.000,869.031
280714,283083,0.000,510.000
280714,284543,0.000,450.000
280715,283728,0.000,254.531
280715,284508,0.000,208.347
280715,286139,0.000,144.310
280718,280866,0.000,49.580
280720,284046,0.000,570.000
280723,283585,0.000,430.523
280728,283016,0.000,153.821
280729,280811,0.000,210.000
280729,281967,0.000,154.275
280729,284434,0.000,143.932
280730,280993,0.000,390.000
280739,283742,0.000,390.521
280739,284153,0.000,436.496
280750,286443,0.000,14.248
280752,286388,0.000,150.000
280752,286450,0.000,870.000
280752,286464,0.000,1500.000
280753,283965,0.000,302.965
280758,280833,0.000,279.181
280758,280935,0.000,45.146
280763,280826,0.000,176.592
280764,282045,0.000,275.298
280764,283009,0.000,174.075
280765,282000,0.000,60.000
280765,282021,0.000,333.692
280767,286346,0.000,106.897
280767,286466,0.000,258.194
280767,286861,0.000,46.145
280769,282105,0.000,648.305
280769,284421,0.000,200.967
280775,286425,0.000,540.193
280775,286943,0.000,78.756
280776,283688,0.000,80.221
280776,283742,0.000,84.346
280776,284007,0.000,103.354
280778,280786,0.000,69.564
280778,284513,0.000,225.970
280784,280798,0.000,172.822
280784,283582,0.000,471.041
280784,283983,0.000,53.544
280786,283815,0.000,216.819
280786,284513,0.000,364.943
280790,286504,0.000,0.037
280798,280811,0.000,1137.786
280798,283983,0.000,463.292
280799,283955,0.000,447.517
280800,283884,0.000,122.042
280800,283960,0.000,418.427
280800,283990,0.000,144.683
280800,285548,0.000,25.554
280800,285581,0.000,20.026
280801,284076,0.000,1012.883
280801,284095,0.000,534.022
280806,284123,0.000,18.134
280806,284174,0.000,574.267
280810,284064,0.000,586.812
280811,281967,0.000,1757.068
280811,284452,0.000,569.621
280813,280822,0.000,948.904
280813,283907,0.000,42.660
280817,283625,0.000,91.373
280820,284505,0.000,1158.574
280821,280967,0.000,563.919
280822,283907,0.000,1403.203
280822,284038,0.000,243.621
280822,284154,0.000,183.254
280823,280916,0.000,413.347
280823,284074,0.000,376.574
280824,280932,0.000,148.288
280824,286482,0.000,57.603
280825,281658,0.000,217.364
280825,281736,0.000,108.655
280825,281839,0.000,37.880
280825,283929,0.000,195.586
280826,280840,0.000,148.069
280826,284004,0.000,791.273
280826,284441,0.000,274.816
280826,284464,0.000,110.886
280827,283530,0.000,223.758
280831,280983,0.000,744.785
280831,283530,0.000,693.712
280838,280968,0.000,450.770
280840,284004,0.000,250.259
280846,280959,0.000,326.784
280846,283972,0.000,41.789
280852,280908,0.000,139.506
280852,284053,0.000,34.889
280860,281998,0.000,431.397
280861,283695,0.000,503.530
280862,283661,0.000,192.373
280869,280969,0.000,281.318
280869,280978,0.000,0.053
280870,280952,0.000,70.000
280875,283081,0.000,179.058
280875,284541,0.000,9.377
280889,280961,0.000,300.000
280896,282053,0.000,154.375
280896,282080,0.000,118.721
280900,283489,0.000,112.193
280901,283965,0.000,282.355
280903,283582,0.000,175.424
280903,284074,0.000,293.585
280903,284441,0.000,180.000
280907,286379,0.000,197.984
280907,286428,0.000,315.068
280907,286464,0.000,525.730
280907,286895,0.000,0.000
280908,282077,0.000,0.000
280908,283547,0.000,905.299
280908,284053,0.000,0.000
280913,283434,0.000,64.841
280913,283783,0.000,54.849
280913,284054,0.000,229.086
280916,283846,0.000,482.640
280916,284074,0.000,27.842
280917,280972,0.000,463.511
280918,283761,0.000,212.963
280918,284141,0.000,93.515
280927,283895,0.000,164.352
280928,284505,0.000,133.214
280930,283961,0.000,59.232
280932,283612,0.000,503.125
280932,283921,0.000,832.928
280932,285158,0.000,25.761
280932,285505,0.000,0.000
280932,286482,0.000,347.138
280932,287003,0.000,73.023
280936,283742,0.000,340.867
280936,283907,0.000,114.337
280938,283800,0.000,557.311
280938,284116,0.000,64.737
280938,284542,0.000,292.532
280944,283489,0.000,552.601
280952,283504,0.000,270.000
280959,283417,0.000,120.000
280959,283972,0.000,90.000
280967,283631,0.000,60.284
280967,283673,0.000,507.152
280973,286504,0.000,565.067
280974,286406,0.000,65.025
280979,283431,0.000,0.000
280983,283530,0.000,133.265
280983,283965,0.000,419.271
280983,284124,0.000,226.623
280984,284046,0.000,60.000
280992,281839,0.000,190.000
280992,283765,0.000,0.000
280992,283929,0.000,90.000
280992,283938,0.000,250.000
281048,281242,0.000,107.769
281048,281528,0.000,497.574
281048,287245,0.000,284.743
281048,287265,0.000,683.967
281048,287279,0.000,65.768
281048,287290,0.000,599.795
281127,282795,0.000,83.866
281183,284318,0.000,36.211
281242,281528,0.000,325.450
281242,287265,0.000,251.104
281474,283486,0.000,47.764
281474,283506,0.000,488.372
281474,287281,0.000,179.368
281474,287291,0.000,150.925
281528,287290,0.000,390.000
281580,281617,0.000,551.054
281580,281649,0.000,89.689
281580,281757,0.000,401.694
281580,281823,0.000,106.324
281585,284356,0.000,240.000
281585,284357,0.000,50.000
281585,284401,0.000,180.000
281588,281713,0.000,0.000
281588,281740,0.000,100.000
281588,281765,0.000,160.000
281588,281793,0.000,70.000
281588,281797,0.000,190.000
281588,281801,0.000,310.000
281588,281821,0.000,120.000
281588,281833,0.000,190.000
281592,281683,0.000,593.599
281592,282208,0.000,390.000
281592,284493,0.000,240.000
281592,284494,0.000,240.000
281593,281600,0.000,150.538
281593,281654,0.000,190.000
281593,281671,0.000,140.000
281593,281707,0.000,80.000
281599,281810,0.000,30.000
281599,284493,0.000,600.000
281599,284494,0.000,450.000
281600,281617,0.000,80.988
281600,281624,0.000,268.090
281600,281671,0.000,390.812
281600,281707,0.000,10.000
281600,281851,0.000,72.062
281600,282197,0.000,290.000
281602,281642,0.000,160.000
281609,281828,0.000,0.000
281609,284362,0.000,519.766
281609,284404,0.000,179.918
281611,281692,0.000,190.000
281611,281693,0.000,200.000
281611,281729,0.000,30.000
281611,282206,0.000,120.000
281615,281618,0.000,476.328
281615,281855,0.000,313.235
281617,281624,0.000,351.877
281617,281649,0.000,327.542
281617,281670,0.000,116.874
281617,281671,0.000,263.927
281617,281694,0.000,563.803
281617,281795,0.000,460.008
281617,281823,0.000,60.317
281618,281624,0.000,1025.559
281618,281649,0.000,0.000
281618,281769,0.000,124.550
281618,281855,0.000,38.529
281618,283761,0.000,294.204
281622,281654,0.000,390.000
281622,281656,0.000,420.000
281622,281671,0.000,150.000
281622,281750,0.000,350.000
281622,281795,0.000,470.000
281624,281639,0.000,962.217
281624,281649,0.000,190.000
281624,281657,0.000,689.172
281624,281685,0.000,870.397
281624,281694,0.000,460.000
281624,281758,0.000,1006.722
281624,281769,0.000,0.000
281624,281851,0.000,824.233
281624,282182,0.000,50.039
281624,282185,0.000,306.372
281624,282191,0.000,49.997
281624,282193,0.000,990.777
281624,282197,0.000,10.000
281624,283761,0.000,284.506
281626,281652,0.000,666.973
281626,281700,0.000,421.200
281626,281840,0.000,117.194
281627,281786,0.000,570.000
281627,282176,0.000,730.000
281627,284327,0.000,908.255
281636,281719,0.000,780.000
281636,284333,0.000,180.000
281638,282208,0.000,600.000
281639,281851,0.000,211.329
281646,281683,0.000,313.281
281646,282208,0.000,655.502
281648,281698,0.000,240.000
281648,281786,0.000,290.000
281649,281757,0.000,100.941
281649,281769,0.000,300.348
281649,284324,0.000,109.680
281649,284345,0.000,0.000
281650,282198,0.000,170.000
281650,284496,0.000,290.000
281650,284501,0.000,117.971
281651,282193,0.000,713.184
281651,283761,0.000,162.833
281651,284362,0.000,174.209
281654,281656,0.000,230.000
281654,281671,0.000,70.000
281654,281707,0.000,340.000
281654,282175,0.000,40.000
281656,281693,0.000,670.000
281656,281750,0.000,540.000
281656,282175,0.000,180.000
281657,281758,0.000,54.151
281658,281736,0.000,40.867
281658,283999,0.000,278.875
281658,284009,0.000,32.286
281661,281747,0.000,520.000
281662,281786,0.000,210.000
281662,284503,0.000,1010.000
281662,284504,0.000,10.000
281665,281755,0.000,130.000
281665,282192,0.000,390.000
281665,282207,0.000,260.000
281666,281724,0.000,620.000
281666,284333,0.000,853.095
281670,281684,0.000,0.000
281670,281705,0.000,183.600
281670,281736,0.000,295.813
281670,281795,0.000,143.820
281670,281823,0.000,270.677
281671,281795,0.000,110.000
281674,281698,0.000,64.560
281674,281786,0.000,300.000
281674,284370,0.000,81.563
281675,281777,0.000,258.308
281683,282208,0.000,30.000
281684,281736,0.000,173.550
281684,281757,0.000,0.000
281684,281823,0.000,126.592
281684,283999,0.000,253.594
281684,284345,0.000,130.868
281684,284352,0.000,16.365
281685,282185,0.000,90.033
281692,281715,0.000,180.000
281692,281729,0.000,570.000
281692,282206,0.000,100.000
281693,281729,0.000,480.000
281693,281750,0.000,140.000
281693,282175,0.000,220.000
281693,282206,0.000,250.000
281698,281786,0.000,630.000
281705,281736,0.000,163.118
281705,281795,0.000,300.000
281705,281800,0.000,10.000
281705,281821,0.000,10.000
281705,281833,0.000,270.000
281707,281857,0.000,220.000
281707,282175,0.000,220.000
281707,282197,0.000,70.000
281707,282204,0.000,440.000
281709,281721,0.000,230.000
281709,281778,0.000,0.000
281709,282211,0.000,30.000
281709,282217,0.000,320.000
281713,281801,0.000,400.000
281713,281821,0.000,30.000
281715,282072,0.000,370.000
281715,282206,0.000,180.000
281719,281783,0.000,390.000
281719,284333,0.000,1021.045
281721,281778,0.000,270.000
281721,282211,0.000,170.000
281721,282217,0.000,10.000
281721,282743,0.000,520.000
281729,281740,0.000,60.000
281729,281750,0.000,750.000
281729,281797,0.000,120.000
281731,281844,0.000,41.583
281731,282777,0.000,195.552
281731,284335,0.000,373.656
281736,281821,0.000,8.995
281736,281823,0.000,0.000
281736,281839,0.000,422.018
281736,283999,0.000,174.693
281740,281797,0.000,240.000
281747,282806,0.000,130.000
281747,282830,0.000,120.000
281747,284333,0.000,320.000
281748,281827,0.000,504.545
281750,281765,0.000,50.000
281750,281793,0.000,720.000
281750,281795,0.000,40.000
281750,281797,0.000,10.000
281750,281800,0.000,300.000
281755,282192,0.000,450.000
281755,282202,0.000,90.000
281755,282207,0.000,370.000
281757,281823,0.000,159.505
281757,284324,0.000,0.000
281757,284345,0.000,292.991
281758,282193,0.000,442.210
281765,281793,0.000,150.000
281765,281800,0.000,22.361
281765,281833,0.000,310.000
281769,281855,0.000,350.940
281769,284324,0.000,120.084
281777,281848,0.000,797.751
281777,281855,0.000,188.518
281777,284027,0.000,1048.073
281777,284324,0.000,206.991
281778,282217,0.000,390.000
281779,282743,0.000,720.000
281780,282211,0.000,580.000
281780,282217,0.000,510.000
281783,284333,0.000,390.000
281786,282176,0.000,150.000
281786,284370,0.000,750.000
281786,284504,0.000,1180.000
281793,281797,0.000,520.000
281795,281800,0.000,380.000
281799,281819,0.000,115.730
281799,284364,0.000,0.000
281799,284372,0.000,350.569
281799,284494,0.000,635.435
281799,285994,0.000,27.404
281801,281821,0.000,0.000
281810,284493,0.000,1170.000
281819,284364,0.000,234.496
281819,284372,0.000,0.000
281821,281833,0.000,380.000
281821,281839,0.000,690.050
281823,284345,0.000,0.000
281824,281839,0.000,490.000
281825,282205,0.000,230.000
281825,282208,0.000,870.000
281825,284402,0.000,438.398
281825,284496,0.000,50.000
281825,286024,0.000,31.602
281828,282193,0.000,336.827
281828,284362,0.000,123.161
281828,284381,0.000,216.380
281828,284404,0.000,30.605
281837,284336,0.000,19.853
281837,284354,0.000,172.392
281837,284372,0.000,0.000
281837,284387,0.000,205.189
281839,283929,0.000,350.000
281840,284357,0.000,354.028
281844,284335,0.000,57.170
281844,284336,0.000,183.816
281844,284354,0.000,93.852
281848,284027,0.000,40.164
281852,283999,0.000,590.973
281852,284324,0.000,101.771
281855,284324,0.000,151.914
281857,282175,0.000,600.000
281857,282180,0.000,180.000
281857,282204,0.000,500.000
281959,281998,0.000,976.168
281959,282254,0.000,36.270
281959,282299,0.000,0.000
281959,282404,0.000,0.000
281959,283016,0.000,2486.616
281959,283020,0.000,331.547
281960,282255,0.000,95.168
281960,283012,0.000,360.000
281960,283013,0.000,780.000
281961,282008,0.000,16.169
281961,282035,0.000,68.370
281961,282074,0.000,356.999
281961,282256,0.000,380.816
281961,282341,0.000,0.000
281961,282397,0.000,0.000
281961,282467,0.000,0.000
281962,281981,0.000,288.052
281962,282257,0.000,119.705
281964,282004,0.000,227.436
281964,282104,0.000,302.076
281964,282332,0.000,0.000
281964,282535,0.000,0.000
281964,284463,0.000,445.405
281965,282061,0.000,5.631
281965,282265,0.000,91.099
281965,282445,0.000,0.000
281965,283802,0.000,0.000
281965,285374,0.000,0.000
281967,282005,0.000,188.966
281967,282011,0.000,374.655
281967,282082,0.000,160.012
281967,282267,0.000,360.458
281967,282334,0.000,0.000
281967,282344,0.000,0.000
281967,282482,0.000,0.000
281968,282269,0.000,460.124
281968,282292,0.000,0.000
281968,283736,0.000,162.232
281968,284119,0.000,0.000
281968,287247,0.000,469.958
281968,287295,0.000,152.362
281971,282273,0.000,55.712
281971,282298,0.000,0.000
281971,284419,0.000,68.582
281972,281990,0.000,527.174
281972,282013,0.000,326.617
281972,282033,0.000,721.499
281972,282039,0.000,147.548
281972,282069,0.000,0.055
281972,282094,0.000,26.410
281972,282274,0.000,1493.799
281972,282310,0.000,0.000
281972,282373,0.000,0.000
281972,282394,0.000,0.000
281972,282407,0.000,0.000
281972,282459,0.000,0.000
281972,282509,0.000,0.000
281972,282518,0.000,0.000
281972,284091,0.000,153.519
281972,284427,0.000,15.428
281972,284433,0.000,280.738
281972,284459,0.000,268.128
281972,284464,0.000,219.057
281973,282081,0.000,182.388
281973,282278,0.000,1638.718
281973,282333,0.000,0.000
281973,282418,0.000,0.000
281973,282481,0.000,0.000
281973,283791,0.000,160.025
281973,284061,0.000,57.952
281973,284424,0.000,226.441
281973,286664,0.000,130.529
281973,286674,0.000,224.777
281975,284413,0.000,570.661
281977,281999,0.000,12.652
281977,282075,0.000,5.062
281977,282100,0.000,189.885
281977,282286,0.000,199.155
281977,282323,0.000,0.000
281977,282468,0.000,0.000
281977,282491,0.000,0.000
281977,284452,0.000,43.824
281979,282071,0.000,296.617
281979,282288,0.000,441.187
281979,282462,0.000,0.000
281979,282480,0.000,0.000
281979,283877,0.000,267.176
281979,283988,0.000,69.534
281979,284450,0.000,120.071
281980,282064,0.000,97.291
281980,282104,0.000,465.213
281980,282450,0.000,0.000
281980,282535,0.000,0.000
281980,284437,0.000,1472.220
281981,282071,0.000,341.363
281981,282290,0.000,73.605
281981,282462,0.000,0.000
281981,283988,0.000,441.306
281981,284426,0.000,168.747
281982,282010,0.000,216.102
281982,282047,0.000,3.683
281982,282074,0.000,25.748
281982,282085,0.000,93.276
281982,282293,0.000,984.372
281982,282343,0.000,0.000
281982,282467,0.000,0.000
281982,282489,0.000,0.000
281982,283013,0.000,840.000
281982,283567,0.000,30.600
281983,282104,0.000,465.915
281983,282294,0.000,592.780
281983,282475,0.000,0.000
281983,282535,0.000,0.000
281983,284449,0.000,262.009
281985,282031,0.000,352.907
281985,282087,0.000,1687.535
281985,282494,0.000,0.000
281985,282515,0.000,0.000
281985,284431,0.000,542.045
281985,284458,0.000,555.392
281986,282007,0.000,59.869
281986,282010,0.000,379.649
281986,282301,0.000,225.180
281986,282337,0.000,0.000
281986,282343,0.000,0.000
281986,283013,0.000,701.673
281987,281997,0.000,30.000
281987,282041,0.000,0.000
281987,282058,0.000,127.716
281987,282217,0.000,550.000
281987,282307,0.000,285.370
281987,282442,0.000,0.000
281989,282021,0.000,890.713
281989,282025,0.000,26.490
281989,282309,0.000,6.626
281989,282368,0.000,0.000
281990,282039,0.000,167.433
281990,282274,0.000,0.000
281990,282310,0.000,341.887
281990,282407,0.000,0.000
281990,284427,0.000,1441.402
281992,282314,0.000,222.440
281992,282491,0.000,0.000
281992,284452,0.000,222.113
281993,281998,0.000,390.107
281993,282316,0.000,537.987
281993,282322,0.000,0.000
281993,282404,0.000,0.000
281993,282500,0.000,0.000
281993,283020,0.000,58.959
281993,287261,0.000,21.030
281994,282011,0.000,194.754
281994,282012,0.000,201.548
281994,282318,0.000,52.053
281994,282345,0.000,0.000
281994,284452,0.000,623.750
281997,282041,0.000,197.949
281997,282058,0.000,0.000
281997,282411,0.000,0.000
281997,284413,0.000,69.597
281998,282316,0.000,0.000
281998,282322,0.000,370.428
281998,282404,0.000,0.000
281998,283020,0.000,226.725
281999,282023,0.000,1.014
281999,282100,0.000,158.705
281999,282286,0.000,0.000
281999,282323,0.000,185.038
281999,282372,0.000,0.000
281999,282531,0.000,0.000
282000,282021,0.000,238.668
282000,282325,0.000,453.990
282000,282368,0.000,0.000
282000,284431,0.000,795.471
282001,282002,0.000,493.129
282001,282020,0.000,55.965
282001,282327,0.000,215.814
282001,282330,0.000,0.000
282001,282465,0.000,0.000
282001,283635,0.000,256.126
282001,284445,0.000,578.854
282002,282020,0.000,351.951
282002,282327,0.000,0.000
282002,282330,0.000,554.049
282002,282367,0.000,0.000
282002,282465,0.000,0.000
282002,282518,0.000,0.000
282002,284445,0.000,23.342
282002,284459,0.000,22.546
282003,282027,0.000,724.081
282003,282049,0.000,645.955
282003,282089,0.000,150.328
282003,282331,0.000,260.270
282003,282333,0.000,0.000
282003,282425,0.000,0.000
282003,282497,0.000,0.000
282003,283791,0.000,179.728
282003,284424,0.000,459.391
282004,282020,0.000,78.537
282004,282104,0.000,90.188
282004,282332,0.000,1639.690
282004,282367,0.000,0.000
282004,282518,0.000,0.000
282004,282535,0.000,0.000
282004,282539,0.000,0.000
282004,284459,0.000,1164.459
282004,284463,0.000,239.798
282005,282011,0.000,31.740
282005,282267,0.000,0.000
282005,282334,0.000,164.319
282005,282344,0.000,0.000
282006,282336,0.000,360.122
282006,282360,0.000,0.000
282006,284431,0.000,368.430
282007,282301,0.000,0.000
282007,282337,0.000,56.344
282008,282035,0.000,119.716
282008,282047,0.000,3.024
282008,282094,0.000,41.047
282008,282256,0.000,0.000
282008,282341,0.000,188.004
282008,282397,0.000,0.000
282008,282509,0.000,0.000
282008,282518,0.000,0.000
282008,284459,0.000,78.418
282009,282027,0.000,80.874
282009,282342,0.000,248.629
282009,282382,0.000,0.000
282010,282293,0.000,0.000
282010,282301,0.000,0.000
282010,282343,0.000,343.757
282010,283013,0.000,119.258
282011,282012,0.000,12.784
282011,282267,0.000,0.000
282011,282334,0.000,0.000
282011,282344,0.000,164.409
282011,282345,0.000,0.000
282012,282040,0.000,0.004
282012,282318,0.000,0.000
282012,282344,0.000,0.000
282012,282345,0.000,381.715
282012,282409,0.000,0.000
282012,282491,0.000,0.000
282012,284452,0.000,167.196
282013,282094,0.000,727.092
282013,282274,0.000,0.000
282013,284459,0.000,795.998
282014,282352,0.000,110.039
282014,282380,0.000,0.000
282014,282491,0.000,0.000
282014,284436,0.000,0.019
282014,284452,0.000,109.953
282016,282029,0.000,45.483
282016,282034,0.000,23.658
282016,282038,0.000,2.151
282016,282060,0.000,46.423
282016,282099,0.000,240.684
282016,282358,0.000,165.164
282016,282385,0.000,0.000
282016,282396,0.000,0.000
282016,282444,0.000,0.000
282019,282035,0.000,78.315
282019,282039,0.000,20.240
282019,282094,0.000,284.085
282019,282366,0.000,500.008
282019,282397,0.000,0.000
282019,282407,0.000,0.000
282019,282480,0.000,0.000
282019,282509,0.000,0.000
282019,284450,0.000,202.662
282020,282330,0.000,0.000
282020,282332,0.000,0.000
282020,282367,0.000,285.410
282020,283635,0.000,605.363
282020,284463,0.000,1130.237
282021,282025,0.000,536.233
282021,282078,0.000,74.685
282021,282309,0.000,0.000
282021,282325,0.000,0.000
282021,282360,0.000,0.000
282021,282368,0.000,1870.850
282021,282378,0.000,0.000
282021,282476,0.000,0.000
282021,284431,0.000,167.320
282023,282091,0.000,123.423
282023,282312,0.000,0.000
282023,282323,0.000,0.000
282023,282372,0.000,162.796
282023,282502,0.000,0.000
282023,283865,0.000,60.000
282023,284420,0.000,17.979
282025,282368,0.000,0.000
282025,282378,0.000,32.068
282026,282079,0.000,823.933
282026,282381,0.000,167.847
282026,282515,0.000,0.000
282026,284081,0.000,193.170
282026,284458,0.000,1463.441
282027,282089,0.000,10.311
282027,282342,0.000,0.000
282027,282382,0.000,942.286
282027,282497,0.000,0.000
282029,282038,0.000,4.432
282029,282358,0.000,0.000
282029,282385,0.000,33.497
282029,282403,0.000,0.000
282031,282390,0.000,199.281
282031,282515,0.000,0.000
282031,283955,0.000,86.787
282031,284431,0.000,224.116
282031,284458,0.000,544.311
282032,282276,0.000,0.000
282032,282393,0.000,287.995
282032,287271,0.000,544.502
282032,287294,0.000,155.295
282032,287357,0.000,150.160
282032,287380,0.000,0.000
282033,282274,0.000,0.000
282033,282394,0.000,179.134
282033,283434,0.000,411.900
282033,284091,0.000,888.878
282033,284464,0.000,729.734
282034,282078,0.000,73.726
282034,282099,0.000,262.197
282034,282358,0.000,0.000
282034,282360,0.000,0.000
282034,282396,0.000,1107.497
282034,282476,0.000,0.000
282034,282527,0.000,0.000
282034,284431,0.000,84.295
282035,282094,0.000,382.034
282035,282256,0.000,0.000
282035,282341,0.000,0.000
282035,282366,0.000,0.000
282035,282397,0.000,511.568
282035,282509,0.000,0.000
282036,282072,0.000,177.083
282036,282092,0.000,102.722
282036,282401,0.000,310.877
282036,282464,0.000,0.000
282036,282506,0.000,0.000
282037,282064,0.000,0.022
282037,282282,0.000,0.000
282037,282402,0.000,517.719
282037,282450,0.000,0.000
282037,284416,0.000,304.608
282037,284437,0.000,29.502
282038,282065,0.000,17.433
282038,282099,0.000,32.405
282038,282360,0.000,0.000
282038,282385,0.000,0.000
282038,282403,0.000,465.829
282038,282451,0.000,0.000
282038,282527,0.000,0.000
282038,284431,0.000,558.479
282039,282094,0.000,118.634
282039,282274,0.000,0.000
282039,282310,0.000,0.000
282039,282348,0.000,0.000
282039,282366,0.000,0.000
282039,282407,0.000,695.565
282039,282480,0.000,0.000
282039,282509,0.000,0.000
282039,284427,0.000,67.981
282039,284450,0.000,112.916
282040,282345,0.000,0.000
282040,282409,0.000,44.293
282040,282491,0.000,0.000
282040,284452,0.000,44.261
282041,282058,0.000,4.281
282041,282411,0.000,244.057
282041,282442,0.000,0.000
282043,282272,0.000,0.000
282043,282379,0.000,0.000
282043,282414,0.000,203.714
282043,283019,0.000,222.612
282043,287227,0.000,493.953
282043,287256,0.000,156.231
282044,282066,0.000,141.247
282044,282082,0.000,539.300
282044,282416,0.000,124.245
282044,282452,0.000,0.000
282044,282482,0.000,0.000
282044,283977,0.000,143.509
282044,284415,0.000,246.308
282045,282419,0.000,144.786
282045,282501,0.000,0.000
282045,283010,0.000,45.444
282045,283015,0.000,325.643
282045,283023,0.000,28.685
282047,282074,0.000,743.541
282047,282341,0.000,0.000
282047,282467,0.000,0.000
282047,283567,0.000,364.291
282047,284459,0.000,768.698
282048,282299,0.000,0.000
282048,282423,0.000,40.944
282048,282501,0.000,0.000
282048,283016,0.000,18.782
282048,283023,0.000,23.486
282049,282089,0.000,139.706
282049,282331,0.000,0.000
282049,282425,0.000,288.929
282049,282497,0.000,0.000
282053,282080,0.000,338.484
282053,282099,0.000,308.180
282053,282360,0.000,0.000
282053,282433,0.000,1028.525
282053,282479,0.000,0.000
282053,282527,0.000,0.000
282053,284431,0.000,622.582
282054,282360,0.000,0.000
282054,282434,0.000,162.712
282054,284431,0.000,208.828
282055,282297,0.000,0.000
282055,282436,0.000,93.916
282055,284418,0.000,109.329
282056,282412,0.000,0.000
282056,282437,0.000,79.453
282056,282525,0.000,0.000
282056,283060,0.000,78.175
282056,283070,0.000,61.646
282056,283078,0.000,47.283
282057,282084,0.000,84.997
282057,282312,0.000,0.000
282057,282440,0.000,302.304
282057,282486,0.000,0.000
282057,283452,0.000,30.000
282057,284420,0.000,33.503
282058,282217,0.000,186.328
282058,282307,0.000,0.000
282058,282411,0.000,0.000
282058,282442,0.000,276.334
282058,282730,0.000,0.000
282060,282358,0.000,0.000
282060,282444,0.000,34.625
282061,282064,0.000,5.330
282061,282265,0.000,0.000
282061,282445,0.000,131.991
282061,282450,0.000,0.000
282061,283802,0.000,132.055
282064,282104,0.000,657.854
282064,282402,0.000,0.000
282064,282445,0.000,0.000
282064,282450,0.000,1096.082
282064,282535,0.000,0.000
282064,282539,0.000,0.000
282064,283802,0.000,272.758
282064,284437,0.000,159.234
282064,284463,0.000,94.802
282065,282360,0.000,0.000
282065,282403,0.000,0.000
282065,282451,0.000,566.776
282065,284431,0.000,706.929
282066,282264,0.000,0.000
282066,282416,0.000,0.000
282066,282452,0.000,55.844
282066,284415,0.000,159.086
282069,282274,0.000,0.000
282069,282459,0.000,30.154
282069,282518,0.000,0.000
282069,284459,0.000,36.296
282070,282079,0.000,493.383
282070,282360,0.000,0.000
282070,282460,0.000,632.736
282070,282478,0.000,0.000
282070,284431,0.000,2612.412
282071,282288,0.000,0.000
282071,282290,0.000,0.000
282071,282462,0.000,86.024
282071,283988,0.000,116.893
282072,282186,0.000,201.572
282072,282203,0.000,169.297
282072,282206,0.000,240.000
282072,282283,0.000,0.000
282072,282401,0.000,0.000
282072,282464,0.000,957.301
282072,282674,0.000,0.000
282072,282704,0.000,0.000
282072,283455,0.000,290.558
282072,284328,0.000,20.000
282072,284439,0.000,115.244
282074,282256,0.000,0.000
282074,282293,0.000,0.000
282074,282467,0.000,495.548
282075,282091,0.000,570.000
282075,282100,0.000,423.745
282075,282286,0.000,0.000
282075,282468,0.000,1034.797
282075,282484,0.000,0.000
282075,283809,0.000,270.000
282075,283994,0.000,60.000
282075,284451,0.000,1025.921
282077,282473,0.000,241.108
282077,282475,0.000,0.000
282077,283547,0.000,13.328
282077,284437,0.000,258.893
282077,284449,0.000,451.191
282078,282368,0.000,0.000
282078,282396,0.000,0.000
282078,282476,0.000,189.528
282079,282360,0.000,0.000
282079,282460,0.000,0.000
282079,282478,0.000,1027.120
282079,282515,0.000,0.000
282079,284431,0.000,440.063
282079,284458,0.000,82.977
282080,282099,0.000,52.220
282080,282433,0.000,0.000
282080,282479,0.000,170.203
282081,282278,0.000,0.000
282081,282481,0.000,58.034
282081,286664,0.000,199.137
282082,282095,0.000,66.044
282082,282267,0.000,0.000
282082,282375,0.000,0.000
282082,282416,0.000,0.000
282082,282482,0.000,296.299
282082,282510,0.000,0.000
282082,283977,0.000,190.764
282082,284430,0.000,603.321
282082,284434,0.000,6.395
282083,282408,0.000,0.000
282083,282483,0.000,34.958
282083,286167,0.000,14.358
282083,287299,0.000,0.000
282084,282440,0.000,0.000
282084,282486,0.000,496.505
282085,282293,0.000,0.000
282085,282489,0.000,42.007
282085,283567,0.000,226.399
282085,284089,0.000,128.685
282087,282494,0.000,92.602
282087,282515,0.000,0.000
282087,284431,0.000,1199.998
282087,284458,0.000,258.054
282089,282331,0.000,0.000
282089,282382,0.000,0.000
282089,282425,0.000,0.000
282089,282497,0.000,237.297
282091,282100,0.000,120.314
282091,282372,0.000,0.000
282091,282502,0.000,170.195
282091,282531,0.000,0.000
282091,283452,0.000,0.000
282091,283809,0.000,120.000
282091,283865,0.000,480.000
282092,282283,0.000,0.000
282092,282401,0.000,0.000
282092,282506,0.000,301.320
282094,282274,0.000,0.000
282094,282341,0.000,0.000
282094,282366,0.000,0.000
282094,282397,0.000,0.000
282094,282407,0.000,0.000
282094,282509,0.000,828.079
282094,282518,0.000,0.000
282094,284459,0.000,112.198
282095,282356,0.000,0.000
282095,282375,0.000,0.000
282095,282482,0.000,0.000
282095,282510,0.000,245.236
282095,284430,0.000,196.386
282095,284434,0.000,157.119
282095,286061,0.000,0.000
282098,282360,0.000,0.000
282098,282524,0.000,235.536
282098,284431,0.000,221.576
282099,282396,0.000,0.000
282099,282403,0.000,0.000
282099,282433,0.000,0.000
282099,282527,0.000,422.828
282100,282323,0.000,0.000
282100,282502,0.000,0.000
282100,282531,0.000,204.414
282104,282294,0.000,0.000
282104,282332,0.000,0.000
282104,282450,0.000,0.000
282104,282475,0.000,0.000
282104,282535,0.000,1163.765
282104,284437,0.000,679.352
282104,284449,0.000,676.653
282104,284463,0.000,162.515
282105,282380,0.000,0.000
282105,282536,0.000,469.018
282105,284421,0.000,1386.243
282105,284436,0.000,408.120
282105,284452,0.000,100.124
282171,282183,0.000,0.000
282171,282212,0.000,77.230
282171,282644,0.000,129.883
282171,282679,0.000,0.000
282171,282720,0.000,0.000
282171,284496,0.000,407.965
282172,282645,0.000,152.454
282172,282711,0.000,0.000
282172,282743,0.000,675.237
282173,282646,0.000,62.690
282173,284530,0.000,730.876
282174,282211,0.000,205.453
282174,282648,0.000,251.502
282174,282711,0.000,0.000
282174,282718,0.000,0.000
282174,282743,0.000,105.199
282175,282180,0.000,472.712
282175,282206,0.000,1200.697
282175,282216,0.000,0.250
282175,282651,0.000,0.000
282175,282653,0.000,226.859
282175,282662,0.000,0.000
282175,282710,0.000,0.000
282175,282719,0.000,0.000
282175,282729,0.000,0.000
282175,284492,0.000,46.931
282175,284498,0.000,7.415
282176,282655,0.000,542.689
282176,282738,0.000,0.000
282176,284327,0.000,100.000
282176,284504,0.000,404.240
282177,282657,0.000,432.397
282177,282726,0.000,0.000
282177,284501,0.000,1106.609
282178,282188,0.000,4.333
282178,282198,0.000,39.614
282178,282221,0.000,8.345
282178,282222,0.000,40.543
282178,282658,0.000,82.206
282178,282677,0.000,0.000
282178,282693,0.000,0.000
282178,282737,0.000,0.000
282178,282739,0.000,0.000
282179,282202,0.000,229.561
282179,282207,0.000,20.000
282179,282220,0.000,51.396
282179,282660,0.000,234.271
282179,282701,0.000,0.000
282179,282734,0.000,0.000
282180,282194,0.000,6.824
282180,282204,0.000,120.000
282180,282214,0.000,310.000
282180,282653,0.000,0.000
282180,282662,0.000,408.146
282180,282687,0.000,0.000
282181,282193,0.000,73.350
282181,282663,0.000,188.883
282181,282671,0.000,0.000
282181,282685,0.000,0.000
282181,284387,0.000,58.654
282181,284494,0.000,187.717
282181,286009,0.000,25.039
282181,286125,0.000,0.000
282182,282191,0.000,268.095
282182,282193,0.000,280.853
282182,282664,0.000,130.063
282182,282682,0.000,0.000
282183,282189,0.000,144.271
282183,282212,0.000,4.666
282183,282213,0.000,7.464
282183,282665,0.000,240.445
282183,282679,0.000,0.000
282183,282680,0.000,0.000
282183,282720,0.000,0.000
282183,282721,0.000,0.000
282183,284496,0.000,163.436
282184,282188,0.000,3.922
282184,282210,0.000,360.000
282184,282670,0.000,366.646
282184,282677,0.000,0.000
282184,282726,0.000,0.000
282184,284501,0.000,246.642
282185,282191,0.000,313.310
282185,282197,0.000,275.327
282185,282672,0.000,35.015
282185,282682,0.000,0.000
282185,282692,0.000,0.000
282186,282201,0.000,170.231
282186,282464,0.000,0.000
282186,282674,0.000,346.185
282186,282700,0.000,0.000
282186,282719,0.000,0.000
282186,284328,0.000,300.000
282186,284498,0.000,243.424
282187,282676,0.000,285.288
282187,282695,0.000,0.000
282187,282731,0.000,0.000
282187,284497,0.000,224.587
282187,284502,0.000,62.608
282188,282198,0.000,189.802
282188,282210,0.000,30.115
282188,282658,0.000,0.000
282188,282670,0.000,0.000
282188,282677,0.000,184.820
282188,282693,0.000,0.000
282188,282717,0.000,0.000
282189,282198,0.000,530.000
282189,282213,0.000,10.000
282189,282665,0.000,0.000
282189,282680,0.000,82.016
282189,284496,0.000,410.000
282190,282202,0.000,25.213
282190,282208,0.000,493.769
282190,282651,0.000,0.000
282190,282681,0.000,550.807
282190,282701,0.000,0.000
282190,282714,0.000,0.000
282190,284492,0.000,176.903
282191,282193,0.000,139.429
282191,282197,0.000,42.735
282191,282664,0.000,0.000
282191,282672,0.000,0.000
282191,282682,0.000,675.861
282191,282685,0.000,0.000
282191,282692,0.000,0.000
282192,282202,0.000,98.682
282192,282651,0.000,0.000
282192,282684,0.000,135.392
282192,282701,0.000,0.000
282192,284328,0.000,690.000
282192,284492,0.000,379.185
282192,284498,0.000,180.000
282193,282663,0.000,0.000
282193,282682,0.000,0.000
282193,282685,0.000,170.328
282193,283761,0.000,314.802
282193,284362,0.000,246.471
282193,284381,0.000,356.481
282193,284387,0.000,10.216
282194,282197,0.000,25.458
282194,282204,0.000,39.511
282194,282214,0.000,375.190
282194,282662,0.000,0.000
282194,282687,0.000,343.950
282194,282692,0.000,0.000
282194,282706,0.000,0.000
282194,282727,0.000,0.000
282196,282205,0.000,187.531
282196,282679,0.000,0.000
282196,282690,0.000,220.341
282196,282707,0.000,0.000
282196,284496,0.000,87.953
282197,282204,0.000,520.000
282197,282672,0.000,0.000
282197,282682,0.000,0.000
282197,282687,0.000,0.000
282197,282692,0.000,150.631
282198,282200,0.000,74.289
282198,282210,0.000,172.958
282198,282213,0.000,65.074
282198,282221,0.000,63.728
282198,282222,0.000,220.000
282198,282658,0.000,0.000
282198,282677,0.000,0.000
282198,282693,0.000,368.514
282198,282698,0.000,0.000
282198,282721,0.000,0.000
282198,282737,0.000,0.000
282198,284496,0.000,130.000
282198,284501,0.000,74.625
282199,282696,0.000,124.213
282199,282726,0.000,0.000
282199,284501,0.000,159.861
282200,282693,0.000,0.000
282200,282698,0.000,54.811
282201,282674,0.000,0.000
282201,282700,0.000,156.467
282202,282207,0.000,240.000
282202,282660,0.000,0.000
282202,282681,0.000,0.000
282202,282684,0.000,0.000
282202,282701,0.000,73.914
282203,282206,0.000,254.761
282203,282464,0.000,0.000
282203,282704,0.000,294.052
282203,282710,0.000,0.000
282204,282214,0.000,580.000
282204,282687,0.000,0.000
282204,282706,0.000,15.949
282205,282208,0.000,1890.000
282205,282213,0.000,20.393
282205,282679,0.000,0.000
282205,282690,0.000,0.000
282205,282707,0.000,154.883
282205,282721,0.000,0.000
282205,284496,0.000,739.678
282206,282653,0.000,0.000
282206,282704,0.000,0.000
282206,282710,0.000,487.562
282206,282719,0.000,0.000
282206,284498,0.000,35.161
282207,282211,0.000,197.902
282207,282220,0.000,185.739
282207,282712,0.000,465.318
282207,282718,0.000,0.000
282207,282734,0.000,0.000
282208,282209,0.000,239.635
282208,282213,0.000,199.126
282208,282681,0.000,0.000
282208,282714,0.000,475.286
282208,282716,0.000,0.000
282208,282721,0.000,0.000
282208,284355,0.000,180.000
282208,284402,0.000,500.000
282208,284493,0.000,1380.000
282209,282654,0.000,0.000
282209,282714,0.000,0.000
282209,282716,0.000,254.123
282209,284493,0.000,92.748
282210,282677,0.000,0.000
282210,282717,0.000,15.908
282210,284501,0.000,510.000
282211,282217,0.000,120.000
282211,282648,0.000,0.000
282211,282711,0.000,0.000
282211,282712,0.000,0.000
282211,282718,0.000,589.147
282211,282743,0.000,479.842
282212,282644,0.000,0.000
282212,282665,0.000,0.000
282212,282720,0.000,53.686
282212,284496,0.000,0.000
282213,282665,0.000,0.000
282213,282693,0.000,0.000
282213,282707,0.000,0.000
282213,282714,0.000,0.000
282213,282721,0.000,223.601
282214,282687,0.000,0.000
282214,282727,0.000,199.709
282215,282651,0.000,0.000
282215,282728,0.000,64.976
282215,284492,0.000,81.263
282215,286123,0.000,2.148
282216,282651,0.000,0.000
282216,282653,0.000,0.000
282216,282729,0.000,8.285
282216,284492,0.000,10.075
282217,282442,0.000,0.000
282217,282711,0.000,0.000
282217,282730,0.000,297.717
282217,282743,0.000,420.840
282218,282679,0.000,0.000
282218,282732,0.000,99.559
282218,284496,0.000,132.006
282219,282654,0.000,0.000
282219,282733,0.000,49.327
282219,284493,0.000,62.988
282220,282660,0.000,0.000
282220,282712,0.000,0.000
282220,282734,0.000,108.223
282221,282222,0.000,179.012
282221,282658,0.000,0.000
282221,282693,0.000,0.000
282221,282737,0.000,192.552
282221,282739,0.000,0.000
282222,282658,0.000,0.000
282222,282737,0.000,0.000
282222,282739,0.000,66.049
282254,282299,0.000,13.385
282254,282404,0.000,24.335
282254,283016,0.000,0.000
282254,283020,0.000,0.000
282256,282260,0.000,0.000
282256,282293,0.000,96.192
282256,282341,0.000,174.210
282256,282351,0.000,913.389
282256,282366,0.000,247.596
282256,282397,0.000,259.400
282256,282467,0.000,431.763
282258,282410,0.000,612.548
282258,282521,0.000,162.638
282260,282293,0.000,337.108
282260,282343,0.000,157.024
282260,282351,0.000,196.074
282264,282298,0.000,262.232
282264,282334,0.000,240.030
282264,282452,0.000,242.353
282264,284415,0.000,198.162
282264,284419,0.000,0.000
282265,282303,0.000,295.160
282265,282445,0.000,241.309
282265,282450,0.000,210.000
282267,282334,0.000,187.586
282267,282344,0.000,1.140
282267,282452,0.000,199.286
282267,282482,0.000,79.166
282268,282364,0.000,99.926
282268,282391,0.000,46.312
282268,282431,0.000,149.367
282268,282497,0.000,74.926
282268,282522,0.000,0.000
282269,282292,0.000,582.515
282269,287247,0.000,0.000
282272,282376,0.000,22.529
282272,282379,0.000,458.506
282272,282414,0.000,16.613
282272,283019,0.000,0.000
282272,287256,0.000,199.302
282273,282286,0.000,262.249
282273,282298,0.000,464.012
282273,282314,0.000,20.671
282273,282334,0.000,54.319
282273,282409,0.000,271.371
282273,282468,0.000,30.000
282273,282484,0.000,45.019
282273,284419,0.000,0.000
282274,282310,0.000,320.473
282274,282373,0.000,249.355
282274,282394,0.000,180.197
282274,282407,0.000,656.666
282274,282459,0.000,2218.685
282274,282475,0.000,150.000
282274,282509,0.000,96.986
282274,282518,0.000,17.570
282274,284433,0.000,0.000
282274,284459,0.000,0.000
282274,284464,0.000,0.000
282275,282400,0.000,0.000
282275,282427,0.000,132.618
282275,282428,0.000,97.369
282275,282437,0.000,317.507
282276,282292,0.000,672.930
282276,282393,0.000,297.466
282276,282446,0.000,546.999
282276,282458,0.000,79.690
282276,284442,0.000,0.000
282276,286040,0.000,0.000
282276,287294,0.000,692.957
282276,287333,0.000,0.000
282276,287380,0.000,8.914
282276,287382,0.000,0.000
282278,282333,0.000,135.477
282278,282418,0.000,88.426
282278,282481,0.000,48.086
282278,284424,0.000,0.000
282278,286674,0.000,0.000
282279,282302,0.000,337.573
282279,282371,0.000,89.264
282279,282379,0.000,282.057
282279,282404,0.000,644.044
282279,282405,0.000,582.097
282280,282320,0.000,1230.000
282280,282365,0.000,280.000
282280,282374,0.000,1110.000
282280,282421,0.000,70.000
282280,282673,0.000,320.000
282280,282683,0.000,170.000
282282,282402,0.000,318.037
282282,284416,0.000,318.057
282283,282395,0.000,540.000
282283,282401,0.000,450.000
282283,282464,0.000,159.122
282283,282506,0.000,127.639
282283,284439,0.000,0.000
282286,282314,0.000,679.279
282286,282323,0.000,24.742
282286,282352,0.000,424.101
282286,282468,0.000,1134.938
282286,282491,0.000,0.103
282286,284452,0.000,0.000
282288,282366,0.000,552.154
282288,282462,0.000,19.640
282288,282480,0.000,0.043
282288,284450,0.000,0.000
282290,282366,0.000,64.318
282290,282462,0.000,8.078
282291,282359,0.000,71.742
282291,282376,0.000,135.436
282291,282500,0.000,0.000
282292,282340,0.000,156.063
282292,287247,0.000,915.471
282292,287295,0.000,0.000
282292,287333,0.000,0.679
282292,287380,0.000,0.000
282293,282343,0.000,766.701
282293,282351,0.000,0.000
282293,282467,0.000,201.608
282293,282489,0.000,38.854
282294,282475,0.000,799.350
282294,282535,0.000,14.386
282294,284449,0.000,0.000
282295,282297,0.000,1.612
282295,282399,0.000,285.169
282295,282436,0.000,0.000
282295,284417,0.000,231.547
282295,284418,0.000,0.000
282295,284438,0.000,0.000
282297,282380,0.000,208.374
282297,282399,0.000,0.000
282297,282436,0.000,70.671
282297,284417,0.000,0.000
282297,284418,0.000,228.381
282297,284436,0.000,0.000
282297,286043,0.000,6.669
282298,282334,0.000,229.169
282298,282484,0.000,18.045
282298,284415,0.000,0.000
282298,284419,0.000,263.041
282298,284451,0.000,0.000
282299,282400,0.000,196.791
282299,282404,0.000,303.300
282299,282423,0.000,50.102
282299,282448,0.000,95.218
282299,283016,0.000,506.988
282299,283020,0.000,0.000
282301,282337,0.000,120.109
282301,282343,0.000,44.221
282301,282355,0.000,43.801
282302,282404,0.000,508.154
282303,282450,0.000,41.077
282303,282458,0.000,254.482
282304,282352,0.000,390.556
282304,282406,0.000,164.571
282305,282412,0.000,397.405
282305,282423,0.000,179.679
282305,282437,0.000,0.000
282305,282501,0.000,433.929
282305,283017,0.000,24.428
282305,283023,0.000,0.000
282305,283058,0.000,25.907
282305,283075,0.000,0.000
282306,282415,0.000,128.910
282306,282417,0.000,154.778
282306,283018,0.000,0.000
282307,282442,0.000,372.284
282308,282317,0.000,300.000
282308,282399,0.000,1140.000
282308,282486,0.000,60.000
282309,282368,0.000,9.287
282310,282407,0.000,59.238
282312,282372,0.000,18.118
282312,282440,0.000,116.497
282312,284420,0.000,179.052
282312,286045,0.000,20.462
282314,282409,0.000,114.708
282314,282491,0.000,214.376
282314,284452,0.000,0.000
282316,282322,0.000,561.211
282316,282404,0.000,395.071
282316,282500,0.000,654.641
282316,283020,0.000,0.000
282316,287261,0.000,0.000
282317,282399,0.000,300.000
282317,282436,0.000,0.000
282317,282486,0.000,330.000
282317,282530,0.000,330.000
282318,282345,0.000,51.926
282320,282374,0.000,224.576
282320,282421,0.000,570.000
282320,282694,0.000,270.000
282320,282731,0.000,530.000
282320,282738,0.000,2400.584
282320,284504,0.000,0.000
282322,282404,0.000,13.275
282322,283020,0.000,0.000
282323,282352,0.000,107.248
282323,282372,0.000,437.262
282323,282531,0.000,0.985
282325,282368,0.000,391.283
282327,282330,0.000,241.920
282327,282465,0.000,0.026
282327,284445,0.000,0.000
282329,282412,0.000,108.660
282329,282501,0.000,34.381
282329,283060,0.000,122.090
282329,283070,0.000,0.000
282329,283075,0.000,0.000
282330,282332,0.000,1368.723
282330,282367,0.000,374.916
282330,282465,0.000,220.736
282330,282518,0.000,37.597
282330,284445,0.000,0.000
282330,284459,0.000,0.000
282331,282333,0.000,216.682
282331,282425,0.000,83.615
282331,282497,0.000,31.352
282331,284424,0.000,0.000
282332,282367,0.000,0.029
282332,282459,0.000,1350.000
282332,282475,0.000,1860.000
282332,282518,0.000,819.579
282332,282535,0.000,375.811
282332,282539,0.000,264.100
282332,284459,0.000,0.000
282332,284463,0.000,0.000
282333,282463,0.000,411.385
282333,282519,0.000,105.698
282333,284424,0.000,1001.846
282334,282344,0.000,49.672
282334,282345,0.000,78.372
282334,282409,0.000,86.807
282334,282452,0.000,239.867
282335,282404,0.000,714.750
282335,282504,0.000,276.717
282336,282360,0.000,579.201
282336,282387,0.000,279.641
282336,282403,0.000,233.616
282336,282524,0.000,201.217
282336,284431,0.000,0.000
282337,282355,0.000,285.717
282337,282391,0.000,584.827
282338,282355,0.000,272.350
282338,282382,0.000,360.345
282338,282391,0.000,0.000
282340,287247,0.000,0.000
282340,287295,0.000,156.108
282341,282397,0.000,27.024
282341,282467,0.000,36.456
282341,282509,0.000,100.475
282341,282518,0.000,181.671
282341,284459,0.000,0.000
282342,282382,0.000,309.126
282344,282345,0.000,178.950
282345,282409,0.000,271.078
282345,282491,0.000,61.331
282345,284452,0.000,0.000
282346,282498,0.000,6.438
282346,284426,0.000,60.710
282346,284453,0.000,0.000
282348,282407,0.000,258.642
282348,282480,0.000,141.967
282348,284427,0.000,361.395
282348,284450,0.000,0.000
282351,282461,0.000,162.223
282352,282380,0.000,1027.599
282352,282406,0.000,13.449
282352,282491,0.000,0.091
282352,284436,0.000,0.000
282352,284452,0.000,0.000
282355,282382,0.000,0.000
282355,282391,0.000,62.482
282356,282510,0.000,30.785
282356,284430,0.000,27.015
282357,282379,0.000,134.387
282357,282408,0.000,128.231
282357,283019,0.000,0.000
282357,286165,0.000,0.000
282357,287298,0.000,54.311
282358,282385,0.000,62.723
282358,282396,0.000,435.180
282358,282403,0.000,33.276
282358,282444,0.000,223.604
282359,282376,0.000,0.000
282359,282500,0.000,120.875
282360,282368,0.000,1001.759
282360,282396,0.000,610.014
282360,282403,0.000,341.521
282360,282433,0.000,90.688
282360,282434,0.000,487.109
282360,282451,0.000,780.034
282360,282460,0.000,147.138
282360,282476,0.000,28.622
282360,282478,0.000,34.735
282360,282515,0.000,289.779
282360,282524,0.000,241.454
282360,284431,0.000,3917.875
282360,284458,0.000,0.000
282362,282515,0.000,59.640
282362,284458,0.000,0.000
282362,286673,0.000,62.705
282364,282391,0.000,530.087
282364,282485,0.000,170.199
282364,282497,0.000,382.402
282365,282374,0.000,470.000
282365,282442,0.000,330.000
282365,282683,0.000,40.000
282365,282711,0.000,120.000
282366,282397,0.000,377.839
282366,282407,0.000,489.760
282366,282462,0.000,101.033
282366,282480,0.000,75.187
282366,282509,0.000,651.553
282366,284450,0.000,0.000
282368,282378,0.000,27.881
282368,282476,0.000,107.997
282368,284431,0.000,0.000
282371,282392,0.000,139.984
282371,282404,0.000,22.318
282371,282405,0.000,480.736
282371,282504,0.000,450.000
282372,282502,0.000,236.577
282372,282531,0.000,54.409
282372,284420,0.000,0.000
282373,282475,0.000,831.842
282373,284433,0.000,974.460
282373,284449,0.000,0.000
282374,282442,0.000,30.000
282375,282482,0.000,32.300
282375,282510,0.000,44.325
282375,284434,0.000,224.414
282376,282379,0.000,297.990
282376,282404,0.000,491.679
282376,282500,0.000,259.377
282379,282404,0.000,864.008
282379,282405,0.000,42.507
282379,282408,0.000,307.458
282379,282414,0.000,241.943
282379,282483,0.000,508.111
282379,282496,0.000,106.143
282379,283019,0.000,354.181
282379,287256,0.000,0.000
282379,287298,0.000,0.000
282380,282406,0.000,240.000
282380,282436,0.000,600.000
282380,282491,0.000,123.241
282380,282530,0.000,120.000
282380,282536,0.000,539.452
282380,284418,0.000,0.000
282380,284421,0.000,0.000
282380,284436,0.000,842.367
282380,284452,0.000,0.000
282380,286043,0.000,0.000
282380,286046,0.000,0.000
282381,282515,0.000,177.972
282381,284458,0.000,0.000
282382,282391,0.000,89.438
282382,282485,0.000,79.970
282382,282497,0.000,36.683
282383,282419,0.000,0.000
282383,282501,0.000,151.039
282383,284533,0.000,49.174
282385,282403,0.000,341.570
282387,282403,0.000,783.260
282387,282503,0.000,147.926
282387,282524,0.000,362.748
282388,282410,0.000,74.740
282388,282477,0.000,60.747
282388,284534,0.000,0.000
282388,287248,0.000,56.501
282388,287334,0.000,30.902
282388,287335,0.000,0.000
282390,282515,0.000,260.142
282390,284458,0.000,0.000
282391,282485,0.000,118.170
282392,282404,0.000,386.800
282392,282504,0.000,570.358
282393,287294,0.000,0.000
282394,284464,0.000,0.000
282395,282464,0.000,120.000
282396,282403,0.000,180.000
282396,282444,0.000,301.262
282396,282476,0.000,99.785
282396,282527,0.000,167.450
282396,284431,0.000,0.000
282397,282509,0.000,13.413
282398,282504,0.000,780.822
282398,282513,0.000,178.122
282398,282521,0.000,0.000
282398,283066,0.000,135.393
282398,283076,0.000,0.000
282398,283077,0.000,0.000
282399,282436,0.000,270.000
282399,282530,0.000,0.000
282399,284417,0.000,0.000
282399,284438,0.000,785.264
282400,282423,0.000,317.654
282400,282427,0.000,79.703
282400,282428,0.000,115.321
282400,282437,0.000,18.763
282400,282448,0.000,298.043
282401,282464,0.000,52.917
282401,282506,0.000,107.278
282402,282450,0.000,1192.476
282402,284416,0.000,0.000
282402,284437,0.000,0.000
282403,282433,0.000,660.000
282403,282444,0.000,210.000
282403,282451,0.000,247.343
282403,282503,0.000,286.383
282403,282524,0.000,241.343
282403,282527,0.000,47.528
282403,284431,0.000,0.000
282404,282448,0.000,277.829
282404,282500,0.000,85.940
282404,282504,0.000,72.120
282404,283016,0.000,0.000
282404,283020,0.000,423.405
282404,283067,0.000,160.450
282405,282496,0.000,438.570
282405,282504,0.000,84.610
282405,282521,0.000,224.409
282406,282486,0.000,90.000
282406,282530,0.000,300.000
282407,282480,0.000,307.084
282407,282509,0.000,52.708
282407,284427,0.000,0.000
282407,284450,0.000,0.000
282408,282483,0.000,486.143
282409,282491,0.000,0.380
282409,284452,0.000,0.000
282410,282417,0.000,498.452
282410,282477,0.000,249.595
282410,282496,0.000,37.721
282410,282513,0.000,106.838
282410,282521,0.000,382.642
282410,283069,0.000,21.072
282410,283077,0.000,0.000
282410,284534,0.000,445.053
282410,287248,0.000,0.000
282411,282442,0.000,325.719
282412,282423,0.000,0.000
282412,282437,0.000,161.953
282412,282501,0.000,200.851
282412,283060,0.000,0.000
282412,283070,0.000,201.417
282414,283019,0.000,0.000
282414,287256,0.000,0.000
282415,282417,0.000,64.107
282415,282496,0.000,350.379
282416,282452,0.000,129.448
282416,282482,0.000,16.851
282417,282496,0.000,220.509
282417,283021,0.000,30.853
282418,286674,0.000,101.178
282419,282501,0.000,143.369
282419,283023,0.000,0.000
282421,282673,0.000,500.000
282421,282694,0.000,380.000
282423,282437,0.000,207.463
282423,282501,0.000,10.650
282423,283016,0.000,0.000
282423,283023,0.000,0.000
282425,282497,0.000,479.312
282427,282428,0.000,0.000
282427,282437,0.000,51.160
282428,282448,0.000,64.591
282431,282522,0.000,414.034
282433,282479,0.000,201.516
282433,282527,0.000,260.092
282433,284431,0.000,0.000
282434,282451,0.000,0.000
282434,284431,0.000,0.000
282435,282440,0.000,370.000
282435,282486,0.000,90.000
282436,282530,0.000,210.000
282436,284418,0.000,0.000
282437,282504,0.000,259.805
282437,282525,0.000,253.064
282437,283070,0.000,0.000
282437,283078,0.000,0.000
282439,282501,0.000,26.451
282439,283072,0.000,23.660
282439,283075,0.000,0.000
282440,282486,0.000,275.003
282440,284420,0.000,0.000
282441,282480,0.000,20.455
282441,284441,0.000,83.083
282441,284450,0.000,0.000
282442,282711,0.000,90.000
282442,282730,0.000,273.672
282445,282450,0.000,376.134
282446,284442,0.000,247.477
282446,286070,0.000,0.000
282446,287294,0.000,0.000
282450,282458,0.000,964.747
282450,282535,0.000,252.250
282450,282539,0.000,25.893
282450,284437,0.000,0.000
282450,284463,0.000,0.000
282451,282524,0.000,408.321
282451,284431,0.000,0.000
282452,282482,0.000,225.692
282452,284415,0.000,0.000
282458,286073,0.000,0.000
282458,287296,0.000,359.614
282458,287380,0.000,0.000
282458,287382,0.000,41.457
282459,282475,0.000,1170.000
282459,282518,0.000,150.273
282459,284459,0.000,0.000
282460,282478,0.000,196.617
282460,284431,0.000,0.000
282461,282522,0.000,52.692
282463,282514,0.000,303.434
282463,282519,0.000,37.425
282464,282674,0.000,8.428
282464,282700,0.000,200.000
282464,282704,0.000,370.703
282465,282518,0.000,21.136
282465,284445,0.000,189.925
282465,284459,0.000,0.000
282468,282484,0.000,624.079
282468,284451,0.000,0.000
282473,282475,0.000,282.999
282473,284449,0.000,0.000
282475,282505,0.000,80.660
282475,282535,0.000,634.120
282475,284433,0.000,0.000
282475,284437,0.000,0.000
282475,284449,0.000,2230.506
282475,284454,0.000,0.000
282475,286079,0.000,17.934
282477,287249,0.000,51.289
282477,287334,0.000,0.000
282477,287335,0.000,179.283
282478,282515,0.000,656.408
282478,284431,0.000,0.000
282478,284458,0.000,0.000
282480,284427,0.000,0.000
282480,284441,0.000,0.000
282480,284450,0.000,401.744
282482,282510,0.000,304.914
282482,284434,0.000,0.000
282483,282496,0.000,48.507
282484,284419,0.000,0.000
282484,284451,0.000,137.064
282485,282497,0.000,71.604
282486,282530,0.000,60.000
282491,284436,0.000,0.000
282491,284452,0.000,399.652
282493,282525,0.000,24.485
282493,283073,0.000,30.995
282493,283078,0.000,0.000
282494,282515,0.000,128.787
282494,284458,0.000,0.000
282496,282521,0.000,26.307
282498,284426,0.000,0.000
282498,284453,0.000,24.246
282498,286084,0.000,81.691
282500,287261,0.000,103.406
282501,283017,0.000,0.000
282501,283023,0.000,14.936
282501,283058,0.000,0.000
282501,283060,0.000,0.000
282501,283072,0.000,0.000
282501,283075,0.000,279.627
282502,282531,0.000,149.686
282504,282513,0.000,0.000
282504,282521,0.000,350.319
282504,282525,0.000,385.947
282504,283066,0.000,0.000
282504,283076,0.000,788.766
282504,283078,0.000,0.000
282505,284449,0.000,0.000
282505,284454,0.000,71.859
282509,282518,0.000,6.872
282509,284459,0.000,0.000
282510,284430,0.000,0.000
282510,284434,0.000,0.000
282513,282521,0.000,179.233
282513,283066,0.000,0.000
282513,283069,0.000,0.000
282513,283077,0.000,121.734
282514,282519,0.000,293.176
282515,284431,0.000,0.000
282515,284458,0.000,3919.489
282515,286673,0.000,0.000
282518,284445,0.000,0.000
282518,284459,0.000,1004.094
282524,284431,0.000,0.000
282525,283073,0.000,0.000
282525,283076,0.000,0.000
282525,283078,0.000,290.671
282535,284437,0.000,0.000
282535,284449,0.000,0.000
282536,284421,0.000,0.000
282536,284436,0.000,0.000
282539,284463,0.000,293.296
282644,282679,0.000,2.035
282644,282720,0.000,162.770
282644,282732,0.000,10.000
282644,284496,0.000,0.000
282645,282656,0.000,180.000
282645,282711,0.000,104.763
282645,282743,0.000,0.000
282647,282709,0.000,380.000
282648,282661,0.000,260.000
282648,282711,0.000,104.801
282648,282718,0.000,224.547
282648,282734,0.000,170.000
282648,282737,0.000,170.000
282648,282743,0.000,0.000
282649,282652,0.000,500.000
282649,282661,0.000,570.000
282649,282668,0.000,830.000
282649,282678,0.000,250.000
282649,282695,0.000,290.000
282649,282702,0.000,370.000
282649,282725,0.000,390.000
282650,282659,0.000,150.000
282650,282678,0.000,230.000
282650,282688,0.000,170.000
282650,282724,0.000,30.000
282651,282653,0.000,63.069
282651,282681,0.000,153.097
282651,282684,0.000,0.815
282651,282719,0.000,77.606
282651,282728,0.000,66.590
282651,282729,0.000,49.925
282651,284492,0.000,256.559
282651,284498,0.000,0.000
282651,286123,0.000,15.884
282652,282668,0.000,80.000
282652,282695,0.000,760.000
282653,282662,0.000,87.288
282653,282710,0.000,19.303
282653,282719,0.000,332.585
282653,282729,0.000,389.750
282653,284492,0.000,0.000
282653,284498,0.000,0.000
282654,282716,0.000,7.252
282654,282723,0.000,402.253
282654,282733,0.000,377.012
282654,284493,0.000,92.580
282654,286124,0.000,1.329
282654,286130,0.000,0.000
282655,282738,0.000,855.760
282655,284504,0.000,0.000
282656,282666,0.000,340.000
282656,282673,0.000,250.000
282656,282683,0.000,60.000
282656,282699,0.000,200.000
282656,282708,0.000,110.000
282656,282711,0.000,100.000
282657,282726,0.000,3.391
282657,284501,0.000,0.000
282658,282677,0.000,515.667
282658,282693,0.000,20.386
282658,282697,0.000,80.000
282658,282737,0.000,251.655
282658,282739,0.000,19.457
282659,282661,0.000,230.000
282659,282688,0.000,410.000
282659,282695,0.000,170.000
282659,282696,0.000,110.000
282659,282697,0.000,310.000
282659,282709,0.000,660.000
282659,282715,0.000,240.000
282659,282724,0.000,760.000
282660,282681,0.000,380.000
282660,282701,0.000,70.439
282660,282734,0.000,88.604
282661,282666,0.000,200.000
282661,282668,0.000,40.000
282661,282678,0.000,120.000
282661,282688,0.000,410.000
282661,282697,0.000,440.000
282661,282711,0.000,310.000
282661,282713,0.000,560.000
282661,282737,0.000,80.000
282662,282687,0.000,183.176
282662,282703,0.000,450.000
282662,282729,0.000,230.000
282663,282671,0.000,322.865
282663,282675,0.000,190.000
282663,282682,0.000,442.198
282663,282685,0.000,80.474
282663,282691,0.000,70.000
282663,284494,0.000,0.000
282663,286125,0.000,0.000
282664,282682,0.000,386.600
282665,282679,0.000,166.564
282665,282680,0.000,105.729
282665,282720,0.000,455.334
282665,282721,0.000,1052.536
282665,284496,0.000,0.000
282666,282668,0.000,290.000
282666,282699,0.000,420.000
282666,282711,0.000,290.000
282667,282695,0.000,600.000
282668,282695,0.000,10.000
282668,282699,0.000,670.000
282669,282709,0.000,100.000
282670,282677,0.000,506.078
282670,282726,0.000,43.358
282670,284501,0.000,0.000
282671,282675,0.000,101.094
282671,282691,0.000,50.000
282671,282723,0.000,113.938
282671,284494,0.000,212.046
282671,284495,0.000,0.000
282671,284499,0.000,0.000
282671,286125,0.000,51.915
282671,286126,0.000,0.000
282672,282682,0.000,34.651
282672,282692,0.000,2.604
282673,282683,0.000,610.000
282673,282694,0.000,140.000
282673,282708,0.000,100.000
282674,282700,0.000,389.769
282674,282719,0.000,6.576
282674,284498,0.000,0.000
282675,284494,0.000,0.000
282675,284495,0.000,103.990
282675,286125,0.000,0.000
282675,286126,0.000,23.489
282676,282695,0.000,65.413
282676,282699,0.000,460.000
282676,282731,0.000,127.392
282676,284497,0.000,0.000
282676,284502,0.000,0.000
282677,282693,0.000,110.198
282677,282696,0.000,320.000
282677,282697,0.000,410.000
282677,282717,0.000,19.885
282677,282726,0.000,50.000
282678,282688,0.000,250.000
282678,282724,0.000,140.000
282678,282725,0.000,130.000
282679,282690,0.000,132.047
282679,282707,0.000,0.322
282679,282732,0.000,37.994
282679,284496,0.000,288.042
282681,282684,0.000,130.000
282681,282701,0.000,24.787
282681,282714,0.000,356.231
282681,282716,0.000,30.000
282681,282721,0.000,980.000
282681,282722,0.000,550.000
282681,282728,0.000,220.000
282681,282733,0.000,60.000
282681,282734,0.000,100.000
282681,284492,0.000,0.000
282682,282685,0.000,56.968
282682,282687,0.000,560.000
282682,282691,0.000,140.000
282682,282692,0.000,467.265
282682,282703,0.000,60.000
282683,282711,0.000,385.850
282683,282742,0.000,98.774
282683,282743,0.000,0.000
282683,282744,0.000,51.874
282683,282745,0.000,0.000
282684,282701,0.000,1.318
282684,284492,0.000,0.000
282686,282735,0.000,1.053
282686,284530,0.000,25.092
282686,284531,0.000,0.000
282687,282692,0.000,164.542
282687,282703,0.000,630.000
282687,282706,0.000,20.489
282687,282727,0.000,254.810
282690,282707,0.000,162.469
282690,282721,0.000,440.000
282690,282732,0.000,70.000
282690,284496,0.000,0.000
282691,282703,0.000,140.000
282691,282722,0.000,140.000
282691,282723,0.000,60.000
282693,282698,0.000,135.711
282693,282721,0.000,44.926
282693,282737,0.000,146.272
282694,282699,0.000,470.000
282694,282708,0.000,80.000
282694,282731,0.000,60.000
282695,282699,0.000,560.000
282695,282702,0.000,320.000
282695,282709,0.000,630.000
282695,282724,0.000,564.118
282695,284497,0.000,840.663
282695,284500,0.000,0.000
282696,282697,0.000,330.000
282696,282715,0.000,60.000
282696,282726,0.000,10.139
282696,284501,0.000,0.000
282697,282737,0.000,70.000
282698,282721,0.000,580.000
282698,282734,0.000,30.000
282698,282737,0.000,140.000
282699,282708,0.000,290.000
282699,282731,0.000,230.000
282700,282704,0.000,780.000
282700,282719,0.000,80.000
282702,282724,0.000,1410.000
282702,282725,0.000,120.000
282703,282722,0.000,640.000
282703,282729,0.000,400.000
282704,282710,0.000,525.239
282704,282719,0.000,180.000
282705,282735,0.000,6.177
282705,282832,0.000,289.685
282705,284531,0.000,0.000
282707,282721,0.000,29.607
282707,284496,0.000,0.000
282709,282715,0.000,330.000
282710,282719,0.000,54.839
282710,284498,0.000,0.000
282711,282718,0.000,0.158
282711,282730,0.000,19.160
282711,282742,0.000,0.000
282711,282743,0.000,990.249
282711,282744,0.000,0.000
282711,282745,0.000,14.841
282712,282718,0.000,312.098
282712,282734,0.000,214.261
282713,282737,0.000,420.000
282714,282716,0.000,0.365
282714,282721,0.000,230.874
282716,282733,0.000,370.000
282716,284493,0.000,0.000
282718,282734,0.000,380.000
282718,282743,0.000,0.000
282719,284492,0.000,0.000
282719,284498,0.000,346.265
282720,282721,0.000,360.000
282720,282732,0.000,260.000
282721,282732,0.000,210.000
282721,282734,0.000,630.000
282722,282723,0.000,680.000
282722,282728,0.000,250.000
282722,282729,0.000,280.000
282722,282733,0.000,280.000
282723,282733,0.000,70.000
282723,284494,0.000,0.000
282723,284499,0.000,171.107
282723,286124,0.000,0.000
282723,286130,0.000,28.771
282724,282725,0.000,80.000
282724,284497,0.000,0.000
282724,284500,0.000,0.000
282724,286131,0.000,0.000
282726,284501,0.000,213.941
282728,282729,0.000,200.000
282728,284492,0.000,0.000
282728,286123,0.000,0.000
282729,284492,0.000,0.000
282730,282743,0.000,0.000
282731,282736,0.000,135.850
282731,282738,0.000,230.000
282731,284502,0.000,0.000
282731,284503,0.000,0.000
282731,286133,0.000,0.000
282732,284496,0.000,0.000
282733,284493,0.000,0.000
282734,282737,0.000,30.000
282735,282832,0.000,0.000
282735,284530,0.000,0.000
282735,284531,0.000,129.940
282736,282738,0.000,348.549
282736,284502,0.000,0.000
282736,284503,0.000,274.488
282736,284504,0.000,0.000
282737,282739,0.000,60.988
282738,284503,0.000,0.000
282738,284504,0.000,2228.315
282742,282743,0.000,109.639
282742,282744,0.000,15.531
282742,282745,0.000,0.000
282743,282744,0.000,0.000
282743,282745,0.000,48.348
282744,282745,0.000,44.511
282776,282835,0.000,117.012
282777,282780,0.000,228.817
282777,282788,0.000,70.580
282777,282851,0.000,180.822
282777,282859,0.000,0.000
282777,282893,0.000,0.000
282777,284336,0.000,80.930
282778,282786,0.000,179.857
282778,282852,0.000,14.149
282779,282794,0.000,0.000
282779,282795,0.000,6.966
282779,282858,0.000,7.504
282779,282914,0.000,0.000
282779,282921,0.000,0.000
282780,282790,0.000,128.509
282780,282851,0.000,0.000
282780,282859,0.000,235.984
282780,282905,0.000,0.000
282781,282785,0.000,118.319
282781,282864,0.000,192.903
282781,282871,0.000,0.000
282781,282884,0.000,0.000
282781,283825,0.000,8.132
282781,284515,0.000,381.868
282782,282866,0.000,134.125
282783,282868,0.000,93.984
282784,282870,0.000,409.241
282784,282915,0.000,0.000
282784,284517,0.000,66.521
282785,282789,0.000,577.336
282785,282857,0.000,0.000
282785,282864,0.000,0.000
282785,282871,0.000,505.891
282785,282900,0.000,0.000
282785,283825,0.000,244.974
282785,284356,0.000,274.621
282785,284401,0.000,212.900
282785,284512,0.000,249.123
282785,284515,0.000,44.285
282785,286143,0.000,27.199
282785,286146,0.000,0.935
282786,282872,0.000,469.999
282788,282851,0.000,0.000
282788,282857,0.000,0.000
282788,282876,0.000,0.000
282788,282893,0.000,135.239
282788,284336,0.000,215.960
282788,284512,0.000,289.119
282789,282800,0.000,354.133
282789,282871,0.000,0.000
282789,282900,0.000,447.769
282789,282933,0.000,0.000
282789,284401,0.000,50.000
282790,282859,0.000,0.000
282790,282885,0.000,0.000
282790,282905,0.000,296.107
282790,284516,0.000,435.132
282791,282907,0.000,52.360
282792,282800,0.000,87.033
282792,282908,0.000,560.057
282792,282933,0.000,0.000
282792,282983,0.000,0.000
282792,284357,0.000,470.718
282792,284528,0.000,10.544
282792,285979,0.000,9.282
282792,286159,0.000,33.377
282793,282910,0.000,118.739
282793,282915,0.000,0.000
282793,284517,0.000,99.335
282793,286148,0.000,0.000
282794,282795,0.000,210.470
282794,282913,0.000,864.462
282794,282921,0.000,0.000
282794,284318,0.000,416.929
282794,285940,0.000,0.000
282795,282858,0.000,0.000
282795,282914,0.000,31.220
282796,282919,0.000,241.865
282796,282930,0.000,0.000
282796,284523,0.000,285.745
282800,282900,0.000,0.000
282800,282908,0.000,0.000
282800,282933,0.000,68.611
282800,284357,0.000,340.042
282800,284401,0.000,161.980
282801,282821,0.000,320.000
282801,282934,0.000,38.881
282802,282806,0.000,69.716
282802,282830,0.000,272.697
282802,282937,0.000,88.111
282802,282943,0.000,0.000
282802,282984,0.000,0.000
282803,282806,0.000,173.770
282803,282807,0.000,79.205
282803,282938,0.000,90.503
282803,282943,0.000,0.000
282803,282945,0.000,0.000
282804,282822,0.000,22.216
282804,282939,0.000,391.075
282804,282969,0.000,0.000
282805,282824,0.000,21.789
282805,282831,0.000,348.848
282805,282942,0.000,145.759
282805,282972,0.000,0.000
282805,282985,0.000,0.000
282806,282807,0.000,50.000
282806,282830,0.000,350.000
282806,282937,0.000,0.000
282806,282938,0.000,0.000
282806,282943,0.000,206.607
282807,282938,0.000,0.000
282807,282945,0.000,153.185
282809,282814,0.000,65.389
282809,282948,0.000,111.573
282809,282957,0.000,0.000
282813,282815,0.000,53.742
282813,282954,0.000,112.849
282813,282958,0.000,0.000
282814,282948,0.000,0.000
282814,282957,0.000,326.826
282814,282993,0.000,0.000
282814,284530,0.000,223.176
282815,282954,0.000,0.000
282815,282958,0.000,168.893
282821,282829,0.000,556.356
282821,282968,0.000,113.255
282821,282979,0.000,0.000
282821,284333,0.000,0.000
282822,282939,0.000,0.000
282822,282969,0.000,36.550
282823,282827,0.000,215.710
282823,282971,0.000,162.346
282823,282977,0.000,0.000
282824,282831,0.000,349.346
282824,282942,0.000,0.000
282824,282972,0.000,385.107
282824,282985,0.000,0.000
282826,282975,0.000,325.273
282827,282971,0.000,0.000
282827,282977,0.000,278.145
282827,282993,0.000,0.000
282827,284530,0.000,591.158
282829,282830,0.000,206.741
282829,282968,0.000,0.000
282829,282979,0.000,566.930
282829,282984,0.000,0.000
282829,284333,0.000,400.000
282830,282937,0.000,0.000
282830,282979,0.000,0.000
282830,282984,0.000,85.074
282830,284333,0.000,610.000
282831,282942,0.000,0.000
282831,282972,0.000,0.000
282831,282985,0.000,115.573
282832,282994,0.000,189.952
282832,282995,0.000,0.000
282832,284531,0.000,241.942
282832,286162,0.000,95.316
282833,282846,0.000,864.268
282833,282847,0.000,186.761
282833,282859,0.000,280.648
282833,282876,0.000,819.851
282833,282883,0.000,410.318
282833,282885,0.000,270.857
282833,282893,0.000,253.819
282833,282903,0.000,319.551
282833,282904,0.000,10.878
282833,282905,0.000,250.114
282834,284505,0.000,42.246
282835,282907,0.000,23.201
282836,282853,0.000,106.911
282836,282895,0.000,1270.391
282837,284506,0.000,282.810
282837,286137,0.000,28.778
282838,282925,0.000,598.826
282838,284507,0.000,123.598
282838,286138,0.000,30.346
282839,282844,0.000,28.497
282839,284508,0.000,20.952
282839,284510,0.000,0.000
282839,286139,0.000,5.452
282839,286142,0.000,0.000
282840,282877,0.000,0.000
282840,282888,0.000,230.936
282840,282889,0.000,0.000
282841,282868,0.000,66.196
282841,282872,0.000,102.178
282842,284509,0.000,125.377
282844,284508,0.000,0.000
282844,284510,0.000,236.977
282845,282878,0.000,108.397
282845,282887,0.000,0.000
282845,282898,0.000,211.787
282845,282901,0.000,97.053
282847,282885,0.000,72.073
282848,282856,0.000,50.002
282848,282875,0.000,151.528
282849,282869,0.000,1263.819
282849,282882,0.000,483.686
282849,282906,0.000,30.527
282851,282859,0.000,69.285
282851,282893,0.000,144.533
282853,282877,0.000,560.826
282853,282895,0.000,47.403
282854,282869,0.000,1661.519
282855,282925,0.000,369.588
282857,282871,0.000,35.989
282857,282876,0.000,122.930
282857,282893,0.000,42.894
282857,284512,0.000,69.620
282858,282872,0.000,432.678
282858,282914,0.000,29.413
282858,282921,0.000,47.318
282858,282922,0.000,553.857
282858,282926,0.000,66.791
282859,282893,0.000,11.990
282859,282905,0.000,80.786
282860,282875,0.000,193.191
282860,282878,0.000,109.849
282860,282898,0.000,153.692
282861,282897,0.000,102.142
282861,282904,0.000,109.953
282861,282911,0.000,71.773
282864,282871,0.000,538.978
282864,282884,0.000,230.550
282864,284515,0.000,0.000
282867,284513,0.000,46.897
282869,282902,0.000,805.873
282869,282906,0.000,476.754
282870,282915,0.000,14.252
282870,282925,0.000,459.846
282870,284517,0.000,0.000
282871,282876,0.000,71.408
282871,282900,0.000,102.656
282871,284512,0.000,0.000
282873,282894,0.000,60.919
282873,282895,0.000,203.782
282874,282887,0.000,320.938
282874,282898,0.000,166.507
282875,282878,0.000,138.633
282876,282893,0.000,43.570
282876,284512,0.000,0.000
282877,282888,0.000,379.979
282877,282889,0.000,144.161
282878,282898,0.000,374.634
282878,282901,0.000,43.547
282878,282909,0.000,230.692
282879,282891,0.000,330.000
282879,282908,0.000,250.000
282880,284514,0.000,2.062
282880,286145,0.000,50.659
282881,282889,0.000,196.774
282882,282902,0.000,50.252
282882,282906,0.000,255.386
282884,284515,0.000,183.908
282885,282905,0.000,97.105
282885,284516,0.000,309.505
282885,286147,0.000,16.785
282887,282898,0.000,70.243
282887,282901,0.000,81.997
282887,282909,0.000,81.242
282888,282889,0.000,0.000
282891,282908,0.000,160.000
282891,282950,0.000,140.517
282891,282983,0.000,250.000
282892,282925,0.000,962.219
282893,284512,0.000,0.000
282898,282901,0.000,0.000
282899,282900,0.000,203.273
282900,282933,0.000,14.482
282901,282909,0.000,140.000
282902,282906,0.000,333.622
282903,282904,0.000,350.277
282905,284516,0.000,0.000
282908,282933,0.000,12.030
282908,282983,0.000,116.079
282908,284528,0.000,0.000
282910,282915,0.000,79.906
282910,284517,0.000,0.000
282910,286148,0.000,0.000
282913,282921,0.000,88.081
282915,282925,0.000,565.810
282915,282930,0.000,29.880
282915,284517,0.000,576.798
282915,284523,0.000,0.000
282915,286148,0.000,9.257
282915,286154,0.000,0.000
282919,282925,0.000,326.533
282919,282930,0.000,130.773
282919,284523,0.000,0.000
282921,282922,0.000,418.428
282921,282926,0.000,519.732
282922,282926,0.000,12.328
282925,282926,0.000,168.541
282925,282929,0.000,628.390
282925,282930,0.000,129.766
282926,282929,0.000,161.695
282930,284517,0.000,0.000
282930,284523,0.000,314.492
282930,286148,0.000,0.000
282930,286154,0.000,16.190
282937,282943,0.000,50.284
282937,282963,0.000,70.000
282937,282976,0.000,10.000
282937,282984,0.000,7.303
282938,282943,0.000,96.230
282938,282945,0.000,190.795
282939,282969,0.000,7.784
282939,282970,0.000,510.000
282940,282993,0.000,112.220
282940,284526,0.000,55.432
282940,284530,0.000,0.000
282940,286157,0.000,14.406
282942,282964,0.000,0.000
282942,282969,0.000,30.000
282942,282972,0.000,38.211
282942,282985,0.000,201.152
282943,282945,0.000,30.000
282943,282963,0.000,120.000
282944,282948,0.000,390.000
282944,282957,0.000,60.000
282944,282993,0.000,450.000
282945,282963,0.000,190.000
282947,404411,0.000,36.252
282948,282957,0.000,24.611
282950,282983,0.000,550.000
282954,282958,0.000,36.258
282957,282993,0.000,206.824
282957,284530,0.000,0.000
282963,282976,0.000,230.000
282964,282969,0.000,60.000
282964,282972,0.000,250.000
282968,282979,0.000,43.644
282969,282970,0.000,90.000
282969,282972,0.000,0.000
282971,282977,0.000,189.255
282972,282985,0.000,20.654
282976,282979,0.000,110.062
282976,282984,0.000,120.000
282977,282993,0.000,178.842
282977,284530,0.000,0.000
282979,282984,0.000,33.259
282983,284528,0.000,461.277
282993,284526,0.000,0.000
282993,284530,0.000,655.185
282994,282995,0.000,26.564
282994,284531,0.000,0.000
282995,284531,0.000,80.660
283004,283022,0.000,104.307
283004,283024,0.000,178.438
283004,283053,0.000,0.000
283004,283072,0.000,0.000
283004,287297,0.000,222.278
283005,283030,0.000,141.566
283006,283010,0.000,134.076
283006,283015,0.000,229.803
283006,283032,0.000,167.563
283006,283043,0.000,0.000
283006,283054,0.000,0.000
283007,283012,0.000,566.084
283007,283013,0.000,313.095
283007,283033,0.000,474.492
283007,283047,0.000,0.000
283007,283050,0.000,0.000
283009,283011,0.000,877.724
283009,283012,0.000,43.501
283009,283015,0.000,764.503
283009,283042,0.000,421.279
283009,283045,0.000,0.000
283009,283047,0.000,0.000
283009,283054,0.000,0.000
283010,283014,0.000,163.586
283010,283015,0.000,439.296
283010,283032,0.000,0.000
283010,283043,0.000,114.826
283010,283052,0.000,0.000
283011,283012,0.000,439.212
283011,283042,0.000,0.000
283011,283045,0.000,511.823
283011,283047,0.000,0.000
283012,283013,0.000,540.010
283012,283033,0.000,0.000
283012,283042,0.000,0.000
283012,283045,0.000,0.000
283012,283047,0.000,150.130
283013,283033,0.000,0.000
283013,283040,0.000,0.000
283013,283050,0.000,299.763
283013,284532,0.000,816.811
283014,283043,0.000,0.000
283014,283052,0.000,161.913
283015,283032,0.000,0.000
283015,283042,0.000,0.000
283015,283054,0.000,94.327
283016,283020,0.000,85.568
283016,283023,0.000,304.420
283016,283057,0.000,52.325
283016,283075,0.000,0.000
283016,283911,0.000,431.568
283017,283023,0.000,24.598
283017,283058,0.000,14.336
283017,283075,0.000,0.000
283019,287256,0.000,48.903
283019,287298,0.000,215.387
283020,283067,0.000,153.938
283021,287293,0.000,160.910
283022,283024,0.000,0.000
283022,283053,0.000,0.000
283022,283066,0.000,0.000
283022,283072,0.000,234.247
283022,287260,0.000,64.447
283022,287297,0.000,160.882
283023,283057,0.000,0.000
283023,283058,0.000,0.000
283023,283075,0.000,45.189
283024,283031,0.000,204.766
283024,283037,0.000,180.167
283024,283046,0.000,230.108
283024,283048,0.000,958.740
283024,283049,0.000,221.370
283024,283053,0.000,190.838
283024,283072,0.000,1038.444
283024,287297,0.000,0.000
283025,283027,0.000,51.183
283025,283033,0.000,81.903
283025,283035,0.000,219.932
283025,283040,0.000,186.558
283025,283041,0.000,246.104
283025,283044,0.000,667.986
283025,283046,0.000,112.731
283025,283047,0.000,138.935
283025,283051,0.000,244.037
283026,283032,0.000,99.555
283026,283038,0.000,170.168
283026,283051,0.000,412.554
283026,283054,0.000,162.678
283027,283046,0.000,161.456
283027,283048,0.000,330.559
283027,283051,0.000,397.193
283028,283040,0.000,186.577
283028,283046,0.000,549.114
283028,284532,0.000,0.000
283028,287250,0.000,272.169
283028,287254,0.000,0.000
283029,283043,0.000,390.207
283029,283048,0.000,389.459
283029,283052,0.000,232.475
283029,283072,0.000,121.196
283031,283034,0.000,22.865
283031,283037,0.000,117.308
283031,283046,0.000,211.962
283031,287251,0.000,0.000
283031,287254,0.000,0.000
283031,287337,0.000,125.765
283031,287338,0.000,0.000
283031,287340,0.000,0.000
283032,283043,0.000,28.610
283032,283051,0.000,126.445
283032,283054,0.000,37.143
283033,283040,0.000,272.470
283033,283047,0.000,250.953
283033,283050,0.000,438.446
283034,283037,0.000,122.431
283034,283049,0.000,41.373
283034,287252,0.000,0.000
283034,287255,0.000,0.000
283034,287337,0.000,0.000
283034,287338,0.000,0.000
283035,283038,0.000,56.500
283035,283041,0.000,261.293
283035,283042,0.000,32.805
283035,283047,0.000,467.303
283037,283049,0.000,77.611
283038,283041,0.000,201.516
283038,283042,0.000,519.365
283038,283051,0.000,28.235
283038,283054,0.000,125.990
283040,283044,0.000,546.157
283040,283046,0.000,304.118
283040,283050,0.000,413.189
283040,284532,0.000,1030.515
283040,287250,0.000,0.000
283041,283051,0.000,243.359
283042,283045,0.000,111.839
283042,283047,0.000,466.605
283042,283054,0.000,138.865
283043,283048,0.000,155.192
283043,283051,0.000,336.759
283043,283052,0.000,487.298
283044,283046,0.000,141.757
283045,283047,0.000,572.345
283046,283048,0.000,316.340
283046,287250,0.000,0.000
283046,287251,0.000,0.000
283046,287254,0.000,393.849
283046,287337,0.000,0.000
283046,287340,0.000,37.031
283048,283051,0.000,160.435
283048,283072,0.000,652.562
283049,283053,0.000,79.241
283049,287252,0.000,0.000
283049,287255,0.000,129.426
283049,287297,0.000,0.000
283050,284532,0.000,0.000
283052,283072,0.000,678.427
283053,283066,0.000,273.700
283053,283072,0.000,27.761
283053,283077,0.000,64.372
283053,287255,0.000,0.000
283053,287260,0.000,0.000
283053,287262,0.000,0.000
283053,287297,0.000,490.113
283053,287348,0.000,0.000
283053,287383,0.000,0.774
283057,283075,0.000,52.639
283058,283075,0.000,36.773
283060,283070,0.000,180.620
283060,283072,0.000,289.810
283060,283073,0.000,166.743
283060,283075,0.000,26.882
283060,283078,0.000,456.795
283065,284533,0.000,117.254
283066,283072,0.000,376.898
283066,283073,0.000,124.459
283066,283076,0.000,899.178
283066,283077,0.000,211.878
283066,287260,0.000,245.921
283066,287297,0.000,0.000
283066,287346,0.000,88.239
283069,283077,0.000,17.270
283069,284534,0.000,12.134
283069,287262,0.000,0.000
283072,283073,0.000,267.575
283072,283075,0.000,38.887
283072,287260,0.000,0.000
283072,287297,0.000,0.000
283073,283076,0.000,120.000
283073,283078,0.000,124.526
283076,283078,0.000,287.459
283077,284534,0.000,0.000
283077,287262,0.000,36.268
283077,287297,0.000,0.000
283077,287348,0.000,123.351
283077,287383,0.000,0.000
283081,283097,0.000,167.598
283081,283103,0.000,0.000
283081,283827,0.000,420.822
283081,283954,0.000,285.850
283081,284064,0.000,0.000
283081,284142,0.000,211.984
283081,284541,0.000,709.341
283083,283090,0.000,494.848
283083,283094,0.000,0.000
283083,283102,0.000,471.187
283083,283106,0.000,0.000
283083,283122,0.000,0.000
283083,284535,0.000,0.080
283083,284543,0.000,606.239
283085,283090,0.000,502.018
283085,283104,0.000,0.000
283085,283108,0.000,277.995
283085,283122,0.000,0.000
283085,284542,0.000,1303.900
283086,283100,0.000,0.000
283086,283111,0.000,416.548
283086,283116,0.000,0.000
283086,283983,0.000,420.000
283086,284540,0.000,254.226
283086,284550,0.000,198.284
283087,283096,0.000,0.000
283087,283110,0.000,0.000
283087,283114,0.000,100.224
283087,283456,0.000,215.681
283087,284537,0.000,753.026
283087,284546,0.000,163.228
283090,283102,0.000,0.000
283090,283108,0.000,0.000
283090,283122,0.000,124.604
283094,283102,0.000,389.920
283094,283108,0.000,0.000
283094,283120,0.000,384.749
283094,284535,0.000,412.657
283094,284552,0.000,0.000
283096,283110,0.000,127.184
283096,283114,0.000,43.674
283096,284537,0.000,81.567
283096,284546,0.000,0.000
283097,283103,0.000,158.786
283097,284541,0.000,0.000
283100,283109,0.000,299.040
283100,283111,0.000,807.749
283100,284540,0.000,556.136
283100,284545,0.000,0.000
283100,286174,0.000,0.000
283102,283106,0.000,383.761
283102,283108,0.000,30.000
283102,283120,0.000,0.000
283102,283122,0.000,315.152
283102,284535,0.000,0.000
283102,284543,0.000,0.000
283103,284541,0.000,456.692
283104,283108,0.000,86.100
283104,283120,0.000,100.999
283104,284542,0.000,53.999
283104,284552,0.000,0.000
283106,284543,0.000,212.901
283108,283120,0.000,180.000
283108,283122,0.000,307.982
283108,284542,0.000,0.000
283109,283110,0.000,592.393
283109,283111,0.000,378.013
283109,284540,0.000,0.000
283109,284545,0.000,291.375
283109,284546,0.000,0.000
283110,283111,0.000,718.177
283110,283114,0.000,107.359
283110,283116,0.000,290.950
283110,284537,0.000,0.000
283110,284545,0.000,0.000
283110,284546,0.000,388.027
283110,284550,0.000,0.000
283110,286180,0.000,14.945
283110,286184,0.000,0.000
283111,283116,0.000,131.716
283111,284540,0.000,0.000
283111,284550,0.000,0.000
283114,284537,0.000,0.000
283114,284546,0.000,0.000
283116,284546,0.000,0.000
283116,284550,0.000,123.004
283116,286180,0.000,0.000
283116,286184,0.000,0.000
283120,284535,0.000,0.000
283120,284542,0.000,0.000
283120,284552,0.000,230.398
283120,286186,0.000,7.327
283417,283972,0.000,164.867
283420,283450,0.000,120.755
283420,283613,0.000,161.470
283420,284946,0.000,144.509
283420,284979,0.000,0.000
283422,283692,0.000,158.906
283422,284948,0.000,279.987
283422,285283,0.000,0.000
283422,287271,0.000,320.530
283422,287296,0.000,51.047
283429,284508,0.000,804.365
283429,284956,0.000,96.082
283429,286139,0.000,0.000
283430,283680,0.000,779.357
283430,283844,0.000,255.189
283430,284958,0.000,223.748
283430,285233,0.000,0.000
283430,285419,0.000,0.000
283431,283740,0.000,76.840
283431,283889,0.000,515.489
283431,284959,0.000,175.310
283431,285306,0.000,0.000
283431,285469,0.000,0.000
283434,283783,0.000,338.668
283434,284004,0.000,2725.513
283434,284091,0.000,498.705
283434,284464,0.000,243.085
283434,284962,0.000,922.224
283434,285354,0.000,0.000
283434,285595,0.000,0.000
283439,284459,0.000,1330.388
283439,284967,0.000,30.926
283439,286090,0.000,0.000
283441,283728,0.000,197.215
283441,283745,0.000,269.512
283441,284123,0.000,472.369
283441,284505,0.000,194.415
283441,284969,0.000,570.935
283441,285292,0.000,0.000
283441,285312,0.000,0.000
283441,285730,0.000,0.000
283441,286136,0.000,0.000
283443,284032,0.000,0.812
283443,284173,0.000,226.002
283443,284971,0.000,52.336
283443,285625,0.000,0.000
283443,285789,0.000,0.000
283450,283613,0.000,101.040
283450,284946,0.000,0.000
283450,284979,0.000,104.067
283450,285159,0.000,0.000
283452,283809,0.000,354.408
283452,283865,0.000,159.983
283452,284063,0.000,244.351
283452,284127,0.000,270.000
283452,284420,0.000,180.000
283452,284981,0.000,914.837
283452,285381,0.000,0.000
283452,285442,0.000,0.000
283452,285659,0.000,0.000
283455,284328,0.000,537.439
283455,284413,0.000,347.308
283455,284439,0.000,849.416
283455,284984,0.000,1211.349
283455,285950,0.000,0.000
283456,283673,0.000,133.040
283456,283847,0.000,1062.232
283456,284065,0.000,1207.775
283456,284095,0.000,630.000
283456,284537,0.000,678.355
283456,284985,0.000,1329.694
283456,285226,0.000,0.000
283456,285661,0.000,0.000
283457,283507,0.000,66.033
283457,283783,0.000,318.965
283457,284028,0.000,602.779
283457,284054,0.000,1329.858
283457,284986,0.000,544.534
283457,285621,0.000,0.000
283457,285649,0.000,0.000
283465,283503,0.000,811.788
283465,283971,0.000,1770.000
283465,284994,0.000,50.675
283465,285035,0.000,0.000
283466,283688,0.000,198.527
283466,284995,0.000,97.969
283466,285245,0.000,0.000
283486,283506,0.000,452.154
283486,285017,0.000,282.902
283486,285038,0.000,0.000
283486,285904,0.000,0.000
283486,285922,0.000,0.000
283486,285939,0.000,0.000
283486,287291,0.000,11.386
283486,287292,0.000,21.255
283486,287293,0.000,257.715
283489,284541,0.000,757.722
283489,285020,0.000,128.678
283502,284102,0.000,305.216
283502,285034,0.000,454.902
283502,285703,0.000,0.000
283503,283663,0.000,319.980
283503,283971,0.000,160.000
283503,283992,0.000,0.000
283503,284994,0.000,0.000
283503,285035,0.000,738.741
283503,285215,0.000,0.000
283504,284046,0.000,1189.268
283504,284543,0.000,509.464
283504,285036,0.000,44.076
283504,285641,0.000,0.000
283504,286177,0.000,0.000
283506,284534,0.000,65.902
283506,285017,0.000,0.000
283506,285038,0.000,19.994
283506,287267,0.000,306.188
283506,287293,0.000,19.858
283507,283783,0.000,322.398
283507,284016,0.000,136.916
283507,284028,0.000,262.705
283507,284039,0.000,230.169
283507,285039,0.000,655.423
283507,285354,0.000,0.000
283507,285634,0.000,0.000
283508,285040,0.000,830.028
283508,285692,0.000,0.000
283508,286658,0.000,514.265
283509,283944,0.000,36.079
283509,283953,0.000,311.471
283509,284117,0.000,374.023
283509,285041,0.000,105.297
283509,285530,0.000,0.000
283509,285540,0.000,0.000
283511,283613,0.000,151.182
283511,283947,0.000,121.865
283511,285043,0.000,80.901
283511,285159,0.000,0.000
283511,285534,0.000,0.000
283515,283548,0.000,329.693
283515,283732,0.000,91.998
283515,284137,0.000,498.657
283515,284182,0.000,213.167
283515,285047,0.000,830.514
283515,285084,0.000,0.000
283515,285746,0.000,0.000
283530,284081,0.000,307.641
283530,285064,0.000,42.409
283533,283847,0.000,717.836
283533,285067,0.000,253.298
283533,285422,0.000,0.000
283547,283730,0.000,240.031
283547,284002,0.000,585.684
283547,284152,0.000,540.423
283547,284433,0.000,421.760
283547,284449,0.000,252.292
283547,284454,0.000,759.667
283547,285083,0.000,2317.514
283547,285593,0.000,0.000
283547,285763,0.000,0.000
283547,286085,0.000,0.000
283548,283732,0.000,181.442
283548,283735,0.000,309.381
283548,284182,0.000,126.276
283548,285047,0.000,0.000
283548,285084,0.000,52.827
283548,285297,0.000,0.000
283565,283589,0.000,691.278
283565,283596,0.000,180.129
283565,283675,0.000,252.197
283565,283756,0.000,64.261
283565,283849,0.000,450.699
283565,285105,0.000,614.705
283565,285129,0.000,0.000
283565,285228,0.000,0.000
283565,285424,0.000,0.000
283567,284089,0.000,175.453
283567,284103,0.000,443.792
283567,284445,0.000,310.477
283567,284459,0.000,595.026
283567,285107,0.000,297.003
283567,285705,0.000,0.000
283567,286074,0.000,0.000
283570,284508,0.000,471.104
283570,284510,0.000,78.335
283570,285110,0.000,143.218
283570,286139,0.000,0.000
283571,283635,0.000,661.635
283571,284089,0.000,627.082
283571,284532,0.000,498.573
283571,285111,0.000,1146.580
283571,285181,0.000,0.000
283571,285556,0.000,0.000
283571,285688,0.000,0.000
283571,287278,0.000,641.163
283579,284101,0.000,642.986
283579,285119,0.000,593.765
283579,285702,0.000,0.000
283582,283983,0.000,702.192
283582,284074,0.000,33.263
283582,285122,0.000,270.504
283582,285574,0.000,0.000
283582,285672,0.000,0.000
283585,283625,0.000,113.581
283585,283848,0.000,102.388
283585,283945,0.000,741.462
283585,285125,0.000,1141.634
283585,285423,0.000,0.000
283585,285531,0.000,0.000
283589,283596,0.000,47.039
283589,283756,0.000,847.782
283589,283863,0.000,439.202
283589,283994,0.000,642.052
283589,285105,0.000,0.000
283589,285129,0.000,240.485
283589,285323,0.000,0.000
283596,283863,0.000,364.811
283596,284415,0.000,516.486
283596,284451,0.000,171.546
283596,285136,0.000,58.782
283596,285440,0.000,0.000
283596,286081,0.000,0.000
283599,283810,0.000,374.341
283599,283858,0.000,311.609
283599,283953,0.000,751.184
283599,284051,0.000,57.632
283599,285139,0.000,1478.975
283599,285382,0.000,0.000
283599,285433,0.000,0.000
283599,285540,0.000,0.000
283599,285646,0.000,0.000
283600,283887,0.000,878.073
283600,283961,0.000,57.237
283600,284095,0.000,330.000
283600,285143,0.000,442.992
283600,285467,0.000,0.000
283600,286425,0.000,379.378
283600,286674,0.000,483.657
283604,283605,0.000,171.894
283604,283695,0.000,619.846
283604,284125,0.000,29.067
283604,284183,0.000,569.370
283604,284542,0.000,250.197
283604,285147,0.000,1173.183
283604,285148,0.000,0.000
283604,285255,0.000,0.000
283604,285800,0.000,0.000
283605,283695,0.000,156.564
283605,284009,0.000,402.474
283605,284048,0.000,316.337
283605,284125,0.000,450.981
283605,285147,0.000,0.000
283605,285148,0.000,1300.754
283605,285600,0.000,0.000
283605,285643,0.000,0.000
283605,285732,0.000,0.000
283606,283742,0.000,119.024
283606,283907,0.000,498.358
283606,285149,0.000,243.193
283606,285309,0.000,0.000
283606,285488,0.000,0.000
283612,283921,0.000,128.673
283612,285158,0.000,366.842
283612,286385,0.000,1221.120
283613,283889,0.000,36.637
283613,284979,0.000,0.000
283613,285043,0.000,0.000
283613,285159,0.000,65.330
283616,284064,0.000,951.445
283616,285162,0.000,251.683
283625,285171,0.000,338.788
283628,283846,0.000,147.327
283628,283847,0.000,578.733
283628,283877,0.000,411.424
283628,283894,0.000,224.637
283628,283988,0.000,761.848
283628,284450,0.000,311.275
283628,284550,0.000,582.461
283628,285174,0.000,1702.063
283628,285455,0.000,0.000
283628,285474,0.000,0.000
283628,285579,0.000,0.000
283628,286080,0.000,0.000
283628,286184,0.000,0.000
283631,283673,0.000,55.763
283631,283887,0.000,212.530
283631,284095,0.000,194.679
283631,285177,0.000,457.344
283631,285467,0.000,0.000
283631,285695,0.000,0.000
283632,283947,0.000,289.817
283632,283970,0.000,542.473
283632,285178,0.000,391.391
283632,285534,0.000,0.000
283632,285560,0.000,0.000
283635,284089,0.000,923.940
283635,284103,0.000,78.695
283635,284442,0.000,418.572
283635,284445,0.000,178.606
283635,284463,0.000,563.091
283635,285111,0.000,0.000
283635,285181,0.000,1465.688
283635,286070,0.000,0.000
283635,287278,0.000,503.788
283639,283819,0.000,266.905
283639,284029,0.000,60.970
283639,285185,0.000,62.558
283639,285392,0.000,0.000
283640,283692,0.000,830.869
283640,285186,0.000,234.679
283640,285251,0.000,0.000
283657,283692,0.000,239.495
283657,283699,0.000,380.883
283657,285207,0.000,783.239
283657,285251,0.000,0.000
283657,285259,0.000,0.000
283657,285617,0.000,0.000
283657,285674,0.000,0.000
283657,287279,0.000,216.498
283657,287281,0.000,142.828
283661,283970,0.000,118.275
283661,284039,0.000,150.354
283661,285211,0.000,69.570
283663,283756,0.000,77.404
283663,283971,0.000,370.000
283663,283992,0.000,455.223
283663,285035,0.000,0.000
283663,285215,0.000,440.801
283663,285323,0.000,0.000
283663,285583,0.000,0.000
283671,283790,0.000,257.249
283671,283933,0.000,237.179
283671,283987,0.000,51.610
283671,285224,0.000,87.943
283671,285362,0.000,0.000
283671,285518,0.000,0.000
283671,285578,0.000,0.000
283673,284095,0.000,75.875
283673,284985,0.000,0.000
283673,285226,0.000,104.195
283675,283849,0.000,408.860
283675,283977,0.000,232.864
283675,284430,0.000,452.784
283675,285105,0.000,0.000
283675,285228,0.000,261.287
283675,285424,0.000,0.000
283675,286056,0.000,0.000
283680,283844,0.000,50.311
283680,284037,0.000,624.014
283680,284958,0.000,0.000
283680,285233,0.000,308.456
283686,284535,0.000,440.806
283686,285241,0.000,261.143
283686,286169,0.000,0.000
283688,283889,0.000,422.345
283688,284007,0.000,238.243
283688,284995,0.000,0.000
283688,285245,0.000,405.292
283688,285469,0.000,0.000
283688,285598,0.000,0.000
283690,283791,0.000,185.031
283690,284424,0.000,501.631
283690,285248,0.000,111.301
283690,285363,0.000,0.000
283690,286049,0.000,0.000
283692,285097,0.000,0.000
283692,285186,0.000,0.000
283692,285207,0.000,0.000
283692,285251,0.000,2706.055
283692,285617,0.000,0.000
283692,287265,0.000,1005.411
283692,287279,0.000,241.269
283695,283800,0.000,417.845
283695,283893,0.000,190.393
283695,284009,0.000,154.743
283695,284048,0.000,1405.171
283695,284116,0.000,573.695
283695,284542,0.000,152.857
283695,285147,0.000,0.000
283695,285255,0.000,545.942
283695,285643,0.000,0.000
283695,285721,0.000,0.000
283695,286176,0.000,0.000
283698,283895,0.000,767.048
283698,283953,0.000,540.000
283699,285207,0.000,0.000
283699,285259,0.000,288.963
283699,285674,0.000,0.000
283699,287281,0.000,403.484
283720,283978,0.000,324.931
283720,284053,0.000,217.179
283720,285282,0.000,310.488
283720,285569,0.000,0.000
283720,285648,0.000,0.000
283728,284123,0.000,129.316
283728,284508,0.000,293.800
283728,284969,0.000,0.000
283728,285292,0.000,770.598
283728,285730,0.000,0.000
283728,286139,0.000,0.000
283730,283828,0.000,206.213
283730,284152,0.000,11.485
283730,285295,0.000,224.724
283730,285402,0.000,0.000
283732,283735,0.000,311.209
283732,284137,0.000,212.021
283732,284154,0.000,780.000
283732,285084,0.000,0.000
283732,285297,0.000,779.434
283732,285300,0.000,0.000
283735,284038,0.000,761.350
283735,284154,0.000,23.625
283735,284182,0.000,79.920
283735,285297,0.000,0.000
283735,285300,0.000,249.514
283735,285765,0.000,0.000
283736,283989,0.000,29.684
283736,284119,0.000,201.820
283736,285301,0.000,41.469
283736,285580,0.000,0.000
283736,285725,0.000,0.000
283736,287295,0.000,0.000
283740,284959,0.000,0.000
283740,285306,0.000,198.657
283742,283907,0.000,1065.565
283742,284153,0.000,1249.857
283742,285149,0.000,0.000
283742,285309,0.000,391.285
283742,285488,0.000,0.000
283742,285764,0.000,0.000
283745,284505,0.000,151.738
283745,284969,0.000,0.000
283745,285312,0.000,121.378
283745,286136,0.000,0.000
283746,284027,0.000,616.444
283746,284029,0.000,224.146
283746,285313,0.000,803.693
283746,285620,0.000,0.000
283746,285622,0.000,0.000
283747,283765,0.000,112.637
283747,284114,0.000,215.286
283747,285314,0.000,113.941
283747,285333,0.000,0.000
283756,283849,0.000,379.042
283756,283971,0.000,509.278
283756,283992,0.000,601.665
283756,283994,0.000,30.000
283756,285129,0.000,0.000
283756,285215,0.000,0.000
283756,285323,0.000,1120.822
283756,285562,0.000,0.000
283756,285583,0.000,0.000
283761,284139,0.000,609.097
283761,284141,0.000,353.051
283761,284362,0.000,364.336
283761,285328,0.000,1854.786
283761,285748,0.000,0.000
283761,285750,0.000,0.000
283765,283857,0.000,90.000
283765,283883,0.000,448.880
283765,283929,0.000,134.184
283765,283938,0.000,71.094
283765,284114,0.000,114.090
283765,285314,0.000,0.000
283765,285333,0.000,806.545
283765,285461,0.000,0.000
283765,285513,0.000,0.000
283765,285719,0.000,0.000
283769,284058,0.000,198.364
283769,285337,0.000,219.546
283769,285654,0.000,0.000
283783,284004,0.000,40.218
283783,284016,0.000,288.155
283783,284054,0.000,159.508
283783,284962,0.000,0.000
283783,285039,0.000,0.000
283783,285354,0.000,845.302
283783,285608,0.000,0.000
283790,283933,0.000,18.775
283790,285224,0.000,0.000
283790,285362,0.000,515.020
283790,285518,0.000,0.000
283791,284061,0.000,1442.373
283791,284424,0.000,2139.410
283791,285248,0.000,0.000
283791,285363,0.000,542.541
283791,285657,0.000,0.000
283793,284535,0.000,1056.750
283793,284543,0.000,491.905
283793,285365,0.000,223.892
283793,286169,0.000,0.000
283793,286177,0.000,0.000
283798,283971,0.000,362.356
283798,283994,0.000,113.552
283798,285370,0.000,154.628
283798,285562,0.000,0.000
283798,285585,0.000,0.000
283800,284116,0.000,201.858
283800,285372,0.000,233.735
283800,285721,0.000,0.000
283802,283901,0.000,1382.296
283802,285374,0.000,133.331
283802,285481,0.000,0.000
283809,283865,0.000,0.000
283809,284981,0.000,0.000
283809,285381,0.000,55.046
283810,283953,0.000,825.701
283810,284051,0.000,343.004
283810,285139,0.000,0.000
283810,285382,0.000,61.434
283815,284513,0.000,154.041
283815,285388,0.000,157.051
283815,286144,0.000,0.000
283816,284004,0.000,680.996
283816,284032,0.000,302.554
283816,284121,0.000,82.763
283816,284173,0.000,249.709
283816,285389,0.000,317.402
283816,285595,0.000,0.000
283816,285625,0.000,0.000
283816,285727,0.000,0.000
283816,285789,0.000,0.000
283819,283821,0.000,86.125
283819,284029,0.000,488.133
283819,284138,0.000,184.604
283819,285185,0.000,0.000
283819,285392,0.000,755.494
283819,285394,0.000,0.000
283819,285622,0.000,0.000
283821,284138,0.000,159.536
283821,285392,0.000,0.000
283821,285394,0.000,214.933
283821,285747,0.000,0.000
283824,284537,0.000,901.001
283824,285397,0.000,370.082
283824,286171,0.000,0.000
283825,284356,0.000,670.000
283825,284515,0.000,697.461
283825,285398,0.000,237.885
283825,286146,0.000,0.000
283827,283954,0.000,62.354
283827,284064,0.000,458.014
283827,285400,0.000,1176.381
283827,285541,0.000,0.000
283827,285660,0.000,0.000
283828,284152,0.000,234.397
283828,285295,0.000,0.000
283828,285402,0.000,84.885
283828,285763,0.000,0.000
283844,284958,0.000,0.000
283844,285419,0.000,234.053
283846,283894,0.000,177.956
283846,283983,0.000,289.133
283846,284074,0.000,193.579
283846,284550,0.000,1387.948
283846,285421,0.000,460.041
283846,285574,0.000,0.000
283846,286184,0.000,0.000
283847,283988,0.000,542.772
283847,284076,0.000,85.081
283847,284550,0.000,516.238
283847,285067,0.000,0.000
283847,285422,0.000,1048.648
283847,286184,0.000,0.000
283848,283945,0.000,282.541
283848,285125,0.000,0.000
283848,285423,0.000,33.824
283848,285531,0.000,0.000
283849,285105,0.000,0.000
283849,285228,0.000,0.000
283849,285424,0.000,84.802
283851,285426,0.000,104.741
283851,285704,0.000,0.000
283851,286659,0.000,332.106
283858,284051,0.000,105.435
283858,285139,0.000,0.000
283858,285433,0.000,163.412
283858,285646,0.000,0.000
283863,283994,0.000,965.889
283863,284451,0.000,673.879
283863,285136,0.000,0.000
283863,285440,0.000,424.928
283863,285585,0.000,0.000
283863,286081,0.000,0.000
283865,284420,0.000,184.776
283865,284981,0.000,0.000
283865,285442,0.000,90.586
283865,286045,0.000,0.000
283877,283988,0.000,1144.454
283877,284450,0.000,1264.007
283877,285174,0.000,0.000
283877,285455,0.000,39.020
283877,286080,0.000,0.000
283879,285457,0.000,1047.428
283879,286165,0.000,0.000
283879,287298,0.000,546.688
283883,283929,0.000,47.118
283883,283938,0.000,88.963
283883,285333,0.000,0.000
283883,285461,0.000,210.450
283883,285513,0.000,0.000
283883,285524,0.000,0.000
283884,285463,0.000,232.743
283887,283993,0.000,1022.579
283887,284095,0.000,1718.751
283887,285143,0.000,0.000
283887,285177,0.000,0.000
283887,285467,0.000,774.127
283887,285695,0.000,0.000
283889,284959,0.000,0.000
283889,285245,0.000,0.000
283889,285469,0.000,118.696
283893,283999,0.000,681.660
283893,284009,0.000,797.837
283893,284324,0.000,242.343
283893,285473,0.000,54.161
283893,285600,0.000,0.000
283894,284441,0.000,51.518
283894,284450,0.000,210.851
283894,285174,0.000,0.000
283894,285474,0.000,92.417
283894,286080,0.000,0.000
283895,283953,0.000,1026.195
283895,284112,0.000,1803.387
283895,284117,0.000,498.697
283895,284189,0.000,2278.211
283895,284537,0.000,1268.044
283895,285475,0.000,2465.070
283895,285717,0.000,0.000
283895,285806,0.000,0.000
283895,286171,0.000,0.000
283901,285374,0.000,0.000
283901,285481,0.000,1201.748
283903,284182,0.000,473.272
283903,285483,0.000,279.779
283903,285799,0.000,0.000
283907,284153,0.000,265.096
283907,284154,0.000,1145.111
283907,285149,0.000,0.000
283907,285309,0.000,0.000
283907,285488,0.000,1199.203
283911,284533,0.000,144.219
283911,285493,0.000,257.266
283911,286166,0.000,0.000
283921,285505,0.000,521.010
283929,283938,0.000,168.528
283929,284114,0.000,976.086
283929,285333,0.000,0.000
283929,285461,0.000,0.000
283929,285513,0.000,326.705
283929,285524,0.000,0.000
283929,285719,0.000,0.000
283933,283987,0.000,715.160
283933,285224,0.000,0.000
283933,285362,0.000,0.000
283933,285518,0.000,113.013
283938,285461,0.000,0.000
283938,285513,0.000,0.000
283938,285524,0.000,65.709
283944,283953,0.000,781.366
283944,284117,0.000,408.197
283944,285041,0.000,0.000
283944,285530,0.000,96.220
283944,285722,0.000,0.000
283945,285125,0.000,0.000
283945,285423,0.000,0.000
283945,285531,0.000,463.626
283947,283970,0.000,158.005
283947,285043,0.000,0.000
283947,285178,0.000,0.000
283947,285534,0.000,1241.298
283953,284117,0.000,170.080
283953,285041,0.000,0.000
283953,285139,0.000,0.000
283953,285540,0.000,949.119
283954,284064,0.000,249.012
283954,284142,0.000,0.000
283954,285400,0.000,0.000
283954,285541,0.000,456.481
283954,285660,0.000,0.000
283955,284431,0.000,1009.762
283955,285543,0.000,155.730
283955,286057,0.000,0.000
283960,283990,0.000,281.544
283960,285548,0.000,361.986
283961,283993,0.000,936.691
283961,285293,0.000,0.000
283961,285549,0.000,171.899
283961,286421,0.000,47.951
283961,286425,0.000,1731.660
283961,286617,0.000,166.647
283961,286633,0.000,610.036
283965,284124,0.000,282.854
283965,285553,0.000,1438.163
283970,285178,0.000,0.000
283970,285560,0.000,144.696
283971,283994,0.000,1170.000
283971,285323,0.000,0.000
283971,285370,0.000,0.000
283971,285562,0.000,117.498
283972,285563,0.000,608.094
283974,284418,0.000,90.000
283974,284421,0.000,798.009
283974,284537,0.000,282.692
283974,285565,0.000,423.430
283974,286171,0.000,0.000
283977,284415,0.000,18.113
283977,284430,0.000,403.113
283977,285568,0.000,68.939
283977,286056,0.000,0.000
283978,284053,0.000,221.523
283978,284174,0.000,0.000
283978,284416,0.000,58.588
283978,284508,0.000,407.284
283978,285282,0.000,0.000
283978,285569,0.000,737.243
283978,286139,0.000,0.000
283983,284074,0.000,283.726
283983,284537,0.000,325.194
283983,284540,0.000,1144.994
283983,284550,0.000,16.236
283983,285122,0.000,0.000
283983,285421,0.000,0.000
283983,285574,0.000,1608.896
283983,285672,0.000,0.000
283983,286174,0.000,0.000
283987,285224,0.000,0.000
283987,285578,0.000,235.076
283988,284076,0.000,589.140
283988,284424,0.000,221.429
283988,284426,0.000,210.104
283988,285174,0.000,0.000
283988,285579,0.000,995.089
283988,285675,0.000,0.000
283989,284119,0.000,92.455
283989,285301,0.000,0.000
283989,285580,0.000,374.657
283989,285674,0.000,0.000
283989,285725,0.000,0.000
283989,287281,0.000,341.898
283990,285581,0.000,312.379
283992,285215,0.000,0.000
283992,285323,0.000,0.000
283992,285583,0.000,60.273
283993,285584,0.000,901.293
283994,284451,0.000,310.000
283994,285370,0.000,0.000
283994,285440,0.000,0.000
283994,285585,0.000,686.355
283999,284009,0.000,382.165
283999,284324,0.000,229.538
283999,284352,0.000,213.298
283999,285590,0.000,565.583
283999,285600,0.000,0.000
283999,285974,0.000,0.000
284002,284091,0.000,908.577
284002,284152,0.000,357.083
284002,284433,0.000,507.031
284002,285083,0.000,0.000
284002,285593,0.000,234.189
284002,286060,0.000,0.000
284004,284016,0.000,1.869
284004,284032,0.000,159.567
284004,284121,0.000,261.282
284004,284464,0.000,118.697
284004,284962,0.000,0.000
284004,285389,0.000,0.000
284004,285595,0.000,206.304
284007,285245,0.000,0.000
284007,285598,0.000,235.469
284008,284032,0.000,188.788
284008,285599,0.000,89.551
284008,285625,0.000,0.000
284009,284048,0.000,273.609
284009,284125,0.000,117.178
284009,285148,0.000,0.000
284009,285473,0.000,0.000
284009,285590,0.000,0.000
284009,285600,0.000,3286.450
284009,285643,0.000,0.000
284010,284101,0.000,530.068
284010,285601,0.000,56.802
284010,285702,0.000,0.000
284016,284121,0.000,66.808
284016,284173,0.000,29.965
284016,285354,0.000,0.000
284016,285608,0.000,312.531
284027,284029,0.000,834.507
284027,284181,0.000,370.762
284027,285313,0.000,0.000
284027,285620,0.000,2463.701
284027,285622,0.000,0.000
284027,285798,0.000,0.000
284028,284986,0.000,0.000
284028,285621,0.000,212.175
284029,285313,0.000,0.000
284029,285392,0.000,0.000
284029,285620,0.000,0.000
284029,285622,0.000,215.700
284032,284173,0.000,169.676
284032,284971,0.000,0.000
284032,285389,0.000,0.000
284032,285599,0.000,0.000
284032,285625,0.000,294.665
284032,285789,0.000,0.000
284037,284137,0.000,109.954
284037,284182,0.000,133.325
284037,285631,0.000,706.072
284037,285799,0.000,0.000
284038,284154,0.000,662.932
284038,285633,0.000,747.106
284038,285765,0.000,0.000
284039,285039,0.000,0.000
284039,285634,0.000,194.615
284046,284543,0.000,173.761
284046,285036,0.000,0.000
284046,285641,0.000,78.169
284046,286177,0.000,0.000
284048,285148,0.000,0.000
284048,285255,0.000,0.000
284048,285600,0.000,0.000
284048,285643,0.000,880.220
284051,285139,0.000,0.000
284051,285433,0.000,0.000
284051,285646,0.000,506.329
284053,285282,0.000,0.000
284053,285648,0.000,32.267
284054,284986,0.000,0.000
284054,285649,0.000,1226.453
284058,285337,0.000,0.000
284058,285654,0.000,186.973
284061,285363,0.000,0.000
284061,285657,0.000,602.529
284063,284127,0.000,33.574
284063,284981,0.000,0.000
284063,285659,0.000,1236.480
284063,285735,0.000,0.000
284064,284142,0.000,328.233
284064,285400,0.000,0.000
284064,285541,0.000,0.000
284064,285660,0.000,874.511
284064,285751,0.000,0.000
284065,284985,0.000,0.000
284065,285661,0.000,116.023
284074,285122,0.000,0.000
284074,285574,0.000,0.000
284074,285672,0.000,268.832
284076,285579,0.000,0.000
284076,285675,0.000,411.179
284081,284458,0.000,418.772
284081,285680,0.000,165.770
284081,286058,0.000,0.000
284081,286673,0.000,577.358
284089,284103,0.000,1145.998
284089,285111,0.000,0.000
284089,285688,0.000,1282.813
284089,285705,0.000,0.000
284091,284433,0.000,189.537
284091,285690,0.000,1275.972
284095,285177,0.000,0.000
284095,285467,0.000,0.000
284095,285695,0.000,153.388
284101,285119,0.000,0.000
284101,285601,0.000,0.000
284101,285702,0.000,626.756
284102,285034,0.000,0.000
284102,285703,0.000,122.169
284103,284445,0.000,202.415
284103,285107,0.000,0.000
284103,285688,0.000,0.000
284103,285705,0.000,704.717
284106,284511,0.000,23.572
284106,284514,0.000,188.209
284106,285709,0.000,35.148
284106,286145,0.000,0.000
284112,285475,0.000,0.000
284112,285717,0.000,267.746
284114,285333,0.000,0.000
284114,285513,0.000,0.000
284114,285719,0.000,27.339
284116,284542,0.000,388.322
284116,285255,0.000,0.000
284116,285372,0.000,0.000
284116,285721,0.000,651.863
284116,286176,0.000,0.000
284117,285530,0.000,0.000
284117,285722,0.000,358.525
284119,285301,0.000,0.000
284119,285580,0.000,0.000
284119,285723,0.000,0.000
284119,285725,0.000,272.768
284119,287281,0.000,67.728
284119,287284,0.000,201.023
284119,287295,0.000,21.079
284121,284173,0.000,277.796
284121,285389,0.000,0.000
284121,285727,0.000,26.879
284121,285789,0.000,0.000
284123,284174,0.000,169.049
284123,284969,0.000,0.000
284123,285292,0.000,0.000
284123,285730,0.000,656.538
284123,285791,0.000,0.000
284124,285731,0.000,61.875
284125,284183,0.000,434.942
284125,285148,0.000,0.000
284125,285732,0.000,370.532
284127,285659,0.000,0.000
284127,285735,0.000,255.571
284137,284182,0.000,172.864
284137,285047,0.000,0.000
284137,285746,0.000,182.436
284138,285394,0.000,0.000
284138,285747,0.000,86.973
284139,285328,0.000,0.000
284139,285748,0.000,685.201
284141,285328,0.000,0.000
284141,285750,0.000,240.024
284142,284541,0.000,416.266
284142,285660,0.000,0.000
284142,285751,0.000,14.579
284149,284153,0.000,1023.455
284149,284180,0.000,75.429
284149,285760,0.000,204.313
284149,285764,0.000,0.000
284152,285083,0.000,0.000
284152,285402,0.000,0.000
284152,285763,0.000,427.435
284153,285309,0.000,0.000
284153,285760,0.000,0.000
284153,285764,0.000,626.337
284154,284180,0.000,331.171
284154,285300,0.000,0.000
284154,285633,0.000,0.000
284154,285765,0.000,1671.335
284160,284537,0.000,1054.980
284160,285772,0.000,184.859
284160,286171,0.000,0.000
284173,284971,0.000,0.000
284173,285389,0.000,0.000
284173,285625,0.000,0.000
284173,285727,0.000,0.000
284173,285789,0.000,188.493
284174,285730,0.000,0.000
284174,285791,0.000,109.119
284180,285797,0.000,29.348
284181,285620,0.000,0.000
284181,285798,0.000,354.842
284182,285483,0.000,0.000
284182,285631,0.000,0.000
284182,285799,0.000,618.687
284183,284542,0.000,407.961
284183,285147,0.000,0.000
284183,285800,0.000,371.711
284189,285475,0.000,0.000
284189,285806,0.000,876.064
284220,285838,0.000,580.375
284220,285895,0.000,0.000
284220,287290,0.000,1563.041
284220,287292,0.000,563.024
284318,285940,0.000,436.736
284324,284345,0.000,171.447
284324,284352,0.000,161.752
284324,285946,0.000,552.379
284324,285967,0.000,0.000
284327,284504,0.000,2347.079
284328,284413,0.000,488.837
284328,284498,0.000,2039.153
284328,284984,0.000,0.000
284328,285950,0.000,1244.567
284328,286129,0.000,0.000
284333,284338,0.000,908.712
284333,284375,0.000,1574.556
284333,285955,0.000,864.235
284333,285960,0.000,0.000
284333,285997,0.000,0.000
284335,284354,0.000,304.016
284335,285957,0.000,67.160
284335,285976,0.000,0.000
284336,284354,0.000,328.337
284336,284512,0.000,202.215
284336,284515,0.000,176.642
284336,285958,0.000,188.395
284336,285976,0.000,0.000
284336,286143,0.000,0.000
284336,286146,0.000,0.000
284338,284375,0.000,2.532
284338,284397,0.000,394.745
284338,284405,0.000,348.729
284338,285955,0.000,0.000
284338,285960,0.000,626.906
284338,285997,0.000,0.000
284338,286019,0.000,0.000
284338,286027,0.000,0.000
284340,284497,0.000,587.432
284340,285962,0.000,108.544
284340,286128,0.000,0.000
284345,284352,0.000,417.808
284345,285946,0.000,0.000
284345,285967,0.000,71.430
284345,285974,0.000,0.000
284346,285968,0.000,129.474
284352,285590,0.000,0.000
284352,285967,0.000,0.000
284352,285974,0.000,104.739
284354,285957,0.000,0.000
284354,285958,0.000,0.000
284354,285976,0.000,524.294
284355,284402,0.000,110.000
284355,284496,0.000,15.133
284355,284501,0.000,72.956
284355,285977,0.000,150.500
284355,286127,0.000,0.000
284355,286132,0.000,0.000
284356,284401,0.000,450.000
284357,284366,0.000,802.344
284357,284369,0.000,458.708
284357,284401,0.000,221.622
284357,285979,0.000,1919.107
284357,285988,0.000,0.000
284357,286023,0.000,0.000
284362,284387,0.000,15.720
284362,284404,0.000,265.344
284362,285984,0.000,48.765
284364,284372,0.000,697.487
284364,285986,0.000,52.723
284366,285979,0.000,0.000
284366,285988,0.000,102.857
284369,285979,0.000,0.000
284372,284387,0.000,280.255
284372,284494,0.000,853.524
284372,285994,0.000,78.127
284372,286125,0.000,0.000
284375,285955,0.000,0.000
284375,285960,0.000,0.000
284375,285997,0.000,17.155
284381,284387,0.000,419.269
284381,284404,0.000,183.078
284381,286003,0.000,558.743
284381,286009,0.000,0.000
284381,286026,0.000,0.000
284387,284404,0.000,175.720
284387,284494,0.000,373.948
284387,286003,0.000,0.000
284387,286009,0.000,324.852
284387,286026,0.000,0.000
284397,284530,0.000,1105.720
284397,285960,0.000,0.000
284397,286019,0.000,60.461
284397,286161,0.000,0.000
284401,285979,0.000,0.000
284401,286023,0.000,129.615
284402,284496,0.000,1446.835
284402,286024,0.000,115.421
284402,286127,0.000,0.000
284404,286003,0.000,0.000
284404,286009,0.000,0.000
284404,286026,0.000,331.758
284405,285960,0.000,0.000
284405,286027,0.000,41.558
284413,284984,0.000,0.000
284413,285950,0.000,0.000
284415,284419,0.000,602.400
284415,284451,0.000,669.797
284415,286039,0.000,1079.557
284415,286044,0.000,0.000
284415,286081,0.000,0.000
284416,284437,0.000,1040.757
284416,286041,0.000,1216.555
284416,286064,0.000,0.000
284417,284418,0.000,328.388
284417,284438,0.000,263.291
284418,284421,0.000,1223.942
284418,284436,0.000,246.642
284418,284438,0.000,30.000
284418,286043,0.000,26.996
284418,286046,0.000,0.000
284419,284451,0.000,149.696
284419,286039,0.000,0.000
284419,286044,0.000,45.841
284420,285442,0.000,0.000
284420,286045,0.000,97.373
284421,284436,0.000,23.894
284421,284537,0.000,2126.032
284421,286043,0.000,0.000
284421,286046,0.000,692.841
284421,286171,0.000,0.000
284424,284426,0.000,199.741
284424,285248,0.000,0.000
284424,286049,0.000,1156.529
284424,286052,0.000,0.000
284424,286674,0.000,139.201
284426,284453,0.000,444.598
284426,286049,0.000,0.000
284426,286052,0.000,27.055
284426,286084,0.000,0.000
284427,284441,0.000,1160.072
284427,284450,0.000,68.033
284427,284464,0.000,896.303
284427,286053,0.000,1463.690
284427,286069,0.000,0.000
284427,286095,0.000,0.000
284430,284434,0.000,19.621
284430,285228,0.000,0.000
284430,285568,0.000,0.000
284430,286056,0.000,114.205
284430,286061,0.000,0.000
284431,284458,0.000,436.996
284431,285543,0.000,0.000
284431,286057,0.000,243.404
284433,284449,0.000,1038.895
284433,284454,0.000,350.926
284433,285593,0.000,0.000
284433,286060,0.000,1170.145
284433,286079,0.000,0.000
284433,286085,0.000,0.000
284434,286056,0.000,0.000
284434,286061,0.000,127.445
284436,284452,0.000,298.085
284436,286083,0.000,0.000
284437,284449,0.000,64.161
284437,286041,0.000,0.000
284437,286064,0.000,425.833
284439,284984,0.000,0.000
284441,284450,0.000,1071.497
284441,284464,0.000,369.369
284441,286053,0.000,0.000
284441,286069,0.000,345.005
284441,286080,0.000,0.000
284442,284463,0.000,479.967
284442,285181,0.000,0.000
284442,286040,0.000,0.000
284442,286070,0.000,296.746
284442,287294,0.000,265.325
284445,284459,0.000,137.729
284445,285107,0.000,0.000
284445,286074,0.000,104.032
284445,286090,0.000,0.000
284449,284454,0.000,466.799
284449,286060,0.000,0.000
284449,286079,0.000,17.613
284450,285174,0.000,0.000
284450,285455,0.000,0.000
284450,285474,0.000,0.000
284450,286069,0.000,0.000
284450,286080,0.000,834.959
284451,285136,0.000,0.000
284451,285440,0.000,0.000
284451,286039,0.000,0.000
284451,286081,0.000,384.650
284452,286083,0.000,346.881
284453,286052,0.000,0.000
284453,286084,0.000,349.770
284454,285083,0.000,0.000
284454,286060,0.000,0.000
284454,286085,0.000,348.258
284458,286089,0.000,457.365
284458,286673,0.000,1210.372
284459,284967,0.000,0.000
284459,286074,0.000,0.000
284459,286090,0.000,1321.293
284463,285181,0.000,0.000
284464,286053,0.000,0.000
284464,286095,0.000,190.604
284492,284498,0.000,132.376
284492,286123,0.000,308.360
284492,286129,0.000,0.000
284493,284494,0.000,150.000
284493,284499,0.000,497.391
284493,286124,0.000,87.195
284493,286130,0.000,0.000
284494,284495,0.000,240.705
284494,284499,0.000,467.887
284494,285994,0.000,0.000
284494,286125,0.000,609.420
284494,286126,0.000,0.000
284494,286130,0.000,0.000
284495,286125,0.000,0.000
284495,286126,0.000,39.804
284496,284501,0.000,1940.185
284496,285977,0.000,0.000
284496,286024,0.000,0.000
284496,286127,0.000,218.084
284496,286132,0.000,0.000
284497,284500,0.000,655.882
284497,284502,0.000,597.547
284497,284503,0.000,54.777
284497,285962,0.000,0.000
284497,286128,0.000,471.555
284497,286133,0.000,0.000
284497,286134,0.000,0.000
284498,285950,0.000,0.000
284498,286123,0.000,0.000
284498,286129,0.000,458.324
284499,286124,0.000,0.000
284499,286125,0.000,0.000
284499,286130,0.000,335.706
284500,286131,0.000,23.076
284501,285977,0.000,0.000
284501,286127,0.000,0.000
284501,286132,0.000,80.621
284502,284503,0.000,534.150
284502,286128,0.000,0.000
284502,286133,0.000,668.214
284503,284504,0.000,611.451
284503,286128,0.000,0.000
284503,286134,0.000,81.075
284505,284969,0.000,0.000
284505,285312,0.000,0.000
284505,286136,0.000,430.534
284506,286137,0.000,705.170
284507,286138,0.000,144.374
284508,284510,0.000,921.753
284508,284511,0.000,445.370
284508,284956,0.000,0.000
284508,285110,0.000,0.000
284508,285292,0.000,0.000
284508,285569,0.000,0.000
284508,286139,0.000,1505.610
284508,286141,0.000,0.000
284508,286142,0.000,0.000
284509,286140,0.000,65.904
284510,286139,0.000,0.000
284510,286141,0.000,131.632
284511,286139,0.000,0.000
284511,286142,0.000,1707.963
284512,285958,0.000,0.000
284512,286143,0.000,97.848
284513,285388,0.000,0.000
284513,286144,0.000,272.763
284514,285709,0.000,0.000
284514,286145,0.000,600.481
284515,285398,0.000,0.000
284515,285958,0.000,0.000
284515,286146,0.000,276.376
284516,286147,0.000,352.201
284517,284523,0.000,174.335
284517,286148,0.000,26.567
284517,286154,0.000,0.000
284523,286148,0.000,0.000
284523,286154,0.000,190.753
284526,284530,0.000,641.957
284526,286157,0.000,102.711
284526,286161,0.000,0.000
284528,286159,0.000,30.394
284530,284531,0.000,258.947
284530,286019,0.000,0.000
284530,286157,0.000,0.000
284530,286161,0.000,110.653
284531,286162,0.000,66.235
284532,285556,0.000,0.000
284532,286163,0.000,53.142
284532,287250,0.000,593.356
284532,287278,0.000,610.762
284532,287295,0.000,274.993
284533,285493,0.000,0.000
284533,286166,0.000,34.213
284534,285205,0.000,0.000
284534,285939,0.000,0.000
284534,286168,0.000,364.917
284534,287248,0.000,198.456
284534,287262,0.000,115.898
284534,287267,0.000,195.780
284534,287293,0.000,581.067
284534,287297,0.000,37.193
284535,284543,0.000,50.000
284535,284552,0.000,208.433
284535,285241,0.000,0.000
284535,285365,0.000,0.000
284535,286169,0.000,590.256
284535,286186,0.000,0.000
284537,284540,0.000,810.968
284537,284545,0.000,740.422
284537,284546,0.000,438.720
284537,285397,0.000,0.000
284537,285475,0.000,0.000
284537,285565,0.000,0.000
284537,285772,0.000,0.000
284537,286046,0.000,0.000
284537,286171,0.000,6024.963
284537,286179,0.000,0.000
284540,284545,0.000,344.217
284540,285574,0.000,0.000
284540,286174,0.000,654.397
284541,286175,0.000,66.426
284542,284552,0.000,1047.947
284542,285255,0.000,0.000
284542,285721,0.000,0.000
284542,286176,0.000,550.120
284542,286186,0.000,0.000
284543,285036,0.000,0.000
284543,285365,0.000,0.000
284543,285641,0.000,0.000
284543,286177,0.000,658.296
284545,284546,0.000,166.329
284545,286171,0.000,0.000
284545,286179,0.000,376.506
284546,284550,0.000,561.840
284546,286180,0.000,69.155
284546,286184,0.000,0.000
284550,285174,0.000,0.000
284550,285421,0.000,0.000
284550,285422,0.000,0.000
284550,286180,0.000,0.000
284550,286184,0.000,754.865
284552,286169,0.000,0.000
284552,286176,0.000,0.000
284552,286186,0.000,767.676
284946,284979,0.000,24.736
284948,285283,0.000,30.882
284948,287271,0.000,0.000
284956,286139,0.000,95.635
284957,285704,0.000,25.089
284957,287147,0.000,29.339
284957,287201,0.000,0.000
284958,285233,0.000,32.708
284958,285419,0.000,24.805
284959,285306,0.000,21.013
284959,285469,0.000,18.818
284962,285354,0.000,27.142
284962,285595,0.000,30.104
284967,286090,0.000,20.117
284969,285292,0.000,26.144
284969,285312,0.000,26.298
284969,285730,0.000,27.951
284969,286136,0.000,45.127
284971,285625,0.000,51.588
284971,285789,0.000,7.205
284979,285159,0.000,24.429
284981,285381,0.000,65.592
284981,285442,0.000,20.017
284981,285659,0.000,115.649
284984,285950,0.000,73.481
284985,285226,0.000,36.168
284985,285661,0.000,49.386
284986,285621,0.000,21.318
284986,285649,0.000,46.137
284994,285035,0.000,68.212
284995,285245,0.000,22.928
285017,285038,0.000,22.620
285017,285904,0.000,16.127
285017,285922,0.000,4.945
285017,285939,0.000,74.109
285017,287291,0.000,0.000
285017,287292,0.000,0.000
285017,287293,0.000,0.000
285034,285703,0.000,87.236
285035,285215,0.000,20.020
285036,285641,0.000,0.732
285036,286177,0.000,60.536
285039,285354,0.000,22.041
285039,285634,0.000,5.130
285040,285692,0.000,66.793
285040,286658,0.000,0.000
285041,285530,0.000,27.589
285041,285540,0.000,60.521
285043,285159,0.000,20.436
285043,285534,0.000,21.625
285047,285084,0.000,26.630
285047,285746,0.000,22.351
285067,285422,0.000,27.344
285083,285593,0.000,22.633
285083,285763,0.000,60.104
285083,286085,0.000,21.377
285084,285297,0.000,56.513
285093,285239,0.000,29.631
285093,285293,0.000,26.308
285093,286617,0.000,76.782
285093,286633,0.000,0.000
285093,287156,0.000,59.288
285093,287168,0.000,0.000
285097,285251,0.000,259.764
285097,287265,0.000,1355.224
285105,285129,0.000,22.266
285105,285228,0.000,51.659
285105,285424,0.000,98.744
285107,285705,0.000,37.640
285107,286074,0.000,21.969
285110,286139,0.000,26.497
285111,285181,0.000,23.368
285111,285556,0.000,20.006
285111,285688,0.000,30.928
285111,287278,0.000,0.000
285119,285702,0.000,100.238
285122,285574,0.000,74.998
285122,285672,0.000,18.678
285125,285423,0.000,17.612
285125,285531,0.000,69.346
285129,285323,0.000,109.369
285136,285440,0.000,40.192
285136,286081,0.000,85.243
285139,285382,0.000,83.539
285139,285433,0.000,166.591
285139,285540,0.000,88.816
285139,285646,0.000,65.393
285143,285467,0.000,21.927
285147,285148,0.000,43.501
285147,285255,0.000,21.907
285147,285800,0.000,40.351
285148,285600,0.000,171.781
285148,285643,0.000,20.195
285148,285732,0.000,52.705
285149,285309,0.000,41.388
285149,285488,0.000,68.776
285174,285455,0.000,38.227
285174,285474,0.000,49.502
285174,285579,0.000,66.577
285174,286080,0.000,11.002
285174,286184,0.000,24.110
285177,285467,0.000,92.641
285177,285695,0.000,55.400
285178,285534,0.000,173.212
285178,285560,0.000,21.282
285181,286070,0.000,23.395
285185,285392,0.000,83.368
285186,285251,0.000,230.406
285205,286164,0.000,19.455
285205,286168,0.000,37.027
285205,287267,0.000,160.256
285205,287353,0.000,25.668
285205,287383,0.000,0.000
285207,285251,0.000,106.178
285207,285259,0.000,96.660
285207,285617,0.000,20.614
285207,285674,0.000,43.285
285207,287279,0.000,0.000
285207,287281,0.000,0.000
285215,285323,0.000,12.596
285215,285583,0.000,44.777
285224,285362,0.000,66.507
285224,285518,0.000,42.514
285224,285578,0.000,13.874
285228,285424,0.000,7.231
285228,286056,0.000,49.878
285239,287156,0.000,0.000
285239,287168,0.000,14.572
285241,286169,0.000,49.194
285245,285469,0.000,26.248
285245,285598,0.000,29.662
285248,285363,0.000,24.762
285248,286049,0.000,35.422
285251,285617,0.000,21.654
285251,287265,0.000,0.000
285251,287279,0.000,0.000
285255,285643,0.000,79.727
285255,285721,0.000,170.477
285255,286176,0.000,20.054
285259,285674,0.000,20.634
285259,287281,0.000,0.000
285282,285569,0.000,20.124
285282,285648,0.000,33.401
285283,286073,0.000,36.471
285283,287271,0.000,133.449
285283,287296,0.000,0.000
285292,285730,0.000,223.001
285292,286139,0.000,30.497
285293,285549,0.000,20.417
285293,286617,0.000,0.000
285293,286633,0.000,162.465
285295,285402,0.000,22.582
285297,285300,0.000,198.791
285300,285765,0.000,66.375
285301,285580,0.000,11.502
285301,285725,0.000,38.187
285309,285488,0.000,0.622
285309,285764,0.000,56.749
285312,286136,0.000,29.261
285313,285620,0.000,40.966
285313,285622,0.000,9.499
285314,285333,0.000,139.864
285323,285562,0.000,0.722
285323,285583,0.000,28.335
285328,285748,0.000,112.202
285328,285750,0.000,55.239
285333,285461,0.000,20.026
285333,285513,0.000,55.816
285333,285719,0.000,35.888
285337,285654,0.000,32.782
285354,285608,0.000,22.268
285362,285518,0.000,4.709
285362,285578,0.000,0.000
285363,285657,0.000,57.725
285365,286169,0.000,43.250
285365,286177,0.000,28.095
285370,285562,0.000,117.644
285370,285585,0.000,46.448
285372,285721,0.000,74.332
285374,285481,0.000,36.371
285388,286144,0.000,26.408
285389,285595,0.000,25.025
285389,285625,0.000,25.811
285389,285727,0.000,20.468
285389,285789,0.000,12.502
285392,285394,0.000,23.297
285392,285622,0.000,75.742
285394,285747,0.000,21.549
285397,286171,0.000,74.785
285398,286146,0.000,24.407
285400,285541,0.000,50.248
285400,285660,0.000,81.596
285402,285763,0.000,21.071
285421,285574,0.000,70.825
285421,286184,0.000,28.410
285422,286184,0.000,20.881
285423,285531,0.000,7.318
285426,285704,0.000,20.245
285426,286659,0.000,0.000
285433,285646,0.000,0.972
285440,285585,0.000,24.111
285440,286081,0.000,86.121
285442,286045,0.000,55.224
285455,286080,0.000,10.808
285457,286165,0.000,25.575
285457,287298,0.000,0.000
285461,285513,0.000,20.693
285461,285524,0.000,68.892
285467,285695,0.000,6.708
285473,285600,0.000,72.410
285474,286080,0.000,26.477
285475,285717,0.000,31.233
285475,285806,0.000,273.178
285475,286171,0.000,33.655
285483,285799,0.000,20.645
285493,286166,0.000,22.262
285504,285692,0.000,195.404
285504,286648,0.000,173.928
285504,286658,0.000,0.000
285513,285524,0.000,1.472
285513,285719,0.000,1.800
285530,285722,0.000,34.385
285541,285660,0.000,53.995
285543,286057,0.000,28.588
285549,286633,0.000,0.000
285556,286051,0.000,38.076
285556,286163,0.000,67.142
285556,287278,0.000,735.215
285556,287295,0.000,0.000
285565,286171,0.000,87.308
285568,286056,0.000,20.019
285569,286139,0.000,16.469
285574,285672,0.000,51.420
285574,286174,0.000,355.006
285579,285675,0.000,26.253
285580,285674,0.000,43.491
285580,285725,0.000,13.227
285580,287281,0.000,0.000
285590,285600,0.000,87.292
285590,285974,0.000,32.798
285593,286060,0.000,20.056
285599,285625,0.000,20.875
285600,285643,0.000,67.240
285601,285702,0.000,20.017
285617,287279,0.000,554.498
285620,285622,0.000,23.057
285620,285798,0.000,202.880
285625,285789,0.000,19.893
285631,285799,0.000,63.003
285632,287197,0.000,79.461
285633,285765,0.000,42.407
285641,286177,0.000,36.239
285659,285735,0.000,56.426
285660,285751,0.000,19.245
285674,287281,0.000,1079.461
285680,286058,0.000,47.750
285680,286673,0.000,0.000
285688,285705,0.000,22.987
285692,286648,0.000,0.000
285692,286658,0.000,2160.651
285704,285734,0.000,240.064
285704,286659,0.000,383.103
285704,286663,0.000,0.000
285704,287147,0.000,0.000
285704,287201,0.000,73.515
285704,287205,0.000,0.000
285709,286145,0.000,40.998
285721,286176,0.000,22.205
285723,285725,0.000,21.158
285723,286051,0.000,20.292
285723,287284,0.000,455.465
285723,287295,0.000,0.000
285723,287370,0.000,12.718
285723,287381,0.000,0.000
285725,287284,0.000,0.000
285727,285789,0.000,15.941
285730,285791,0.000,21.752
285734,286659,0.000,0.000
285734,286663,0.000,202.894
285734,287201,0.000,0.000
285734,287205,0.000,27.434
285760,285764,0.000,79.097
285772,286171,0.000,90.907
285838,285895,0.000,39.084
285838,287290,0.000,0.000
285895,285904,0.000,29.352
285895,287290,0.000,587.992
285895,287291,0.000,0.000
285904,285922,0.000,259.648
285904,287290,0.000,0.000
285904,287291,0.000,175.346
285904,287292,0.000,0.000
285904,287377,0.000,85.500
285904,287378,0.000,0.000
285922,287291,0.000,0.000
285922,287292,0.000,125.811
285922,287377,0.000,0.000
285922,287378,0.000,69.192
285939,286168,0.000,21.541
285939,287293,0.000,248.185
285946,285967,0.000,36.240
285950,286129,0.000,150.847
285955,285960,0.000,142.874
285955,285997,0.000,15.444
285957,285976,0.000,12.911
285958,285976,0.000,29.139
285958,286143,0.000,22.070
285958,286146,0.000,42.615
285960,285997,0.000,7.468
285960,286019,0.000,20.563
285960,286027,0.000,51.271
285962,286128,0.000,102.568
285962,286133,0.000,30.000
285967,285974,0.000,33.016
285977,286127,0.000,14.867
285977,286132,0.000,48.246
285979,285988,0.000,97.656
285979,286023,0.000,138.378
285994,286125,0.000,22.994
286003,286009,0.000,45.064
286003,286026,0.000,102.584
286009,286026,0.000,38.588
286019,286161,0.000,20.000
286024,286127,0.000,53.165
286039,286044,0.000,52.980
286039,286081,0.000,28.921
286040,286070,0.000,23.394
286040,287294,0.000,111.184
286041,286064,0.000,20.806
286043,286046,0.000,37.374
286046,286171,0.000,30.294
286049,286052,0.000,10.259
286049,286084,0.000,24.761
286051,287278,0.000,0.000
286051,287284,0.000,0.000
286051,287295,0.000,51.738
286051,287370,0.000,0.000
286051,287381,0.000,228.412
286052,286084,0.000,27.631
286053,286069,0.000,31.056
286053,286095,0.000,192.595
286056,286061,0.000,30.229
286058,286673,0.000,1512.501
286058,287216,0.000,31.588
286060,286079,0.000,30.337
286060,286085,0.000,21.074
286066,287217,0.000,17.757
286069,286080,0.000,198.048
286070,287294,0.000,0.000
286073,287271,0.000,0.000
286073,287296,0.000,24.407
286074,286090,0.000,20.451
286123,286129,0.000,20.018
286124,286130,0.000,60.356
286125,286126,0.000,8.201
286125,286130,0.000,48.175
286127,286132,0.000,11.176
286128,286133,0.000,22.453
286128,286134,0.000,55.223
286139,286141,0.000,20.535
286139,286142,0.000,26.730
286143,286146,0.000,134.260
286148,286154,0.000,9.604
286157,286161,0.000,25.823
286163,287278,0.000,0.000
286164,287353,0.000,0.000
286164,287383,0.000,26.801
286165,286167,0.000,36.513
286165,287298,0.000,1345.047
286165,287299,0.000,0.000
286165,287384,0.000,174.099
286165,287385,0.000,0.000
286167,287298,0.000,0.000
286167,287299,0.000,415.840
286167,287384,0.000,0.000
286167,287385,0.000,55.228
286168,287267,0.000,0.000
286168,287293,0.000,0.000
286169,286186,0.000,26.819
286171,286179,0.000,21.546
286176,286186,0.000,63.373
286180,286184,0.000,77.210
286327,286388,0.000,125.338
286327,286451,0.000,17.367
286327,286840,0.000,145.462
286327,286904,0.000,0.000
286327,286971,0.000,0.000
286329,286406,0.000,582.117
286329,286843,0.000,104.282
286329,286924,0.000,0.000
286330,286844,0.000,540.025
286332,286434,0.000,152.409
286332,286846,0.000,145.054
286340,286353,0.000,32.935
286340,286434,0.000,314.527
286340,286855,0.000,30.399
286344,286859,0.000,319.576
286346,286466,0.000,241.091
286346,286861,0.000,91.744
286353,286385,0.000,508.988
286353,286434,0.000,112.157
286353,286868,0.000,201.821
286353,286901,0.000,0.000
286379,286464,0.000,109.271
286379,286895,0.000,391.479
286379,286984,0.000,0.000
286382,286504,0.000,117.566
286382,286898,0.000,751.472
286382,287027,0.000,0.000
286385,286868,0.000,0.000
286385,286901,0.000,64.943
286388,286450,0.000,66.524
286388,286451,0.000,60.000
286388,286840,0.000,0.000
286388,286904,0.000,396.852
286388,286970,0.000,0.000
286392,286663,0.000,273.720
286392,286910,0.000,219.426
286392,287205,0.000,0.000
286397,286443,0.000,526.987
286397,286457,0.000,446.201
286397,286915,0.000,154.486
286397,286963,0.000,0.000
286397,286977,0.000,0.000
286404,286462,0.000,416.661
286404,286922,0.000,96.587
286404,286982,0.000,0.000
286406,286457,0.000,98.018
286406,286462,0.000,811.504
286406,286843,0.000,0.000
286406,286924,0.000,378.302
286406,286982,0.000,0.000
286411,286929,0.000,462.929
286413,286428,0.000,305.897
286413,286931,0.000,743.099
286413,286946,0.000,0.000
286418,286674,0.000,120.321
286418,286936,0.000,83.138
286420,286423,0.000,180.721
286420,286455,0.000,127.541
286420,286938,0.000,29.222
286420,286941,0.000,0.000
286420,286975,0.000,0.000
286421,286451,0.000,99.475
286421,286617,0.000,5.884
286421,286633,0.000,1418.314
286421,286939,0.000,904.245
286421,286971,0.000,0.000
286421,287156,0.000,0.000
286421,287174,0.000,0.000
286422,286673,0.000,483.663
286422,286940,0.000,244.217
286422,287216,0.000,0.000
286423,286504,0.000,1329.589
286423,286938,0.000,0.000
286423,286941,0.000,777.641
286423,287027,0.000,0.000
286425,286674,0.000,987.229
286425,286943,0.000,519.932
286425,287217,0.000,0.000
286428,286931,0.000,0.000
286428,286946,0.000,99.491
286434,286954,0.000,652.186
286443,286456,0.000,1.365
286443,286915,0.000,0.000
286443,286963,0.000,584.792
286443,286976,0.000,0.000
286450,286464,0.000,103.541
286450,286904,0.000,0.000
286450,286970,0.000,600.116
286450,286984,0.000,0.000
286451,286840,0.000,0.000
286451,286939,0.000,0.000
286451,286971,0.000,631.170
286455,286938,0.000,0.000
286455,286975,0.000,254.626
286456,286963,0.000,0.000
286456,286976,0.000,266.239
286457,286462,0.000,283.841
286457,286915,0.000,0.000
286457,286977,0.000,737.219
286457,286982,0.000,0.000
286458,286470,0.000,20.246
286458,286978,0.000,241.487
286458,286990,0.000,0.000
286461,286673,0.000,388.187
286461,286981,0.000,82.777
286462,286922,0.000,0.000
286462,286924,0.000,0.000
286462,286977,0.000,0.000
286462,286982,0.000,763.796
286464,286895,0.000,0.000
286464,286970,0.000,0.000
286464,286984,0.000,227.095
286466,286648,0.000,502.903
286470,286978,0.000,0.000
286470,286990,0.000,465.480
286482,287003,0.000,54.485
286501,287024,0.000,31.694
286504,286898,0.000,0.000
286504,286941,0.000,0.000
286504,287027,0.000,153.253
286609,286659,0.000,199.715
286609,286663,0.000,109.071
286609,287147,0.000,482.081
286609,287201,0.000,0.000
286609,287205,0.000,0.000
286617,286633,0.000,47.292
286617,286939,0.000,0.000
286617,287156,0.000,147.143
286633,286939,0.000,0.000
286633,287174,0.000,184.218
286648,286658,0.000,376.952
286648,287189,0.000,10.186
286655,287197,0.000,179.709
286658,287200,0.000,142.103
286659,286663,0.000,254.461
286659,287147,0.000,0.000
286659,287201,0.000,173.308
286663,286910,0.000,0.000
286663,287147,0.000,0.000
286663,287205,0.000,194.138
286664,287206,0.000,67.499
286673,286940,0.000,0.000
286673,287216,0.000,193.429
286674,286943,0.000,0.000
286674,287217,0.000,613.900
286840,286904,0.000,302.687
286840,286971,0.000,560.683
286843,286924,0.000,18.181
286868,286901,0.000,14.520
286895,286984,0.000,41.192
286898,287027,0.000,5.232
286904,286970,0.000,37.897
286910,287147,0.000,57.608
286910,287205,0.000,66.348
286915,286963,0.000,234.954
286915,286977,0.000,19.228
286922,286982,0.000,34.243
286924,286982,0.000,21.465
286931,286946,0.000,31.615
286938,286941,0.000,11.259
286938,286975,0.000,10.792
286939,286971,0.000,28.325
286939,287156,0.000,41.077
286939,287168,0.000,441.040
286939,287174,0.000,186.984
286940,287216,0.000,7.419
286941,287027,0.000,34.069
286943,287217,0.000,1.070
286963,286976,0.000,96.630
286970,286984,0.000,16.459
286977,286982,0.000,120.912
286978,286990,0.000,23.163
287147,287201,0.000,150.186
287147,287205,0.000,71.261
287156,287168,0.000,65.598
287201,287205,0.000,0.937
287223,287228,0.000,438.630
287223,287241,0.000,433.880
287223,287309,0.000,310.195
287223,287314,0.000,0.000
287223,287327,0.000,0.000
287227,287228,0.000,73.712
287227,287256,0.000,66.670
287227,287313,0.000,587.378
287227,287314,0.000,0.000
287227,287342,0.000,0.000
287228,287241,0.000,99.387
287228,287258,0.000,19.875
287228,287261,0.000,123.401
287228,287309,0.000,0.000
287228,287313,0.000,0.000
287228,287314,0.000,212.584
287228,287344,0.000,0.000
287230,287298,0.000,371.964
287230,287316,0.000,189.891
287230,287384,0.000,0.000
287239,287240,0.000,597.078
287239,287251,0.000,145.000
287239,287254,0.000,10.973
287239,287281,0.000,1232.245
287239,287325,0.000,308.249
287239,287326,0.000,0.000
287239,287367,0.000,0.000
287240,287251,0.000,123.757
287240,287267,0.000,305.155
287240,287281,0.000,193.461
287240,287297,0.000,274.216
287240,287325,0.000,0.000
287240,287326,0.000,531.100
287240,287353,0.000,0.000
287240,287383,0.000,0.000
287241,287309,0.000,0.000
287241,287327,0.000,48.823
287244,287246,0.000,312.783
287244,287279,0.000,52.123
287244,287281,0.000,147.349
287244,287290,0.000,616.019
287244,287330,0.000,309.559
287244,287332,0.000,0.000
287244,287376,0.000,0.000
287245,287279,0.000,145.777
287245,287290,0.000,68.243
287245,287331,0.000,60.323
287245,287365,0.000,0.000
287245,287376,0.000,0.000
287246,287279,0.000,446.925
287246,287290,0.000,107.387
287246,287330,0.000,0.000
287246,287332,0.000,413.854
287246,287365,0.000,0.000
287246,287376,0.000,0.000
287247,287278,0.000,75.728
287247,287294,0.000,72.089
287247,287295,0.000,194.716
287247,287333,0.000,504.848
287247,287364,0.000,0.000
287247,287380,0.000,0.000
287247,287381,0.000,0.000
287248,287293,0.000,89.014
287248,287334,0.000,117.219
287248,287379,0.000,0.000
287249,287293,0.000,285.112
287249,287335,0.000,245.559
287249,287379,0.000,0.000
287250,287254,0.000,153.833
287250,287284,0.000,326.952
287250,287295,0.000,51.253
287250,287336,0.000,59.811
287250,287370,0.000,0.000
287250,287381,0.000,0.000
287251,287252,0.000,206.661
287251,287254,0.000,306.577
287251,287297,0.000,37.129
287251,287337,0.000,264.582
287251,287338,0.000,0.000
287251,287340,0.000,0.000
287252,287255,0.000,91.604
287252,287297,0.000,87.061
287252,287337,0.000,0.000
287252,287338,0.000,363.370
287252,287341,0.000,0.000
287252,287383,0.000,0.000
287254,287281,0.000,104.849
287254,287284,0.000,143.619
287254,287337,0.000,0.000
287254,287340,0.000,801.719
287254,287370,0.000,0.000
287255,287297,0.000,174.201
287255,287338,0.000,0.000
287255,287341,0.000,29.349
287255,287383,0.000,0.000
287256,287257,0.000,119.338
287256,287313,0.000,0.000
287256,287342,0.000,487.360
287256,287343,0.000,0.000
287257,287259,0.000,56.579
287257,287342,0.000,0.000
287257,287343,0.000,126.158
287257,287345,0.000,0.000
287258,287261,0.000,27.952
287258,287314,0.000,0.000
287258,287344,0.000,20.381
287258,287347,0.000,0.000
287259,287343,0.000,0.000
287259,287345,0.000,21.814
287260,287297,0.000,204.378
287260,287346,0.000,38.135
287260,287383,0.000,0.000
287261,287344,0.000,0.000
287261,287347,0.000,156.978
287262,287297,0.000,2.174
287262,287348,0.000,49.935
287262,287383,0.000,0.000
287265,287279,0.000,240.448
287265,287351,0.000,37.210
287265,287365,0.000,0.000
287267,287297,0.000,321.818
287267,287326,0.000,0.000
287267,287353,0.000,683.324
287267,287383,0.000,0.000
287271,287296,0.000,187.380
287271,287357,0.000,191.048
287271,287382,0.000,0.000
287278,287294,0.000,229.551
287278,287295,0.000,454.401
287278,287333,0.000,0.000
287278,287364,0.000,447.876
287278,287381,0.000,0.000
287279,287281,0.000,434.826
287279,287331,0.000,0.000
287279,287332,0.000,0.000
287279,287351,0.000,0.000
287279,287365,0.000,755.362
287279,287367,0.000,0.000
287281,287284,0.000,43.816
287281,287291,0.000,176.865
287281,287325,0.000,0.000
287281,287365,0.000,0.000
287281,287367,0.000,488.711
287281,287377,0.000,0.000
287284,287295,0.000,353.924
287284,287336,0.000,0.000
287284,287340,0.000,0.000
287284,287370,0.000,810.189
287290,287291,0.000,219.871
287290,287292,0.000,103.311
287290,287330,0.000,0.000
287290,287331,0.000,0.000
287290,287332,0.000,0.000
287290,287376,0.000,290.680
287290,287377,0.000,0.000
287291,287292,0.000,212.410
287291,287367,0.000,0.000
287291,287376,0.000,0.000
287291,287377,0.000,197.929
287291,287378,0.000,0.000
287292,287293,0.000,1026.124
287292,287377,0.000,0.000
287292,287378,0.000,282.986
287292,287379,0.000,0.000
287293,287334,0.000,0.000
287293,287335,0.000,0.000
287293,287378,0.000,0.000
287293,287379,0.000,367.774
287294,287333,0.000,0.000
287294,287380,0.000,123.617
287295,287333,0.000,0.000
287295,287336,0.000,0.000
287295,287364,0.000,0.000
287295,287381,0.000,478.465
287296,287357,0.000,0.000
287296,287382,0.000,7.515
287297,287326,0.000,0.000
287297,287338,0.000,0.000
287297,287341,0.000,0.000
287297,287346,0.000,0.000
287297,287348,0.000,0.000
287297,287353,0.000,0.000
287297,287383,0.000,1475.029
287298,287299,0.000,542.600
287298,287316,0.000,0.000
287298,287384,0.000,1371.022
287298,287385,0.000,0.000
287299,287384,0.000,0.000
287299,287385,0.000,203.006
287309,287314,0.000,110.045
287309,287327,0.000,161.108
287313,287314,0.000,13.073
287313,287342,0.000,251.904
287314,287342,0.000,197.908
287314,287344,0.000,41.134
287316,287384,0.000,109.590
287325,287326,0.000,143.653
287325,287367,0.000,130.800
287326,287353,0.000,80.465
287326,287383,0.000,355.122
287330,287332,0.000,108.779
287330,287367,0.000,77.474
287330,287376,0.000,49.481
287331,287365,0.000,129.933
287331,287376,0.000,47.707
287332,287365,0.000,27.144
287332,287376,0.000,141.414
287333,287364,0.000,377.393
287333,287380,0.000,92.048
287333,287381,0.000,29.020
287334,287335,0.000,148.047
287334,287379,0.000,53.589
287335,287379,0.000,67.572
287336,287370,0.000,88.871
287336,287381,0.000,38.844
287337,287338,0.000,71.994
287337,287340,0.000,229.469
287338,287341,0.000,25.315
287338,287383,0.000,356.441
287340,287370,0.000,86.206
287341,287383,0.000,38.357
287342,287343,0.000,237.802
287342,287344,0.000,66.276
287342,287345,0.000,31.791
287343,287344,0.000,128.079
287343,287345,0.000,59.203
287344,287347,0.000,169.248
287346,287383,0.000,109.945
287348,287383,0.000,143.454
287351,287365,0.000,49.689
287353,287383,0.000,449.063
287357,287380,0.000,24.933
287357,287382,0.000,39.508
287364,287381,0.000,210.937
287365,287367,0.000,20.226
287365,287376,0.000,96.138
287367,287376,0.000,30.000
287367,287377,0.000,72.036
287370,287381,0.000,42.847
287376,287377,0.000,127.466
287377,287378,0.000,0.209
287378,287379,0.000,117.494
287380,287382,0.000,7.377
287384,287385,0.000,75.798
359649,360029,0.000,1242.852
359649,360780,0.000,860.838
359649,361025,0.000,430.375
359649,362408,0.000,729.803
359649,362409,0.000,289.774
359649,362588,0.000,1621.074
359649,362885,0.000,190.119
359650,359651,0.000,380.884
359650,359653,0.000,119.026
359650,359658,0.000,2286.328
359650,359664,0.000,178.095
359650,359671,0.000,227.307
359650,359675,0.000,1071.278
359650,359683,0.000,1305.634
359650,359687,0.000,311.621
359651,359671,0.000,401.256
359651,359769,0.000,235.341
359651,359846,0.000,288.839
359651,360789,0.000,934.566
359652,359690,0.000,125.629
359653,359679,0.000,41.706
359653,359682,0.000,827.717
359653,359683,0.000,778.174
359653,359692,0.000,173.870
359655,361853,0.000,34.551
359655,363731,0.000,82.639
359656,359668,0.000,116.013
359656,360317,0.000,64.038
359656,362579,0.000,339.501
359656,362668,0.000,15.079
359656,362755,0.000,422.786
359656,362760,0.000,263.256
359657,361853,0.000,193.051
359657,361854,0.000,14.599
359657,363730,0.000,138.434
359657,363731,0.000,289.554
359658,359663,0.000,176.240
359658,359676,0.000,244.607
359658,359683,0.000,229.246
359658,359691,0.000,274.789
359658,359693,0.000,1087.756
359659,359846,0.000,586.267
359661,362588,0.000,324.919
359662,362579,0.000,623.589
359663,359680,0.000,124.444
359665,362545,0.000,58.409
359665,362579,0.000,96.864
359667,359679,0.000,16.953
359667,359683,0.000,220.951
359667,359691,0.000,82.944
359668,362760,0.000,316.256
359670,362885,0.000,124.976
359671,359687,0.000,233.150
359671,360789,0.000,751.940
359676,359693,0.000,107.583
359677,362644,0.000,395.819
359679,359683,0.000,659.918
359679,359685,0.000,66.942
359679,359692,0.000,830.796
359682,359692,0.000,1006.305
359682,359694,0.000,291.405
359683,359691,0.000,42.034
359689,362579,0.000,330.676
359689,362760,0.000,315.478
359701,360184,0.000,286.049
359701,361900,0.000,603.591
359701,362866,0.000,0.000
359709,362613,0.000,169.899
359709,362619,0.000,976.643
359725,360095,0.000,339.028
359725,360367,0.000,332.929
359725,360558,0.000,509.597
359725,361060,0.000,75.943
359725,362719,0.000,1860.189
359733,359774,0.000,246.478
359733,359829,0.000,141.610
359733,360378,0.000,480.834
359733,362602,0.000,239.632
359734,360450,0.000,290.349
359734,361930,0.000,120.056
359734,361946,0.000,294.136
359745,359774,0.000,126.114
359745,359829,0.000,119.384
359745,359933,0.000,663.306
359745,360378,0.000,570.816
359745,362602,0.000,268.191
359760,360242,0.000,954.120
359760,362609,0.000,176.012
359769,359828,0.000,116.219
359774,360378,0.000,258.723
359774,362602,0.000,525.527
359787,360135,0.000,222.699
359787,360813,0.000,195.008
359787,360874,0.000,708.186
359792,362588,0.000,490.772
359792,362885,0.000,109.443
359794,360262,0.000,375.911
359794,360568,0.000,384.590
359794,362588,0.000,479.220
359804,359950,0.000,1428.487
359804,360179,0.000,1171.976
359804,360384,0.000,362.838
359804,360426,0.000,298.294
359804,360822,0.000,643.772
359804,361025,0.000,788.933
359804,362619,0.000,357.475
359807,359846,0.000,135.983
359816,362850,0.000,313.179
359816,362868,0.000,137.382
359816,363383,0.000,0.000
359828,359846,0.000,265.797
359829,360378,0.000,788.393
359837,359907,0.000,35.027
359837,359971,0.000,559.783
359837,360570,0.000,138.541
359846,359860,0.000,1377.175
359846,359981,0.000,270.014
359846,360490,0.000,352.602
359846,360773,0.000,984.646
359860,359981,0.000,195.300
359860,360181,0.000,275.256
359860,360245,0.000,637.870
359860,360490,0.000,203.544
359860,360773,0.000,1733.593
359860,362588,0.000,229.244
359862,360570,0.000,581.704
359862,362643,0.000,23.231
359862,362864,0.000,538.551
359867,360105,0.000,271.159
359867,361058,0.000,110.735
359867,362569,0.000,304.859
359867,362719,0.000,230.976
359884,360006,0.000,217.778
359884,360973,0.000,291.479
359899,360056,0.000,540.000
359899,360242,0.000,600.000
359903,360822,0.000,394.791
359903,360842,0.000,790.522
359903,360916,0.000,83.925
359906,360427,0.000,458.855
359906,360433,0.000,0.000
359907,360570,0.000,1252.526
359907,362864,0.000,385.792
359914,359947,0.000,133.604
359914,359981,0.000,610.183
359914,360042,0.000,331.626
359914,360165,0.000,190.029
359914,360460,0.000,190.222
359914,360567,0.000,776.343
359914,362581,0.000,102.473
359914,362619,0.000,375.077
359917,360065,0.000,387.125
359917,360450,0.000,52.787
359917,361891,0.000,42.158
359933,362602,0.000,84.174
359933,362887,0.000,461.302
359944,360012,0.000,1247.376
359944,362695,0.000,362.710
359944,362782,0.000,0.000
359947,360042,0.000,251.124
359947,362613,0.000,51.658
359947,362697,0.000,287.878
359947,363094,0.000,4.846
359947,363188,0.000,14.133
359950,360384,0.000,358.547
359950,360426,0.000,311.010
359950,360522,0.000,775.028
359950,361025,0.000,630.014
359950,362588,0.000,1404.979
359951,360042,0.000,108.815
359951,362619,0.000,1077.982
359971,360546,0.000,442.107
359971,360570,0.000,344.475
359971,362608,0.000,482.068
359981,360245,0.000,631.012
359981,360384,0.000,1590.825
359981,360460,0.000,417.088
359981,362619,0.000,903.032
359988,360012,0.000,380.551
359988,360803,0.000,100.441
359988,360841,0.000,317.977
359993,360891,0.000,187.126
359993,362406,0.000,28.892
359993,362408,0.000,104.955
359993,362565,0.000,62.615
359993,362798,0.000,90.129
359993,362887,0.000,216.517
360006,360973,0.000,229.492
360006,361060,0.000,207.949
360012,360056,0.000,1194.424
360012,360803,0.000,551.710
360012,360841,0.000,301.118
360012,362569,0.000,209.166
360012,362695,0.000,140.788
360012,362782,0.000,54.420
360029,360302,0.000,586.612
360029,360916,0.000,600.252
360029,361025,0.000,1483.869
360029,362408,0.000,330.000
360042,362613,0.000,96.957
360042,362619,0.000,380.464
360056,360220,0.000,1510.015
360056,360242,0.000,37.572
360056,360420,0.000,1560.303
360056,360547,0.000,427.376
360056,360841,0.000,111.419
360056,362569,0.000,363.094
360064,360473,0.000,138.627
360064,361857,0.000,0.000
360064,361868,0.000,149.246
360064,361904,0.000,183.835
360064,363730,0.000,391.954
360065,360450,0.000,225.345
360065,361891,0.000,476.974
360065,361946,0.000,36.350
360072,362579,0.000,687.662
360072,362619,0.000,1341.144
360072,362668,0.000,428.719
360072,362688,0.000,102.773
360072,362722,0.000,507.161
360072,363100,0.000,98.069
360072,363155,0.000,47.584
360072,363216,0.000,16.760
360095,360367,0.000,375.852
360095,360394,0.000,333.866
360095,362719,0.000,55.449
360105,360987,0.000,122.492
360105,361058,0.000,214.186
360105,362719,0.000,190.114
360127,361875,0.000,291.597
360127,362863,0.000,85.409
360135,360427,0.000,83.704
360135,360539,0.000,361.976
360135,360813,0.000,234.103
360165,360567,0.000,39.943
360165,362581,0.000,277.625
360179,360822,0.000,681.995
360179,362619,0.000,1813.473
360179,363542,0.000,1566.520
360181,360773,0.000,461.674
360181,362588,0.000,500.533
360184,361900,0.000,0.000
360184,362610,0.000,195.741
360184,362866,0.000,348.613
360234,360822,0.000,273.628
360234,360842,0.000,1138.216
360234,363542,0.000,137.435
360242,362569,0.000,261.239
360242,362609,0.000,117.932
360242,362719,0.000,213.349
360245,360384,0.000,421.368
360245,362588,0.000,1630.833
360262,360436,0.000,391.982
360262,360484,0.000,273.848
360262,360568,0.000,156.109
360262,361025,0.000,254.501
360262,362588,0.000,549.979
360301,360514,0.000,878.633
360301,361875,0.000,532.624
360301,362863,0.000,478.620
360302,360876,0.000,79.031
360302,360916,0.000,510.000
360302,360973,0.000,340.969
360302,362408,0.000,1380.000
360305,362579,0.000,366.761
360305,362619,0.000,121.543
360305,362722,0.000,293.471
360317,362579,0.000,606.779
360317,362760,0.000,326.485
360363,360396,0.000,139.773
360363,360784,0.000,139.014
360363,361043,0.000,110.776
360367,360394,0.000,299.881
360367,361060,0.000,1515.912
360384,360426,0.000,1282.414
360384,360522,0.000,182.390
360384,362588,0.000,447.174
360384,362619,0.000,293.070
360394,360842,0.000,1713.771
360394,361060,0.000,72.509
360394,362719,0.000,841.635
360394,363540,0.000,438.626
360396,361043,0.000,457.901
360396,362668,0.000,9.724
360396,362697,0.000,436.578
360404,362406,0.000,480.000
360404,362884,0.000,238.236
360420,362569,0.000,468.385
360426,360522,0.000,109.445
360427,360433,0.000,113.577
360427,360539,0.000,312.610
360427,360892,0.000,138.621
360429,360473,0.000,466.206
360429,363730,0.000,97.460
360429,363731,0.000,528.579
360433,360892,0.000,396.232
360433,360900,0.000,537.328
360436,362588,0.000,129.938
360450,361946,0.000,275.195
360473,363730,0.000,223.794
360484,360568,0.000,39.719
360484,362588,0.000,440.323
360490,360773,0.000,187.784
360514,361875,0.000,183.989
360538,360547,0.000,0.000
360538,360841,0.000,100.947
360538,360900,0.000,7.459
360538,360982,0.000,0.000
360538,360999,0.000,156.007
360538,361011,0.000,56.588
360539,360813,0.000,103.870
360539,360892,0.000,418.254
360546,360570,0.000,758.569
360546,362608,0.000,423.358
360546,362672,0.000,140.213
360546,362715,0.000,74.536
360547,360841,0.000,597.591
360547,360900,0.000,716.547
360558,362719,0.000,229.683
360568,362588,0.000,725.946
360570,362643,0.000,280.212
360570,362864,0.000,216.230
360772,360774,0.000,345.868
360772,360775,0.000,69.711
360772,360784,0.000,22.064
360772,360789,0.000,54.808
360772,361043,0.000,79.299
360772,361241,0.000,1712.506
360772,361243,0.000,0.000
360772,361247,0.000,0.000
360772,361248,0.000,0.000
360772,361262,0.000,0.000
360772,361265,0.000,0.000
360772,361276,0.000,0.000
360772,361751,0.000,0.000
360772,362755,0.000,88.813
360772,362760,0.000,154.398
360773,361242,0.000,311.822
360773,362588,0.000,133.670
360773,362885,0.000,542.068
360774,361241,0.000,0.000
360774,361243,0.000,258.756
360775,361043,0.000,208.040
360775,361241,0.000,0.000
360775,361247,0.000,361.790
360775,361248,0.000,0.000
360775,361751,0.000,0.000
360775,362755,0.000,95.627
360776,360780,0.000,71.379
360776,361252,0.000,368.362
360776,361257,0.000,0.000
360776,361382,0.000,0.000
360776,362887,0.000,26.344
360778,361254,0.000,74.338
360778,361271,0.000,0.000
360778,363729,0.000,39.667
360780,360786,0.000,14.455
360780,361252,0.000,0.000
360780,361257,0.000,167.554
360780,361270,0.000,0.000
360780,362409,0.000,1026.155
360784,361043,0.000,357.828
360784,361241,0.000,0.000
360784,361265,0.000,95.032
360784,362644,0.000,388.870
360786,361257,0.000,0.000
360786,361270,0.000,23.196
360786,361752,0.000,0.000
360786,362409,0.000,11.915
360787,361272,0.000,39.737
360787,363729,0.000,99.978
360788,361273,0.000,276.761
360789,361241,0.000,0.000
360789,361276,0.000,124.285
360802,360813,0.000,0.060
360802,360982,0.000,118.332
360802,361011,0.000,0.000
360802,361304,0.000,118.381
360802,361333,0.000,0.000
360803,360841,0.000,627.251
360803,361306,0.000,70.446
360803,361381,0.000,0.000
360803,361383,0.000,0.000
360803,362782,0.000,155.680
360813,360874,0.000,130.811
360813,360887,0.000,7.176
360813,360892,0.000,97.056
360813,360982,0.000,0.000
360813,361011,0.000,28.024
360813,361304,0.000,0.000
360813,361333,0.000,395.468
360813,361444,0.000,0.000
360813,361464,0.000,0.000
360813,361477,0.000,0.000
360813,361692,0.000,0.000
360821,360973,0.000,88.422
360821,360987,0.000,182.612
360821,361060,0.000,254.311
360821,361344,0.000,107.007
360821,361643,0.000,0.000
360822,360842,0.000,54.079
360822,360916,0.000,839.556
360822,361025,0.000,505.959
360822,361345,0.000,17.839
360822,361716,0.000,0.000
360822,363542,0.000,820.421
360840,360874,0.000,45.135
360840,360936,0.000,644.855
360840,361379,0.000,203.897
360840,361444,0.000,0.000
360840,361555,0.000,0.000
360841,360858,0.000,345.320
360841,360900,0.000,0.000
360841,360982,0.000,588.855
360841,361011,0.000,0.000
360841,361306,0.000,0.000
360841,361381,0.000,0.000
360841,361383,0.000,457.296
360841,361412,0.000,0.000
360841,362782,0.000,10.762
360842,360916,0.000,1339.587
360842,361060,0.000,3.584
360842,361384,0.000,39.538
360842,361510,0.000,0.000
360842,363540,0.000,448.451
360842,363542,0.000,841.517
360858,360891,0.000,1124.213
360858,360937,0.000,152.218
360858,360958,0.000,162.125
360858,360982,0.000,26.148
360858,361383,0.000,0.000
360858,361412,0.000,1182.594
360858,361475,0.000,0.000
360858,361557,0.000,0.000
360858,361594,0.000,0.000
360874,360887,0.000,401.393
360874,361333,0.000,0.000
360874,361379,0.000,0.000
360874,361444,0.000,402.631
360874,361464,0.000,0.000
360876,360935,0.000,392.206
360876,360973,0.000,1815.694
360876,360987,0.000,458.715
360876,361449,0.000,594.917
360876,361554,0.000,0.000
360876,361616,0.000,0.000
360876,361643,0.000,0.000
360876,362408,0.000,150.000
360887,361333,0.000,0.000
360887,361444,0.000,0.000
360887,361464,0.000,308.592
360891,360935,0.000,203.205
360891,360958,0.000,93.231
360891,361412,0.000,0.000
360891,361475,0.000,312.432
360891,361554,0.000,0.000
360891,361684,0.000,0.000
360891,362408,0.000,1387.730
360891,362681,0.000,1533.112
360891,362798,0.000,541.893
360892,360900,0.000,379.119
360892,360999,0.000,421.575
360892,361011,0.000,135.124
360892,361333,0.000,0.000
360892,361477,0.000,1165.919
360892,361663,0.000,0.000
360892,361692,0.000,0.000
360900,360999,0.000,242.685
360900,361477,0.000,0.000
360916,360973,0.000,999.701
360916,361025,0.000,546.967
360916,361060,0.000,349.480
360916,361384,0.000,0.000
360916,361510,0.000,3010.615
360916,361616,0.000,0.000
360916,361716,0.000,0.000
360920,360987,0.000,161.068
360920,361060,0.000,439.481
360920,361518,0.000,261.461
360920,361643,0.000,0.000
360920,361777,0.000,0.000
360935,361449,0.000,0.000
360935,361475,0.000,0.000
360935,361554,0.000,433.978
360935,361684,0.000,0.000
360935,362408,0.000,147.947
360936,360937,0.000,454.806
360936,361379,0.000,0.000
360936,361555,0.000,65.827
360936,361557,0.000,0.000
360936,362798,0.000,531.442
360937,360958,0.000,259.538
360937,361412,0.000,0.000
360937,361555,0.000,0.000
360937,361557,0.000,139.221
360937,361594,0.000,0.000
360937,362798,0.000,140.959
360958,361412,0.000,0.000
360958,361452,0.000,0.000
360958,361557,0.000,0.000
360958,361594,0.000,642.176
360958,362681,0.000,93.893
360958,362798,0.000,317.284
360973,360987,0.000,1.808
360973,361060,0.000,514.075
360973,361449,0.000,0.000
360973,361510,0.000,0.000
360973,361616,0.000,775.543
360973,361643,0.000,0.000
360982,361011,0.000,267.526
360982,361304,0.000,0.000
360982,361383,0.000,0.000
360982,361412,0.000,0.000
360987,361058,0.000,80.288
360987,361060,0.000,541.408
360987,361344,0.000,0.000
360987,361449,0.000,0.000
360987,361518,0.000,0.000
360987,361616,0.000,0.000
360987,361643,0.000,1126.549
360987,361775,0.000,0.000
360987,361777,0.000,0.000
360987,362719,0.000,184.228
360999,361011,0.000,160.653
360999,361477,0.000,0.000
360999,361663,0.000,340.788
361011,361333,0.000,0.000
361011,361477,0.000,0.000
361011,361692,0.000,137.640
361025,361345,0.000,0.000
361025,361510,0.000,0.000
361025,361716,0.000,1279.763
361025,362588,0.000,615.079
361043,361241,0.000,0.000
361043,361247,0.000,0.000
361043,361249,0.000,0.000
361043,361751,0.000,375.229
361043,362668,0.000,331.987
361043,362756,0.000,62.016
361058,361381,0.000,0.000
361058,361643,0.000,0.000
361058,361775,0.000,759.196
361058,362569,0.000,342.251
361058,362676,0.000,403.130
361058,362782,0.000,337.201
361060,361518,0.000,0.000
361060,361643,0.000,0.000
361060,361777,0.000,483.687
361060,362719,0.000,1640.501
361241,361243,0.000,260.197
361241,361247,0.000,139.030
361241,361248,0.000,30.665
361241,361262,0.000,103.995
361241,361265,0.000,16.351
361241,361276,0.000,96.696
361241,361751,0.000,216.862
361241,362755,0.000,0.000
361241,362760,0.000,0.000
361244,362412,0.000,3.748
361244,362885,0.000,264.501
361247,361248,0.000,99.383
361247,361751,0.000,43.953
361247,362755,0.000,0.000
361248,361249,0.000,150.117
361248,361262,0.000,0.194
361248,362755,0.000,313.588
361248,362756,0.000,0.000
361248,362760,0.000,0.000
361249,361751,0.000,110.025
361249,362755,0.000,0.000
361249,362756,0.000,135.534
361249,363256,0.000,0.000
361252,361257,0.000,198.621
361252,361270,0.000,900.000
361252,361382,0.000,963.656
361252,361752,0.000,206.529
361252,362887,0.000,0.000
361254,361271,0.000,180.589
361254,363729,0.000,0.000
361257,361270,0.000,24.925
361260,361271,0.000,1.453
361260,363729,0.000,0.000
361260,363731,0.000,1141.493
361260,363735,0.000,215.923
361262,362755,0.000,0.000
361262,362760,0.000,142.550
361268,362886,0.000,6.762
361270,361752,0.000,329.319
361270,362409,0.000,0.000
361271,363264,0.000,0.000
361271,363729,0.000,4765.128
361271,363731,0.000,0.000
361274,362407,0.000,88.910
361274,362414,0.000,190.781
361304,361333,0.000,641.218
361304,361412,0.000,770.022
361304,361547,0.000,0.000
361306,361381,0.000,23.006
361306,361383,0.000,0.036
361306,362782,0.000,0.000
361333,361412,0.000,0.000
361333,361444,0.000,611.732
361333,361464,0.000,21.790
361333,361477,0.000,264.394
361333,361547,0.000,63.440
361333,361692,0.000,21.885
361344,361643,0.000,133.522
361345,361716,0.000,25.123
361357,363555,0.000,684.678
361357,363717,0.000,0.000
361357,363720,0.000,226.755
361379,361444,0.000,34.496
361379,361547,0.000,161.490
361379,361555,0.000,4.383
361381,361383,0.000,9.810
361381,361412,0.000,514.525
361381,361775,0.000,416.578
361381,362782,0.000,795.753
361381,363289,0.000,16.170
361382,361752,0.000,719.296
361382,362415,0.000,356.712
361382,362417,0.000,0.000
361382,362887,0.000,335.615
361382,363403,0.000,4.776
361383,361412,0.000,446.778
361383,362782,0.000,0.000
361384,361510,0.000,40.107
361405,361412,0.000,404.184
361405,361594,0.000,787.843
361412,361475,0.000,43.759
361412,361547,0.000,391.867
361412,361555,0.000,72.091
361412,361557,0.000,76.717
361412,361594,0.000,1276.985
361412,361643,0.000,1065.752
361412,361775,0.000,546.214
361444,361464,0.000,292.831
361444,361547,0.000,331.671
361449,361554,0.000,151.451
361449,361616,0.000,21.496
361449,361643,0.000,701.804
361452,361594,0.000,81.352
361452,362798,0.000,93.684
361464,361547,0.000,118.463
361475,361554,0.000,300.997
361475,361643,0.000,69.370
361475,361684,0.000,2.870
361475,362408,0.000,0.000
361477,361663,0.000,339.056
361477,361692,0.000,115.015
361510,361616,0.000,820.607
361510,361716,0.000,653.033
361518,361643,0.000,554.738
361518,361777,0.000,331.284
361547,361555,0.000,3.024
361554,361643,0.000,143.067
361554,361684,0.000,22.238
361554,362408,0.000,0.000
361555,361557,0.000,0.752
361557,361594,0.000,133.293
361594,362798,0.000,0.000
361616,361643,0.000,7.859
361643,361775,0.000,820.614
361643,361777,0.000,143.472
361684,362408,0.000,42.813
361751,362756,0.000,0.000
361752,362409,0.000,829.327
361752,362415,0.000,0.000
361752,362417,0.000,425.478
361775,362782,0.000,0.000
361853,361854,0.000,113.742
361853,362043,0.000,198.746
361853,362048,0.000,0.000
361853,363731,0.000,532.531
361854,362043,0.000,0.000
361854,362044,0.000,0.000
361854,362048,0.000,198.250
361854,363730,0.000,129.589
361857,361904,0.000,97.219
361857,362044,0.000,0.000
361857,362063,0.000,108.140
361857,362176,0.000,0.000
361857,363730,0.000,50.209
361868,361904,0.000,119.669
361868,362089,0.000,568.910
361868,362176,0.000,0.000
361868,362233,0.000,0.000
361868,362864,0.000,10.347
361873,361891,0.000,256.371
361873,361895,0.000,104.072
361873,362097,0.000,76.607
361873,362132,0.000,0.000
361873,362219,0.000,0.000
361873,362863,0.000,38.278
361875,362108,0.000,245.925
361875,362219,0.000,0.000
361875,362863,0.000,652.273
361891,361895,0.000,87.101
361891,361946,0.000,274.726
361891,362097,0.000,0.000
361891,362132,0.000,79.205
361891,362146,0.000,0.000
361895,362132,0.000,0.000
361895,362146,0.000,124.914
361895,362219,0.000,0.000
361895,362863,0.000,240.078
361898,361900,0.000,416.247
361898,361909,0.000,113.758
361898,362159,0.000,362.754
361898,362163,0.000,0.000
361898,362188,0.000,0.000
361900,361909,0.000,54.169
361900,362159,0.000,0.000
361900,362163,0.000,211.899
361900,362258,0.000,0.000
361900,362866,0.000,380.225
361904,362063,0.000,0.000
361904,362089,0.000,0.000
361904,362176,0.000,150.266
361904,363730,0.000,0.000
361909,362159,0.000,0.000
361909,362188,0.000,350.731
361909,362233,0.000,0.000
361909,362864,0.000,180.559
361930,361946,0.000,8.142
361930,362244,0.000,403.997
361946,362286,0.000,498.911
362043,362048,0.000,207.325
362044,362046,0.000,987.185
362044,362048,0.000,182.748
362044,362063,0.000,24.826
362044,362338,0.000,9.760
362044,363362,0.000,6.728
362044,363389,0.000,0.000
362044,363730,0.000,1986.906
362044,363734,0.000,100.160
362045,362046,0.000,295.464
362045,362048,0.000,707.722
362046,362048,0.000,509.247
362048,363730,0.000,0.000
362051,362103,0.000,13.759
362051,362129,0.000,210.855
362061,362258,0.000,104.225
362061,362849,0.000,121.287
362061,362866,0.000,0.000
362062,362082,0.000,11.241
362062,362103,0.000,322.081
362062,362130,0.000,793.759
362063,362089,0.000,64.437
362063,362176,0.000,43.064
362063,363730,0.000,0.000
362071,362194,0.000,121.238
362071,362243,0.000,12.910
362082,362103,0.000,345.019
362089,362176,0.000,144.407
362089,362233,0.000,31.412
362089,362864,0.000,0.000
362094,362279,0.000,22.527
362094,362850,0.000,540.647
362094,362868,0.000,0.000
362097,362132,0.000,83.448
362097,362219,0.000,44.788
362097,362235,0.000,73.060
362097,362863,0.000,0.000
362103,362129,0.000,505.503
362103,362130,0.000,18.260
362103,362166,0.000,13.263
362103,362188,0.000,14.553
362108,362219,0.000,357.108
362108,362863,0.000,0.000
362129,362188,0.000,690.638
362130,362139,0.000,81.424
362130,362166,0.000,533.435
362130,362188,0.000,247.236
362130,362246,0.000,497.627
362130,362279,0.000,490.265
362132,362146,0.000,42.464
362139,362188,0.000,335.050
362139,362233,0.000,183.638
362139,362246,0.000,125.857
362146,362219,0.000,138.245
362146,362863,0.000,0.000
362159,362163,0.000,232.196
362159,362188,0.000,603.180
362163,362188,0.000,49.548
362163,362258,0.000,95.047
362163,362866,0.000,0.000
362164,362251,0.000,51.850
362166,362188,0.000,508.551
362168,362251,0.000,73.681
362188,362233,0.000,264.062
362188,362864,0.000,0.000
362219,362235,0.000,432.493
362219,362863,0.000,1360.923
362233,362864,0.000,848.604
362246,362279,0.000,97.181
362258,362849,0.000,0.000
362258,362866,0.000,107.143
362279,362850,0.000,0.000
362279,362868,0.000,227.001
362279,363383,0.000,26.492
362338,363362,0.000,0.000
362338,363389,0.000,11.601
362406,362410,0.000,322.573
362406,362411,0.000,0.000
362406,362415,0.000,0.000
362406,362565,0.000,837.726
362406,362884,0.000,297.194
362406,362887,0.000,774.607
362407,362414,0.000,43.290
362408,362409,0.000,462.563
362408,362415,0.000,0.000
362408,362416,0.000,430.417
362408,362417,0.000,0.000
362408,362887,0.000,422.706
362409,362416,0.000,0.000
362409,362417,0.000,566.045
362410,362411,0.000,155.009
362410,362415,0.000,748.325
362410,362884,0.000,0.000
362410,362887,0.000,0.000
362411,362415,0.000,169.214
362411,362884,0.000,238.403
362411,362887,0.000,0.000
362412,362885,0.000,324.543
362415,362416,0.000,308.118
362415,362417,0.000,279.581
362415,362884,0.000,0.000
362415,362887,0.000,567.740
362416,362417,0.000,228.254
362416,362887,0.000,0.000
362539,362579,0.000,687.563
362539,363019,0.000,347.010
362539,363060,0.000,0.000
362545,362550,0.000,30.584
362545,362579,0.000,117.393
362545,362760,0.000,516.388
362545,363025,0.000,138.984
362545,363030,0.000,0.000
362545,363060,0.000,0.000
362545,363260,0.000,0.000
362550,362579,0.000,2487.741
362550,362760,0.000,5.375
362550,363025,0.000,0.000
362550,363030,0.000,133.818
362550,363060,0.000,0.000
362550,363260,0.000,0.000
362557,362619,0.000,127.071
362557,362699,0.000,45.852
362557,363037,0.000,18.780
362557,363100,0.000,0.000
362557,363183,0.000,0.000
362557,363190,0.000,0.000
362557,363541,0.000,283.127
362557,363544,0.000,124.150
362565,362596,0.000,382.325
362565,362798,0.000,526.607
362565,362884,0.000,201.878
362565,363046,0.000,1491.676
362565,363400,0.000,0.000
362569,362676,0.000,466.418
362569,362695,0.000,224.852
362569,362719,0.000,623.068
362569,363050,0.000,412.062
362569,363164,0.000,0.000
362569,363213,0.000,0.000
362579,362583,0.000,1809.886
362579,362619,0.000,1479.512
362579,362668,0.000,646.949
362579,362722,0.000,575.602
362579,362760,0.000,397.605
362579,363019,0.000,0.000
362579,363025,0.000,0.000
362579,363030,0.000,0.000
362579,363060,0.000,6230.605
362579,363064,0.000,0.000
362579,363100,0.000,0.000
362579,363544,0.000,415.990
362581,362644,0.000,178.502
362581,363062,0.000,205.559
362581,363130,0.000,0.000
362583,363060,0.000,0.000
362583,363064,0.000,274.557
362588,362885,0.000,542.677
362588,363069,0.000,31.501
362596,362798,0.000,884.949
362596,363077,0.000,64.176
362596,363306,0.000,0.000
362602,362664,0.000,657.301
362602,362884,0.000,1006.436
362602,362887,0.000,184.692
362602,363083,0.000,863.567
362602,363151,0.000,0.000
362602,363400,0.000,0.000
362602,363403,0.000,0.000
362608,362715,0.000,501.677
362608,363089,0.000,59.746
362608,363207,0.000,0.000
362609,362719,0.000,1345.737
362609,363090,0.000,43.923
362609,363213,0.000,0.000
362610,362849,0.000,585.697
362610,362850,0.000,529.144
362610,362866,0.000,299.925
362610,363091,0.000,2204.246
362610,363364,0.000,0.000
362613,362619,0.000,476.704
362613,362668,0.000,484.326
362613,362688,0.000,324.535
362613,362697,0.000,66.250
362613,363094,0.000,160.049
362613,363100,0.000,0.000
362613,363188,0.000,0.000
362619,362688,0.000,242.829
362619,362699,0.000,1087.900
362619,362722,0.000,307.855
362619,363037,0.000,0.000
362619,363060,0.000,0.000
362619,363094,0.000,0.000
362619,363100,0.000,1914.978
362619,363177,0.000,0.000
362619,363190,0.000,0.000
362619,363204,0.000,0.000
362619,363541,0.000,0.000
362619,363542,0.000,1606.427
362619,363544,0.000,218.009
362643,362864,0.000,302.998
362643,363128,0.000,294.320
362644,363062,0.000,0.000
362644,363130,0.000,39.057
362664,362884,0.000,269.914
362664,363083,0.000,0.000
362664,363151,0.000,687.912
362668,362688,0.000,143.289
362668,362697,0.000,26.443
362668,363155,0.000,913.100
362672,362715,0.000,769.961
362672,363159,0.000,143.041
362672,363207,0.000,0.000
362676,362695,0.000,6.672
362676,362782,0.000,60.782
362676,363050,0.000,0.000
362676,363164,0.000,622.625
362676,363186,0.000,0.000
362676,363289,0.000,0.000
362681,362798,0.000,1748.349
362681,363170,0.000,427.807
362681,363306,0.000,0.000
362688,363100,0.000,0.000
362688,363177,0.000,386.792
362695,362782,0.000,683.729
362695,363164,0.000,0.000
362695,363186,0.000,492.898
362695,363289,0.000,0.000
362697,363094,0.000,0.000
362697,363188,0.000,26.656
362699,363037,0.000,0.000
362699,363100,0.000,0.000
362699,363183,0.000,0.000
362699,363190,0.000,924.788
362699,363541,0.000,241.756
362699,363542,0.000,0.000
362715,363089,0.000,0.000
362715,363159,0.000,0.000
362715,363207,0.000,621.537
362719,363050,0.000,0.000
362719,363090,0.000,0.000
362719,363213,0.000,1559.324
362719,363534,0.000,1058.147
362719,363540,0.000,453.737
362722,363216,0.000,13.470
362755,362756,0.000,103.425
362755,362760,0.000,436.682
362755,363255,0.000,138.632
362755,363256,0.000,0.000
362756,363255,0.000,0.000
362756,363256,0.000,6.355
362760,363025,0.000,0.000
362760,363030,0.000,0.000
362760,363260,0.000,50.949
362782,363164,0.000,0.000
362782,363186,0.000,0.000
362782,363289,0.000,270.986
362798,363077,0.000,0.000
362798,363170,0.000,0.000
362798,363306,0.000,1419.200
362849,362850,0.000,163.649
362849,362866,0.000,527.600
362849,363091,0.000,0.000
362849,363364,0.000,827.387
362849,363381,0.000,0.000
362850,362868,0.000,378.958
362850,363365,0.000,1272.318
362850,363383,0.000,0.000
362866,363364,0.000,0.000
362866,363381,0.000,89.901
362868,363365,0.000,0.000
362868,363383,0.000,105.629
362884,362887,0.000,859.553
362884,363046,0.000,0.000
362884,363083,0.000,0.000
362884,363400,0.000,177.852
362885,362886,0.000,669.642
362885,363401,0.000,796.156
362885,363402,0.000,0.000
362886,363401,0.000,0.000
362886,363402,0.000,385.686
362887,363083,0.000,0.000
362887,363403,0.000,729.412
363019,363060,0.000,135.315
363025,363030,0.000,9.700
363025,363060,0.000,76.099
363025,363260,0.000,13.968
363030,363060,0.000,84.008
363030,363260,0.000,44.866
363037,363100,0.000,18.057
363037,363183,0.000,1.960
363037,363190,0.000,1.291
363037,363541,0.000,0.000
363037,363544,0.000,0.000
363046,363400,0.000,27.152
363050,363164,0.000,20.090
363050,363213,0.000,20.042
363060,363064,0.000,107.219
363060,363100,0.000,22.060
363060,363544,0.000,0.000
363062,363130,0.000,44.395
363077,363306,0.000,67.225
363083,363151,0.000,20.028
363083,363400,0.000,43.564
363083,363403,0.000,23.760
363089,363207,0.000,49.021
363090,363213,0.000,62.990
363091,363364,0.000,63.677
363094,363100,0.000,21.861
363094,363188,0.000,1.029
363100,363177,0.000,37.490
363100,363190,0.000,212.200
363100,363204,0.000,199.203
363100,363542,0.000,0.000
363100,363544,0.000,0.000
363159,363207,0.000,20.017
363164,363186,0.000,8.236
363164,363289,0.000,21.023
363170,363306,0.000,48.044
363182,363204,0.000,123.285
363182,363540,0.000,132.048
363182,363542,0.000,0.000
363182,363704,0.000,74.433
363182,363706,0.000,0.000
363183,363190,0.000,39.674
363183,363541,0.000,27.126
363186,363289,0.000,121.122
363190,363541,0.000,0.000
363204,363540,0.000,0.000
363204,363542,0.000,2505.207
363204,363704,0.000,0.000
363204,363706,0.000,4.794
363255,363256,0.000,12.299
363264,363389,0.000,45.346
363264,363729,0.000,3218.314
363264,363731,0.000,0.000
363283,363555,0.000,165.941
363283,363720,0.000,122.042
363362,363389,0.000,11.694
363362,363730,0.000,7.839
363362,363731,0.000,0.000
363364,363381,0.000,90.727
363365,363383,0.000,26.834
363389,363729,0.000,0.000
363389,363730,0.000,0.000
363389,363731,0.000,2689.355
363389,363735,0.000,190.987
363401,363402,0.000,22.336
363534,363540,0.000,586.614
363534,363698,0.000,1008.097
363534,363704,0.000,0.000
363540,363542,0.000,935.531
363540,363555,0.000,587.721
363540,363698,0.000,0.000
363540,363704,0.000,1829.515
363540,363706,0.000,0.000
363540,363720,0.000,0.000
363541,363542,0.000,1809.005
363541,363544,0.000,320.940
363541,363705,0.000,55.969
363541,363706,0.000,0.000
363541,363708,0.000,0.000
363542,363704,0.000,0.000
363542,363705,0.000,0.000
363542,363706,0.000,25.992
363544,363556,0.000,1377.777
363544,363705,0.000,0.000
363544,363708,0.000,37.327
363544,363721,0.000,0.000
363552,363555,0.000,145.147
363552,363556,0.000,211.189
363552,363717,0.000,158.031
363552,363720,0.000,0.000
363552,363721,0.000,0.000
363555,363556,0.000,28.792
363555,363704,0.000,0.000
363555,363717,0.000,0.000
363555,363720,0.000,1842.306
363555,363721,0.000,0.000
363556,363708,0.000,0.000
363556,363717,0.000,0.000
363556,363720,0.000,0.000
363556,363721,0.000,1157.472
363698,363704,0.000,144.411
363704,363705,0.000,5.853
363704,363706,0.000,21.596
363704,363708,0.000,107.332
363704,363720,0.000,38.004
363705,363706,0.000,25.709
363705,363708,0.000,36.004
363708,363721,0.000,46.796
363717,363720,0.000,72.110
363717,363721,0.000,199.615
363720,363721,0.000,28.012
363728,363730,0.000,221.570
363728,363731,0.000,468.459
363728,363732,0.000,252.293
363728,363734,0.000,0.000
363728,363735,0.000,0.000
363729,363731,0.000,3272.193
363729,363733,0.000,56.282
363729,363735,0.000,0.000
363730,363731,0.000,1950.117
363730,363732,0.000,0.000
363730,363734,0.000,169.446
363730,363735,0.000,0.000
363731,363732,0.000,0.000
363731,363733,0.000,0.000
363731,363734,0.000,0.000
363731,363735,0.000,849.273
363732,363734,0.000,66.993
363732,363735,0.000,180.532
363733,363735,0.000,15.657
363734,363735,0.000,187.133
397838,398933,0.000,330.000
397838,400009,0.000,0.000
397838,404763,0.000,180.000
397838,404947,0.000,630.000
397847,399343,0.000,121.175
397847,404262,0.000,0.000
397847,404267,0.000,60.000
397847,405222,0.000,340.000
397847,405229,0.000,433.514
397849,398583,0.000,1010.000
397849,399111,0.000,830.000
397849,400112,0.000,620.000
397849,401512,0.000,383.191
397849,405118,0.000,233.291
397858,399021,0.000,390.000
397858,400029,0.000,300.000
397858,404786,0.000,570.000
397861,398778,0.000,280.000
397861,399008,0.000,310.000
397861,399396,0.000,194.075
397861,399828,0.000,120.000
397861,400023,0.000,600.000
397861,401505,0.000,220.000
397861,401732,0.000,590.000
397867,397986,0.000,100.000
397867,399035,0.000,380.000
397867,399908,0.000,480.000
397871,398118,0.000,30.000
397871,398572,0.000,200.000
397871,398942,0.000,380.000
397871,399006,0.000,630.000
397871,399121,0.000,450.000
397871,399598,0.000,300.000
397871,399855,0.000,190.000
397871,400147,0.000,300.000
397871,400337,0.000,240.000
397873,397986,0.000,570.000
397873,398328,0.000,550.000
397873,399610,0.000,300.000
397876,398647,0.000,450.000
397876,398831,0.000,30.000
397876,400019,0.000,750.000
397876,400219,0.000,30.000
397878,398118,0.000,510.000
397878,398513,0.000,240.000
397878,398536,0.000,150.000
397878,398572,0.000,610.000
397878,398909,0.000,840.000
397878,399459,0.000,80.000
397878,399837,0.000,650.000
397878,400248,0.000,200.000
397878,400342,0.000,100.000
397885,398687,0.000,390.000
397885,398991,0.000,90.000
397885,399077,0.000,240.000
397885,399653,0.000,420.000
397885,399672,0.000,210.000
397885,400323,0.000,270.000
397909,397997,0.000,140.000
397909,398417,0.000,30.000
397909,398853,0.000,150.000
397909,398938,0.000,150.000
397909,399505,0.000,210.000
397909,400066,0.000,240.000
397909,400346,0.000,280.000
397910,398500,0.000,380.000
397910,399129,0.000,270.000
397910,399783,0.000,160.000
397910,404701,0.000,107.412
397910,405089,0.000,60.000
397910,405186,0.000,440.000
397912,399035,0.000,100.000
397912,400333,0.000,530.000
397912,404756,0.000,890.000
397912,404786,0.000,1000.000
397922,404234,0.000,210.000
397922,404290,0.000,170.000
397922,406115,0.000,10.000
397927,398682,0.000,70.000
397927,398726,0.000,310.000
397927,399097,0.000,50.000
397927,399163,0.000,240.000
397927,399269,0.000,120.000
397927,399911,0.000,130.000
397927,400431,0.000,360.000
397928,398152,0.000,270.000
397928,398376,0.000,370.000
397928,398616,0.000,250.000
397928,398778,0.000,340.000
397928,398931,0.000,0.000
397928,399396,0.000,374.301
397928,400040,0.000,940.000
397928,400356,0.000,260.000
397928,400432,0.000,60.000
397938,399747,0.000,1200.000
397938,399844,0.000,450.000
397938,400110,0.000,150.000
397949,398466,0.000,480.000
397949,398898,0.000,690.000
397949,399598,0.000,30.000
397949,400337,0.000,420.000
397949,400364,0.000,1020.000
397952,398031,0.000,1930.000
397952,398087,0.000,170.000
397952,398279,0.000,0.000
397952,398630,0.000,660.000
397952,399818,0.000,310.000
397952,400029,0.000,340.000
397952,404679,0.000,300.000
397952,404786,0.000,920.000
397952,404802,0.000,450.000
397952,404857,0.000,40.000
397973,398044,0.000,260.000
397973,398088,0.000,190.000
397973,398278,0.000,270.000
397973,398738,0.000,150.000
397973,398990,0.000,30.000
397973,399482,0.000,0.000
397982,398333,0.000,0.000
397982,398510,0.000,410.000
397982,398548,0.000,250.000
397982,398994,0.000,110.000
397982,404820,0.000,190.000
397986,398196,0.000,330.000
397986,398328,0.000,710.000
397986,398842,0.000,50.000
397986,399035,0.000,300.000
397986,399403,0.000,600.000
397986,399548,0.000,610.000
397986,399610,0.000,50.000
397986,399908,0.000,430.000
397986,400123,0.000,270.000
397986,400271,0.000,440.000
397997,398853,0.000,60.000
397997,399454,0.000,890.000
397997,400346,0.000,250.000
397998,398687,0.000,480.000
397998,404671,0.000,300.000
397998,404763,0.000,30.000
397998,404845,0.000,390.000
398028,398676,0.000,384.931
398028,399526,0.000,240.000
398028,400039,0.000,0.000
398028,400136,0.000,220.000
398028,404254,0.000,70.000
398028,404890,0.000,185.757
398028,405229,0.000,270.000
398029,399423,0.000,380.000
398029,399692,0.000,70.000
398029,401306,0.000,480.000
398029,401756,0.000,30.000
398030,398494,0.000,290.000
398030,398853,0.000,90.000
398030,398895,0.000,60.000
398030,399454,0.000,480.000
398030,399610,0.000,0.000
398030,400271,0.000,120.000
398031,398087,0.000,184.000
398031,398630,0.000,70.000
398031,399580,0.000,110.195
398031,400001,0.000,459.670
398031,400076,0.000,113.786
398032,398289,0.000,60.000
398032,398428,0.000,750.000
398032,398682,0.000,90.000
398032,399727,0.000,220.000
398032,399754,0.000,190.000
398032,399948,0.000,240.000
398032,400025,0.000,120.000
398032,400239,0.000,450.000
398044,398088,0.000,10.000
398044,398738,0.000,450.000
398044,399865,0.000,480.000
398046,398823,0.000,220.000
398046,399285,0.000,130.000
398046,404701,0.000,176.647
398046,404888,0.000,180.000
398046,404929,0.000,81.044
398046,405399,0.000,36.608
398046,405644,0.000,20.156
398070,399828,0.000,530.000
398070,401505,0.000,930.000
398080,404804,0.000,20.000
398085,399080,0.000,550.003
398085,399396,0.000,487.979
398087,398279,0.000,138.054
398087,404857,0.000,0.000
398088,398278,0.000,0.000
398088,398328,0.000,270.000
398088,398842,0.000,290.000
398088,398895,0.000,80.000
398088,399035,0.000,160.000
398088,399482,0.000,120.000
398088,399610,0.000,380.000
398088,399865,0.000,370.000
398088,400333,0.000,350.000
398095,398200,0.000,150.000
398095,399041,0.000,140.000
398095,399264,0.000,162.156
398095,399822,0.000,0.000
398095,399909,0.000,250.000
398095,400349,0.000,260.000
398104,398568,0.000,340.000
398104,398902,0.000,740.000
398104,399097,0.000,30.000
398107,398371,0.000,406.590
398107,398463,0.000,511.608
398107,399655,0.000,81.559
398110,398938,0.000,60.000
398110,399535,0.000,650.000
398110,400434,0.000,20.000
398110,404791,0.000,110.000
398111,399837,0.000,30.000
398111,399948,0.000,1290.000
398115,398219,0.000,100.000
398115,398463,0.000,1250.000
398115,399828,0.000,180.000
398115,401372,0.000,390.000
398116,399752,0.000,80.000
398116,404886,0.000,370.000
398118,398572,0.000,180.000
398118,398909,0.000,190.000
398118,399121,0.000,470.000
398122,400391,0.000,240.000
398122,401721,0.000,300.000
398143,398428,0.000,380.000
398143,398682,0.000,10.000
398143,399948,0.000,30.000
398143,400231,0.000,290.000
398143,400431,0.000,430.000
398151,398344,0.000,410.000
398151,399989,0.000,270.000
398152,398353,0.000,210.000
398152,398465,0.000,100.000
398152,398536,0.000,20.000
398152,398706,0.000,0.000
398152,398778,0.000,450.000
398152,398931,0.000,250.000
398152,399008,0.000,440.000
398152,400356,0.000,0.000
398178,399740,0.000,870.000
398178,399811,0.000,180.000
398178,399828,0.000,150.000
398195,399285,0.000,337.230
398195,404701,0.000,530.000
398195,404736,0.000,348.916
398195,405118,0.000,216.998
398196,399548,0.000,150.000
398200,398333,0.000,0.000
398200,398475,0.000,660.000
398200,398733,0.000,790.000
398200,399041,0.000,29.998
398200,399078,0.000,760.000
398200,399099,0.000,530.000
398200,399568,0.000,400.000
398200,399819,0.000,100.000
398200,399909,0.000,450.190
398200,400349,0.000,50.000
398200,404771,0.000,10.000
398200,404822,0.000,330.000
398210,399771,0.000,210.000
398210,400057,0.000,650.000
398210,405118,0.000,1130.101
398219,398463,0.000,340.000
398219,399618,0.000,210.000
398219,401372,0.000,30.000
398219,401746,0.000,60.000
398231,398844,0.000,40.000
398231,399568,0.000,280.000
398234,405146,0.000,174.440
398243,399396,0.000,210.000
398243,400023,0.000,630.000
398244,398813,0.000,420.000
398244,399080,0.000,230.000
398244,399887,0.000,470.000
398278,398574,0.000,380.000
398278,398990,0.000,30.000
398278,399482,0.000,170.000
398278,399997,0.000,540.000
398278,400323,0.000,720.000
398278,404756,0.000,610.000
398279,399684,0.000,92.755
398279,404857,0.000,50.000
398289,399754,0.000,210.000
398289,400239,0.000,570.000
398295,398996,0.000,238.651
398302,405118,0.000,938.707
398328,398842,0.000,360.000
398328,399610,0.000,50.000
398333,398510,0.000,90.000
398333,398548,0.000,232.991
398333,399099,0.000,540.000
398333,404822,0.000,160.000
398335,398813,0.000,130.000
398335,399080,0.000,250.000
398335,399597,0.000,460.000
398335,399887,0.000,360.000
398343,404660,0.000,50.000
398343,404763,0.000,240.000
398343,404921,0.000,250.000
398343,405134,0.000,300.000
398344,398584,0.000,31.623
398344,399536,0.000,220.000
398344,399989,0.000,273.319
398344,400059,0.000,983.892
398344,404636,0.000,160.000
398344,404789,0.000,890.000
398345,399995,0.000,150.000
398345,404660,0.000,430.000
398345,404789,0.000,660.000
398345,404902,0.000,60.000
398352,405134,0.000,1020.000
398353,398465,0.000,340.000
398353,398536,0.000,350.000
398353,398706,0.000,360.000
398353,399008,0.000,0.000
398353,399506,0.000,40.000
398353,400364,0.000,100.000
398369,401661,0.000,330.000
398369,401711,0.000,140.000
398371,398463,0.000,544.686
398371,398661,0.000,770.000
398371,398898,0.000,260.000
398371,399655,0.000,1180.049
398371,399685,0.000,940.000
398371,399751,0.000,1010.000
398371,401155,0.000,1340.000
398371,401192,0.000,260.000
398376,398536,0.000,780.000
398376,399080,0.000,220.000
398376,399396,0.000,116.439
398376,400432,0.000,230.000
398377,399423,0.000,630.000
398377,399521,0.000,630.000
398377,400336,0.000,60.000
398377,401306,0.000,120.000
398377,401756,0.000,660.000
398386,399189,0.000,303.306
398386,401195,0.000,150.024
398391,398898,0.000,400.000
398391,398942,0.000,590.000
398391,399006,0.000,10.000
398391,399685,0.000,150.000
398391,399855,0.000,3260.000
398397,399035,0.000,210.000
398397,399568,0.000,210.000
398397,400173,0.000,370.000
398397,404786,0.000,640.000
398414,398568,0.000,70.000
398414,398740,0.000,120.000
398414,398813,0.000,190.000
398414,398938,0.000,210.000
398414,399535,0.000,0.000
398414,399831,0.000,390.000
398417,398938,0.000,360.000
398417,399505,0.000,90.000
398417,400066,0.000,30.000
398417,400434,0.000,210.000
398426,398726,0.000,330.000
398426,399430,0.000,780.000
398426,399668,0.000,150.000
398426,399950,0.000,0.000
398426,400110,0.000,780.000
398428,398682,0.000,70.000
398428,399948,0.000,940.000
398432,398932,0.000,70.000
398432,399264,0.000,470.000
398432,400206,0.000,0.000
398432,404786,0.000,480.000
398449,399163,0.000,400.000
398449,399722,0.000,50.000
398449,399911,0.000,290.000
398463,398661,0.000,70.000
398463,398898,0.000,680.000
398463,399415,0.000,210.000
398463,399519,0.000,30.000
398463,399521,0.000,150.000
398463,399655,0.000,230.000
398463,399828,0.000,270.000
398463,400336,0.000,1470.000
398463,400364,0.000,60.000
398463,400391,0.000,700.000
398463,401745,0.000,600.000
398463,401746,0.000,120.000
398463,401756,0.000,60.000
398465,398536,0.000,540.000
398466,398898,0.000,120.000
398466,399577,0.000,690.000
398466,399598,0.000,630.000
398466,399855,0.000,180.000
398471,399264,0.000,0.000
398471,400349,0.000,370.000
398471,404771,0.000,30.000
398471,404822,0.000,30.000
398475,399078,0.000,250.000
398475,399819,0.000,470.000
398480,405229,0.000,479.625
398494,398853,0.000,60.000
398494,398895,0.000,230.000
398494,399865,0.000,240.000
398494,399946,0.000,120.000
398500,399783,0.000,460.000
398510,398548,0.000,0.000
398510,398994,0.000,30.000
398510,399099,0.000,140.000
398510,400213,0.000,300.000
398510,404663,0.000,190.000
398513,398536,0.000,336.039
398513,399477,0.000,220.000
398513,399773,0.000,30.000
398513,400248,0.000,500.000
398513,400342,0.000,690.000
398517,398572,0.000,2330.000
398517,399006,0.000,560.000
398517,399727,0.000,340.000
398517,399837,0.000,150.000
398517,399948,0.000,20.000
398528,399340,0.000,180.000
398528,399426,0.000,80.000
398528,399806,0.000,330.000
398528,400019,0.000,0.000
398528,400057,0.000,230.000
398536,398813,0.000,0.000
398536,398909,0.000,420.000
398536,398931,0.000,480.000
398536,399080,0.000,480.000
398536,399121,0.000,960.000
398536,399388,0.000,570.000
398536,399477,0.000,500.000
398536,399831,0.000,470.000
398536,400147,0.000,30.000
398536,400248,0.000,120.000
398536,400364,0.000,10.000
398536,400432,0.000,320.000
398548,404820,0.000,143.185
398568,398902,0.000,230.000
398568,398938,0.000,0.000
398568,399097,0.000,60.000
398568,399138,0.000,1080.000
398568,399535,0.000,470.000
398568,399795,0.000,210.000
398568,399831,0.000,140.000
398568,404791,0.000,380.000
398572,399006,0.000,80.000
398572,399837,0.000,140.000
398573,398932,0.000,390.000
398573,399694,0.000,330.000
398574,399001,0.000,430.000
398574,399077,0.000,100.000
398574,399951,0.000,30.000
398574,399997,0.000,80.000
398574,404671,0.000,60.000
398574,404689,0.000,420.000
398574,404693,0.000,590.000
398574,404756,0.000,140.000
398574,404802,0.000,0.000
398574,404857,0.000,40.000
398574,404859,0.000,10.000
398583,400019,0.000,1280.000
398583,405118,0.000,223.235
398584,399989,0.000,300.000
398584,400242,0.000,60.000
398584,400463,0.000,760.000
398584,404789,0.000,840.000
398587,404695,0.000,710.000
398587,405072,0.000,418.234
398592,399411,0.000,220.587
398592,405006,0.000,330.000
398616,399396,0.000,30.000
398616,399838,0.000,540.000
398616,400040,0.000,200.000
398619,400503,0.000,0.000
398619,400723,0.000,109.923
398619,401627,0.000,164.282
398630,399580,0.000,410.000
398630,400001,0.000,500.000
398630,400029,0.000,570.000
398647,398831,0.000,270.000
398647,400019,0.000,150.000
398647,400269,0.000,430.000
398661,399415,0.000,870.000
398661,399464,0.000,250.648
398661,401192,0.000,360.000
398676,404254,0.000,80.000
398676,404641,0.000,246.883
398676,404794,0.000,30.000
398676,404890,0.000,210.000
398682,398726,0.000,260.000
398682,399269,0.000,90.000
398682,400110,0.000,180.000
398682,400239,0.000,330.000
398682,400431,0.000,140.000
398687,398738,0.000,60.000
398687,398991,0.000,1170.000
398687,399077,0.000,240.000
398687,399235,0.000,540.000
398687,399720,0.000,330.000
398687,404671,0.000,60.000
398687,404763,0.000,330.000
398687,404877,0.000,1320.000
398696,404763,0.000,600.000
398701,399008,0.000,540.000
398701,399740,0.000,0.000
398706,399008,0.000,360.000
398706,399506,0.000,360.000
398715,399297,0.000,390.000
398715,399426,0.000,270.000
398715,399753,0.000,120.000
398726,399163,0.000,210.000
398726,399430,0.000,0.000
398726,399950,0.000,60.000
398726,400110,0.000,30.000
398733,399099,0.000,40.000
398733,399819,0.000,570.015
398733,404663,0.000,30.000
398733,404930,0.000,327.904
398733,404939,0.000,480.000
398738,398990,0.000,60.000
398738,399235,0.000,240.000
398738,399720,0.000,30.000
398738,399865,0.000,60.000
398738,399946,0.000,30.000
398738,400211,0.000,420.000
398740,398813,0.000,190.000
398740,399831,0.000,290.000
398756,401336,0.000,70.000
398756,401608,0.000,333.588
398756,405118,0.000,230.530
398762,398938,0.000,550.000
398762,399454,0.000,420.000
398762,399701,0.000,200.000
398762,399723,0.000,330.000
398778,399008,0.000,440.000
398778,399396,0.000,90.000
398778,399838,0.000,570.000
398778,400040,0.000,50.000
398794,399078,0.000,90.000
398794,399568,0.000,500.000
398794,404701,0.000,944.980
398802,399459,0.000,130.000
398802,399532,0.000,60.000
398802,400231,0.000,210.000
398802,400431,0.000,280.000
398804,399684,0.000,126.578
398804,400059,0.000,342.222
398804,400275,0.000,50.000
398804,404857,0.000,230.000
398813,398938,0.000,310.000
398813,399080,0.000,90.000
398813,399597,0.000,970.000
398813,399701,0.000,10.000
398813,399831,0.000,10.000
398813,399887,0.000,420.000
398823,399752,0.000,410.025
398831,399101,0.000,300.000
398831,400019,0.000,90.000
398831,400269,0.000,120.000
398842,399035,0.000,240.000
398844,399080,0.000,760.000
398844,399300,0.000,50.000
398844,399396,0.000,30.000
398844,399548,0.000,290.000
398844,399568,0.000,1280.000
398844,400023,0.000,950.000
398844,401732,0.000,320.000
398844,404701,0.000,169.924
398853,399454,0.000,330.000
398853,399505,0.000,570.000
398853,399946,0.000,240.000
398858,398932,0.000,300.000
398858,399694,0.000,300.000
398865,398893,0.000,270.000
398865,399101,0.000,200.000
398865,399897,0.000,90.000
398865,400019,0.000,820.000
398877,399005,0.000,230.000
398877,399808,0.000,287.973
398877,400213,0.000,60.000
398877,404663,0.000,120.000
398877,404844,0.000,460.000
398877,404890,0.000,65.751
398893,399297,0.000,770.009
398893,399897,0.000,480.000
398893,400019,0.000,50.000
398895,399610,0.000,190.000
398895,399865,0.000,20.000
398895,400271,0.000,0.000
398898,399577,0.000,690.000
398898,399685,0.000,1440.000
398898,399855,0.000,30.000
398898,400364,0.000,450.000
398902,399097,0.000,770.000
398909,399121,0.000,310.000
398910,404239,0.000,458.249
398910,404287,0.000,10.000
398910,404890,0.000,1480.000
398915,404850,0.000,480.000
398915,405981,0.000,60.000
398915,406137,0.000,420.000
398931,400356,0.000,120.000
398931,400432,0.000,90.000
398932,399264,0.000,0.000
398932,399694,0.000,410.000
398932,400206,0.000,810.000
398932,404786,0.000,110.000
398932,404813,0.000,240.000
398932,404951,0.000,310.000
398933,400009,0.000,390.000
398933,404763,0.000,60.000
398933,404947,0.000,0.000
398938,399535,0.000,840.000
398938,399701,0.000,150.000
398938,399723,0.000,440.000
398938,400346,0.000,160.000
398938,400434,0.000,130.000
398942,399006,0.000,550.000
398942,399855,0.000,100.000
398944,399694,0.000,567.729
398944,404786,0.000,1610.000
398951,399235,0.000,150.000
398951,399505,0.000,180.000
398951,404877,0.000,210.000
398990,400211,0.000,120.000
398990,400323,0.000,780.000
398991,399720,0.000,120.000
398991,400211,0.000,120.000
398991,400323,0.000,240.000
398994,399242,0.000,390.000
398994,399808,0.000,0.000
398994,400136,0.000,330.000
398994,400213,0.000,400.000
398994,404820,0.000,80.000
398996,400400,0.000,210.000
399001,399077,0.000,20.000
399001,399653,0.000,90.000
399001,399997,0.000,240.000
399001,400323,0.000,180.000
399005,399808,0.000,436.966
399005,404890,0.000,10.000
399008,399506,0.000,42.426
399008,399740,0.000,1390.000
399008,399828,0.000,270.000
399008,400032,0.000,50.000
399021,400029,0.000,310.263
399035,399908,0.000,20.000
399035,400173,0.000,120.000
399035,400333,0.000,1450.000
399035,404786,0.000,400.000
399041,399264,0.000,0.000
399041,399568,0.000,242.544
399041,399822,0.000,260.000
399041,399909,0.000,186.310
399057,401195,0.000,450.000
399057,406011,0.000,150.000
399061,404660,0.000,240.000
399061,405134,0.000,720.000
399066,399819,0.000,550.000
399066,404701,0.000,60.000
399066,404890,0.000,21.350
399066,404930,0.000,502.911
399077,399653,0.000,150.000
399077,404671,0.000,630.000
399078,399568,0.000,90.000
399078,399819,0.000,80.000
399078,404701,0.000,1024.796
399080,399396,0.000,719.948
399080,399548,0.000,130.000
399080,399597,0.000,430.000
399080,399831,0.000,0.000
399080,399887,0.000,30.000
399096,404877,0.000,2340.000
399096,404974,0.000,300.000
399097,399459,0.000,10.000
399097,399508,0.000,0.000
399097,399532,0.000,290.000
399097,399795,0.000,240.000
399097,399911,0.000,390.000
399097,399932,0.000,250.000
399097,400342,0.000,330.000
399097,400431,0.000,1340.000
399099,404663,0.000,110.000
399099,404822,0.000,0.000
399101,399897,0.000,136.780
399101,400019,0.000,90.000
399111,400112,0.000,140.000
399121,400147,0.000,170.000
399129,404701,0.000,761.662
399138,399795,0.000,340.000
399163,399722,0.000,60.000
399163,399911,0.000,20.000
399163,399950,0.000,210.000
399163,400193,0.000,180.000
399171,405118,0.000,351.768
399189,399658,0.000,109.502
399189,401195,0.000,370.000
399189,404991,0.000,73.189
399235,399505,0.000,150.000
399235,399946,0.000,420.000
399235,404877,0.000,60.000
399242,399808,0.000,826.471
399242,400136,0.000,40.000
399242,400213,0.000,0.000
399242,404890,0.000,219.717
399264,399822,0.000,307.098
399264,400206,0.000,410.000
399264,400349,0.000,970.000
399264,404786,0.000,590.000
399264,404851,0.000,163.189
399269,400431,0.000,430.000
399285,404701,0.000,410.839
399285,404858,0.000,80.012
399285,404929,0.000,61.972
399285,405118,0.000,20.224
399297,399426,0.000,350.000
399297,399753,0.000,30.000
399297,400019,0.000,50.000
399297,400118,0.000,120.000
399300,400278,0.000,250.000
399300,401588,0.000,500.000
399300,401732,0.000,1130.000
399300,404701,0.000,730.000
399329,399585,0.000,330.000
399329,399722,0.000,90.000
399329,400193,0.000,250.000
399329,404717,0.000,180.000
399340,399426,0.000,90.000
399340,399753,0.000,100.000
399340,399806,0.000,0.000
399340,400019,0.000,190.000
399343,405229,0.000,482.735
399387,400023,0.000,230.000
399387,401732,0.000,510.000
399388,400147,0.000,190.000
399388,400364,0.000,360.000
399390,399668,0.000,410.000
399390,404806,0.000,820.000
399390,404821,0.000,90.000
399396,399838,0.000,538.490
399396,400023,0.000,330.000
399411,399505,0.000,1200.000
399411,400434,0.000,270.000
399411,404877,0.000,150.000
399411,404887,0.000,210.000
399411,404974,0.000,360.000
399411,405006,0.000,220.000
399415,399464,0.000,232.943
399415,400391,0.000,30.000
399423,399692,0.000,220.000
399423,400047,0.000,0.000
399423,400129,0.000,600.000
399423,401306,0.000,210.000
399423,401756,0.000,400.000
399426,399753,0.000,120.000
399426,399771,0.000,290.303
399426,400057,0.000,210.000
399430,399668,0.000,30.000
399430,399950,0.000,510.000
399454,399701,0.000,140.000
399454,399723,0.000,90.000
399454,400271,0.000,480.000
399454,400346,0.000,70.000
399459,399508,0.000,640.000
399459,399532,0.000,220.000
399459,399837,0.000,740.000
399459,399932,0.000,320.000
399459,399948,0.000,196.054
399459,400231,0.000,856.054
399459,400342,0.000,2040.000
399464,400391,0.000,547.013
399464,401192,0.000,10.000
399464,401721,0.000,55.957
399471,399716,0.000,420.000
399471,401429,0.000,130.000
399471,401658,0.000,10.000
399471,401741,0.000,180.000
399471,401819,0.000,260.000
399471,401820,0.000,0.000
399477,399773,0.000,590.000
399477,399831,0.000,170.000
399481,405146,0.000,570.890
399481,405874,0.000,49.116
399482,400333,0.000,910.000
399482,404756,0.000,800.000
399490,404679,0.000,1020.000
399490,404786,0.000,60.000
399505,399946,0.000,120.000
399505,400066,0.000,1110.000
399505,400433,0.000,240.000
399505,400434,0.000,180.000
399505,404877,0.000,690.000
399506,399740,0.000,420.000
399506,399811,0.000,420.000
399506,400364,0.000,400.000
399508,399532,0.000,90.000
399508,399932,0.000,110.000
399519,401331,0.000,0.000
399519,401745,0.000,220.000
399519,401756,0.000,210.000
399521,400336,0.000,60.000
399521,400391,0.000,550.000
399521,401306,0.000,210.000
399521,401575,0.000,120.000
399526,400039,0.000,240.000
399526,400136,0.000,0.000
399526,404798,0.000,124.417
399526,405229,0.000,220.000
399526,405504,0.000,15.583
399530,401304,0.000,588.267
399530,404701,0.000,788.413
399530,404736,0.000,328.327
399532,399932,0.000,0.000
399532,400431,0.000,120.000
399535,404791,0.000,640.000
399536,400059,0.000,50.000
399536,404636,0.000,240.000
399536,404857,0.000,320.000
399536,404859,0.000,130.000
399548,399597,0.000,1680.000
399548,400123,0.000,290.000
399548,400271,0.000,310.000
399568,399822,0.000,148.300
399568,399996,0.000,1200.000
399568,400207,0.000,780.000
399568,404701,0.000,1152.182
399568,404786,0.000,280.000
399580,399739,0.000,182.221
399580,400001,0.000,0.000
399585,399722,0.000,230.000
399585,400193,0.000,720.000
399597,399701,0.000,290.000
399597,400271,0.000,590.000
399598,399855,0.000,120.000
399598,400337,0.000,60.000
399610,400271,0.000,210.000
399618,401128,0.000,480.000
399618,401372,0.000,90.000
399618,401565,0.000,10.000
399618,401746,0.000,150.000
399653,400323,0.000,120.000
399655,399751,0.000,30.000
399658,404991,0.000,193.792
399668,399950,0.000,220.000
399668,400110,0.000,60.000
399668,404806,0.000,10.000
399668,404821,0.000,120.000
399672,400323,0.000,330.000
399684,404857,0.000,120.000
399685,401155,0.000,840.000
399692,401756,0.000,410.000
399694,404684,0.000,235.838
399694,404786,0.000,603.027
399694,404951,0.000,205.947
399701,400271,0.000,10.000
399716,399731,0.000,10.000
399716,400104,0.000,460.000
399716,401140,0.000,200.000
399716,401245,0.000,10.000
399716,401429,0.000,670.000
399716,401658,0.000,10.000
399716,401756,0.000,520.000
399720,400211,0.000,180.000
399722,400193,0.000,30.000
399723,400346,0.000,140.000
399727,399754,0.000,260.000
399727,399948,0.000,130.000
399727,400025,0.000,420.000
399731,401245,0.000,690.000
399731,401331,0.000,120.000
399731,401756,0.000,1040.000
399740,399811,0.000,300.000
399740,399828,0.000,30.000
399740,400032,0.000,630.000
399747,400110,0.000,570.000
399747,404714,0.000,580.000
399747,404821,0.000,270.000
399752,404886,0.000,676.528
399752,405599,0.000,29.582
399753,400019,0.000,80.000
399753,400118,0.000,30.000
399771,400057,0.000,240.000
399773,399831,0.000,430.000
399773,400342,0.000,530.000
399783,401138,0.000,60.000
399783,401304,0.000,260.000
399783,401403,0.000,1740.000
399783,401407,0.000,60.000
399783,404701,0.000,130.054
399783,405089,0.000,1220.000
399795,399831,0.000,160.000
399795,400342,0.000,70.000
399806,400019,0.000,1460.000
399806,400057,0.000,120.000
399808,400213,0.000,272.209
399808,404890,0.000,3800.000
399811,399828,0.000,300.000
399811,400364,0.000,420.000
399818,404802,0.000,60.000
399818,404857,0.000,530.000
399819,404701,0.000,942.411
399819,404930,0.000,92.501
399822,404786,0.000,154.567
399828,399904,0.000,0.000
399828,400032,0.000,940.000
399828,400364,0.000,630.000
399828,401372,0.000,1530.000
399828,401505,0.000,230.000
399831,400342,0.000,680.000
399837,399948,0.000,410.000
399838,400040,0.000,90.000
399844,400110,0.000,420.000
399844,400239,0.000,480.000
399854,404886,0.000,1.057
399854,404900,0.000,120.000
399854,405118,0.000,352.750
399865,399946,0.000,330.000
399904,401372,0.000,510.000
399904,401505,0.000,450.000
399908,400173,0.000,300.000
399908,400449,0.000,510.000
399944,404732,0.000,120.000
399944,404917,0.000,6.415
399944,404990,0.000,180.000
399948,400025,0.000,180.000
399948,400231,0.000,3.946
399950,400193,0.000,50.000
399950,404721,0.000,250.000
399950,404806,0.000,40.000
399951,404671,0.000,420.000
399951,404689,0.000,90.000
399989,400242,0.000,249.635
399995,404660,0.000,80.000
399995,404706,0.000,120.000
399995,404845,0.000,120.000
399995,404902,0.000,110.000
399997,400323,0.000,340.000
400001,400076,0.000,194.347
400009,404763,0.000,30.000
400009,404947,0.000,240.000
400009,405070,0.000,780.000
400019,400118,0.000,760.000
400019,400219,0.000,510.000
400019,405118,0.000,637.199
400023,401732,0.000,480.000
400029,404637,0.000,80.000
400029,404786,0.000,730.000
400039,400136,0.000,120.000
400039,404798,0.000,240.000
400039,404851,0.000,10.000
400039,404933,0.000,0.000
400039,404997,0.000,110.000
400047,401756,0.000,1380.000
400059,400275,0.000,1140.000
400059,404857,0.000,120.000
400062,401243,0.000,300.000
400062,401661,0.000,390.000
400093,404747,0.000,450.000
400093,404754,0.000,147.391
400093,404913,0.000,60.000
400104,401140,0.000,20.000
400104,401487,0.000,330.000
400104,401756,0.000,80.000
400104,401796,0.000,30.000
400110,400239,0.000,180.000
400110,404821,0.000,210.000
400123,400271,0.000,80.000
400129,401306,0.000,600.000
400136,404820,0.000,300.000
400136,404851,0.000,300.000
400136,404890,0.000,47.535
400147,400337,0.000,180.000
400147,400364,0.000,30.000
400173,400449,0.000,90.000
400177,404763,0.000,0.000
400177,404877,0.000,600.000
400193,404717,0.000,30.000
400193,404721,0.000,411.365
400193,405422,0.000,28.635
400206,404813,0.000,150.000
400206,404851,0.000,190.000
400211,400323,0.000,60.000
400213,404663,0.000,360.000
400231,400431,0.000,240.000
400242,400463,0.000,112.792
400252,404764,0.000,169.341
400252,405222,0.000,120.000
400275,404857,0.000,670.000
400278,401588,0.000,120.000
400278,401732,0.000,370.000
400333,404756,0.000,840.000
400336,401756,0.000,70.000
400337,400364,0.000,120.000
400349,404771,0.000,290.000
400356,400432,0.000,220.000
400367,400723,0.000,390.000
400367,400726,0.000,200.000
400367,401624,0.000,40.000
400367,401627,0.000,870.000
400381,404905,0.000,496.309
400381,405134,0.000,588.028
400391,401575,0.000,610.000
400391,401721,0.000,80.000
400392,404239,0.000,202.375
400392,404256,0.000,309.895
400392,404285,0.000,10.000
400392,404890,0.000,230.011
400400,404991,0.000,80.000
400433,404877,0.000,660.000
400463,404789,0.000,260.000
400463,404876,0.000,758.068
400501,400560,0.000,512.082
400501,400589,0.000,100.000
400501,405072,0.000,288.431
400503,400723,0.000,836.561
400503,401627,0.000,180.000
400560,400589,0.000,247.055
400560,400671,0.000,261.469
400560,405072,0.000,330.114
400589,400723,0.000,995.503
400589,400726,0.000,270.000
400589,405072,0.000,598.354
400671,405072,0.000,190.000
400723,400726,0.000,300.000
400723,401627,0.000,10.000
400726,401624,0.000,570.000
400726,405072,0.000,314.691
401097,401243,0.000,960.000
401097,401469,0.000,19.105
401097,401798,0.000,369.769
401097,402609,0.000,217.017
401097,403228,0.000,0.000
401097,403751,0.000,0.000
401099,401142,0.000,92.503
401099,401372,0.000,47.607
401099,401427,0.000,186.584
401099,401565,0.000,297.710
401099,402616,0.000,353.131
401099,402682,0.000,0.000
401099,403070,0.000,0.000
401099,403164,0.000,0.000
401099,403380,0.000,0.000
401106,401762,0.000,53.462
401106,402625,0.000,91.491
401106,402627,0.000,0.000
401106,403690,0.000,0.000
401106,404947,0.000,210.000
401106,404999,0.000,0.000
401106,405070,0.000,97.061
401108,401365,0.000,647.133
401108,401558,0.000,51.144
401108,401661,0.000,540.000
401108,401715,0.000,230.000
401108,401751,0.000,440.556
401108,402628,0.000,630.056
401108,403060,0.000,0.000
401108,403366,0.000,0.000
401108,403671,0.000,0.000
401128,401427,0.000,142.470
401128,401565,0.000,370.000
401128,401746,0.000,140.837
401128,402662,0.000,96.210
401128,403164,0.000,0.000
401128,403664,0.000,0.000
401130,401142,0.000,24.561
401130,401372,0.000,62.525
401130,401505,0.000,30.000
401130,402666,0.000,65.116
401130,402682,0.000,0.000
401130,403070,0.000,0.000
401138,401209,0.000,212.370
401138,401291,0.000,23.536
401138,401331,0.000,86.710
401138,401403,0.000,100.000
401138,401407,0.000,930.000
401138,401427,0.000,1276.887
401138,402678,0.000,539.249
401138,402810,0.000,0.000
401138,402937,0.000,0.000
401138,403002,0.000,0.000
401138,403164,0.000,0.000
401140,401405,0.000,222.821
401140,401487,0.000,106.115
401140,401658,0.000,416.143
401140,402680,0.000,114.812
401140,403128,0.000,0.000
401140,403258,0.000,0.000
401140,403538,0.000,0.000
401142,401505,0.000,42.189
401142,402616,0.000,0.000
401142,402666,0.000,0.000
401142,402682,0.000,193.984
401142,402740,0.000,0.000
401142,403282,0.000,0.000
401142,405084,0.000,6.469
401155,401192,0.000,190.000
401160,401254,0.000,239.938
401160,401353,0.000,0.097
401160,401403,0.000,87.516
401160,402714,0.000,258.421
401160,402876,0.000,0.000
401160,403040,0.000,0.000
401160,403125,0.000,0.000
401192,401721,0.000,1530.000
401195,401288,0.000,290.108
401195,401492,0.000,455.775
401195,401624,0.000,7.901
401195,401810,0.000,200.462
401195,402635,0.000,0.000
401195,402790,0.000,750.057
401195,402932,0.000,0.000
401195,403263,0.000,0.000
401195,403482,0.000,0.000
401195,403778,0.000,0.000
401195,404991,0.000,330.000
401195,405072,0.000,461.263
401195,406011,0.000,390.000
401209,401331,0.000,18.848
401209,402678,0.000,0.000
401209,402810,0.000,166.397
401209,403002,0.000,0.000
401217,401304,0.000,121.845
401217,402821,0.000,219.815
401217,402955,0.000,0.000
401236,401445,0.000,0.000
401236,401624,0.000,81.556
401236,401762,0.000,27.374
401236,402850,0.000,271.300
401236,403482,0.000,0.000
401236,403690,0.000,0.000
401236,404916,0.000,150.000
401236,404947,0.000,210.000
401243,401365,0.000,1555.915
401243,401469,0.000,652.154
401243,401558,0.000,164.649
401243,401661,0.000,160.000
401243,401739,0.000,83.742
401243,401798,0.000,90.000
401243,402859,0.000,316.467
401243,403060,0.000,0.000
401243,403228,0.000,0.000
401243,403366,0.000,0.000
401243,403655,0.000,0.000
401245,401331,0.000,596.800
401245,401429,0.000,290.000
401245,402861,0.000,98.584
401245,403002,0.000,0.000
401254,401304,0.000,1194.480
401254,401353,0.000,165.112
401254,401403,0.000,1130.000
401254,401820,0.000,36.668
401254,402714,0.000,0.000
401254,402876,0.000,239.723
401254,402955,0.000,0.000
401254,403040,0.000,0.000
401254,403797,0.000,0.000
401288,401426,0.000,14.241
401288,402790,0.000,0.000
401288,402932,0.000,313.861
401288,403163,0.000,0.000
401288,405072,0.000,455.901
401291,401353,0.000,15.883
401291,401403,0.000,30.000
401291,401429,0.000,123.020
401291,402678,0.000,0.000
401291,402937,0.000,122.160
401291,403040,0.000,0.000
401291,403167,0.000,0.000
401304,401403,0.000,330.000
401304,401608,0.000,50.961
401304,402821,0.000,0.000
401304,402876,0.000,0.000
401304,402955,0.000,152.844
401304,403458,0.000,0.000
401304,404701,0.000,66.112
401306,401325,0.000,14.001
401306,401558,0.000,83.691
401306,401575,0.000,90.000
401306,401607,0.000,971.292
401306,401756,0.000,90.000
401306,402961,0.000,841.505
401306,402992,0.000,0.000
401306,403366,0.000,0.000
401306,403455,0.000,0.000
401313,401607,0.000,76.196
401313,402974,0.000,66.480
401313,403455,0.000,0.000
401325,401575,0.000,4.815
401325,402961,0.000,0.000
401325,402992,0.000,16.735
401325,403398,0.000,0.000
401331,401429,0.000,106.988
401331,401745,0.000,278.061
401331,401756,0.000,90.000
401331,402678,0.000,0.000
401331,402810,0.000,0.000
401331,402861,0.000,0.000
401331,403002,0.000,813.722
401331,403167,0.000,0.000
401331,403663,0.000,0.000
401336,401512,0.000,20.000
401336,401515,0.000,239.161
401336,401608,0.000,258.053
401336,403011,0.000,200.198
401336,403298,0.000,0.000
401336,403458,0.000,0.000
401337,401407,0.000,439.360
401337,401427,0.000,526.280
401337,403012,0.000,30.158
401337,403133,0.000,0.000
401337,403164,0.000,0.000
401343,401721,0.000,145.183
401343,403021,0.000,115.184
401343,403632,0.000,0.000
401353,401403,0.000,17.629
401353,402714,0.000,0.000
401353,402876,0.000,0.000
401353,402937,0.000,0.000
401353,403040,0.000,177.424
401353,403125,0.000,0.000
401365,401661,0.000,30.000
401365,402628,0.000,0.000
401365,402859,0.000,0.000
401365,403060,0.000,31.259
401372,401505,0.000,150.000
401372,401565,0.000,650.000
401372,402616,0.000,0.000
401372,402666,0.000,0.000
401372,403070,0.000,239.782
401403,402714,0.000,0.000
401403,403040,0.000,0.000
401403,403125,0.000,30.353
401405,401487,0.000,3.574
401405,401715,0.000,223.104
401405,401796,0.000,30.343
401405,402680,0.000,0.000
401405,403128,0.000,434.233
401405,403258,0.000,0.000
401405,403622,0.000,0.000
401405,403745,0.000,0.000
401407,401427,0.000,150.000
401407,402740,0.000,0.000
401407,403012,0.000,0.000
401407,403133,0.000,167.487
401407,405084,0.000,328.447
401407,405089,0.000,680.000
401426,402932,0.000,0.000
401426,403163,0.000,167.843
401427,401565,0.000,10.000
401427,401746,0.000,161.098
401427,402616,0.000,0.000
401427,402662,0.000,0.000
401427,402678,0.000,0.000
401427,403012,0.000,0.000
401427,403164,0.000,247.674
401427,403664,0.000,0.000
401429,401741,0.000,0.000
401429,401820,0.000,0.193
401429,402937,0.000,0.000
401429,403002,0.000,0.000
401429,403167,0.000,121.195
401429,403797,0.000,0.000
401445,401579,0.000,17.911
401445,401624,0.000,23.137
401445,403189,0.000,242.375
401445,403407,0.000,0.000
401445,403482,0.000,0.000
401445,404715,0.000,180.000
401445,404916,0.000,120.000
401445,404947,0.000,30.000
401453,401471,0.000,80.022
401453,401819,0.000,87.861
401453,403201,0.000,131.280
401453,403231,0.000,0.000
401453,403796,0.000,0.000
401469,401798,0.000,23.206
401469,402609,0.000,0.000
401469,402859,0.000,0.000
401469,403228,0.000,532.486
401469,403751,0.000,0.000
401471,401658,0.000,447.097
401471,401711,0.000,126.268
401471,401819,0.000,146.862
401471,403201,0.000,0.000
401471,403231,0.000,173.818
401471,403538,0.000,0.000
401471,403618,0.000,0.000
401471,403796,0.000,0.000
401487,401796,0.000,300.000
401487,402680,0.000,0.000
401487,403128,0.000,0.000
401487,403258,0.000,144.061
401492,402790,0.000,0.000
401492,403263,0.000,30.914
401505,401732,0.000,900.000
401505,402682,0.000,0.000
401505,402740,0.000,0.000
401505,403282,0.000,223.587
401505,405084,0.000,3.497
401512,401515,0.000,391.159
401512,401711,0.000,240.320
401512,403295,0.000,129.909
401512,403298,0.000,0.000
401512,403618,0.000,0.000
401515,403011,0.000,0.000
401515,403295,0.000,0.000
401515,403298,0.000,180.178
401558,401751,0.000,2.443
401558,401756,0.000,26.061
401558,402628,0.000,0.000
401558,402859,0.000,0.000
401558,402961,0.000,0.000
401558,403366,0.000,294.735
401558,403671,0.000,0.000
401558,403679,0.000,0.000
401565,402616,0.000,0.000
401565,403380,0.000,169.290
401575,401721,0.000,264.323
401575,402992,0.000,0.000
401575,403398,0.000,553.860
401575,403632,0.000,0.000
401577,403401,0.000,321.707
401579,401580,0.000,0.008
401579,403189,0.000,0.000
401579,403215,0.000,0.000
401579,403407,0.000,223.485
401579,403408,0.000,0.000
401579,404715,0.000,210.000
401579,405134,0.000,17.079
401580,401624,0.000,9.084
401580,401627,0.000,412.554
401580,403407,0.000,0.000
401580,403408,0.000,550.415
401580,403482,0.000,0.000
401580,403490,0.000,0.000
401588,401732,0.000,30.000
401588,402740,0.000,0.000
401588,402989,0.000,0.000
401588,403417,0.000,58.771
401588,404701,0.000,310.000
401588,405084,0.000,74.333
401588,405112,0.000,476.048
401593,401624,0.000,4.621
401593,401627,0.000,141.552
401593,403427,0.000,125.430
401593,403482,0.000,0.000
401593,403490,0.000,0.000
401607,402961,0.000,0.000
401607,402974,0.000,0.000
401607,403455,0.000,235.583
401608,401741,0.000,337.519
401608,401819,0.000,75.182
401608,401820,0.000,2.002
401608,402955,0.000,0.000
401608,403011,0.000,0.000
401608,403458,0.000,985.685
401608,403658,0.000,0.000
401608,403796,0.000,0.000
401608,403797,0.000,0.000
401608,405118,0.000,279.605
401624,401627,0.000,854.410
401624,402635,0.000,0.000
401624,402790,0.000,0.000
401624,402850,0.000,0.000
401624,403189,0.000,0.000
401624,403408,0.000,0.000
401624,403427,0.000,0.000
401624,403482,0.000,1880.510
401624,403490,0.000,0.000
401624,404916,0.000,0.000
401624,405072,0.000,1223.632
401627,403408,0.000,0.000
401627,403427,0.000,0.000
401627,403482,0.000,0.000
401627,403490,0.000,420.850
401658,401711,0.000,123.028
401658,401819,0.000,210.000
401658,402680,0.000,0.000
401658,403231,0.000,0.000
401658,403538,0.000,76.467
401658,403618,0.000,0.000
401661,401711,0.000,96.635
401661,401715,0.000,98.708
401661,403542,0.000,481.332
401661,403618,0.000,0.000
401661,403622,0.000,0.000
401711,403231,0.000,0.000
401711,403295,0.000,0.000
401711,403538,0.000,0.000
401711,403542,0.000,0.000
401711,403618,0.000,797.465
401715,401751,0.000,48.299
401715,403128,0.000,0.000
401715,403542,0.000,0.000
401715,403622,0.000,412.036
401715,403671,0.000,0.000
401721,403021,0.000,0.000
401721,403367,0.000,0.000
401721,403398,0.000,0.000
401721,403632,0.000,692.171
401732,402740,0.000,0.000
401732,403648,0.000,84.168
401732,405084,0.000,332.284
401739,402859,0.000,0.000
401739,403655,0.000,76.061
401741,401819,0.000,390.000
401741,401820,0.000,99.720
401741,403458,0.000,0.000
401741,403658,0.000,178.730
401741,403797,0.000,0.000
401745,401746,0.000,432.165
401745,401756,0.000,0.000
401745,403002,0.000,0.000
401745,403663,0.000,446.987
401745,403664,0.000,0.000
401746,402662,0.000,0.000
401746,403164,0.000,0.000
401746,403663,0.000,0.000
401746,403664,0.000,408.647
401751,401756,0.000,136.151
401751,402628,0.000,0.000
401751,403366,0.000,0.000
401751,403622,0.000,0.000
401751,403671,0.000,495.906
401751,403679,0.000,0.000
401756,401796,0.000,1161.703
401756,403366,0.000,0.000
401756,403671,0.000,0.000
401756,403679,0.000,227.839
401756,403745,0.000,0.000
401762,402625,0.000,0.000
401762,402850,0.000,0.000
401762,403690,0.000,122.680
401762,404947,0.000,30.000
401796,403128,0.000,0.000
401796,403679,0.000,0.000
401796,403745,0.000,90.040
401798,402609,0.000,0.000
401798,403228,0.000,0.000
401798,403751,0.000,41.989
401810,402627,0.000,0.000
401810,402790,0.000,0.000
401810,403778,0.000,782.092
401810,405070,0.000,3.963
401810,405146,0.000,120.000
401819,403201,0.000,0.000
401819,403231,0.000,0.000
401819,403458,0.000,0.000
401819,403796,0.000,141.133
401820,402876,0.000,0.000
401820,403167,0.000,0.000
401820,403458,0.000,0.000
401820,403658,0.000,0.000
401820,403797,0.000,112.865
402609,403228,0.000,160.895
402609,403751,0.000,20.231
402616,402666,0.000,180.000
402616,402682,0.000,37.497
402616,403012,0.000,0.000
402616,403070,0.000,102.393
402616,403164,0.000,33.416
402616,403380,0.000,82.290
402625,402627,0.000,22.939
402625,403690,0.000,66.538
402625,403778,0.000,30.000
402625,405070,0.000,0.000
402627,403335,0.000,29.503
402627,403778,0.000,266.037
402627,405070,0.000,277.303
402627,405146,0.000,0.000
402628,403060,0.000,12.867
402628,403366,0.000,148.856
402628,403671,0.000,509.444
402635,402790,0.000,22.864
402635,403482,0.000,334.750
402635,405072,0.000,300.676
402650,402727,0.000,510.000
402650,402974,0.000,0.000
402650,403367,0.000,450.000
402650,403759,0.000,60.000
402662,403164,0.000,7.530
402662,403664,0.000,99.163
402666,402682,0.000,485.439
402666,403070,0.000,57.475
402678,402810,0.000,237.630
402678,402937,0.000,16.464
402678,403002,0.000,363.290
402678,403164,0.000,13.113
402678,403663,0.000,120.000
402680,403128,0.000,127.179
402680,403258,0.000,3.885
402680,403538,0.000,3.857
402680,403618,0.000,0.000
402682,402740,0.000,753.531
402682,403012,0.000,30.000
402682,403133,0.000,0.000
402682,403164,0.000,0.000
402682,403282,0.000,107.811
402682,405084,0.000,0.000
402708,403618,0.000,2160.000
402714,402876,0.000,140.062
402714,403040,0.000,299.903
402714,403125,0.000,32.484
402727,403759,0.000,450.000
402740,402770,0.000,137.503
402740,402989,0.000,82.450
402740,403012,0.000,0.000
402740,403133,0.000,171.553
402740,403282,0.000,116.503
402740,403417,0.000,85.667
402740,403648,0.000,97.716
402740,405084,0.000,797.671
402740,405089,0.000,0.000
402740,405112,0.000,0.000
402740,405186,0.000,0.000
402740,405807,0.000,49.612
402740,405813,0.000,0.000
402740,405838,0.000,0.000
402759,402893,0.000,1000.000
402759,403499,0.000,520.000
402770,405084,0.000,0.000
402770,405089,0.000,92.155
402770,405807,0.000,0.000
402770,405813,0.000,0.000
402790,402932,0.000,69.892
402790,403263,0.000,114.225
402790,403482,0.000,82.099
402790,403778,0.000,159.538
402790,405072,0.000,0.000
402810,403002,0.000,671.152
402821,402955,0.000,138.155
402821,403458,0.000,490.000
402850,403482,0.000,1088.444
402850,403690,0.000,302.626
402850,403778,0.000,420.000
402859,403060,0.000,4.085
402859,403228,0.000,287.846
402859,403366,0.000,25.351
402859,403655,0.000,86.258
402861,403002,0.000,133.200
402876,402955,0.000,5.520
402876,403040,0.000,34.888
402876,403458,0.000,60.000
402876,403797,0.000,53.332
402886,403228,0.000,1410.000
402886,403456,0.000,30.000
402893,403196,0.000,630.000
402893,403378,0.000,420.000
402893,403456,0.000,720.000
402893,403499,0.000,320.000
402932,403163,0.000,225.759
402937,403002,0.000,300.000
402937,403040,0.000,194.117
402937,403167,0.000,106.980
402937,403797,0.000,170.000
402955,403458,0.000,69.039
402961,402974,0.000,60.000
402961,402992,0.000,285.999
402961,403228,0.000,450.000
402961,403366,0.000,156.309
402961,403455,0.000,258.708
402974,402992,0.000,300.000
402974,403021,0.000,480.000
402974,403367,0.000,90.000
402974,403455,0.000,403.804
402974,403759,0.000,630.000
402989,403417,0.000,3.952
402989,405084,0.000,0.000
402989,405112,0.000,55.335
402989,405807,0.000,0.000
402989,405838,0.000,0.000
402992,403021,0.000,210.000
402992,403398,0.000,625.185
403002,403167,0.000,13.012
403002,403663,0.000,681.939
403011,403257,0.000,190.000
403011,403298,0.000,100.839
403011,403458,0.000,171.947
403011,403472,0.000,120.000
403012,403133,0.000,0.640
403012,403164,0.000,3.720
403021,403367,0.000,510.000
403021,403398,0.000,270.000
403021,403632,0.000,304.817
403040,403125,0.000,12.371
403040,403797,0.000,300.000
403060,403366,0.000,30.000
403103,403196,0.000,150.000
403103,403759,0.000,510.000
403128,403258,0.000,156.426
403128,403538,0.000,0.000
403128,403542,0.000,160.000
403128,403618,0.000,400.000
403128,403622,0.000,356.896
403128,403671,0.000,610.000
403128,403745,0.000,29.657
403133,405084,0.000,0.000
403163,403401,0.000,690.000
403164,403663,0.000,60.000
403164,403664,0.000,148.902
403167,403797,0.000,39.807
403189,403407,0.000,192.089
403189,403408,0.000,90.000
403189,403482,0.000,66.863
403196,403245,0.000,330.000
403196,403456,0.000,30.000
403196,403759,0.000,60.000
403201,403231,0.000,149.978
403201,403257,0.000,70.000
403201,403458,0.000,350.000
403201,403618,0.000,730.000
403201,403796,0.000,122.139
403215,403407,0.000,192.921
403215,405134,0.000,121.917
403228,403366,0.000,210.000
403228,403378,0.000,210.000
403228,403455,0.000,150.000
403228,403456,0.000,1110.000
403228,403655,0.000,600.000
403228,403751,0.000,36.794
403231,403538,0.000,2.903
403231,403618,0.000,83.732
403231,403796,0.000,3.138
403245,403456,0.000,540.000
403245,403759,0.000,450.000
403257,403472,0.000,30.000
403257,403618,0.000,360.000
403282,405084,0.000,0.000
403295,403298,0.000,18.841
403295,403618,0.000,169.680
403298,403472,0.000,180.000
403298,403618,0.000,130.000
403335,405070,0.000,0.000
403335,405146,0.000,29.354
403366,403655,0.000,170.000
403366,403671,0.000,217.557
403366,403679,0.000,153.939
403367,403632,0.000,211.916
403367,403759,0.000,0.000
403378,403456,0.000,240.000
403398,403632,0.000,95.677
403407,403408,0.000,468.421
403407,405134,0.000,0.000
403408,403482,0.000,290.916
403408,403490,0.000,252.009
403417,405084,0.000,0.000
403417,405112,0.000,0.000
403427,403482,0.000,825.379
403427,403490,0.000,28.448
403455,403456,0.000,180.000
403455,403759,0.000,420.000
403456,403759,0.000,270.000
403458,403658,0.000,182.481
403458,403796,0.000,44.818
403458,403797,0.000,267.998
403458,405118,0.000,0.000
403472,403618,0.000,970.000
403482,403490,0.000,265.590
403482,403778,0.000,630.000
403482,405072,0.000,0.000
403538,403618,0.000,96.972
403542,403618,0.000,243.361
403542,403622,0.000,1.292
403622,403671,0.000,121.701
403648,405084,0.000,0.000
403658,403797,0.000,50.280
403663,403664,0.000,827.835
403671,403679,0.000,73.849
403671,403745,0.000,60.000
403679,403745,0.000,8.297
403690,403778,0.000,60.000
403778,405070,0.000,0.000
404234,404281,0.000,190.549
404234,404290,0.000,20.000
404234,404384,0.000,236.058
404234,404450,0.000,0.000
404235,404385,0.000,165.817
404235,404400,0.000,0.000
404235,405219,0.000,261.000
404239,404256,0.000,41.112
404239,404287,0.000,352.603
404239,404391,0.000,465.719
404239,404416,0.000,0.000
404239,404457,0.000,0.000
404239,404890,0.000,222.355
404241,404254,0.000,0.000
404241,404262,0.000,39.528
404241,404389,0.000,0.000
404241,404393,0.000,159.709
404241,404425,0.000,0.000
404241,404880,0.000,120.000
404241,405217,0.000,57.086
404241,405229,0.000,120.000
404243,404396,0.000,48.060
404243,404400,0.000,0.000
404243,405219,0.000,79.748
404247,404248,0.000,132.626
404247,404283,0.000,116.215
404247,404401,0.000,222.393
404247,404402,0.000,0.000
404247,404452,0.000,0.000
404248,404265,0.000,1.356
404248,404401,0.000,0.000
404248,404402,0.000,140.596
404248,404431,0.000,0.000
404251,404265,0.000,48.145
404251,404405,0.000,124.455
404251,404422,0.000,0.000
404251,404431,0.000,0.000
404251,405224,0.000,37.602
404252,404400,0.000,0.000
404252,404408,0.000,221.195
404252,404411,0.000,0.000
404252,405219,0.000,185.907
404252,405221,0.000,15.122
404254,404413,0.000,28.777
404254,404462,0.000,0.000
404254,404794,0.000,212.048
404254,404880,0.000,80.000
404254,404890,0.000,1318.995
404254,405229,0.000,1803.254
404254,405500,0.000,27.952
404254,405962,0.000,24.808
404256,404285,0.000,36.918
404256,404391,0.000,0.000
404256,404416,0.000,334.105
404256,404455,0.000,0.000
404259,404290,0.000,97.102
404259,404417,0.000,0.000
404259,404419,0.000,261.379
404259,404461,0.000,0.000
404261,404290,0.000,231.795
404261,404424,0.000,90.090
404261,404461,0.000,0.000
404262,404267,0.000,92.865
404262,404393,0.000,0.000
404262,404425,0.000,162.077
404262,404433,0.000,0.000
404262,404462,0.000,0.000
404262,405229,0.000,77.908
404264,404290,0.000,106.351
404264,404430,0.000,60.166
404264,404461,0.000,0.000
404265,404402,0.000,0.000
404265,404405,0.000,0.000
404265,404431,0.000,44.209
404267,404412,0.000,0.000
404267,404425,0.000,0.000
404267,404433,0.000,491.962
404267,405222,0.000,212.187
404267,405229,0.000,0.000
404280,404290,0.000,311.384
404280,404449,0.000,62.844
404280,404461,0.000,0.000
404281,404291,0.000,70.000
404281,404384,0.000,0.000
404281,404450,0.000,124.911
404283,404291,0.000,160.760
404283,404401,0.000,0.000
404283,404452,0.000,736.361
404283,404464,0.000,0.000
404285,404416,0.000,0.000
404285,404422,0.000,0.000
404285,404455,0.000,363.760
404285,405224,0.000,23.665
404287,404389,0.000,0.000
404287,404391,0.000,0.000
404287,404457,0.000,128.582
404287,404890,0.000,10.000
404287,405217,0.000,221.835
404290,404419,0.000,0.000
404290,404424,0.000,0.000
404290,404430,0.000,0.000
404290,404449,0.000,0.000
404290,404461,0.000,369.662
404290,406115,0.000,334.434
404291,404452,0.000,0.000
404291,404464,0.000,100.075
404384,404448,0.000,120.000
404384,404450,0.000,99.451
404384,404452,0.000,22.619
404385,404396,0.000,20.000
404385,404400,0.000,39.539
404385,405219,0.000,0.000
404389,404393,0.000,22.914
404389,404457,0.000,258.165
404389,405217,0.000,305.367
404389,405950,0.000,27.201
404391,404410,0.000,230.000
404391,404416,0.000,128.888
404391,404457,0.000,217.397
404393,404425,0.000,90.472
404393,405217,0.000,0.000
404394,404412,0.000,10.179
404394,405218,0.000,40.875
404394,405222,0.000,0.000
404396,404400,0.000,330.252
404396,404408,0.000,70.000
404396,405219,0.000,0.000
404400,404408,0.000,124.093
404400,405219,0.000,355.243
404400,405952,0.000,27.423
404401,404402,0.000,137.374
404401,404431,0.000,90.000
404401,404452,0.000,113.785
404402,404431,0.000,168.644
404405,404422,0.000,312.398
404405,404431,0.000,251.855
404405,405224,0.000,0.000
404406,404416,0.000,150.000
404406,404455,0.000,20.000
404408,404411,0.000,204.878
404408,405219,0.000,0.000
404408,405221,0.000,0.000
404410,404425,0.000,130.000
404410,404457,0.000,60.000
404411,404433,0.000,146.596
404411,405221,0.000,192.704
404411,405954,0.000,38.444
404412,404433,0.000,7.813
404412,405218,0.000,0.000
404412,405222,0.000,62.797
404412,405955,0.000,38.056
404413,404462,0.000,31.939
404413,405229,0.000,0.000
404416,404455,0.000,53.082
404417,404419,0.000,249.973
404417,404424,0.000,10.000
404417,404461,0.000,110.000
404419,404461,0.000,142.898
404422,404455,0.000,186.335
404422,404463,0.000,150.000
404422,405224,0.000,207.665
404422,405957,0.000,21.581
404424,404430,0.000,150.000
404424,404461,0.000,248.211
404425,404433,0.000,627.135
404425,404462,0.000,222.092
404425,405229,0.000,0.000
404430,404461,0.000,403.649
404433,405222,0.000,0.000
404448,404452,0.000,388.710
404449,404461,0.000,228.616
404452,404464,0.000,129.240
404455,404463,0.000,150.000
404455,405224,0.000,0.000
404457,405217,0.000,0.000
404462,405229,0.000,369.964
404634,404850,0.000,330.000
404634,404904,0.000,862.229
404634,404991,0.000,333.736
404634,405330,0.000,166.959
404634,405619,0.000,0.000
404634,405709,0.000,0.000
404634,405981,0.000,60.000
404634,406011,0.000,480.000
404636,404689,0.000,167.136
404636,404789,0.000,100.000
404636,404859,0.000,142.423
404636,405332,0.000,173.049
404636,405387,0.000,0.000
404636,405570,0.000,0.000
404637,404786,0.000,1280.931
404637,405333,0.000,344.295
404637,405492,0.000,0.000
404641,404794,0.000,187.872
404641,404890,0.000,736.946
404641,405337,0.000,892.494
404641,405500,0.000,0.000
404641,405604,0.000,0.000
404647,404868,0.000,515.985
404647,404876,0.000,3172.804
404647,405008,0.000,390.000
404647,405344,0.000,734.416
404647,405581,0.000,0.000
404647,405589,0.000,0.000
404660,404789,0.000,483.633
404660,404845,0.000,419.982
404660,404865,0.000,455.794
404660,404876,0.000,0.000
404660,404921,0.000,659.828
404660,405134,0.000,548.109
404660,405357,0.000,1090.953
404660,405495,0.000,0.000
404660,405554,0.000,0.000
404660,405577,0.000,0.000
404660,405636,0.000,0.000
404660,405861,0.000,0.000
404663,404844,0.000,388.974
404663,404930,0.000,57.794
404663,404939,0.000,1005.654
404663,405360,0.000,249.719
404663,405553,0.000,0.000
404663,405645,0.000,0.000
404663,405655,0.000,0.000
404666,404736,0.000,125.965
404666,405118,0.000,394.411
404666,405364,0.000,165.405
404666,405439,0.000,0.000
404666,405844,0.000,0.000
404671,404689,0.000,88.635
404671,404706,0.000,528.364
404671,404845,0.000,180.000
404671,405369,0.000,60.974
404671,405387,0.000,0.000
404671,405405,0.000,0.000
404679,404756,0.000,558.161
404679,404765,0.000,709.526
404679,404786,0.000,2502.831
404679,404802,0.000,1258.233
404679,405377,0.000,729.058
404679,405460,0.000,0.000
404679,405469,0.000,0.000
404679,405492,0.000,0.000
404679,405508,0.000,0.000
404684,404786,0.000,1346.249
404684,404951,0.000,29.731
404684,404993,0.000,89.247
404684,405382,0.000,221.468
404684,405492,0.000,0.000
404684,405667,0.000,0.000
404684,405711,0.000,0.000
404689,404693,0.000,107.504
404689,404706,0.000,30.097
404689,404789,0.000,160.000
404689,405332,0.000,0.000
404689,405369,0.000,0.000
404689,405387,0.000,525.447
404689,405391,0.000,0.000
404689,405405,0.000,0.000
404692,404890,0.000,28.559
404692,405224,0.000,71.921
404692,405390,0.000,231.762
404692,405604,0.000,0.000
404692,405957,0.000,0.000
404693,404859,0.000,73.062
404693,405387,0.000,0.000
404693,405391,0.000,40.260
404693,405570,0.000,0.000
404695,405072,0.000,1038.129
404701,404736,0.000,211.263
404701,404747,0.000,1240.106
404701,404752,0.000,187.882
404701,404754,0.000,2568.014
404701,404839,0.000,121.976
404701,404874,0.000,434.042
404701,404888,0.000,1232.290
404701,404890,0.000,1770.000
404701,404913,0.000,850.168
404701,404929,0.000,1224.507
404701,404956,0.000,995.722
404701,405112,0.000,140.000
404701,405186,0.000,89.465
404701,405399,0.000,7328.607
404701,405450,0.000,0.000
404701,405455,0.000,0.000
404701,405457,0.000,0.000
404701,405587,0.000,0.000
404701,405628,0.000,0.000
404701,405644,0.000,0.000
404701,405672,0.000,0.000
404701,405918,0.000,0.000
404706,404789,0.000,80.000
404706,404845,0.000,99.901
404706,404902,0.000,303.690
404706,405369,0.000,0.000
404706,405387,0.000,0.000
404706,405405,0.000,859.033
404706,405554,0.000,0.000
404714,404821,0.000,159.610
404714,405530,0.000,0.000
404715,404947,0.000,1230.476
404715,405134,0.000,727.537
404715,405415,0.000,677.221
404715,405663,0.000,0.000
404717,404721,0.000,62.395
404717,404904,0.000,367.465
404717,405417,0.000,144.713
404717,405422,0.000,0.000
404717,405619,0.000,0.000
404721,404806,0.000,430.000
404721,404904,0.000,40.000
404721,405417,0.000,0.000
404721,405422,0.000,160.157
404722,404763,0.000,1010.000
404722,404817,0.000,399.608
404722,404921,0.000,689.507
404722,405526,0.000,0.000
404722,405636,0.000,0.000
404732,404874,0.000,280.000
404732,404890,0.000,326.555
404732,404917,0.000,363.124
404732,404990,0.000,150.000
404732,405434,0.000,129.406
404732,405632,0.000,0.000
404736,405118,0.000,1236.066
404736,405364,0.000,0.000
404736,405439,0.000,212.279
404736,405844,0.000,0.000
404742,404888,0.000,290.000
404742,405445,0.000,43.000
404747,404752,0.000,370.354
404747,404754,0.000,450.000
404747,404913,0.000,30.000
404747,405399,0.000,0.000
404747,405450,0.000,478.214
404747,405455,0.000,0.000
404752,404913,0.000,392.672
404752,405399,0.000,0.000
404752,405450,0.000,0.000
404752,405455,0.000,564.270
404752,405628,0.000,0.000
404754,404913,0.000,150.023
404754,405399,0.000,0.000
404754,405457,0.000,366.137
404756,404765,0.000,3062.682
404756,404786,0.000,280.000
404756,404802,0.000,210.000
404756,404857,0.000,0.000
404756,405377,0.000,0.000
404756,405460,0.000,602.462
404756,405469,0.000,0.000
404763,404841,0.000,611.547
404763,404845,0.000,230.000
404763,404877,0.000,1355.845
404763,404907,0.000,128.345
404763,404921,0.000,487.655
404763,404947,0.000,210.000
404763,405070,0.000,360.000
404763,405134,0.000,30.000
404763,405467,0.000,1165.911
404763,405550,0.000,0.000
404763,405590,0.000,0.000
404763,405622,0.000,0.000
404763,405636,0.000,0.000
404764,404792,0.000,306.068
404764,405222,0.000,839.247
404764,405468,0.000,88.390
404764,405955,0.000,0.000
404765,405377,0.000,0.000
404765,405460,0.000,0.000
404765,405469,0.000,35.054
404771,404822,0.000,256.774
404771,405475,0.000,45.437
404771,405531,0.000,0.000
404780,404792,0.000,38.929
404780,405219,0.000,585.426
404780,405222,0.000,540.000
404780,405484,0.000,423.530
404780,405952,0.000,0.000
404786,404993,0.000,590.000
404786,405333,0.000,0.000
404786,405377,0.000,0.000
404786,405382,0.000,0.000
404786,405492,0.000,789.778
404789,404876,0.000,230.000
404789,404902,0.000,420.000
404789,405134,0.000,0.000
404789,405357,0.000,0.000
404789,405495,0.000,12.199
404791,405497,0.000,15.134
404792,405222,0.000,460.352
404792,405498,0.000,251.955
404792,405955,0.000,0.000
404794,404890,0.000,447.140
404794,405337,0.000,0.000
404794,405500,0.000,348.254
404798,404933,0.000,199.795
404798,404997,0.000,0.000
404798,405229,0.000,260.000
404798,405504,0.000,206.498
404798,405649,0.000,0.000
404802,404857,0.000,798.137
404802,405377,0.000,0.000
404802,405508,0.000,273.823
404802,405568,0.000,0.000
404804,405512,0.000,49.404
404806,404821,0.000,150.000
404806,404878,0.000,120.000
404806,404904,0.000,235.067
404806,405514,0.000,112.262
404806,405619,0.000,0.000
404808,404839,0.000,120.000
404808,404931,0.000,30.000
404808,404990,0.000,277.081
404808,405517,0.000,38.121
404808,405708,0.000,0.000
404813,404851,0.000,500.000
404813,404951,0.000,240.000
404813,404960,0.000,31.908
404813,404997,0.000,215.090
404813,405522,0.000,48.375
404813,405676,0.000,0.000
404813,405715,0.000,0.000
404817,404921,0.000,249.890
404817,405526,0.000,154.859
404817,405636,0.000,0.000
404820,404851,0.000,170.000
404820,405529,0.000,114.366
404821,404850,0.000,380.000
404821,404878,0.000,372.641
404821,405530,0.000,288.034
404821,405591,0.000,0.000
404822,405475,0.000,0.000
404822,405531,0.000,125.790
404839,404874,0.000,230.009
404839,404888,0.000,30.000
404839,404931,0.000,366.381
404839,404956,0.000,58.179
404839,404990,0.000,180.000
404839,405548,0.000,209.530
404839,405646,0.000,0.000
404839,405672,0.000,0.000
404841,404907,0.000,360.000
404841,404947,0.000,450.000
404841,405134,0.000,1770.000
404841,405467,0.000,0.000
404841,405550,0.000,427.946
404844,404890,0.000,196.010
404844,404930,0.000,248.368
404844,405360,0.000,0.000
404844,405553,0.000,56.330
404844,405645,0.000,0.000
404845,404921,0.000,640.000
404845,405357,0.000,0.000
404845,405405,0.000,0.000
404845,405554,0.000,308.599
404850,404878,0.000,14.808
404850,404904,0.000,329.382
404850,405559,0.000,47.762
404850,405591,0.000,0.000
404850,405619,0.000,0.000
404850,405981,0.000,150.000
404851,404997,0.000,320.000
404851,405560,0.000,57.196
404857,404859,0.000,551.883
404857,405508,0.000,0.000
404857,405568,0.000,54.132
404857,405570,0.000,0.000
404858,405118,0.000,820.356
404858,405569,0.000,15.702
404858,405844,0.000,0.000
404859,405332,0.000,0.000
404859,405391,0.000,0.000
404859,405568,0.000,0.000
404859,405570,0.000,151.224
404865,404921,0.000,241.663
404865,405357,0.000,0.000
404865,405577,0.000,358.955
404865,405636,0.000,0.000
404867,404880,0.000,129.777
404867,404890,0.000,147.006
404867,405217,0.000,274.207
404867,405580,0.000,269.840
404867,405593,0.000,0.000
404867,405604,0.000,0.000
404867,405950,0.000,0.000
404868,405008,0.000,704.749
404868,405344,0.000,0.000
404868,405581,0.000,589.921
404868,405726,0.000,0.000
404874,404890,0.000,20.000
404874,404990,0.000,278.899
404874,405399,0.000,0.000
404874,405587,0.000,230.102
404874,405708,0.000,0.000
404876,405008,0.000,549.996
404876,405134,0.000,362.504
404876,405344,0.000,0.000
404876,405589,0.000,1199.342
404876,405726,0.000,0.000
404876,405861,0.000,0.000
404877,404974,0.000,368.282
404877,405070,0.000,240.000
404877,405467,0.000,0.000
404877,405590,0.000,328.152
404877,405690,0.000,0.000
404878,404904,0.000,273.360
404878,405530,0.000,0.000
404878,405559,0.000,0.000
404878,405591,0.000,285.292
404878,405619,0.000,0.000
404880,404890,0.000,880.427
404880,405217,0.000,150.000
404880,405229,0.000,0.000
404880,405580,0.000,0.000
404880,405593,0.000,107.145
404880,405604,0.000,0.000
404886,404900,0.000,583.983
404886,405118,0.000,506.289
404886,405599,0.000,251.398
404886,405615,0.000,0.000
404886,405844,0.000,0.000
404887,404974,0.000,100.000
404887,405006,0.000,370.118
404887,405070,0.000,382.824
404887,405601,0.000,532.815
404887,405724,0.000,0.000
404887,405792,0.000,0.000
404888,404931,0.000,30.000
404888,405602,0.000,75.045
404890,404917,0.000,556.324
404890,404930,0.000,1280.859
404890,405217,0.000,224.828
404890,405337,0.000,0.000
404890,405390,0.000,0.000
404890,405580,0.000,0.000
404890,405593,0.000,0.000
404890,405604,0.000,4677.863
404890,405632,0.000,0.000
404890,405645,0.000,0.000
404900,405118,0.000,178.236
404900,405599,0.000,0.000
404900,405615,0.000,18.881
404900,405844,0.000,0.000
404902,405405,0.000,0.000
404904,404991,0.000,10.000
404904,405330,0.000,0.000
404904,405417,0.000,0.000
404904,405514,0.000,0.000
404904,405559,0.000,0.000
404904,405591,0.000,0.000
404904,405619,0.000,917.203
404905,405008,0.000,1559.360
404905,405134,0.000,480.000
404905,405620,0.000,172.464
404905,405726,0.000,0.000
404907,405467,0.000,0.000
404907,405622,0.000,79.470
404912,404943,0.000,280.812
404912,405006,0.000,789.356
404912,405627,0.000,263.499
404912,405659,0.000,0.000
404912,405724,0.000,0.000
404913,405399,0.000,0.000
404913,405455,0.000,0.000
404913,405628,0.000,315.351
404916,404947,0.000,782.445
404916,405631,0.000,19.699
404916,405663,0.000,0.000
404917,405434,0.000,0.000
404917,405604,0.000,0.000
404917,405632,0.000,885.744
404921,405357,0.000,0.000
404921,405467,0.000,0.000
404921,405526,0.000,0.000
404921,405577,0.000,0.000
404921,405636,0.000,788.344
404929,405399,0.000,0.000
404929,405644,0.000,357.103
404930,404939,0.000,370.891
404930,405360,0.000,0.000
404930,405553,0.000,0.000
404930,405604,0.000,0.000
404930,405645,0.000,671.903
404931,405548,0.000,0.000
404931,405646,0.000,46.329
404933,404997,0.000,297.663
404933,405229,0.000,0.000
404933,405504,0.000,0.000
404933,405649,0.000,582.870
404933,405715,0.000,0.000
404939,405360,0.000,0.000
404939,405655,0.000,396.046
404943,405006,0.000,90.000
404943,405070,0.000,220.173
404943,405627,0.000,0.000
404943,405659,0.000,15.161
404943,405792,0.000,0.000
404947,404999,0.000,856.614
404947,405070,0.000,925.662
404947,405134,0.000,270.000
404947,405415,0.000,0.000
404947,405631,0.000,0.000
404947,405663,0.000,356.873
404947,405717,0.000,0.000
404947,405792,0.000,0.000
404948,405070,0.000,611.496
404948,405146,0.000,240.000
404948,405664,0.000,305.805
404948,405792,0.000,0.000
404951,404960,0.000,160.993
404951,404993,0.000,293.529
404951,405382,0.000,0.000
404951,405667,0.000,436.809
404951,405676,0.000,0.000
404951,405711,0.000,0.000
404956,405399,0.000,0.000
404956,405548,0.000,0.000
404956,405672,0.000,188.637
404960,404993,0.000,115.536
404960,405522,0.000,0.000
404960,405667,0.000,0.000
404960,405676,0.000,415.914
404960,405711,0.000,0.000
404974,405070,0.000,276.793
404974,405590,0.000,0.000
404974,405690,0.000,477.589
404974,405792,0.000,0.000
404990,405517,0.000,0.000
404990,405587,0.000,0.000
404990,405708,0.000,494.001
404991,405330,0.000,0.000
404991,405709,0.000,53.656
404991,406011,0.000,630.000
404993,405382,0.000,0.000
404993,405667,0.000,0.000
404993,405676,0.000,0.000
404993,405711,0.000,245.924
404997,405522,0.000,0.000
404997,405649,0.000,0.000
404997,405715,0.000,149.641
404999,405070,0.000,594.930
404999,405663,0.000,0.000
404999,405717,0.000,245.261
404999,405792,0.000,0.000
405000,405006,0.000,201.951
405000,405146,0.000,124.244
405000,405718,0.000,23.915
405000,405724,0.000,0.000
405000,405874,0.000,0.000
405006,405070,0.000,240.000
405006,405601,0.000,0.000
405006,405627,0.000,0.000
405006,405718,0.000,0.000
405006,405724,0.000,316.526
405008,405134,0.000,720.000
405008,405581,0.000,0.000
405008,405589,0.000,0.000
405008,405620,0.000,0.000
405008,405726,0.000,1048.256
405070,405146,0.000,935.028
405070,405601,0.000,0.000
405070,405659,0.000,0.000
405070,405663,0.000,0.000
405070,405664,0.000,0.000
405070,405690,0.000,0.000
405070,405717,0.000,0.000
405070,405792,0.000,1636.349
405070,405874,0.000,0.000
405084,405089,0.000,447.171
405084,405112,0.000,99.771
405084,405186,0.000,47.054
405084,405807,0.000,36.595
405084,405813,0.000,0.000
405084,405838,0.000,0.000
405089,405186,0.000,80.000
405089,405807,0.000,0.000
405089,405813,0.000,69.548
405112,405186,0.000,353.521
405112,405807,0.000,0.000
405112,405838,0.000,293.753
405112,405918,0.000,0.000
405118,405364,0.000,0.000
405118,405439,0.000,0.000
405118,405569,0.000,0.000
405118,405599,0.000,0.000
405118,405615,0.000,0.000
405118,405844,0.000,605.500
405134,405357,0.000,0.000
405134,405589,0.000,0.000
405134,405861,0.000,193.508
405146,405718,0.000,0.000
405146,405792,0.000,0.000
405146,405874,0.000,705.601
405186,405399,0.000,0.000
405186,405838,0.000,0.000
405186,405918,0.000,361.540
405217,405580,0.000,0.000
405217,405950,0.000,228.131
405218,405222,0.000,345.941
405218,405951,0.000,162.586
405218,405955,0.000,0.000
405219,405222,0.000,30.000
405219,405484,0.000,0.000
405219,405952,0.000,335.210
405221,405954,0.000,91.032
405222,405468,0.000,0.000
405222,405498,0.000,0.000
405222,405951,0.000,0.000
405222,405955,0.000,3182.748
405224,405390,0.000,0.000
405224,405957,0.000,87.287
405229,405962,0.000,96.291
405330,405619,0.000,27.771
405330,405709,0.000,46.264
405332,405387,0.000,172.864
405332,405391,0.000,0.000
405332,405570,0.000,17.577
405333,405492,0.000,79.069
405337,405500,0.000,232.128
405337,405604,0.000,33.375
405344,405581,0.000,152.849
405344,405589,0.000,207.453
405357,405495,0.000,16.367
405357,405554,0.000,20.018
405357,405577,0.000,114.206
405357,405636,0.000,160.172
405357,405861,0.000,21.891
405360,405553,0.000,41.026
405360,405645,0.000,2.206
405360,405655,0.000,54.346
405364,405439,0.000,36.827
405364,405844,0.000,19.477
405369,405387,0.000,1.365
405369,405405,0.000,71.636
405377,405460,0.000,221.839
405377,405469,0.000,40.474
405377,405492,0.000,87.169
405377,405508,0.000,21.767
405382,405492,0.000,43.751
405382,405667,0.000,4.862
405382,405711,0.000,90.753
405387,405391,0.000,2.496
405387,405405,0.000,19.903
405387,405570,0.000,0.000
405390,405604,0.000,32.680
405390,405957,0.000,48.079
405391,405570,0.000,46.938
405399,405450,0.000,139.894
405399,405455,0.000,262.118
405399,405457,0.000,31.085
405399,405587,0.000,21.388
405399,405628,0.000,108.669
405399,405644,0.000,31.093
405399,405672,0.000,99.921
405399,405918,0.000,20.535
405405,405554,0.000,20.099
405415,405663,0.000,29.524
405417,405422,0.000,117.605
405417,405619,0.000,22.535
405434,405632,0.000,56.876
405439,405844,0.000,1.106
405450,405455,0.000,19.646
405455,405628,0.000,27.328
405460,405469,0.000,7.318
405467,405550,0.000,228.453
405467,405590,0.000,24.155
405467,405622,0.000,111.655
405467,405636,0.000,282.345
405468,405955,0.000,20.753
405475,405531,0.000,53.226
405484,405952,0.000,42.107
405498,405955,0.000,89.648
405504,405649,0.000,20.205
405508,405568,0.000,21.863
405514,405619,0.000,114.933
405517,405708,0.000,43.776
405522,405676,0.000,18.092
405522,405715,0.000,4.910
405526,405636,0.000,110.110
405530,405591,0.000,57.359
405548,405646,0.000,23.619
405548,405672,0.000,21.821
405553,405645,0.000,56.477
405559,405591,0.000,55.192
405559,405619,0.000,0.618
405568,405570,0.000,28.117
405569,405844,0.000,22.087
405577,405636,0.000,28.337
405580,405593,0.000,130.223
405580,405604,0.000,18.132
405580,405950,0.000,35.793
405581,405726,0.000,20.573
405587,405708,0.000,21.101
405589,405726,0.000,20.004
405589,405861,0.000,27.496
405590,405690,0.000,21.718
405591,405619,0.000,106.640
405593,405604,0.000,3.859
405599,405615,0.000,6.017
405599,405844,0.000,14.332
405601,405724,0.000,39.882
405601,405792,0.000,37.176
405604,405632,0.000,49.089
405604,405645,0.000,114.867
405615,405844,0.000,29.144
405620,405726,0.000,85.330
405627,405659,0.000,19.188
405627,405724,0.000,130.644
405627,405792,0.000,0.000
405631,405663,0.000,27.555
405649,405715,0.000,152.337
405659,405724,0.000,0.000
405659,405792,0.000,29.827
405663,405717,0.000,43.386
405663,405792,0.000,64.338
405664,405792,0.000,48.504
405667,405676,0.000,49.007
405667,405711,0.000,126.471
405676,405711,0.000,64.464
405690,405792,0.000,133.207
405717,405792,0.000,65.070
405718,405724,0.000,8.049
405718,405792,0.000,0.000
405718,405874,0.000,25.756
405724,405792,0.000,140.000
405724,405874,0.000,0.000
405792,405874,0.000,55.469
405807,405813,0.000,35.325
405807,405838,0.000,17.779
405838,405918,0.000,126.479
405951,405955,0.000,123.879
405981,406011,0.000,133.009
405981,406137,0.000,128.136
405981,406352,0.000,268.523
405981,406382,0.000,0.000
405981,406509,0.000,0.000
406011,406352,0.000,0.000
406011,406382,0.000,167.260
406101,406115,0.000,560.829
406101,406473,0.000,276.090
406101,406487,0.000,0.000
406115,406473,0.000,0.000
406115,406487,0.000,166.539
406137,406352,0.000,0.000
406137,406509,0.000,329.468
406352,406382,0.000,166.991
406352,406509,0.000,81.864
406473,406487,0.000,89.171
